playerId,season,name,team,position,situation,games_played,icetime,shifts,gameScore,I_F_goals,I_F_primaryAssists,I_F_secondaryAssists,I_F_points,I_F_shotsOnGoal,I_F_xGoals,I_F_hits,I_F_takeaways,I_F_giveaways,penalties,penaltiesDrawn,shotsBlockedByPlayer,OnIce_F_xGoals,OnIce_A_xGoals,onIce_xGoalsPercentage,onIce_corsiPercentage,onIce_fenwickPercentage,total_icetime,total_goals,total_primary_assists,total_secondary_assists,total_points,total_shots,total_hits,total_takeaways,total_giveaways,total_blocks,total_toi_per_game,pp_toi_per_game,pp_goals,pp_points,pp_shots,pp_xgoals,pp_on_ice_xgoals,pp_on_ice_xgoals_percentage,pp_points_per_60,pp_blocks,pp_takeaways,pp_xgoals_against_per_60,pk_toi_per_game,pk_goals,pk_points,pk_shots,pk_xgoals,pk_on_ice_xgoals,pk_on_ice_xgoals_percentage,pk_points_per_60,pk_blocks,pk_takeaways,pk_xgoals_against_per_60,toi_per_game,goals_per_game,primary_assists_per_game,secondary_assists_per_game,points_per_game,shots_per_game,expected_goals_per_game,hits_per_game,takeaways_per_game,giveaways_per_game,blocks_per_game,goals_per_60,points_per_60,shots_per_60,expected_goals_per_60,on_ice_xgoals_for_per_60,on_ice_xgoals_against_per_60,hits_per_60,takeaways_per_60,giveaways_per_60,blocks_per_60,position_group,points_per_game_percentile,goals_per_60_percentile,points_per_60_percentile,shots_per_60_percentile,expected_goals_per_60_percentile,hits_per_60_percentile,takeaways_per_60_percentile,blocks_per_60_percentile,onIce_xGoalsPercentage_percentile,onIce_corsiPercentage_percentile,onIce_fenwickPercentage_percentile
8478043,2025,Sam Lafferty,CHI,C,5on5,29,14856.0,351.0,0.83,1.0,0.0,1.0,2.0,9.0,0.85,35.0,2.0,15.0,2.0,1.0,5.0,5.44,8.32,0.4,0.47,0.45,14959.0,1.0,0.0,1.0,2.0,9.0,35.0,2.0,15.0,5.0,8.6,0.01,0.0,0.0,0.0,0.0,0.0,,0.0,0.0,0.0,0.0,,,,,,,,,,,,8.54,0.03,0.0,0.03,0.07,0.31,0.03,1.21,0.07,0.52,0.17,0.24,0.48,2.18,0.21,1.32,2.02,8.48,0.48,3.63,1.21,F,12.0,21.0,13.0,4.0,4.0,70.0,19.0,16.0,10.0,34.0,19.0
8484262,2025,Travis Mitchell,NYI,D,5on5,9,6152.0,142.0,-0.7,1.0,0.0,0.0,1.0,4.0,0.38,13.0,0.0,5.0,3.0,2.0,6.0,2.68,4.12,0.39,0.39,0.4,6230.0,1.0,0.0,0.0,1.0,4.0,13.0,0.0,6.0,6.0,11.54,,,,,,,,,,,,0.08,0.0,0.0,0.0,0.0,0.0,0.0,0.0,0.0,0.0,14.4,11.39,0.11,0.0,0.0,0.11,0.44,0.04,1.44,0.0,0.56,0.67,0.59,0.59,2.34,0.22,1.57,2.41,7.61,0.0,2.93,3.51,D,24.0,98.0,33.0,12.0,78.0,93.0,7.0,34.0,9.0,6.0,7.0
8475790,2025,Erik Gudbranson,CBJ,D,5on5,37,32374.0,656.0,-1.55,1.0,2.0,0.0,3.0,32.0,1.04,38.0,6.0,29.0,7.0,5.0,50.0,16.49,25.85,0.39,0.41,0.41,39452.0,1.0,2.0,0.0,3.0,34.0,45.0,7.0,33.0,64.0,17.77,0.0,0.0,0.0,0.0,0.0,0.0,,0.0,1.0,0.0,0.0,2.71,0.0,0.0,2.0,0.07,1.38,0.097,0.0,0.0,1.0,7.73,14.58,0.03,0.05,0.0,0.08,0.86,0.03,1.03,0.16,0.78,1.35,0.11,0.33,3.56,0.12,1.83,2.87,4.23,0.67,3.22,5.56,D,18.0,44.0,17.0,50.0,27.0,67.0,41.0,87.0,9.0,8.0,8.0
8478975,2025,Mason Marchment,CBJ,L,5on5,68,59536.0,1197.0,44.55,14.0,13.0,8.0,35.0,94.0,11.98,77.0,26.0,78.0,19.0,17.0,27.0,43.83,37.34,0.54,0.51,0.51,70877.0,19.0,13.0,13.0,45.0,119.0,84.0,29.0,86.0,28.0,17.37,2.25,3.0,7.0,18.0,1.82,17.06,0.883,2.75,0.0,2.0,0.89,0.02,0.0,0.0,0.0,0.0,0.0,0.0,0.0,0.0,0.0,29.49,14.59,0.21,0.19,0.12,0.51,1.38,0.18,1.13,0.38,1.15,0.4,0.85,2.12,5.68,0.72,2.65,2.26,4.66,1.57,4.72,1.63,F,91.0,76.0,85.0,48.0,61.0,45.0,91.0,33.0,80.0,68.0,66.0
8480196,2025,Jacob Bryson,WPG,D,5on5,50,31545.0,742.0,4.45,2.0,4.0,2.0,8.0,21.0,1.05,13.0,5.0,17.0,5.0,4.0,26.0,21.07,21.3,0.5,0.47,0.46,32589.0,2.0,4.0,2.0,8.0,22.0,14.0,5.0,17.0,29.0,10.86,0.0,0.0,0.0,0.0,0.0,0.0,,0.0,0.0,0.0,0.0,0.27,0.0,0.0,0.0,0.0,0.01,0.01,0.0,0.0,0.0,4.33,10.51,0.04,0.08,0.04,0.16,0.42,0.02,0.26,0.1,0.34,0.52,0.23,0.91,2.4,0.12,2.4,2.43,1.48,0.57,1.94,2.97,D,37.0,71.0,65.0,13.0,27.0,26.0,30.0,20.0,59.0,36.0,27.0
8478970,2025,Jalen Chatfield,CAR,D,5on5,72,73949.0,1520.0,40.7,2.0,6.0,8.0,16.0,87.0,4.05,29.0,22.0,62.0,7.0,2.0,44.0,55.79,52.22,0.52,0.58,0.57,87001.0,2.0,6.0,9.0,17.0,100.0,36.0,29.0,68.0,63.0,20.14,0.06,0.0,0.0,1.0,0.16,1.17,0.992,0.0,8.0,0.0,0.14,2.22,0.0,0.0,7.0,0.53,4.75,0.194,0.0,0.0,7.0,7.41,17.12,0.03,0.08,0.11,0.22,1.21,0.06,0.4,0.31,0.86,0.61,0.1,0.78,4.24,0.2,2.72,2.54,1.41,1.07,3.02,2.14,D,59.0,42.0,51.0,72.0,70.0,25.0,76.0,5.0,71.0,95.0,94.0
8475798,2025,Mikael Granlund,ANA,C,5on5,58,46674.0,989.0,41.23,8.0,6.0,8.0,22.0,68.0,8.44,26.0,16.0,37.0,5.0,10.0,34.0,39.31,32.36,0.55,0.52,0.53,66725.0,19.0,12.0,10.0,41.0,117.0,32.0,21.0,48.0,41.0,19.17,2.93,6.0,9.0,30.0,6.57,22.36,0.84,3.18,4.0,1.0,1.51,1.58,0.0,0.0,2.0,0.19,1.98,0.136,0.0,0.0,3.0,8.24,13.41,0.14,0.1,0.14,0.38,1.17,0.15,0.45,0.28,0.64,0.59,0.62,1.7,5.24,0.65,3.03,2.5,2.01,1.23,2.85,2.62,F,72.0,55.0,67.0,39.0,47.0,18.0,77.0,71.0,84.0,74.0,80.0
8481557,2025,Matt Boldy,MIN,L,5on5,76,64687.0,1170.0,87.86,22.0,11.0,7.0,40.0,161.0,16.01,57.0,20.0,64.0,9.0,20.0,42.0,47.38,42.95,0.52,0.51,0.52,93795.0,42.0,23.0,20.0,85.0,254.0,60.0,34.0,86.0,58.0,20.57,3.57,10.0,24.0,53.0,6.68,36.78,0.93,5.3,12.0,3.0,0.61,1.66,3.0,3.0,14.0,1.24,1.5,0.098,1.43,0.0,7.0,6.6,14.19,0.29,0.14,0.09,0.53,2.12,0.21,0.75,0.26,0.84,0.55,1.22,2.23,8.96,0.89,2.64,2.39,3.17,1.11,3.56,2.34,F,92.0,96.0,88.0,95.0,88.0,32.0,69.0,62.0,69.0,68.0,73.0
8477503,2025,Max Domi,TOR,C,5on5,80,62271.0,1336.0,19.56,7.0,11.0,4.0,22.0,86.0,6.86,35.0,24.0,78.0,26.0,18.0,32.0,39.37,50.78,0.44,0.45,0.45,71432.0,12.0,19.0,5.0,36.0,118.0,37.0,26.0,89.0,35.0,14.88,1.29,1.0,7.0,21.0,1.32,8.49,0.894,4.08,0.0,0.0,0.59,0.01,0.0,0.0,0.0,0.0,0.0,,0.0,0.0,0.0,0.0,12.97,0.09,0.14,0.05,0.28,1.08,0.09,0.44,0.3,0.98,0.4,0.4,1.27,4.97,0.4,2.28,2.94,2.02,1.39,4.51,1.85,F,50.0,33.0,40.0,31.0,13.0,19.0,85.0,42.0,20.0,21.0,19.0
8478474,2025,Lawson Crouse,UTA,L,5on5,81,60476.0,1417.0,52.33,20.0,13.0,4.0,37.0,117.0,16.19,198.0,13.0,44.0,12.0,9.0,36.0,47.43,43.04,0.52,0.53,0.53,80661.0,24.0,14.0,6.0,44.0,141.0,212.0,15.0,51.0,52.0,16.6,1.0,1.0,1.0,9.0,1.4,8.3,0.835,0.74,12.0,0.0,1.22,2.62,1.0,2.0,11.0,1.12,2.41,0.091,0.57,0.0,1.0,6.83,12.44,0.25,0.16,0.05,0.46,1.44,0.2,2.44,0.16,0.54,0.44,1.19,2.2,6.96,0.96,2.82,2.56,11.79,0.77,2.62,2.14,F,84.0,95.0,87.0,77.0,93.0,82.0,40.0,53.0,69.0,81.0,80.0
8477429,2025,Andrew Copp,DET,C,5on5,79,62192.0,1342.0,41.41,4.0,10.0,12.0,26.0,90.0,12.61,43.0,18.0,66.0,10.0,11.0,47.0,41.66,40.46,0.51,0.5,0.51,78557.0,9.0,18.0,16.0,43.0,115.0,44.0,22.0,75.0,64.0,16.57,1.3,1.0,8.0,11.0,2.62,11.54,0.89,4.66,10.0,0.0,0.83,1.43,0.0,0.0,4.0,0.19,1.17,0.062,0.0,1.0,2.0,9.31,13.12,0.05,0.13,0.15,0.33,1.14,0.16,0.54,0.23,0.84,0.59,0.23,1.51,5.21,0.73,2.41,2.34,2.49,1.04,3.82,2.72,F,62.0,21.0,56.0,37.0,64.0,23.0,65.0,74.0,63.0,61.0,66.0
8478476,2025,Kyle Capobianco,DAL,D,5on5,33,23072.0,511.0,5.6,2.0,1.0,2.0,5.0,17.0,0.84,12.0,8.0,19.0,4.0,3.0,26.0,15.67,15.3,0.51,0.49,0.5,24024.0,2.0,1.0,2.0,5.0,18.0,12.0,9.0,20.0,27.0,12.13,0.39,0.0,0.0,1.0,0.1,0.79,0.94,0.0,0.0,1.0,0.23,0.01,0.0,0.0,0.0,0.0,0.03,1.0,0.0,0.0,0.0,0.0,11.65,0.06,0.03,0.06,0.15,0.52,0.03,0.36,0.24,0.58,0.79,0.31,0.78,2.65,0.13,2.45,2.39,1.87,1.25,2.96,4.06,D,34.0,82.0,51.0,20.0,33.0,33.0,87.0,54.0,66.0,53.0,62.0
8481655,2025,Cole Schwindt,FLA,R,5on5,29,15535.0,365.0,7.18,5.0,2.0,0.0,7.0,23.0,3.16,38.0,3.0,8.0,1.0,1.0,10.0,10.36,8.06,0.56,0.49,0.5,17466.0,5.0,2.0,0.0,7.0,25.0,39.0,3.0,8.0,11.0,10.04,0.24,0.0,0.0,0.0,0.12,0.25,0.532,0.0,1.0,0.0,1.89,0.75,0.0,0.0,2.0,0.23,0.25,0.116,0.0,0.0,0.0,5.25,8.93,0.17,0.07,0.0,0.24,0.79,0.11,1.31,0.1,0.28,0.34,1.16,1.62,5.33,0.73,2.4,1.87,8.81,0.7,1.85,2.32,F,41.0,94.0,63.0,41.0,64.0,71.0,33.0,60.0,88.0,51.0,58.0
8477426,2025,Nick Paul,TBL,L,5on5,51,35302.0,737.0,16.43,6.0,2.0,4.0,12.0,57.0,7.04,74.0,9.0,30.0,8.0,8.0,19.0,21.12,21.22,0.5,0.51,0.5,41864.0,7.0,3.0,5.0,15.0,68.0,75.0,9.0,31.0,22.0,13.68,1.14,0.0,1.0,6.0,1.52,7.1,0.824,1.03,1.0,0.0,1.57,0.39,0.0,0.0,0.0,0.0,0.02,0.005,0.0,0.0,0.0,11.36,11.54,0.12,0.04,0.08,0.24,1.12,0.14,1.45,0.18,0.59,0.37,0.61,1.22,5.81,0.72,2.15,2.16,7.55,0.92,3.06,1.94,F,41.0,54.0,36.0,53.0,61.0,66.0,53.0,45.0,55.0,68.0,58.0
8480355,2025,Mark Kastelic,BOS,C,5on5,82,50907.0,1150.0,23.32,10.0,6.0,1.0,17.0,83.0,12.54,213.0,20.0,34.0,33.0,29.0,53.0,32.03,40.08,0.44,0.48,0.47,62085.0,12.0,7.0,3.0,22.0,100.0,215.0,30.0,42.0,64.0,12.62,0.07,0.0,1.0,0.0,0.0,0.72,0.774,9.84,3.0,0.0,2.07,2.03,1.0,1.0,13.0,1.11,1.9,0.085,0.36,0.0,10.0,7.39,10.35,0.12,0.07,0.01,0.21,1.01,0.15,2.6,0.24,0.41,0.65,0.71,1.2,5.87,0.89,2.27,2.83,15.06,1.41,2.4,3.75,F,35.0,62.0,35.0,54.0,88.0,90.0,86.0,89.0,20.0,42.0,33.0
8484860,2025,Matvei Gridin,CGY,R,5on5,37,28583.0,626.0,12.64,5.0,4.0,2.0,11.0,53.0,5.55,11.0,7.0,36.0,1.0,5.0,28.0,16.57,22.9,0.42,0.43,0.43,33665.0,6.0,9.0,5.0,20.0,70.0,11.0,7.0,42.0,28.0,15.16,1.86,1.0,6.0,12.0,0.45,6.82,0.85,5.23,0.0,0.0,1.05,0.02,0.0,0.0,0.0,0.0,0.0,,0.0,0.0,0.0,0.0,12.88,0.14,0.11,0.05,0.3,1.43,0.15,0.3,0.19,0.97,0.76,0.63,1.39,6.68,0.7,2.09,2.88,1.39,0.88,4.53,3.53,F,56.0,56.0,48.0,71.0,56.0,12.0,49.0,86.0,14.0,12.0,12.0
8482634,2025,Alex Steeves,BOS,C,5on5,43,26787.0,586.0,16.06,6.0,2.0,3.0,11.0,46.0,5.26,140.0,7.0,19.0,8.0,8.0,24.0,18.07,17.74,0.5,0.49,0.5,30774.0,9.0,3.0,4.0,16.0,55.0,144.0,9.0,23.0,27.0,11.93,0.84,1.0,3.0,5.0,1.07,6.71,0.994,4.98,1.0,0.0,0.07,0.49,1.0,1.0,2.0,0.35,0.57,0.247,2.83,0.0,2.0,4.92,10.38,0.14,0.05,0.07,0.26,1.07,0.12,3.26,0.16,0.44,0.56,0.81,1.48,6.18,0.71,2.43,2.38,18.82,0.94,2.55,3.23,F,47.0,73.0,54.0,61.0,58.0,94.0,55.0,83.0,55.0,51.0,58.0
8477940,2025,Nikolaj Ehlers,CAR,L,5on5,82,64050.0,1328.0,89.31,15.0,12.0,7.0,34.0,145.0,11.86,18.0,20.0,73.0,6.0,15.0,20.0,52.93,39.24,0.57,0.61,0.61,81651.0,26.0,29.0,16.0,71.0,208.0,21.0,24.0,87.0,24.0,16.6,2.65,7.0,21.0,37.0,3.23,27.69,0.86,5.8,0.0,0.0,1.24,0.01,0.0,0.0,1.0,0.12,0.12,0.923,0.0,0.0,0.0,0.67,13.02,0.18,0.15,0.09,0.41,1.77,0.14,0.22,0.24,0.89,0.24,0.84,1.91,8.15,0.67,2.97,2.21,1.01,1.12,4.1,1.12,F,78.0,76.0,79.0,91.0,51.0,7.0,70.0,13.0,92.0,99.0,99.0
8477942,2025,Kevin Fiala,LAK,L,5on5,56,50356.0,977.0,45.06,14.0,5.0,0.0,19.0,102.0,10.62,28.0,12.0,59.0,15.0,17.0,21.0,33.09,28.52,0.54,0.54,0.53,64248.0,18.0,12.0,10.0,40.0,147.0,39.0,19.0,75.0,24.0,19.12,3.15,3.0,13.0,27.0,3.01,21.43,0.888,4.42,0.0,6.0,0.92,0.03,0.0,0.0,0.0,0.0,0.0,0.0,0.0,0.0,0.0,19.27,14.99,0.25,0.09,0.0,0.34,1.82,0.19,0.5,0.21,1.05,0.38,1.0,1.36,7.29,0.76,2.37,2.04,2.0,0.86,4.22,1.5,F,65.0,86.0,45.0,82.0,69.0,18.0,47.0,28.0,80.0,85.0,80.0
8480813,2025,Joe Veleno,MTL,C,5on5,61,37355.0,790.0,4.2,2.0,0.0,3.0,5.0,43.0,3.87,159.0,7.0,19.0,8.0,7.0,27.0,20.58,23.93,0.46,0.48,0.48,44254.0,2.0,0.0,3.0,5.0,52.0,166.0,8.0,19.0,32.0,12.09,0.05,0.0,0.0,1.0,0.09,0.09,0.9,0.0,1.0,0.0,0.2,1.51,0.0,0.0,7.0,1.02,1.51,0.145,0.0,0.0,1.0,5.79,10.21,0.03,0.0,0.05,0.08,0.7,0.06,2.61,0.11,0.31,0.44,0.19,0.48,4.14,0.37,1.98,2.31,15.32,0.67,1.83,2.6,F,13.0,19.0,13.0,15.0,11.0,91.0,30.0,70.0,29.0,42.0,41.0
8475842,2025,Sam Carrick,BUF,C,5on5,73,41072.0,976.0,15.79,8.0,3.0,2.0,13.0,68.0,7.87,105.0,10.0,27.0,19.0,15.0,33.0,25.62,27.49,0.48,0.48,0.47,45860.0,9.0,5.0,2.0,16.0,75.0,106.0,13.0,29.0,35.0,10.47,0.01,0.0,0.0,0.0,0.0,0.0,,0.0,0.0,0.0,0.0,0.97,0.0,1.0,6.0,0.1,0.68,0.054,0.85,0.0,3.0,10.16,9.38,0.11,0.04,0.03,0.18,0.93,0.11,1.44,0.14,0.37,0.45,0.7,1.14,5.96,0.69,2.25,2.41,9.2,0.88,2.37,2.89,F,29.0,61.0,32.0,57.0,55.0,72.0,49.0,78.0,42.0,42.0,33.0
8477946,2025,Dylan Larkin,DET,C,5on5,74,63909.0,1367.0,66.28,9.0,11.0,5.0,25.0,125.0,11.7,46.0,10.0,55.0,12.0,19.0,26.0,40.39,45.24,0.47,0.5,0.5,89631.0,34.0,16.0,17.0,67.0,229.0,46.0,18.0,67.0,33.0,20.19,3.14,13.0,19.0,58.0,11.95,37.21,0.933,4.91,4.0,1.0,0.7,1.48,1.0,1.0,10.0,1.38,2.22,0.145,0.55,0.0,3.0,7.21,14.39,0.12,0.15,0.07,0.34,1.69,0.16,0.62,0.14,0.74,0.35,0.51,1.41,7.04,0.66,2.28,2.55,2.59,0.56,3.1,1.46,F,65.0,43.0,49.0,79.0,49.0,25.0,24.0,27.0,35.0,61.0,58.0
8480817,2025,K'Andre Miller,CAR,D,5on5,72,81433.0,1619.0,65.16,6.0,8.0,9.0,23.0,109.0,5.09,91.0,37.0,69.0,25.0,11.0,65.0,66.9,49.71,0.57,0.62,0.62,96737.0,8.0,13.0,16.0,37.0,123.0,101.0,44.0,80.0,79.0,22.39,0.94,1.0,3.0,8.0,0.34,6.63,0.812,2.66,8.0,1.0,1.36,1.81,1.0,2.0,3.0,0.26,3.66,0.215,0.92,0.0,3.0,6.14,18.85,0.08,0.11,0.12,0.32,1.51,0.07,1.26,0.51,0.96,0.9,0.27,1.02,4.82,0.23,2.96,2.2,4.02,1.64,3.05,2.87,D,81.0,77.0,72.0,83.0,81.0,64.0,95.0,17.0,91.0,99.0,98.0
8477948,2025,Travis Sanheim,PHI,D,5on5,81,92608.0,1934.0,35.87,6.0,10.0,11.0,27.0,74.0,5.73,44.0,23.0,91.0,8.0,11.0,114.0,61.43,56.82,0.52,0.48,0.5,117722.0,11.0,13.0,13.0,37.0,95.0,46.0,26.0,105.0,152.0,24.22,1.02,1.0,3.0,5.0,0.63,9.22,0.874,2.18,22.0,0.0,0.96,3.06,1.0,3.0,6.0,0.39,4.18,0.119,0.73,3.0,2.0,7.51,19.06,0.07,0.12,0.14,0.33,0.91,0.07,0.54,0.28,1.12,1.41,0.23,1.05,2.88,0.22,2.39,2.21,1.71,0.89,3.54,4.43,D,83.0,71.0,75.0,27.0,78.0,31.0,64.0,62.0,71.0,44.0,62.0
8477949,2025,Alex Tuch,BUF,R,5on5,79,66578.0,1459.0,69.72,20.0,13.0,14.0,47.0,142.0,13.88,68.0,27.0,50.0,17.0,9.0,57.0,49.21,46.37,0.51,0.51,0.52,90031.0,33.0,18.0,15.0,66.0,195.0,82.0,39.0,60.0,90.0,18.99,1.57,6.0,8.0,26.0,2.53,9.31,0.898,3.87,21.0,0.0,0.51,2.26,2.0,3.0,12.0,1.98,2.7,0.099,1.01,0.0,7.0,8.29,14.05,0.25,0.16,0.18,0.59,1.8,0.18,0.86,0.34,0.63,0.72,1.08,2.54,7.68,0.75,2.66,2.51,3.68,1.46,2.7,3.08,F,95.0,91.0,96.0,86.0,68.0,37.0,88.0,80.0,63.0,68.0,73.0
8475413,2025,Justin Dowling,NYR,C,5on5,2,863.0,24.0,-0.48,0.0,0.0,0.0,0.0,1.0,0.13,3.0,0.0,0.0,0.0,0.0,1.0,0.31,0.88,0.26,0.33,0.35,863.0,0.0,0.0,0.0,0.0,1.0,3.0,0.0,0.0,1.0,7.19,,,,,,,,,,,,,,,,,,,,,,,7.19,0.0,0.0,0.0,0.0,0.5,0.06,1.5,0.0,0.0,0.5,0.0,0.0,4.17,0.54,1.29,3.67,12.51,0.0,0.0,4.17,F,5.0,9.0,5.0,16.0,25.0,85.0,6.0,93.0,3.0,2.0,3.0
8477073,2025,Kurtis MacDermid,OTT,L,5on5,19,4752.0,149.0,-2.1,0.0,1.0,0.0,1.0,4.0,0.18,18.0,0.0,2.0,9.0,7.0,6.0,1.92,4.13,0.32,0.34,0.37,4790.0,0.0,1.0,0.0,1.0,4.0,18.0,0.0,2.0,6.0,4.2,0.03,0.0,0.0,0.0,0.0,0.0,,0.0,0.0,0.0,0.0,,,,,,,,,,,,4.17,0.0,0.05,0.0,0.05,0.21,0.01,0.95,0.0,0.11,0.32,0.0,0.76,3.03,0.14,1.45,3.13,13.64,0.0,1.52,4.55,F,11.0,9.0,18.0,6.0,2.0,87.0,6.0,95.0,4.0,3.0,4.0
8483525,2025,Danila Yurov,MIN,R,5on5,73,53832.0,1043.0,18.0,11.0,5.0,8.0,24.0,76.0,11.76,59.0,16.0,42.0,13.0,12.0,43.0,34.28,35.29,0.49,0.47,0.48,58243.0,12.0,5.0,10.0,27.0,80.0,62.0,16.0,45.0,43.0,13.3,0.59,1.0,3.0,4.0,0.69,4.91,0.878,4.19,0.0,0.0,0.95,0.25,0.0,0.0,0.0,0.0,0.04,0.031,0.0,0.0,0.0,4.13,12.29,0.15,0.07,0.11,0.33,1.04,0.16,0.81,0.22,0.58,0.59,0.74,1.6,5.08,0.79,2.29,2.36,3.95,1.07,2.81,2.88,F,62.0,66.0,61.0,34.0,73.0,39.0,67.0,78.0,48.0,34.0,41.0
8483524,2025,Shane Wright,SEA,C,5on5,74,52891.0,1189.0,22.21,8.0,7.0,3.0,18.0,77.0,11.25,51.0,11.0,63.0,5.0,4.0,57.0,37.14,33.6,0.53,0.46,0.48,61279.0,12.0,10.0,5.0,27.0,97.0,51.0,12.0,67.0,59.0,13.8,1.56,2.0,6.0,12.0,3.01,14.24,0.944,3.13,1.0,1.0,0.44,0.02,0.0,0.0,0.0,0.0,0.0,0.0,0.0,0.0,0.0,0.4,11.91,0.11,0.09,0.04,0.24,1.04,0.15,0.69,0.15,0.85,0.77,0.54,1.23,5.24,0.77,2.53,2.29,3.47,0.75,4.29,3.88,F,41.0,47.0,37.0,39.0,71.0,35.0,39.0,90.0,74.0,27.0,41.0
8480950,2025,Ilya Lyubushkin,DAL,D,5on5,53,44783.0,943.0,1.82,1.0,4.0,4.0,9.0,31.0,1.46,61.0,8.0,43.0,13.0,6.0,75.0,24.79,29.34,0.46,0.43,0.44,50055.0,1.0,4.0,4.0,9.0,33.0,68.0,9.0,46.0,90.0,15.74,0.01,0.0,0.0,0.0,0.0,0.0,0.0,0.0,2.0,0.0,26.77,1.46,0.0,0.0,1.0,0.04,0.6,0.068,0.0,0.0,1.0,6.4,14.08,0.02,0.08,0.08,0.17,0.58,0.03,1.15,0.15,0.81,1.42,0.08,0.72,2.49,0.12,1.99,2.36,4.9,0.64,3.46,6.03,D,40.0,37.0,44.0,15.0,27.0,75.0,37.0,93.0,31.0,13.0,16.0
8482165,2025,Yan Kuznetsov,CGY,D,5on5,57,60299.0,1407.0,10.2,3.0,3.0,2.0,8.0,60.0,1.96,74.0,6.0,58.0,8.0,1.0,87.0,41.85,48.58,0.46,0.48,0.49,68690.0,4.0,4.0,4.0,12.0,64.0,79.0,9.0,61.0,102.0,20.08,0.06,0.0,0.0,0.0,0.0,0.01,1.0,0.0,1.0,0.0,0.0,1.61,0.0,2.0,1.0,0.01,2.56,0.221,1.3,0.0,2.0,5.88,17.63,0.05,0.05,0.04,0.14,1.05,0.03,1.3,0.11,1.02,1.53,0.18,0.48,3.58,0.12,2.5,2.9,4.42,0.36,3.46,5.19,D,32.0,60.0,26.0,51.0,27.0,69.0,17.0,81.0,31.0,44.0,52.0
8475786,2025,Zach Hyman,EDM,L,5on5,58,53615.0,1061.0,54.02,14.0,8.0,5.0,27.0,108.0,18.38,51.0,5.0,21.0,11.0,11.0,14.0,53.17,41.3,0.56,0.52,0.53,69544.0,31.0,13.0,8.0,52.0,159.0,56.0,8.0,27.0,18.0,19.98,3.46,9.0,14.0,36.0,9.22,32.68,0.918,4.19,0.0,0.0,0.87,0.02,0.0,0.0,0.0,0.0,0.14,0.095,0.0,0.0,0.0,67.44,15.41,0.24,0.14,0.09,0.47,1.86,0.32,0.88,0.09,0.36,0.24,0.94,1.81,7.25,1.23,3.57,2.77,3.42,0.34,1.41,0.94,F,86.0,83.0,73.0,81.0,99.0,35.0,14.0,9.0,88.0,74.0,80.0
8477845,2025,Trevor van Riemsdyk,WSH,D,5on5,68,58169.0,1161.0,13.1,3.0,3.0,8.0,14.0,41.0,3.5,12.0,14.0,45.0,8.0,6.0,79.0,43.2,42.33,0.51,0.48,0.49,66258.0,3.0,3.0,8.0,14.0,44.0,12.0,17.0,46.0,97.0,16.24,0.07,0.0,0.0,0.0,0.0,0.82,0.965,0.0,4.0,0.0,0.4,1.63,0.0,0.0,3.0,0.4,1.82,0.111,0.0,0.0,3.0,7.91,14.26,0.04,0.04,0.12,0.21,0.6,0.05,0.18,0.21,0.66,1.16,0.19,0.87,2.54,0.22,2.67,2.62,0.74,0.87,2.78,4.89,D,55.0,62.0,61.0,16.0,78.0,10.0,61.0,74.0,66.0,44.0,52.0
8484388,2025,Daniil But,UTA,L,5on5,29,19158.0,422.0,12.16,2.0,2.0,0.0,4.0,36.0,5.4,15.0,4.0,18.0,4.0,4.0,17.0,16.72,11.03,0.6,0.55,0.54,21697.0,3.0,2.0,2.0,7.0,43.0,16.0,4.0,18.0,18.0,12.47,1.35,1.0,3.0,7.0,0.92,4.9,0.99,4.6,0.0,0.0,0.08,0.0,0.0,0.0,0.0,0.0,0.0,0.0,0.0,0.0,0.0,324.0,11.01,0.07,0.07,0.0,0.14,1.24,0.19,0.52,0.14,0.62,0.59,0.38,0.75,6.76,1.01,3.14,2.07,2.82,0.75,3.38,3.19,F,21.0,32.0,18.0,72.0,95.0,28.0,39.0,82.0,97.0,88.0,85.0
8474090,2025,Brendan Smith,CBJ,D,5on5,15,9287.0,214.0,0.95,0.0,1.0,1.0,2.0,10.0,0.31,11.0,5.0,14.0,4.0,2.0,9.0,5.11,6.26,0.45,0.46,0.44,9970.0,0.0,1.0,1.0,2.0,10.0,12.0,5.0,15.0,11.0,11.08,,,,,,,,,,,,0.61,0.0,0.0,0.0,0.0,0.28,0.364,0.0,0.0,0.0,3.2,10.32,0.0,0.07,0.07,0.13,0.67,0.02,0.73,0.33,0.93,0.6,0.0,0.78,3.88,0.12,1.98,2.43,4.26,1.94,5.43,3.49,D,29.0,16.0,51.0,62.0,27.0,67.0,97.0,34.0,24.0,28.0,16.0
8481524,2025,Bowen Byram,BUF,D,5on5,82,89561.0,1745.0,38.27,8.0,12.0,10.0,30.0,83.0,7.06,45.0,17.0,71.0,16.0,13.0,77.0,62.11,65.6,0.49,0.49,0.5,109918.0,11.0,15.0,16.0,42.0,109.0,50.0,22.0,84.0,93.0,22.34,1.53,1.0,7.0,13.0,0.97,8.61,0.884,3.36,8.0,1.0,0.54,1.54,0.0,1.0,5.0,0.48,2.74,0.139,0.48,2.0,3.0,8.06,18.2,0.1,0.15,0.12,0.37,1.01,0.09,0.55,0.21,0.87,0.94,0.32,1.21,3.34,0.28,2.5,2.64,1.81,0.68,2.85,3.1,D,88.0,83.0,85.0,43.0,92.0,32.0,42.0,24.0,50.0,53.0,62.0
8484873,2025,Cole Hutson,WSH,D,5on5,14,12230.0,239.0,7.45,1.0,2.0,0.0,3.0,16.0,1.07,15.0,8.0,13.0,4.0,2.0,6.0,8.46,8.72,0.49,0.48,0.49,14664.0,3.0,5.0,2.0,10.0,22.0,16.0,8.0,13.0,6.0,17.46,2.18,0.0,5.0,2.0,0.07,3.92,0.772,9.84,0.0,0.0,2.28,0.04,0.0,0.0,0.0,0.0,0.0,0.0,0.0,0.0,0.0,4.5,14.56,0.07,0.14,0.0,0.21,1.14,0.08,1.07,0.57,0.93,0.43,0.29,0.88,4.71,0.31,2.49,2.57,4.42,2.35,3.83,1.77,D,55.0,80.0,62.0,82.0,95.0,69.0,99.0,3.0,50.0,44.0,52.0
8476479,2025,Phillip Danault,MTL,C,5on5,75,55866.0,1143.0,21.23,4.0,5.0,1.0,10.0,77.0,7.63,59.0,12.0,43.0,10.0,12.0,29.0,33.3,40.7,0.45,0.5,0.5,70048.0,6.0,9.0,2.0,17.0,91.0,63.0,12.0,48.0,40.0,15.57,0.59,0.0,0.0,5.0,0.26,2.81,0.762,0.0,0.0,0.0,1.19,1.87,0.0,1.0,5.0,0.45,1.54,0.07,0.43,0.0,0.0,8.71,12.41,0.05,0.07,0.01,0.13,1.03,0.1,0.79,0.16,0.57,0.39,0.26,0.64,4.96,0.49,2.15,2.62,3.8,0.77,2.77,1.87,F,19.0,23.0,15.0,31.0,20.0,38.0,40.0,43.0,24.0,61.0,58.0
8481528,2025,Dylan Cozens,OTT,C,5on5,82,64131.0,1573.0,70.6,13.0,7.0,8.0,28.0,137.0,17.77,199.0,18.0,43.0,22.0,21.0,23.0,54.07,34.93,0.61,0.57,0.57,83835.0,28.0,14.0,17.0,59.0,205.0,215.0,19.0,53.0,24.0,17.04,3.08,13.0,27.0,54.0,8.98,33.3,0.936,6.42,0.0,0.0,0.54,0.08,0.0,0.0,1.0,0.06,0.42,0.375,0.0,0.0,0.0,6.1,13.03,0.16,0.09,0.1,0.34,1.67,0.22,2.43,0.22,0.52,0.28,0.73,1.57,7.69,1.0,3.04,1.96,11.17,1.01,2.41,1.29,F,65.0,64.0,60.0,86.0,95.0,80.0,62.0,19.0,97.0,93.0,94.0
8478462,2025,Nicolas Roy,COL,C,5on5,74,52494.0,1138.0,19.83,6.0,9.0,4.0,19.0,54.0,7.34,70.0,19.0,59.0,8.0,9.0,30.0,31.37,37.34,0.46,0.47,0.46,64200.0,8.0,12.0,5.0,25.0,76.0,71.0,21.0,62.0,40.0,14.46,0.82,2.0,2.0,19.0,4.02,6.56,0.881,1.98,7.0,0.0,0.88,1.44,0.0,1.0,3.0,0.18,0.72,0.058,0.56,0.0,2.0,6.58,11.82,0.08,0.12,0.05,0.26,0.73,0.1,0.95,0.26,0.8,0.41,0.41,1.3,3.7,0.5,2.15,2.56,4.8,1.3,4.05,2.06,F,47.0,34.0,42.0,10.0,21.0,46.0,80.0,49.0,29.0,34.0,25.0
8475857,2025,Kevin Gravel,NSH,D,5on5,1,952.0,19.0,-0.53,0.0,0.0,0.0,0.0,1.0,0.01,1.0,0.0,1.0,0.0,0.0,3.0,0.26,0.9,0.22,0.24,0.29,996.0,0.0,0.0,0.0,0.0,1.0,1.0,0.0,1.0,3.0,16.6,,,,,,,,,,,,0.73,0.0,0.0,0.0,0.0,0.0,,0.0,0.0,0.0,0.0,15.87,0.0,0.0,0.0,0.0,1.0,0.01,1.0,0.0,1.0,3.0,0.0,0.0,3.78,0.04,0.98,3.4,3.78,0.0,3.78,11.34,D,7.0,16.0,7.0,58.0,6.0,61.0,7.0,100.0,1.0,1.0,2.0
8483433,2025,Jack Devine,FLA,R,5on5,6,3001.0,74.0,0.15,0.0,0.0,0.0,0.0,5.0,0.53,4.0,0.0,2.0,1.0,1.0,0.0,1.27,1.48,0.46,0.52,0.52,3038.0,0.0,0.0,0.0,0.0,6.0,4.0,0.0,2.0,0.0,8.44,0.1,0.0,0.0,1.0,0.05,0.09,1.0,0.0,0.0,0.0,0.0,,,,,,,,,,,,8.34,0.0,0.0,0.0,0.0,0.83,0.09,0.67,0.0,0.33,0.0,0.0,0.0,6.0,0.64,1.52,1.78,4.8,0.0,2.4,0.0,F,5.0,9.0,5.0,57.0,45.0,46.0,6.0,2.0,29.0,74.0,73.0
8476887,2025,Filip Forsberg,NSH,L,5on5,82,72644.0,1538.0,79.33,23.0,11.0,6.0,40.0,169.0,16.08,119.0,37.0,81.0,14.0,19.0,32.0,49.96,54.22,0.48,0.52,0.5,92923.0,40.0,24.0,11.0,75.0,246.0,124.0,48.0,105.0,33.0,18.89,2.85,11.0,26.0,50.0,7.23,27.54,0.901,6.67,0.0,3.0,0.77,0.01,0.0,0.0,0.0,0.0,0.0,0.0,0.0,0.0,0.0,26.53,14.77,0.28,0.13,0.07,0.49,2.06,0.2,1.45,0.45,0.99,0.39,1.14,1.98,8.38,0.8,2.48,2.69,5.9,1.83,4.01,1.59,F,89.0,93.0,81.0,93.0,76.0,55.0,95.0,31.0,42.0,74.0,58.0
8484779,2025,Jett Luchanko,PHI,C,5on5,4,2128.0,44.0,-0.46,0.0,0.0,0.0,0.0,1.0,0.13,2.0,0.0,1.0,1.0,1.0,3.0,0.79,1.41,0.36,0.44,0.48,2152.0,0.0,0.0,0.0,0.0,1.0,2.0,0.0,1.0,3.0,8.97,,,,,,,,,,,,0.1,0.0,0.0,0.0,0.0,0.0,,0.0,0.0,0.0,0.0,8.87,0.0,0.0,0.0,0.0,0.25,0.03,0.5,0.0,0.25,0.75,0.0,0.0,1.69,0.22,1.34,2.39,3.38,0.0,1.69,5.08,F,5.0,9.0,5.0,3.0,5.0,35.0,6.0,97.0,6.0,16.0,41.0
8483731,2025,Alex Bump,PHI,L,5on5,17,11750.0,274.0,6.6,4.0,0.0,4.0,8.0,20.0,2.09,16.0,3.0,12.0,0.0,1.0,6.0,6.02,7.57,0.44,0.45,0.45,12894.0,5.0,0.0,4.0,9.0,23.0,16.0,3.0,12.0,7.0,12.64,0.9,0.0,0.0,2.0,0.23,0.68,0.971,0.0,0.0,0.0,0.08,0.02,0.0,0.0,0.0,0.0,0.0,,0.0,0.0,0.0,0.0,11.52,0.24,0.0,0.24,0.47,1.18,0.12,0.94,0.18,0.71,0.35,1.23,2.45,6.13,0.64,1.84,2.32,4.9,0.92,3.68,1.84,F,86.0,96.0,94.0,60.0,45.0,47.0,53.0,41.0,20.0,21.0,19.0
8482245,2025,Artem Zub,OTT,D,5on5,81,82670.0,1860.0,33.35,5.0,13.0,8.0,26.0,91.0,3.55,61.0,21.0,67.0,22.0,5.0,92.0,56.15,47.09,0.54,0.51,0.53,101051.0,5.0,13.0,12.0,30.0,92.0,66.0,26.0,78.0,120.0,20.79,0.11,0.0,0.0,0.0,0.0,0.48,0.906,0.0,7.0,0.0,0.35,2.69,0.0,0.0,1.0,0.09,3.22,0.125,0.0,1.0,4.0,6.2,17.01,0.06,0.16,0.1,0.32,1.12,0.04,0.75,0.26,0.83,1.14,0.22,1.13,3.96,0.15,2.45,2.05,2.66,0.91,2.92,4.01,D,81.0,69.0,80.0,64.0,45.0,46.0,66.0,52.0,80.0,70.0,82.0
8484240,2025,Tom Willander,VAN,D,5on5,70,62466.0,1349.0,4.33,3.0,4.0,5.0,12.0,50.0,2.16,30.0,11.0,50.0,9.0,6.0,72.0,33.21,49.61,0.4,0.43,0.42,71356.0,5.0,5.0,11.0,21.0,59.0,35.0,11.0,58.0,78.0,16.99,1.13,0.0,3.0,5.0,0.59,10.07,0.926,2.28,2.0,0.0,0.61,0.46,0.0,0.0,1.0,0.29,0.8,0.212,0.0,0.0,0.0,5.57,14.87,0.04,0.06,0.07,0.17,0.71,0.03,0.43,0.16,0.71,1.03,0.17,0.69,2.88,0.12,1.91,2.86,1.73,0.63,2.88,4.15,D,40.0,57.0,40.0,27.0,27.0,31.0,36.0,56.0,10.0,13.0,10.0
8484160,2025,Nate Danielson,DET,C,5on5,28,16035.0,380.0,5.17,2.0,1.0,1.0,4.0,25.0,2.94,8.0,7.0,17.0,2.0,2.0,9.0,11.44,11.87,0.49,0.48,0.49,18569.0,2.0,3.0,2.0,7.0,31.0,8.0,8.0,17.0,9.0,11.05,1.34,0.0,3.0,6.0,1.11,9.65,0.937,4.79,0.0,1.0,1.04,0.02,0.0,0.0,0.0,0.0,0.0,0.0,0.0,0.0,0.0,3.89,9.54,0.07,0.04,0.04,0.14,0.89,0.1,0.29,0.25,0.61,0.32,0.45,0.9,5.61,0.66,2.57,2.66,1.8,1.57,3.82,2.02,F,21.0,37.0,23.0,46.0,49.0,17.0,91.0,48.0,48.0,42.0,49.0
8484901,2025,Jacob Quillan,TOR,C,5on5,23,12052.0,275.0,-0.61,1.0,1.0,1.0,3.0,12.0,1.13,44.0,6.0,12.0,1.0,3.0,9.0,5.18,8.79,0.37,0.39,0.38,14172.0,1.0,1.0,1.0,3.0,14.0,46.0,6.0,12.0,13.0,10.27,0.02,0.0,0.0,0.0,0.0,0.05,1.0,0.0,0.0,0.0,0.0,1.42,0.0,0.0,2.0,0.07,0.62,0.114,0.0,0.0,0.0,8.87,8.73,0.04,0.04,0.04,0.13,0.52,0.05,1.91,0.26,0.52,0.39,0.3,0.9,3.58,0.34,1.55,2.63,13.14,1.79,3.58,2.69,F,19.0,25.0,23.0,9.0,8.0,86.0,94.0,73.0,7.0,6.0,5.0
8481532,2025,Alex Turcotte,LAK,C,5on5,62,38636.0,866.0,21.76,3.0,4.0,7.0,14.0,65.0,9.84,50.0,14.0,24.0,9.0,10.0,33.0,32.13,24.47,0.57,0.55,0.55,40271.0,3.0,4.0,7.0,14.0,67.0,51.0,14.0,27.0,33.0,10.83,0.29,0.0,0.0,2.0,2.19,2.66,0.993,0.0,0.0,0.0,0.07,0.01,0.0,0.0,0.0,0.0,0.0,0.0,0.0,0.0,0.0,5.68,10.39,0.05,0.06,0.11,0.23,1.05,0.16,0.81,0.23,0.39,0.53,0.28,1.3,6.06,0.92,2.99,2.28,4.66,1.3,2.24,3.07,F,39.0,24.0,42.0,58.0,91.0,45.0,80.0,80.0,92.0,88.0,89.0
8483039,2025,Tristen Nielsen,COL,C,5on5,4,1513.0,38.0,1.22,0.0,1.0,0.0,1.0,3.0,0.19,9.0,0.0,2.0,0.0,0.0,1.0,0.46,0.34,0.58,0.53,0.58,1513.0,0.0,1.0,0.0,1.0,3.0,9.0,0.0,2.0,1.0,6.3,,,,,,,,,,,,,,,,,,,,,,,6.3,0.0,0.25,0.0,0.25,0.75,0.05,2.25,0.0,0.5,0.25,0.0,2.38,7.14,0.45,1.09,0.81,21.41,0.0,4.76,2.38,F,45.0,9.0,92.0,80.0,16.0,97.0,6.0,63.0,94.0,81.0,95.0
8482174,2025,William Villeneuve,TOR,D,5on5,3,3119.0,66.0,0.4,0.0,0.0,0.0,0.0,2.0,0.07,1.0,1.0,1.0,0.0,1.0,5.0,1.36,2.06,0.4,0.46,0.49,3119.0,0.0,0.0,0.0,0.0,2.0,1.0,1.0,1.0,5.0,17.33,,,,,,,,,,,,,,,,,,,,,,,17.33,0.0,0.0,0.0,0.0,0.67,0.02,0.33,0.33,0.33,1.67,0.0,0.0,2.31,0.08,1.57,2.38,1.15,1.15,1.15,5.77,D,7.0,16.0,7.0,11.0,11.0,20.0,83.0,90.0,10.0,28.0,52.0
8477402,2025,Pavel Buchnevich,STL,L,5on5,81,64171.0,1387.0,44.09,13.0,9.0,5.0,27.0,101.0,11.6,28.0,20.0,53.0,9.0,8.0,26.0,45.69,47.2,0.49,0.5,0.49,87179.0,20.0,19.0,9.0,48.0,142.0,30.0,26.0,66.0,40.0,17.94,2.28,4.0,14.0,23.0,4.65,16.63,0.854,4.55,8.0,2.0,0.93,1.65,0.0,0.0,4.0,0.41,1.06,0.058,0.0,1.0,3.0,7.7,13.2,0.16,0.11,0.06,0.33,1.25,0.14,0.35,0.25,0.65,0.32,0.73,1.51,5.67,0.65,2.56,2.65,1.57,1.12,2.97,1.46,F,62.0,64.0,56.0,48.0,47.0,14.0,70.0,27.0,48.0,61.0,49.0
8478416,2025,Erik Cernak,TBL,D,5on5,61,52703.0,1209.0,11.28,3.0,3.0,4.0,10.0,50.0,2.37,97.0,12.0,47.0,20.0,5.0,62.0,35.85,30.92,0.54,0.49,0.49,64473.0,3.0,3.0,5.0,11.0,53.0,112.0,15.0,55.0,99.0,17.62,0.05,0.0,0.0,0.0,0.0,0.02,1.0,0.0,7.0,0.0,0.0,2.47,0.0,1.0,2.0,0.05,1.82,0.082,0.4,0.0,2.0,8.16,14.4,0.05,0.05,0.07,0.16,0.82,0.04,1.59,0.2,0.77,1.02,0.2,0.68,3.42,0.16,2.45,2.11,6.63,0.82,3.21,4.24,D,37.0,65.0,40.0,46.0,51.0,89.0,56.0,59.0,80.0,53.0,52.0
8484471,2025,Emmitt Finnie,DET,C,5on5,82,64501.0,1388.0,31.72,8.0,8.0,4.0,20.0,100.0,14.3,131.0,19.0,67.0,3.0,19.0,37.0,42.51,44.82,0.49,0.49,0.49,76260.0,13.0,9.0,8.0,30.0,120.0,131.0,24.0,74.0,41.0,15.5,1.33,4.0,8.0,14.0,3.74,15.84,0.887,4.41,2.0,0.0,1.11,0.67,0.0,0.0,1.0,0.17,0.29,0.048,0.0,0.0,4.0,6.26,13.11,0.1,0.1,0.05,0.24,1.22,0.17,1.6,0.23,0.82,0.45,0.45,1.12,5.58,0.8,2.37,2.5,7.31,1.06,3.74,2.07,F,41.0,37.0,31.0,46.0,76.0,64.0,66.0,50.0,48.0,51.0,49.0
8480075,2025,Cameron Crotty,OTT,D,5on5,6,4865.0,117.0,1.02,0.0,0.0,1.0,1.0,5.0,0.14,1.0,2.0,3.0,0.0,0.0,2.0,4.53,2.42,0.65,0.5,0.49,5371.0,0.0,0.0,1.0,1.0,5.0,3.0,2.0,3.0,3.0,14.92,,,,,,,,,,,,1.37,0.0,0.0,0.0,0.0,0.17,0.515,0.0,0.0,0.0,1.17,13.51,0.0,0.0,0.17,0.17,0.83,0.02,0.17,0.33,0.5,0.33,0.0,0.74,3.7,0.1,3.35,1.79,0.74,1.48,2.22,1.48,D,40.0,16.0,47.0,55.0,18.0,10.0,93.0,2.0,99.0,62.0,52.0
8483709,2025,Abram Wiebe,CGY,D,5on5,4,2881.0,69.0,-0.95,0.0,0.0,0.0,0.0,0.0,0.02,2.0,0.0,2.0,1.0,0.0,1.0,1.4,3.63,0.28,0.41,0.38,2885.0,0.0,0.0,0.0,0.0,0.0,2.0,0.0,2.0,1.0,12.02,,,,,,,,,,,,,,,,,,,,,,,12.0,0.0,0.0,0.0,0.0,0.0,0.0,0.5,0.0,0.5,0.25,0.0,0.0,0.0,0.02,1.75,4.54,2.5,0.0,2.5,1.25,D,7.0,16.0,7.0,2.0,3.0,44.0,7.0,1.0,3.0,8.0,5.0
8480245,2025,Olle Lycksell,OTT,R,5on5,7,4143.0,95.0,1.07,1.0,0.0,1.0,2.0,7.0,0.68,4.0,1.0,1.0,0.0,1.0,4.0,1.95,2.38,0.45,0.44,0.42,4148.0,1.0,0.0,1.0,2.0,7.0,4.0,1.0,1.0,4.0,9.88,,,,,,,,,,,,0.0,0.0,0.0,0.0,0.0,0.0,,0.0,0.0,0.0,0.0,9.86,0.14,0.0,0.14,0.29,1.0,0.1,0.57,0.14,0.14,0.57,0.87,1.74,6.08,0.59,1.69,2.07,3.48,0.87,0.87,3.48,F,53.0,77.0,69.0,59.0,34.0,35.0,48.0,86.0,24.0,16.0,10.0
8483546,2025,Marshall Rifai,TOR,D,5on5,1,580.0,14.0,-0.17,0.0,0.0,0.0,0.0,1.0,0.01,0.0,0.0,1.0,0.0,0.0,1.0,0.21,0.63,0.25,0.38,0.29,580.0,0.0,0.0,0.0,0.0,1.0,0.0,0.0,1.0,1.0,9.67,,,,,,,,,,,,,,,,,,,,,,,9.67,0.0,0.0,0.0,0.0,1.0,0.01,0.0,0.0,1.0,1.0,0.0,0.0,6.21,0.06,1.3,3.91,0.0,0.0,6.21,6.21,D,7.0,16.0,7.0,96.0,8.0,2.0,7.0,94.0,2.0,5.0,2.0
8478831,2025,Kevin Stenlund,UTA,C,5on5,80,52495.0,1277.0,12.9,2.0,3.0,4.0,9.0,53.0,5.71,37.0,8.0,36.0,10.0,9.0,40.0,26.02,35.99,0.42,0.47,0.47,69497.0,4.0,8.0,6.0,18.0,66.0,43.0,13.0,50.0,61.0,14.48,0.23,0.0,0.0,1.0,0.09,0.54,0.74,0.0,8.0,0.0,0.62,2.73,1.0,1.0,6.0,0.67,2.88,0.095,0.27,0.0,4.0,7.53,10.94,0.02,0.04,0.05,0.11,0.66,0.07,0.46,0.1,0.45,0.5,0.14,0.62,3.63,0.39,1.78,2.47,2.54,0.55,2.47,2.74,F,16.0,18.0,15.0,10.0,12.0,24.0,23.0,74.0,14.0,34.0,33.0
8481178,2025,Egor Zamula,CBJ,D,5on5,33,24786.0,527.0,4.55,0.0,2.0,1.0,3.0,18.0,0.5,7.0,6.0,27.0,2.0,0.0,40.0,13.91,16.52,0.46,0.48,0.48,25873.0,0.0,2.0,1.0,3.0,18.0,7.0,6.0,27.0,40.0,13.07,0.0,0.0,0.0,0.0,0.0,0.0,,0.0,0.0,0.0,0.0,0.44,0.0,0.0,0.0,0.0,0.1,0.024,0.0,0.0,0.0,16.73,12.52,0.0,0.06,0.03,0.09,0.55,0.02,0.21,0.18,0.82,1.21,0.0,0.44,2.61,0.07,2.02,2.4,1.02,0.87,3.92,5.81,D,20.0,16.0,22.0,18.0,9.0,14.0,61.0,91.0,31.0,44.0,42.0
8484255,2025,Jason Polin,COL,R,5on5,4,1819.0,46.0,0.9,0.0,0.0,0.0,0.0,0.0,0.19,11.0,0.0,0.0,0.0,0.0,3.0,1.02,0.23,0.81,0.63,0.66,1819.0,0.0,0.0,0.0,0.0,0.0,11.0,0.0,0.0,3.0,7.58,,,,,,,,,,,,,,,,,,,,,,,7.58,0.0,0.0,0.0,0.0,0.0,0.05,2.75,0.0,0.0,0.75,0.0,0.0,0.0,0.38,2.02,0.46,21.77,0.0,0.0,5.94,F,5.0,9.0,5.0,1.0,11.0,97.0,6.0,99.0,100.0,100.0,100.0
8477989,2025,Christian Dvorak,PHI,C,5on5,80,67478.0,1438.0,43.51,12.0,14.0,7.0,33.0,107.0,15.14,35.0,15.0,52.0,11.0,10.0,41.0,45.96,50.18,0.48,0.46,0.46,88605.0,18.0,23.0,10.0,51.0,151.0,38.0,20.0,62.0,52.0,18.46,1.55,3.0,4.0,22.0,3.61,13.63,0.883,1.94,5.0,0.0,0.88,1.92,0.0,1.0,11.0,0.99,2.11,0.085,0.39,0.0,3.0,8.85,14.06,0.15,0.18,0.09,0.41,1.34,0.19,0.44,0.19,0.65,0.51,0.64,1.76,5.71,0.81,2.45,2.68,1.87,0.8,2.77,2.19,F,78.0,57.0,71.0,49.0,77.0,17.0,44.0,55.0,42.0,27.0,25.0
8481477,2025,Nico Sturm,MIN,C,5on5,49,26580.0,593.0,4.5,3.0,1.0,3.0,7.0,29.0,4.53,54.0,5.0,18.0,8.0,0.0,17.0,17.89,17.16,0.51,0.44,0.47,32170.0,5.0,2.0,4.0,11.0,37.0,55.0,10.0,20.0,19.0,10.94,0.02,0.0,0.0,0.0,0.0,0.0,,0.0,0.0,0.0,0.0,1.62,1.0,1.0,7.0,0.51,1.37,0.103,0.76,0.0,5.0,8.98,9.04,0.06,0.02,0.06,0.14,0.59,0.09,1.1,0.1,0.37,0.35,0.41,0.95,3.93,0.61,2.42,2.32,7.31,0.68,2.44,2.3,F,21.0,34.0,25.0,12.0,39.0,64.0,31.0,58.0,63.0,16.0,33.0
8478398,2025,Kyle Connor,WPG,L,5on5,82,79538.0,1445.0,83.49,25.0,19.0,11.0,55.0,193.0,18.37,34.0,16.0,53.0,8.0,15.0,16.0,54.98,59.22,0.48,0.49,0.49,105811.0,39.0,33.0,20.0,92.0,274.0,36.0,21.0,69.0,19.0,21.51,3.01,5.0,19.0,44.0,6.85,34.49,0.904,4.61,2.0,0.0,0.89,1.01,1.0,2.0,12.0,1.57,3.54,0.281,1.45,0.0,2.0,6.59,16.17,0.3,0.23,0.13,0.67,2.35,0.22,0.41,0.2,0.65,0.2,1.13,2.49,8.74,0.83,2.49,2.68,1.54,0.72,2.4,0.72,F,98.0,93.0,95.0,95.0,80.0,13.0,36.0,6.0,42.0,51.0,49.0
8476453,2025,Nikita Kucherov,TBL,R,5on5,76,68276.0,1406.0,127.56,25.0,25.0,19.0,69.0,149.0,15.26,31.0,18.0,76.0,13.0,20.0,26.0,63.51,49.16,0.56,0.56,0.56,92728.0,44.0,51.0,35.0,130.0,231.0,36.0,21.0,124.0,29.0,20.34,4.03,7.0,33.0,51.0,7.54,39.05,0.889,6.47,0.0,1.0,0.95,0.02,1.0,1.0,1.0,0.23,0.23,0.295,50.0,0.0,0.0,27.5,14.97,0.33,0.33,0.25,0.91,1.96,0.2,0.41,0.24,1.0,0.34,1.32,3.64,7.86,0.8,3.35,2.59,1.63,0.95,4.01,1.37,F,99.0,97.0,99.0,89.0,76.0,14.0,56.0,22.0,88.0,91.0,92.0
8482705,2025,Cole Sillinger,CBJ,C,5on5,81,66081.0,1391.0,33.0,5.0,9.0,10.0,24.0,116.0,11.4,107.0,25.0,56.0,17.0,7.0,35.0,47.86,43.73,0.52,0.5,0.5,73974.0,8.0,13.0,12.0,33.0,136.0,112.0,31.0,58.0,44.0,15.22,0.27,0.0,1.0,4.0,0.3,2.58,0.918,2.72,2.0,0.0,0.62,0.77,0.0,0.0,3.0,0.26,0.51,0.053,0.0,0.0,3.0,8.78,13.6,0.06,0.11,0.12,0.3,1.43,0.14,1.32,0.31,0.69,0.43,0.27,1.31,6.32,0.62,2.61,2.38,5.83,1.36,3.05,1.91,F,56.0,23.0,43.0,65.0,41.0,54.0,83.0,44.0,69.0,61.0,58.0
8481581,2025,Thomas Harley,DAL,D,5on5,70,80998.0,1438.0,32.77,3.0,10.0,11.0,24.0,92.0,4.73,35.0,32.0,72.0,12.0,3.0,119.0,56.69,58.56,0.49,0.48,0.47,96837.0,6.0,16.0,14.0,36.0,113.0,39.0,36.0,84.0,148.0,23.06,1.57,1.0,7.0,9.0,2.41,12.72,0.88,3.81,13.0,1.0,0.94,1.34,0.0,0.0,1.0,0.07,0.88,0.07,0.0,3.0,2.0,7.44,19.29,0.04,0.14,0.16,0.34,1.31,0.07,0.5,0.46,1.03,1.7,0.13,1.07,4.09,0.21,2.52,2.6,1.56,1.42,3.2,5.29,D,84.0,49.0,76.0,68.0,74.0,28.0,92.0,82.0,50.0,44.0,34.0
8483490,2025,Pavel Mintyukov,ANA,D,5on5,73,66200.0,1477.0,24.72,7.0,2.0,8.0,17.0,68.0,4.9,33.0,14.0,58.0,7.0,12.0,82.0,49.74,50.6,0.5,0.49,0.5,80703.0,8.0,4.0,10.0,22.0,79.0,39.0,18.0,66.0,112.0,18.43,0.76,0.0,2.0,3.0,0.1,4.51,0.82,2.16,14.0,0.0,1.07,2.12,0.0,1.0,5.0,0.41,1.92,0.085,0.39,1.0,3.0,7.98,15.11,0.1,0.03,0.11,0.23,0.93,0.07,0.45,0.19,0.79,1.12,0.38,0.92,3.7,0.27,2.7,2.75,1.79,0.76,3.15,4.46,D,62.0,89.0,66.0,55.0,90.0,32.0,49.0,63.0,59.0,53.0,62.0
8477494,2025,Jonathan Drouin,STL,L,5on5,64,50934.0,1064.0,25.06,3.0,8.0,2.0,13.0,70.0,8.01,15.0,13.0,32.0,3.0,9.0,27.0,32.06,37.56,0.46,0.51,0.51,64768.0,4.0,13.0,7.0,24.0,87.0,18.0,14.0,42.0,32.0,16.87,2.59,1.0,6.0,11.0,2.06,15.36,0.854,2.17,0.0,0.0,0.95,0.02,0.0,0.0,0.0,0.0,0.0,,0.0,0.0,0.0,0.0,13.26,0.05,0.12,0.03,0.2,1.09,0.13,0.23,0.2,0.5,0.42,0.21,0.92,4.95,0.57,2.27,2.65,1.06,0.92,2.26,1.91,F,33.0,20.0,24.0,30.0,30.0,8.0,53.0,44.0,29.0,68.0,66.0
8481186,2025,Logan O'Connor,COL,R,5on5,13,7771.0,174.0,4.46,0.0,1.0,1.0,2.0,11.0,0.71,11.0,3.0,5.0,1.0,4.0,3.0,4.75,4.35,0.52,0.57,0.58,8927.0,0.0,1.0,1.0,2.0,13.0,11.0,3.0,6.0,3.0,11.44,0.0,0.0,0.0,0.0,0.0,0.0,,0.0,0.0,0.0,0.0,1.32,0.0,0.0,2.0,0.4,0.49,0.355,0.0,0.0,0.0,3.12,9.96,0.0,0.08,0.08,0.15,0.85,0.05,0.85,0.23,0.38,0.23,0.0,0.93,5.1,0.33,2.2,2.02,5.1,1.39,2.32,1.39,F,23.0,9.0,25.0,35.0,8.0,48.0,85.0,24.0,69.0,93.0,95.0
8475287,2025,Erik Haula,NSH,L,5on5,81,60854.0,1345.0,28.86,9.0,3.0,8.0,20.0,97.0,11.51,112.0,11.0,46.0,24.0,7.0,43.0,41.34,45.71,0.47,0.49,0.47,81036.0,14.0,8.0,16.0,38.0,127.0,118.0,15.0,59.0,51.0,16.67,1.45,4.0,12.0,16.0,2.2,11.62,0.813,6.12,5.0,0.0,1.37,1.96,1.0,2.0,10.0,0.83,2.31,0.112,0.76,1.0,4.0,6.91,12.52,0.11,0.04,0.1,0.25,1.2,0.14,1.38,0.14,0.57,0.53,0.53,1.18,5.74,0.68,2.45,2.7,6.63,0.65,2.72,2.54,F,45.0,45.0,34.0,50.0,53.0,60.0,29.0,69.0,35.0,51.0,33.0
8485391,2025,Anton Frondell,CHI,C,5on5,12,9728.0,198.0,5.68,3.0,3.0,1.0,7.0,25.0,1.9,8.0,2.0,9.0,2.0,1.0,13.0,6.32,11.66,0.35,0.4,0.4,12739.0,3.0,3.0,3.0,9.0,36.0,8.0,2.0,11.0,13.0,17.69,3.23,0.0,1.0,10.0,1.26,3.92,0.91,1.55,0.0,0.0,0.6,0.0,0.0,0.0,0.0,0.0,0.0,,0.0,0.0,0.0,0.0,13.51,0.25,0.25,0.08,0.58,2.08,0.16,0.67,0.17,0.75,1.08,1.11,2.59,9.25,0.7,2.34,4.31,2.96,0.74,3.33,4.81,F,95.0,92.0,96.0,96.0,56.0,30.0,37.0,96.0,5.0,7.0,7.0
8473533,2025,Jordan Staal,CAR,C,5on5,75,57013.0,1296.0,53.69,14.0,9.0,4.0,27.0,82.0,13.09,160.0,13.0,42.0,5.0,10.0,36.0,44.34,37.34,0.54,0.59,0.58,72844.0,20.0,11.0,5.0,36.0,107.0,166.0,16.0,46.0,48.0,16.19,0.77,4.0,4.0,16.0,2.53,9.32,0.944,4.13,5.0,0.0,0.57,2.09,0.0,1.0,2.0,0.28,2.6,0.1,0.38,0.0,3.0,8.96,12.67,0.19,0.12,0.05,0.36,1.09,0.17,2.13,0.17,0.56,0.48,0.88,1.7,5.18,0.83,2.8,2.36,10.1,0.82,2.65,2.27,F,69.0,78.0,67.0,36.0,80.0,76.0,45.0,57.0,80.0,96.0,95.0
8475763,2025,Kevin Hayes,PIT,R,5on5,28,18841.0,403.0,10.21,4.0,4.0,0.0,8.0,41.0,3.94,31.0,3.0,18.0,4.0,1.0,9.0,13.98,11.22,0.55,0.52,0.52,20956.0,4.0,4.0,0.0,8.0,45.0,32.0,4.0,20.0,10.0,12.47,1.09,0.0,0.0,4.0,0.25,2.15,0.719,0.0,0.0,0.0,1.66,0.0,0.0,0.0,0.0,0.0,0.0,,0.0,0.0,0.0,0.0,11.21,0.14,0.14,0.0,0.29,1.46,0.14,1.11,0.11,0.64,0.32,0.76,1.53,7.83,0.75,2.67,2.14,5.92,0.57,3.44,1.72,F,53.0,68.0,57.0,89.0,68.0,56.0,25.0,36.0,84.0,74.0,73.0
8478439,2025,Travis Konecny,PHI,R,5on5,77,67057.0,1425.0,55.09,20.0,13.0,9.0,42.0,120.0,10.78,99.0,13.0,86.0,19.0,17.0,29.0,46.0,49.88,0.48,0.47,0.47,88196.0,27.0,24.0,17.0,68.0,169.0,108.0,17.0,101.0,38.0,19.09,2.62,2.0,12.0,28.0,5.0,19.72,0.862,3.58,2.0,0.0,0.94,0.86,1.0,2.0,5.0,0.64,1.0,0.106,1.82,0.0,3.0,7.63,14.51,0.26,0.17,0.12,0.55,1.56,0.14,1.29,0.17,1.12,0.38,1.07,2.25,6.44,0.58,2.47,2.68,5.31,0.7,4.62,1.56,F,93.0,90.0,89.0,67.0,32.0,51.0,33.0,30.0,42.0,34.0,33.0
8481518,2025,Nolan Foote,FLA,L,5on5,12,7479.0,172.0,0.88,1.0,0.0,0.0,1.0,13.0,1.9,27.0,2.0,2.0,3.0,1.0,4.0,4.6,5.68,0.45,0.49,0.48,7771.0,1.0,0.0,0.0,1.0,13.0,27.0,2.0,2.0,4.0,10.79,0.01,0.0,0.0,0.0,0.0,0.0,,0.0,0.0,0.0,0.0,0.18,0.0,0.0,0.0,0.0,0.0,0.0,0.0,0.0,0.0,0.55,10.39,0.08,0.0,0.0,0.08,1.08,0.16,2.25,0.17,0.17,0.33,0.48,0.48,6.26,0.91,2.21,2.73,13.0,0.96,0.96,1.93,F,13.0,40.0,13.0,63.0,90.0,85.0,57.0,45.0,24.0,51.0,41.0
8481754,2025,Nikita Nesterenko,ANA,C,5on5,29,19336.0,446.0,8.02,1.0,5.0,2.0,8.0,27.0,3.22,53.0,1.0,13.0,3.0,4.0,7.0,13.36,11.45,0.54,0.49,0.51,21327.0,1.0,6.0,2.0,9.0,31.0,53.0,1.0,14.0,8.0,12.26,0.08,0.0,0.0,1.0,0.01,0.01,0.167,0.0,0.0,0.0,1.34,0.81,0.0,0.0,2.0,0.02,0.06,0.018,0.0,0.0,0.0,8.4,11.11,0.03,0.17,0.07,0.28,0.93,0.11,1.83,0.03,0.45,0.24,0.19,1.49,5.03,0.6,2.49,2.13,9.87,0.19,2.42,1.3,F,50.0,19.0,54.0,33.0,37.0,75.0,12.0,19.0,80.0,51.0,66.0
8480796,2025,Martin Fehrvry,WSH,D,5on5,81,76955.0,1475.0,24.88,5.0,5.0,12.0,22.0,69.0,4.1,100.0,10.0,49.0,10.0,11.0,120.0,53.87,57.77,0.48,0.47,0.49,93707.0,5.0,7.0,15.0,27.0,73.0,110.0,16.0,54.0,176.0,19.28,0.04,0.0,0.0,0.0,0.0,0.18,0.9,0.0,18.0,0.0,0.34,2.75,0.0,0.0,2.0,0.34,2.4,0.081,0.0,0.0,5.0,7.29,15.83,0.06,0.06,0.15,0.27,0.85,0.05,1.23,0.12,0.6,1.48,0.23,1.03,3.23,0.19,2.52,2.7,4.68,0.47,2.29,5.61,D,70.0,71.0,73.0,38.0,65.0,73.0,22.0,88.0,44.0,36.0,52.0
8475848,2025,Brendan Gallagher,MTL,R,5on5,77,49643.0,1081.0,27.14,5.0,4.0,9.0,18.0,109.0,12.23,98.0,9.0,31.0,17.0,18.0,20.0,35.47,37.29,0.49,0.51,0.51,57060.0,7.0,5.0,11.0,23.0,121.0,98.0,11.0,37.0,20.0,12.35,1.34,2.0,5.0,12.0,2.74,10.99,0.925,2.91,0.0,2.0,0.52,0.0,0.0,0.0,0.0,0.0,0.0,,0.0,0.0,0.0,0.0,10.75,0.06,0.05,0.12,0.23,1.42,0.16,1.27,0.12,0.4,0.26,0.36,1.31,7.9,0.89,2.57,2.7,7.11,0.65,2.25,1.45,F,39.0,30.0,43.0,90.0,88.0,63.0,29.0,26.0,48.0,68.0,66.0
8477149,2025,Scott Sabourin,TBL,R,5on5,26,12378.0,295.0,2.55,1.0,3.0,1.0,5.0,11.0,2.29,62.0,1.0,10.0,17.0,10.0,11.0,8.78,7.39,0.54,0.46,0.47,12406.0,1.0,3.0,1.0,5.0,11.0,63.0,1.0,10.0,11.0,7.95,0.01,0.0,0.0,0.0,0.0,0.0,,0.0,0.0,0.0,0.0,0.0,0.0,0.0,0.0,0.0,0.0,,0.0,0.0,0.0,0.0,7.93,0.04,0.12,0.04,0.19,0.42,0.09,2.38,0.04,0.38,0.42,0.29,1.45,3.2,0.67,2.55,2.15,18.03,0.29,2.91,3.2,F,31.0,25.0,52.0,8.0,51.0,93.0,14.0,82.0,80.0,27.0,33.0
8481591,2025,Sam Poulin,PIT,R,5on5,2,1589.0,29.0,0.07,0.0,0.0,0.0,0.0,1.0,0.21,2.0,1.0,1.0,0.0,0.0,2.0,0.81,0.76,0.52,0.54,0.65,1658.0,0.0,0.0,0.0,0.0,1.0,2.0,1.0,1.0,2.0,13.82,,,,,,,,,,,,0.57,0.0,0.0,0.0,0.0,0.0,0.0,0.0,0.0,0.0,2.09,13.24,0.0,0.0,0.0,0.0,0.5,0.1,1.0,0.5,0.5,1.0,0.0,0.0,2.27,0.48,1.84,1.72,4.53,2.27,2.27,4.53,F,5.0,9.0,5.0,4.0,18.0,44.0,97.0,95.0,69.0,85.0,99.0
8476525,2025,Colin Miller,WPG,D,5on5,18,14130.0,302.0,0.9,0.0,1.0,0.0,1.0,15.0,0.54,28.0,4.0,13.0,3.0,5.0,13.0,7.93,12.05,0.4,0.46,0.45,15417.0,0.0,2.0,0.0,2.0,20.0,29.0,4.0,13.0,13.0,14.28,0.78,0.0,1.0,3.0,0.17,2.04,0.99,4.3,0.0,0.0,0.09,0.12,0.0,0.0,0.0,0.0,0.26,0.578,0.0,0.0,0.0,5.07,13.08,0.0,0.06,0.0,0.06,0.83,0.03,1.56,0.22,0.72,0.72,0.0,0.25,3.82,0.14,2.02,3.07,7.13,1.02,3.31,3.31,D,16.0,16.0,15.0,60.0,39.0,91.0,75.0,30.0,10.0,28.0,21.0
8478483,2025,Mitch Marner,VGK,R,5on5,81,68739.0,1383.0,82.46,18.0,21.0,10.0,49.0,111.0,11.54,23.0,27.0,76.0,7.0,17.0,35.0,50.28,40.01,0.56,0.55,0.55,96994.0,24.0,38.0,18.0,80.0,165.0,24.0,40.0,104.0,46.0,19.96,3.44,5.0,21.0,38.0,2.95,41.15,0.921,4.52,2.0,4.0,0.76,1.23,0.0,1.0,3.0,0.26,2.24,0.175,0.6,2.0,6.0,6.36,14.14,0.22,0.26,0.12,0.6,1.37,0.14,0.28,0.33,0.94,0.43,0.94,2.57,5.81,0.6,2.63,2.1,1.2,1.41,3.98,1.83,F,96.0,83.0,96.0,53.0,37.0,10.0,86.0,41.0,88.0,88.0,89.0
8485388,2025,Victor Eklund,NYI,R,5on5,1,735.0,16.0,0.6,0.0,0.0,0.0,0.0,2.0,0.05,2.0,0.0,0.0,0.0,0.0,0.0,0.47,0.28,0.62,0.53,0.5,930.0,0.0,0.0,1.0,1.0,2.0,2.0,0.0,0.0,0.0,15.5,2.48,0.0,0.0,0.0,0.0,0.0,,0.0,0.0,0.0,0.0,,,,,,,,,,,,12.25,0.0,0.0,0.0,0.0,2.0,0.05,2.0,0.0,0.0,0.0,0.0,0.0,9.8,0.24,2.3,1.37,9.8,0.0,0.0,0.0,F,5.0,9.0,5.0,98.0,6.0,75.0,6.0,2.0,98.0,81.0,58.0
8486166,2025,Viking Gustafsson-Nyberg,MIN,D,5on5,2,1994.0,39.0,-0.1,0.0,0.0,0.0,0.0,0.0,0.0,2.0,1.0,1.0,0.0,0.0,1.0,1.27,1.54,0.45,0.42,0.41,2555.0,0.0,0.0,0.0,0.0,0.0,2.0,1.0,1.0,3.0,21.29,,,,,,,,,,,,3.5,0.0,0.0,0.0,0.0,0.01,0.008,0.0,0.0,0.0,10.97,16.62,0.0,0.0,0.0,0.0,0.0,0.0,1.0,0.5,0.5,0.5,0.0,0.0,0.0,0.0,2.29,2.78,3.61,1.81,1.81,1.81,D,7.0,16.0,7.0,2.0,2.0,58.0,97.0,3.0,24.0,10.0,8.0
8484150,2025,Hunter Brzustewicz,CGY,D,5on5,34,30191.0,674.0,7.42,2.0,0.0,4.0,6.0,29.0,1.33,24.0,4.0,25.0,2.0,3.0,20.0,17.98,20.14,0.47,0.49,0.48,32926.0,2.0,0.0,5.0,7.0,33.0,24.0,5.0,26.0,23.0,16.14,1.0,0.0,1.0,4.0,0.17,2.0,0.873,1.77,3.0,1.0,0.51,0.18,0.0,0.0,0.0,0.0,0.84,0.808,0.0,0.0,0.0,1.93,14.8,0.06,0.0,0.12,0.18,0.85,0.04,0.71,0.12,0.74,0.59,0.24,0.72,3.46,0.16,2.14,2.4,2.86,0.48,2.98,2.38,D,44.0,72.0,44.0,47.0,51.0,50.0,23.0,9.0,38.0,53.0,42.0
8478211,2025,Dryden Hunt,CGY,L,5on5,3,1608.0,35.0,-0.3,0.0,0.0,0.0,0.0,4.0,0.57,9.0,0.0,3.0,1.0,1.0,4.0,1.12,0.72,0.61,0.43,0.5,1608.0,0.0,0.0,0.0,0.0,4.0,9.0,0.0,3.0,4.0,8.93,,,,,,,,,,,,,,,,,,,,,,,8.93,0.0,0.0,0.0,0.0,1.33,0.19,3.0,0.0,1.0,1.33,0.0,0.0,8.96,1.28,2.51,1.61,20.15,0.0,6.72,8.96,F,5.0,9.0,5.0,95.0,99.0,96.0,6.0,100.0,97.0,12.0,58.0
8478420,2025,Mikko Rantanen,DAL,R,5on5,64,58597.0,1207.0,58.02,16.0,13.0,8.0,37.0,86.0,10.29,44.0,22.0,64.0,29.0,32.0,25.0,40.69,38.84,0.51,0.45,0.47,77475.0,22.0,34.0,21.0,77.0,139.0,48.0,24.0,75.0,30.0,20.18,3.73,6.0,32.0,38.0,6.32,37.79,0.904,8.04,0.0,1.0,1.01,0.03,0.0,0.0,0.0,0.0,0.0,0.0,0.0,0.0,0.0,4.36,15.26,0.25,0.2,0.12,0.58,1.34,0.16,0.69,0.34,1.0,0.39,0.98,2.27,5.28,0.63,2.5,2.39,2.7,1.35,3.93,1.54,F,95.0,85.0,90.0,40.0,43.0,26.0,82.0,29.0,63.0,21.0,33.0
8478421,2025,A.J. Greer,FLA,L,5on5,78,54429.0,1229.0,40.28,14.0,10.0,4.0,28.0,95.0,12.7,202.0,9.0,51.0,34.0,27.0,28.0,37.93,34.06,0.53,0.55,0.54,58167.0,17.0,10.0,5.0,32.0,104.0,203.0,9.0,52.0,29.0,12.43,0.13,1.0,1.0,3.0,0.04,0.33,0.6,6.1,0.0,0.0,1.34,0.55,0.0,0.0,2.0,0.43,0.69,0.086,0.0,0.0,0.0,10.27,11.63,0.18,0.13,0.05,0.36,1.22,0.16,2.59,0.12,0.65,0.36,0.93,1.85,6.28,0.84,2.51,2.25,13.36,0.6,3.37,1.85,F,69.0,82.0,75.0,63.0,82.0,86.0,26.0,42.0,74.0,88.0,85.0
8477952,2025,Robby Fabbri,MIN,C,5on5,21,14220.0,313.0,2.96,2.0,3.0,0.0,5.0,29.0,3.48,43.0,0.0,7.0,7.0,3.0,9.0,8.15,9.16,0.47,0.45,0.47,14878.0,2.0,3.0,0.0,5.0,30.0,44.0,0.0,7.0,9.0,11.81,0.22,0.0,0.0,0.0,0.0,0.05,1.0,0.0,0.0,0.0,0.0,0.13,0.0,0.0,1.0,0.03,0.04,0.4,0.0,0.0,0.0,1.3,11.29,0.1,0.14,0.0,0.24,1.38,0.17,2.05,0.0,0.33,0.43,0.51,1.27,7.34,0.88,2.06,2.32,10.89,0.0,1.77,2.28,F,41.0,43.0,40.0,83.0,86.0,78.0,6.0,58.0,35.0,21.0,33.0
8484230,2025,Otto Stenberg,STL,C,5on5,32,23240.0,531.0,8.02,3.0,3.0,3.0,9.0,28.0,4.68,47.0,4.0,14.0,1.0,2.0,15.0,13.24,15.41,0.46,0.47,0.46,26148.0,3.0,4.0,3.0,10.0,31.0,49.0,5.0,15.0,15.0,13.62,0.25,0.0,0.0,1.0,0.06,0.31,0.886,0.0,0.0,0.0,0.3,1.02,0.0,1.0,2.0,0.12,0.37,0.146,1.83,0.0,1.0,3.98,12.1,0.09,0.09,0.09,0.28,0.88,0.15,1.47,0.12,0.44,0.47,0.46,1.39,4.34,0.72,2.05,2.39,7.28,0.62,2.17,2.32,F,50.0,38.0,48.0,19.0,61.0,64.0,27.0,60.0,29.0,34.0,25.0
8483526,2025,Danil Zhilkin,WPG,C,5on5,6,2440.0,59.0,0.03,0.0,1.0,0.0,1.0,4.0,0.35,5.0,0.0,1.0,0.0,0.0,4.0,0.9,1.59,0.36,0.25,0.31,2730.0,0.0,1.0,0.0,1.0,4.0,5.0,0.0,1.0,4.0,7.58,,,,,,,,,,,,0.81,0.0,0.0,0.0,0.04,0.04,0.075,0.0,0.0,0.0,6.08,6.78,0.0,0.17,0.0,0.17,0.67,0.06,0.83,0.0,0.17,0.67,0.0,1.48,5.9,0.52,1.33,2.35,7.38,0.0,1.48,5.9,F,26.0,9.0,54.0,56.0,23.0,65.0,6.0,99.0,6.0,1.0,2.0
8480192,2025,Johnathan Kovacevic,NJD,D,5on5,34,32622.0,611.0,8.0,0.0,2.0,4.0,6.0,30.0,1.65,52.0,8.0,25.0,11.0,4.0,33.0,23.22,24.63,0.49,0.51,0.51,36448.0,0.0,2.0,6.0,8.0,30.0,57.0,9.0,28.0,39.0,17.87,0.04,0.0,0.0,0.0,0.0,0.1,1.0,0.0,1.0,0.0,0.0,1.59,0.0,0.0,0.0,0.0,1.34,0.235,0.0,0.0,0.0,4.83,15.99,0.0,0.06,0.12,0.18,0.88,0.05,1.53,0.24,0.74,0.97,0.0,0.66,3.31,0.18,2.56,2.72,5.74,0.88,2.76,3.64,D,44.0,16.0,38.0,42.0,61.0,83.0,63.0,39.0,50.0,70.0,70.0
8480027,2025,Jason Robertson,DAL,L,5on5,82,75650.0,1476.0,96.81,25.0,12.0,9.0,46.0,202.0,20.23,44.0,21.0,91.0,13.0,19.0,26.0,60.46,48.92,0.55,0.51,0.51,99645.0,45.0,24.0,27.0,96.0,295.0,48.0,24.0,107.0,34.0,20.25,3.68,14.0,37.0,66.0,10.08,45.84,0.914,7.35,0.0,3.0,0.86,0.03,0.0,0.0,0.0,0.0,0.04,0.4,0.0,0.0,0.0,1.32,15.38,0.3,0.15,0.11,0.56,2.46,0.25,0.54,0.26,1.11,0.32,1.19,2.19,9.61,0.96,2.88,2.33,2.09,1.0,4.33,1.24,F,94.0,95.0,87.0,97.0,93.0,20.0,61.0,17.0,84.0,68.0,66.0
8481600,2025,Tobias Bjornfot,FLA,D,5on5,19,15087.0,321.0,4.8,2.0,1.0,1.0,4.0,12.0,0.72,13.0,2.0,9.0,1.0,0.0,20.0,9.58,8.78,0.52,0.5,0.49,16165.0,2.0,1.0,1.0,4.0,12.0,14.0,2.0,10.0,23.0,14.18,0.01,0.0,0.0,0.0,0.0,0.0,,0.0,0.0,0.0,0.0,0.59,0.0,0.0,0.0,0.01,0.11,0.067,0.0,0.0,0.0,8.2,13.23,0.11,0.05,0.05,0.21,0.63,0.04,0.68,0.11,0.47,1.05,0.48,0.95,2.86,0.17,2.29,2.1,3.1,0.48,2.15,4.77,D,55.0,96.0,69.0,26.0,57.0,53.0,23.0,70.0,71.0,62.0,52.0
8482162,2025,Roby Jarventie,EDM,L,5on5,3,1441.0,40.0,0.3,0.0,0.0,0.0,0.0,2.0,0.17,1.0,0.0,0.0,0.0,0.0,4.0,0.78,0.21,0.79,0.53,0.63,1441.0,0.0,0.0,0.0,0.0,2.0,1.0,0.0,0.0,4.0,8.01,,,,,,,,,,,,,,,,,,,,,,,8.01,0.0,0.0,0.0,0.0,0.67,0.06,0.33,0.0,0.0,1.33,0.0,0.0,5.0,0.42,1.95,0.52,2.5,0.0,0.0,9.99,F,5.0,9.0,5.0,31.0,14.0,24.0,6.0,100.0,100.0,81.0,99.0
8478508,2025,Yakov Trenin,MIN,C,5on5,82,57522.0,1082.0,17.32,6.0,12.0,5.0,23.0,92.0,12.96,399.0,21.0,59.0,15.0,10.0,31.0,42.04,40.03,0.51,0.45,0.47,65346.0,6.0,12.0,5.0,23.0,98.0,413.0,24.0,63.0,39.0,13.28,0.09,0.0,0.0,2.0,0.24,1.0,0.99,0.0,1.0,0.0,0.08,1.34,0.0,0.0,4.0,0.57,0.97,0.071,0.0,0.0,3.0,6.88,11.69,0.07,0.15,0.06,0.28,1.12,0.16,4.87,0.26,0.72,0.38,0.38,1.44,5.76,0.81,2.63,2.51,24.97,1.31,3.69,1.94,F,50.0,32.0,51.0,51.0,77.0,99.0,80.0,45.0,63.0,21.0,33.0
8482802,2025,Carter Mazur,DET,L,5on5,8,5073.0,121.0,-0.44,0.0,0.0,0.0,0.0,3.0,0.24,10.0,0.0,3.0,0.0,1.0,6.0,2.92,4.21,0.41,0.46,0.46,5135.0,0.0,0.0,0.0,0.0,3.0,10.0,0.0,3.0,6.0,10.7,0.08,0.0,0.0,0.0,0.0,0.0,,0.0,0.0,0.0,0.0,,,,,,,,,,,,10.57,0.0,0.0,0.0,0.0,0.38,0.03,1.25,0.0,0.38,0.75,0.0,0.0,2.13,0.17,2.07,2.99,7.1,0.0,2.13,4.26,F,5.0,9.0,5.0,4.0,3.0,63.0,6.0,93.0,12.0,27.0,25.0
8480220,2025,Noah Cates,PHI,L,5on5,82,59608.0,1405.0,42.34,11.0,11.0,7.0,29.0,93.0,11.94,94.0,23.0,33.0,12.0,10.0,44.0,33.86,32.18,0.51,0.48,0.49,79917.0,18.0,19.0,10.0,47.0,132.0,102.0,26.0,38.0,51.0,16.24,1.99,3.0,9.0,27.0,6.26,22.39,0.911,3.32,7.0,0.0,0.8,1.65,1.0,1.0,5.0,0.42,2.75,0.193,0.44,0.0,2.0,5.11,12.12,0.13,0.13,0.09,0.35,1.13,0.15,1.15,0.28,0.4,0.54,0.66,1.75,5.62,0.72,2.04,1.94,5.68,1.39,1.99,2.66,F,67.0,58.0,70.0,47.0,61.0,53.0,85.0,72.0,63.0,42.0,49.0
8483570,2025,Ben Meyers,SEA,C,5on5,52,31913.0,755.0,10.21,7.0,5.0,3.0,15.0,58.0,7.26,65.0,10.0,27.0,5.0,7.0,11.0,22.59,21.02,0.52,0.45,0.46,37247.0,7.0,5.0,3.0,15.0,61.0,66.0,11.0,29.0,14.0,11.94,0.04,0.0,0.0,0.0,0.0,0.08,0.667,0.0,2.0,0.0,1.21,1.58,0.0,0.0,3.0,0.27,0.41,0.032,0.0,0.0,1.0,9.04,10.23,0.13,0.1,0.06,0.29,1.12,0.14,1.25,0.19,0.52,0.21,0.79,1.69,6.54,0.82,2.55,2.37,7.33,1.13,3.05,1.24,F,53.0,71.0,66.0,69.0,79.0,65.0,70.0,17.0,69.0,21.0,25.0
8481569,2025,Marshall Warren,NYI,D,5on5,8,5371.0,130.0,2.88,0.0,2.0,1.0,3.0,7.0,0.29,7.0,1.0,7.0,2.0,2.0,5.0,3.93,3.74,0.51,0.51,0.49,5509.0,0.0,2.0,1.0,3.0,7.0,7.0,1.0,7.0,5.0,11.48,,,,,,,,,,,,0.28,0.0,0.0,0.0,0.0,0.0,0.0,0.0,0.0,0.0,12.45,11.19,0.0,0.25,0.12,0.38,0.88,0.04,0.88,0.12,0.88,0.62,0.0,2.01,4.69,0.19,2.63,2.51,4.69,0.67,4.69,3.35,D,90.0,16.0,97.0,81.0,65.0,73.0,41.0,30.0,66.0,70.0,52.0
8478104,2025,Sammy Blais,MTL,L,5on5,21,10506.0,239.0,7.04,3.0,3.0,2.0,8.0,18.0,2.17,78.0,4.0,2.0,5.0,4.0,11.0,7.11,6.59,0.52,0.48,0.52,10616.0,3.0,3.0,2.0,8.0,18.0,78.0,4.0,2.0,12.0,8.43,0.05,0.0,0.0,0.0,0.0,0.0,,0.0,0.0,0.0,0.0,,,,,,,,,,,,8.34,0.14,0.14,0.1,0.38,0.86,0.1,3.71,0.19,0.1,0.52,1.03,2.74,6.17,0.74,2.44,2.26,26.73,1.37,0.69,3.77,F,72.0,88.0,97.0,61.0,66.0,99.0,84.0,89.0,69.0,42.0,73.0
8476925,2025,Colton Sissons,VGK,C,5on5,66,41213.0,957.0,13.0,6.0,2.0,1.0,9.0,67.0,9.07,92.0,12.0,27.0,10.0,9.0,39.0,25.32,23.76,0.52,0.48,0.49,49489.0,6.0,2.0,3.0,11.0,74.0,93.0,12.0,30.0,46.0,12.5,0.48,0.0,2.0,2.0,0.34,3.3,0.842,3.81,4.0,0.0,1.18,1.42,0.0,0.0,4.0,0.25,0.87,0.066,0.0,0.0,0.0,7.89,10.41,0.09,0.03,0.02,0.14,1.02,0.14,1.39,0.18,0.41,0.59,0.52,0.79,5.85,0.79,2.21,2.08,8.04,1.05,2.36,3.41,F,21.0,44.0,19.0,54.0,73.0,68.0,65.0,85.0,69.0,42.0,49.0
8480144,2025,David Kampf,WSH,C,5on5,40,30945.0,673.0,5.45,2.0,3.0,1.0,6.0,34.0,3.9,45.0,6.0,16.0,5.0,5.0,21.0,18.54,20.87,0.47,0.49,0.49,35348.0,2.0,3.0,1.0,6.0,36.0,45.0,6.0,18.0,26.0,14.73,0.04,0.0,0.0,0.0,0.0,0.0,,0.0,1.0,0.0,0.0,1.37,0.0,0.0,2.0,0.23,0.51,0.045,0.0,0.0,0.0,11.84,12.89,0.05,0.08,0.02,0.15,0.85,0.1,1.12,0.15,0.4,0.52,0.23,0.7,3.96,0.45,2.16,2.43,5.24,0.7,1.86,2.44,F,23.0,21.0,16.0,13.0,16.0,50.0,33.0,65.0,35.0,51.0,49.0
8476921,2025,Jordan Martinook,CAR,L,5on5,77,56898.0,1300.0,48.54,8.0,8.0,7.0,23.0,93.0,11.71,107.0,11.0,40.0,15.0,14.0,34.0,44.68,36.29,0.55,0.6,0.58,68542.0,12.0,9.0,8.0,29.0,109.0,112.0,14.0,45.0,50.0,14.84,0.04,0.0,0.0,0.0,0.0,0.89,1.0,0.0,1.0,0.0,0.0,2.06,1.0,1.0,13.0,1.42,2.16,0.084,0.38,0.0,3.0,8.92,12.32,0.1,0.1,0.09,0.3,1.21,0.15,1.39,0.14,0.52,0.44,0.51,1.46,5.88,0.74,2.83,2.3,6.77,0.7,2.53,2.15,F,56.0,43.0,52.0,55.0,66.0,60.0,33.0,53.0,84.0,97.0,95.0
8478136,2025,Jake Middleton,MIN,D,5on5,75,68224.0,1365.0,10.4,2.0,7.0,5.0,14.0,59.0,3.23,82.0,9.0,43.0,20.0,13.0,89.0,47.7,46.06,0.51,0.46,0.47,78776.0,2.0,8.0,6.0,16.0,62.0,87.0,10.0,46.0,117.0,17.51,0.02,0.0,0.0,0.0,0.0,0.03,1.0,0.0,7.0,0.0,0.0,1.93,0.0,0.0,3.0,0.09,1.67,0.088,0.0,0.0,1.0,7.19,15.16,0.03,0.09,0.07,0.19,0.79,0.04,1.09,0.12,0.57,1.19,0.11,0.74,3.11,0.17,2.52,2.43,4.33,0.47,2.27,4.7,D,47.0,44.0,47.0,35.0,57.0,69.0,22.0,68.0,66.0,28.0,34.0
8483771,2025,Sandis Vilmanis,FLA,L,5on5,19,11235.0,252.0,6.4,3.0,0.0,2.0,5.0,15.0,1.87,36.0,5.0,10.0,2.0,5.0,5.0,7.63,5.94,0.56,0.54,0.53,11853.0,3.0,0.0,2.0,5.0,15.0,38.0,5.0,11.0,5.0,10.4,0.26,0.0,0.0,0.0,0.0,0.0,0.0,0.0,0.0,0.0,0.49,0.12,0.0,0.0,0.0,0.0,0.01,0.083,0.0,0.0,0.0,2.81,9.86,0.16,0.0,0.11,0.26,0.79,0.1,1.89,0.26,0.53,0.26,0.96,1.6,4.81,0.6,2.44,1.9,11.54,1.6,3.2,1.6,F,47.0,84.0,61.0,27.0,37.0,81.0,92.0,32.0,88.0,85.0,80.0
8481732,2025,Andre Lee,LAK,L,5on5,7,4312.0,91.0,2.38,1.0,1.0,0.0,2.0,5.0,0.48,17.0,3.0,2.0,0.0,0.0,3.0,2.49,2.2,0.53,0.56,0.51,4319.0,1.0,1.0,0.0,2.0,5.0,17.0,3.0,2.0,3.0,10.28,0.02,0.0,0.0,0.0,0.0,0.0,,0.0,0.0,0.0,0.0,,,,,,,,,,,,10.27,0.14,0.14,0.0,0.29,0.71,0.07,2.43,0.43,0.29,0.43,0.83,1.67,4.17,0.4,2.08,1.84,14.19,2.5,1.67,2.5,F,53.0,75.0,65.0,16.0,13.0,88.0,98.0,67.0,74.0,91.0,66.0
8480853,2025,Liam Foudy,NYI,C,5on5,1,677.0,14.0,-0.09,0.0,0.0,0.0,0.0,1.0,0.03,1.0,0.0,1.0,0.0,0.0,1.0,0.04,0.46,0.08,0.38,0.18,677.0,0.0,0.0,0.0,0.0,1.0,1.0,0.0,1.0,1.0,11.28,,,,,,,,,,,,,,,,,,,,,,,11.28,0.0,0.0,0.0,0.0,1.0,0.03,1.0,0.0,1.0,1.0,0.0,0.0,5.32,0.16,0.21,2.45,5.32,0.0,5.32,5.32,F,5.0,9.0,5.0,40.0,3.0,51.0,6.0,98.0,0.0,5.0,0.0
8476624,2025,Barclay Goodrow,SJS,C,5on5,82,45400.0,1047.0,2.47,4.0,3.0,2.0,9.0,54.0,7.46,140.0,6.0,36.0,14.0,10.0,47.0,24.22,30.04,0.45,0.42,0.42,55830.0,5.0,3.0,4.0,12.0,66.0,141.0,11.0,37.0,60.0,11.35,0.05,0.0,0.0,0.0,0.0,0.04,0.16,0.0,2.0,0.0,3.26,1.9,0.0,0.0,11.0,1.09,2.37,0.092,0.0,0.0,5.0,9.0,9.23,0.05,0.04,0.02,0.11,0.66,0.09,1.71,0.07,0.44,0.57,0.32,0.71,4.28,0.59,1.92,2.38,11.1,0.48,2.85,3.73,F,16.0,27.0,17.0,17.0,34.0,79.0,19.0,88.0,24.0,9.0,10.0
8483760,2025,Hunter McDonald,PHI,D,5on5,1,756.0,24.0,0.7,0.0,0.0,1.0,1.0,0.0,0.0,4.0,0.0,0.0,2.0,1.0,0.0,0.33,0.36,0.48,0.48,0.47,911.0,0.0,0.0,1.0,1.0,0.0,5.0,0.0,0.0,1.0,15.18,,,,,,,,,,,,1.18,0.0,0.0,0.0,0.0,0.0,,0.0,0.0,0.0,0.0,12.6,0.0,0.0,1.0,1.0,0.0,0.0,4.0,0.0,0.0,0.0,0.0,4.76,0.0,0.0,1.57,1.71,19.05,0.0,0.0,0.0,D,100.0,16.0,99.0,2.0,2.0,100.0,7.0,0.0,44.0,44.0,34.0
8476372,2025,Nick Seeler,PHI,D,5on5,80,73187.0,1682.0,15.3,3.0,2.0,1.0,6.0,85.0,3.52,119.0,10.0,49.0,16.0,12.0,119.0,48.65,46.97,0.51,0.48,0.5,84893.0,4.0,2.0,4.0,10.0,94.0,126.0,13.0,58.0,149.0,17.69,0.04,0.0,0.0,0.0,0.0,0.0,,0.0,5.0,0.0,0.0,1.95,0.0,0.0,5.0,0.45,3.07,0.156,0.0,0.0,2.0,6.38,15.25,0.04,0.02,0.01,0.08,1.06,0.04,1.49,0.12,0.61,1.49,0.15,0.3,4.18,0.17,2.39,2.31,5.85,0.49,2.41,5.85,D,18.0,53.0,17.0,71.0,57.0,84.0,23.0,92.0,66.0,44.0,62.0
8482107,2025,Mike Benning,FLA,D,5on5,18,16726.0,342.0,6.03,2.0,2.0,1.0,5.0,12.0,1.03,4.0,5.0,16.0,1.0,0.0,16.0,11.51,15.02,0.43,0.51,0.5,18254.0,2.0,2.0,2.0,6.0,15.0,4.0,5.0,18.0,16.0,16.9,0.83,0.0,0.0,2.0,0.05,0.42,0.712,0.0,0.0,0.0,0.69,0.21,0.0,0.0,0.0,0.0,0.01,0.048,0.0,0.0,0.0,3.2,15.49,0.11,0.11,0.06,0.28,0.67,0.06,0.22,0.28,0.89,0.89,0.43,1.08,2.58,0.22,2.48,3.23,0.86,1.08,3.44,3.44,D,73.0,92.0,77.0,17.0,78.0,11.0,78.0,33.0,16.0,70.0,62.0
8481237,2025,Kyle MacLean,NYI,C,5on5,59,36344.0,801.0,5.05,2.0,2.0,3.0,7.0,43.0,5.68,121.0,8.0,29.0,12.0,11.0,22.0,22.92,24.19,0.49,0.47,0.49,37239.0,2.0,2.0,3.0,7.0,43.0,121.0,8.0,30.0,23.0,10.52,0.03,0.0,0.0,0.0,0.0,0.74,1.0,0.0,0.0,0.0,0.0,0.14,0.0,0.0,0.0,0.0,0.0,0.0,0.0,0.0,0.0,5.82,10.27,0.03,0.03,0.05,0.12,0.73,0.1,2.05,0.14,0.49,0.37,0.2,0.69,4.26,0.56,2.27,2.4,11.99,0.79,2.87,2.18,F,18.0,20.0,16.0,17.0,28.0,83.0,42.0,54.0,48.0,34.0,49.0
8477447,2025,Shea Theodore,VGK,D,5on5,70,79342.0,1661.0,52.1,7.0,8.0,13.0,28.0,109.0,5.48,2.0,19.0,82.0,10.0,8.0,61.0,59.12,45.99,0.56,0.54,0.55,95913.0,10.0,14.0,15.0,39.0,130.0,2.0,23.0,90.0,87.0,22.84,1.26,2.0,4.0,5.0,0.49,9.96,0.902,2.73,19.0,1.0,0.74,1.45,0.0,0.0,1.0,0.2,2.46,0.193,0.0,0.0,0.0,6.06,18.89,0.1,0.11,0.19,0.4,1.56,0.08,0.03,0.27,1.17,0.87,0.32,1.27,4.95,0.25,2.68,2.09,0.09,0.86,3.72,2.77,D,92.0,83.0,86.0,85.0,87.0,5.0,60.0,14.0,88.0,87.0,90.0
8477446,2025,Michael McCarron,MIN,C,5on5,79,53851.0,1160.0,17.52,6.0,4.0,4.0,14.0,102.0,11.83,198.0,19.0,35.0,29.0,23.0,60.0,34.9,35.3,0.5,0.48,0.49,66509.0,8.0,4.0,5.0,17.0,109.0,205.0,24.0,38.0,77.0,14.03,0.08,0.0,0.0,0.0,0.0,0.1,0.769,0.0,3.0,0.0,0.27,2.2,1.0,1.0,6.0,0.18,1.31,0.055,0.35,0.0,4.0,7.81,11.36,0.08,0.05,0.05,0.18,1.29,0.15,2.51,0.24,0.44,0.76,0.4,0.94,6.82,0.79,2.33,2.36,13.24,1.27,2.34,4.01,F,29.0,33.0,25.0,74.0,73.0,86.0,79.0,91.0,55.0,42.0,49.0
8483930,2025,Ivan Ivan,COL,C,5on5,9,3964.0,98.0,0.91,0.0,1.0,0.0,1.0,4.0,0.15,3.0,0.0,3.0,1.0,0.0,1.0,2.39,1.91,0.56,0.49,0.53,4024.0,0.0,1.0,0.0,1.0,4.0,3.0,0.0,3.0,1.0,7.45,0.03,0.0,0.0,0.0,0.0,0.0,,0.0,0.0,0.0,0.0,,,,,,,,,,,,7.34,0.0,0.11,0.0,0.11,0.44,0.02,0.33,0.0,0.33,0.11,0.0,0.91,3.63,0.14,2.17,1.73,2.72,0.0,2.72,0.91,F,16.0,9.0,23.0,10.0,2.0,27.0,6.0,8.0,88.0,51.0,80.0
8474568,2025,Luke Schenn,BUF,D,5on5,50,34995.0,769.0,-0.48,1.0,3.0,3.0,7.0,32.0,0.85,143.0,4.0,43.0,13.0,7.0,43.0,16.41,27.61,0.37,0.43,0.41,40994.0,1.0,3.0,3.0,7.0,35.0,149.0,7.0,44.0,57.0,13.66,0.0,0.0,0.0,0.0,0.0,0.0,,0.0,0.0,0.0,0.0,1.51,0.0,0.0,3.0,0.06,3.53,0.327,0.0,0.0,3.0,5.8,11.66,0.02,0.06,0.06,0.14,0.64,0.02,2.86,0.08,0.86,0.86,0.1,0.72,3.29,0.09,1.69,2.84,14.71,0.41,4.42,4.42,D,32.0,42.0,44.0,41.0,14.0,99.0,19.0,62.0,7.0,13.0,8.0
8476278,2025,Colin Blackwell,DAL,C,5on5,70,40899.0,921.0,12.99,4.0,7.0,3.0,14.0,56.0,6.45,109.0,11.0,25.0,13.0,16.0,30.0,21.37,25.37,0.46,0.47,0.47,49949.0,4.0,8.0,3.0,15.0,61.0,112.0,17.0,31.0,37.0,11.89,0.01,0.0,0.0,0.0,0.0,0.0,,0.0,0.0,0.0,0.0,2.05,0.0,0.0,4.0,0.9,2.27,0.136,0.0,0.0,6.0,6.03,9.74,0.06,0.1,0.04,0.2,0.8,0.09,1.56,0.16,0.36,0.43,0.35,1.23,4.93,0.57,1.88,2.23,9.59,0.97,2.2,2.64,F,33.0,29.0,37.0,30.0,30.0,74.0,59.0,71.0,29.0,34.0,33.0
8474612,2025,Travis Hamonic,DET,D,5on5,26,19611.0,461.0,-0.77,0.0,1.0,1.0,2.0,18.0,0.5,30.0,6.0,17.0,10.0,4.0,33.0,11.63,13.5,0.46,0.46,0.46,22430.0,0.0,1.0,1.0,2.0,21.0,32.0,6.0,19.0,41.0,14.38,0.05,0.0,0.0,0.0,0.0,0.0,,0.0,2.0,0.0,0.0,1.6,0.0,0.0,3.0,0.37,0.97,0.23,0.0,0.0,0.0,4.68,12.57,0.0,0.04,0.04,0.08,0.69,0.02,1.15,0.23,0.65,1.27,0.0,0.37,3.3,0.09,2.13,2.48,5.51,1.1,3.12,6.06,D,18.0,16.0,19.0,42.0,14.0,82.0,80.0,94.0,31.0,28.0,27.0
8480870,2025,Bo Groulx,TOR,C,5on5,13,9359.0,195.0,0.19,2.0,2.0,0.0,4.0,12.0,1.11,32.0,0.0,11.0,0.0,1.0,4.0,4.52,10.4,0.3,0.33,0.32,12240.0,3.0,2.0,0.0,5.0,15.0,34.0,0.0,11.0,6.0,15.69,0.34,0.0,0.0,0.0,0.0,0.83,1.0,0.0,1.0,0.0,0.0,2.69,1.0,1.0,3.0,0.16,0.81,0.13,1.72,0.0,0.0,9.32,12.0,0.15,0.15,0.0,0.31,0.92,0.09,2.46,0.0,0.85,0.31,0.77,1.54,4.62,0.43,1.74,4.0,12.31,0.0,4.23,1.54,F,58.0,69.0,58.0,23.0,15.0,83.0,6.0,29.0,4.0,2.0,2.0
8482652,2025,Walker Duehr,WPG,R,5on5,3,1105.0,31.0,0.09,0.0,0.0,0.0,0.0,2.0,0.28,6.0,2.0,1.0,0.0,0.0,1.0,0.97,0.91,0.52,0.46,0.42,1710.0,0.0,0.0,0.0,0.0,2.0,10.0,2.0,1.0,2.0,9.5,,,,,,,,,,,,0.1,0.0,0.0,0.0,0.0,0.0,,0.0,0.0,0.0,0.0,6.14,0.0,0.0,0.0,0.0,0.67,0.09,2.0,0.67,0.33,0.33,0.0,0.0,6.52,0.91,3.16,2.96,19.55,6.52,3.26,3.26,F,5.0,9.0,5.0,68.0,90.0,95.0,100.0,83.0,69.0,27.0,10.0
8482751,2025,Ryan Winterton,SEA,C,5on5,68,44662.0,1031.0,14.26,4.0,11.0,3.0,18.0,85.0,9.11,71.0,19.0,33.0,6.0,13.0,29.0,29.28,29.06,0.5,0.44,0.45,48875.0,4.0,11.0,3.0,18.0,87.0,74.0,21.0,37.0,33.0,11.98,0.03,0.0,0.0,0.0,0.01,0.06,0.429,0.0,1.0,0.0,2.17,0.94,0.0,0.0,2.0,0.13,0.43,0.048,0.0,0.0,2.0,8.07,10.95,0.06,0.16,0.04,0.26,1.25,0.13,1.04,0.28,0.49,0.43,0.32,1.45,6.85,0.73,2.36,2.34,5.72,1.53,2.66,2.34,F,47.0,27.0,52.0,75.0,64.0,54.0,90.0,62.0,55.0,16.0,19.0
8475279,2025,Ben Chiarot,DET,D,5on5,82,89473.0,1838.0,9.28,5.0,4.0,5.0,14.0,97.0,4.16,160.0,23.0,68.0,28.0,9.0,133.0,57.29,69.56,0.45,0.46,0.46,102516.0,5.0,5.0,5.0,15.0,103.0,170.0,25.0,74.0,160.0,20.84,0.11,0.0,0.0,0.0,0.0,0.47,1.0,0.0,8.0,0.0,0.0,1.75,0.0,0.0,2.0,0.03,2.57,0.107,0.0,0.0,1.0,8.98,18.19,0.06,0.05,0.06,0.17,1.18,0.05,1.95,0.28,0.83,1.62,0.2,0.56,3.9,0.17,2.31,2.8,6.44,0.93,2.74,5.35,D,40.0,65.0,31.0,63.0,57.0,88.0,67.0,83.0,24.0,28.0,27.0
8475184,2025,Chris Kreider,ANA,L,5on5,75,56980.0,1311.0,55.56,8.0,10.0,6.0,24.0,87.0,12.08,67.0,13.0,59.0,13.0,4.0,15.0,47.64,39.8,0.54,0.56,0.56,76720.0,22.0,17.0,11.0,50.0,139.0,69.0,17.0,68.0,20.0,17.05,3.1,8.0,16.0,34.0,7.97,32.18,0.884,4.13,1.0,1.0,1.09,0.54,0.0,0.0,5.0,0.38,0.74,0.143,0.0,0.0,1.0,6.51,12.66,0.11,0.13,0.08,0.32,1.16,0.16,0.89,0.17,0.79,0.2,0.51,1.52,5.5,0.76,3.01,2.51,4.23,0.82,3.73,0.95,F,60.0,43.0,57.0,45.0,69.0,41.0,45.0,9.0,80.0,91.0,92.0
8483500,2025,Noah Ostlund,BUF,C,5on5,60,44014.0,1009.0,27.24,9.0,7.0,5.0,21.0,53.0,5.42,5.0,17.0,31.0,6.0,8.0,26.0,30.09,27.69,0.52,0.51,0.53,50290.0,11.0,9.0,7.0,27.0,60.0,5.0,17.0,35.0,30.0,13.97,1.27,2.0,6.0,7.0,0.87,3.86,0.852,4.71,2.0,0.0,0.53,0.04,0.0,0.0,0.0,0.0,0.01,1.0,0.0,0.0,0.0,0.0,12.23,0.15,0.12,0.08,0.35,0.88,0.09,0.08,0.28,0.52,0.43,0.74,1.72,4.33,0.44,2.46,2.26,0.41,1.39,2.54,2.13,F,67.0,66.0,68.0,19.0,15.0,3.0,85.0,52.0,69.0,68.0,80.0
8483460,2025,David Jiricek,PHI,D,5on5,26,17859.0,381.0,-1.2,0.0,0.0,0.0,0.0,15.0,0.47,8.0,3.0,23.0,8.0,2.0,16.0,12.08,16.13,0.43,0.46,0.46,18744.0,0.0,0.0,0.0,0.0,16.0,8.0,3.0,26.0,19.0,12.02,0.1,0.0,0.0,1.0,0.05,0.33,1.0,0.0,0.0,0.0,0.0,0.39,0.0,0.0,0.0,0.0,0.09,0.03,0.0,0.0,0.0,17.24,11.45,0.0,0.0,0.0,0.0,0.58,0.02,0.31,0.12,0.88,0.62,0.0,0.0,3.02,0.09,2.44,3.25,1.61,0.6,4.64,3.23,D,7.0,16.0,7.0,32.0,14.0,29.0,32.0,28.0,16.0,28.0,27.0
8478904,2025,Steven Lorentz,TOR,C,5on5,71,40623.0,940.0,10.24,5.0,5.0,5.0,15.0,61.0,7.56,150.0,8.0,27.0,2.0,3.0,40.0,22.71,25.82,0.47,0.43,0.44,50548.0,7.0,6.0,5.0,18.0,70.0,154.0,17.0,34.0,48.0,11.87,0.01,0.0,0.0,0.0,0.0,0.0,,0.0,3.0,0.0,0.0,2.17,2.0,2.0,9.0,1.51,2.84,0.104,0.78,0.0,9.0,9.5,9.54,0.07,0.07,0.07,0.21,0.86,0.11,2.11,0.11,0.38,0.56,0.44,1.33,5.41,0.67,2.01,2.29,13.29,0.71,2.39,3.54,F,35.0,36.0,44.0,42.0,51.0,86.0,35.0,86.0,35.0,12.0,15.0
8479343,2025,Clayton Keller,UTA,R,5on5,82,73525.0,1634.0,96.84,14.0,27.0,8.0,49.0,158.0,14.65,6.0,21.0,82.0,15.0,24.0,28.0,56.86,45.09,0.56,0.56,0.57,93902.0,26.0,42.0,20.0,88.0,225.0,8.0,26.0,105.0,32.0,19.09,3.14,2.0,23.0,38.0,5.35,37.3,0.912,5.36,0.0,4.0,0.83,0.01,0.0,0.0,0.0,0.0,0.0,0.0,0.0,1.0,0.0,82.29,14.94,0.17,0.33,0.1,0.6,1.93,0.18,0.07,0.26,1.0,0.34,0.69,2.4,7.74,0.72,2.78,2.21,0.29,1.03,4.01,1.37,F,96.0,61.0,93.0,87.0,61.0,3.0,64.0,22.0,88.0,91.0,94.0
8477508,2025,Curtis Lazar,EDM,C,5on5,45,22519.0,569.0,5.0,4.0,2.0,0.0,6.0,30.0,4.46,94.0,3.0,9.0,4.0,3.0,18.0,14.02,14.83,0.49,0.46,0.45,24083.0,4.0,2.0,0.0,6.0,30.0,95.0,3.0,9.0,20.0,8.92,0.01,0.0,0.0,0.0,0.0,0.16,1.0,0.0,0.0,0.0,0.0,0.55,0.0,0.0,0.0,0.0,0.09,0.013,0.0,0.0,0.0,17.07,8.34,0.09,0.04,0.0,0.13,0.67,0.1,2.09,0.07,0.2,0.4,0.64,0.96,4.8,0.71,2.24,2.37,15.03,0.48,1.44,2.88,F,19.0,57.0,26.0,27.0,58.0,90.0,19.0,78.0,48.0,27.0,19.0
8480893,2025,Kirill Marchenko,CBJ,R,5on5,76,68879.0,1384.0,71.25,17.0,11.0,8.0,36.0,141.0,15.35,58.0,40.0,82.0,15.0,16.0,34.0,54.04,50.87,0.52,0.52,0.52,86377.0,27.0,20.0,20.0,67.0,218.0,61.0,45.0,95.0,40.0,18.94,2.86,5.0,19.0,45.0,5.69,27.75,0.908,5.24,0.0,0.0,0.78,0.05,1.0,1.0,2.0,0.11,0.13,0.464,16.82,0.0,0.0,2.52,15.11,0.22,0.14,0.11,0.47,1.86,0.2,0.76,0.53,1.08,0.45,0.89,1.88,7.37,0.8,2.82,2.66,3.03,2.09,4.29,1.78,F,86.0,79.0,77.0,83.0,76.0,31.0,97.0,38.0,69.0,74.0,73.0
8481032,2025,Paul Cotter,NJD,L,5on5,79,49217.0,1069.0,4.52,5.0,2.0,2.0,9.0,55.0,7.74,190.0,6.0,26.0,6.0,18.0,22.0,26.41,37.59,0.41,0.44,0.44,50613.0,9.0,2.0,4.0,15.0,61.0,192.0,7.0,27.0,22.0,10.68,0.15,0.0,1.0,2.0,0.28,1.56,0.994,5.04,0.0,0.0,0.05,0.02,0.0,0.0,0.0,0.0,0.0,0.0,0.0,0.0,0.0,15.8,10.38,0.06,0.03,0.03,0.11,0.7,0.1,2.41,0.08,0.33,0.28,0.37,0.66,4.02,0.57,1.93,2.75,13.9,0.44,1.9,1.61,F,16.0,31.0,15.0,14.0,30.0,88.0,17.0,32.0,12.0,16.0,15.0
8478444,2025,Brock Boeser,VAN,R,5on5,75,62373.0,1269.0,31.23,10.0,10.0,1.0,21.0,101.0,10.48,51.0,14.0,45.0,4.0,6.0,22.0,34.94,51.11,0.41,0.44,0.43,85740.0,22.0,20.0,6.0,48.0,166.0,54.0,16.0,57.0,26.0,19.05,3.04,5.0,17.0,36.0,6.51,32.82,0.903,4.47,2.0,0.0,0.93,0.83,1.0,1.0,2.0,0.32,0.75,0.089,0.96,0.0,2.0,7.39,13.86,0.13,0.13,0.01,0.28,1.35,0.14,0.68,0.19,0.6,0.29,0.58,1.21,5.83,0.6,2.02,2.95,2.94,0.81,2.6,1.27,F,50.0,51.0,35.0,53.0,37.0,30.0,45.0,18.0,12.0,16.0,12.0
8478445,2025,Mathew Barzal,NYI,C,5on5,81,76400.0,1445.0,70.27,12.0,14.0,8.0,34.0,120.0,12.91,27.0,37.0,74.0,17.0,26.0,45.0,62.09,56.54,0.52,0.52,0.52,100363.0,19.0,31.0,22.0,72.0,184.0,29.0,42.0,93.0,50.0,20.65,3.23,2.0,17.0,30.0,4.58,32.77,0.894,3.9,0.0,3.0,0.89,0.03,0.0,0.0,1.0,0.12,0.12,1.0,0.0,0.0,0.0,0.0,15.72,0.15,0.17,0.1,0.42,1.48,0.16,0.33,0.46,0.91,0.56,0.57,1.6,5.65,0.61,2.93,2.66,1.27,1.74,3.49,2.12,F,80.0,49.0,61.0,48.0,39.0,11.0,93.0,52.0,69.0,74.0,73.0
8479772,2025,Zack MacEwen,NJD,R,5on5,3,1128.0,26.0,1.03,0.0,0.0,0.0,0.0,3.0,0.24,6.0,1.0,2.0,0.0,0.0,1.0,0.5,0.14,0.78,0.75,0.79,1140.0,0.0,0.0,0.0,0.0,4.0,6.0,1.0,2.0,1.0,6.33,,,,,,,,,,,,,,,,,,,,,,,6.27,0.0,0.0,0.0,0.0,1.0,0.08,2.0,0.33,0.67,0.33,0.0,0.0,9.57,0.77,1.6,0.45,19.15,3.19,6.38,3.19,F,5.0,9.0,5.0,97.0,71.0,95.0,99.0,82.0,100.0,100.0,100.0
8482740,2025,Wyatt Johnston,DAL,C,5on5,82,74712.0,1493.0,68.4,16.0,12.0,8.0,36.0,113.0,15.63,52.0,19.0,54.0,12.0,16.0,47.0,55.43,54.86,0.5,0.46,0.46,99007.0,45.0,24.0,17.0,86.0,206.0,56.0,23.0,62.0,55.0,20.12,3.33,23.0,36.0,73.0,15.21,43.75,0.911,7.91,1.0,1.0,0.94,0.48,0.0,0.0,1.0,0.06,0.06,0.009,0.0,1.0,0.0,10.24,15.19,0.2,0.15,0.1,0.44,1.38,0.19,0.63,0.23,0.66,0.57,0.77,1.73,5.44,0.75,2.67,2.64,2.51,0.92,2.6,2.26,F,82.0,69.0,69.0,43.0,68.0,24.0,53.0,57.0,55.0,27.0,25.0
8478443,2025,Brandon Carlo,TOR,D,5on5,55,52908.0,1291.0,-0.45,0.0,0.0,5.0,5.0,53.0,1.6,54.0,6.0,46.0,15.0,5.0,70.0,34.94,42.58,0.45,0.43,0.44,63906.0,0.0,1.0,6.0,7.0,66.0,65.0,7.0,53.0,98.0,19.37,0.03,0.0,0.0,1.0,0.05,0.14,1.0,0.0,6.0,0.0,0.0,2.65,0.0,1.0,9.0,0.59,3.19,0.148,0.41,0.0,1.0,7.55,16.03,0.0,0.0,0.09,0.09,0.96,0.03,0.98,0.11,0.84,1.27,0.0,0.34,3.61,0.11,2.38,2.9,3.67,0.41,3.13,4.76,D,20.0,16.0,18.0,52.0,22.0,60.0,19.0,70.0,24.0,13.0,16.0
8482749,2025,Joshua Roy,MTL,R,5on5,3,1741.0,33.0,0.35,0.0,0.0,0.0,0.0,2.0,0.1,6.0,0.0,3.0,1.0,0.0,0.0,1.0,1.07,0.48,0.57,0.56,1762.0,0.0,0.0,0.0,0.0,2.0,6.0,0.0,3.0,0.0,9.79,0.12,0.0,0.0,0.0,0.0,0.0,0.0,0.0,0.0,0.0,3.43,,,,,,,,,,,,9.67,0.0,0.0,0.0,0.0,0.67,0.03,2.0,0.0,1.0,0.0,0.0,0.0,4.14,0.21,2.07,2.21,12.41,0.0,6.2,0.0,F,5.0,9.0,5.0,15.0,4.0,84.0,6.0,2.0,42.0,93.0,92.0
8476419,2025,Jean-Gabriel Pageau,NYI,C,5on5,74,54002.0,1178.0,28.36,12.0,6.0,7.0,25.0,63.0,9.19,103.0,12.0,44.0,2.0,2.0,37.0,37.12,43.7,0.46,0.46,0.47,69555.0,17.0,10.0,8.0,35.0,82.0,115.0,16.0,50.0,51.0,15.67,0.33,0.0,1.0,0.0,0.0,0.76,0.685,2.45,5.0,0.0,0.86,2.27,2.0,6.0,12.0,1.39,3.63,0.127,2.14,0.0,3.0,8.93,12.16,0.16,0.08,0.09,0.34,0.85,0.12,1.39,0.16,0.59,0.5,0.8,1.67,4.2,0.61,2.47,2.91,6.87,0.8,2.93,2.47,F,65.0,72.0,65.0,17.0,39.0,61.0,44.0,66.0,29.0,27.0,33.0
8482100,2025,Alexander Nikishin,CAR,D,5on5,81,73712.0,1532.0,57.1,4.0,6.0,7.0,17.0,91.0,5.14,130.0,23.0,72.0,13.0,7.0,77.0,63.83,50.5,0.56,0.58,0.57,88376.0,11.0,12.0,10.0,33.0,122.0,132.0,26.0,87.0,94.0,18.18,1.36,3.0,8.0,19.0,2.26,16.0,0.904,4.36,11.0,0.0,0.93,1.04,1.0,1.0,4.0,0.23,1.77,0.192,0.71,1.0,1.0,5.33,15.17,0.05,0.07,0.09,0.21,1.12,0.06,1.6,0.28,0.89,0.95,0.2,0.83,4.44,0.25,3.12,2.47,6.35,1.12,3.52,3.76,D,55.0,65.0,58.0,76.0,87.0,87.0,81.0,43.0,88.0,95.0,94.0
8482117,2025,Lukas Reichel,BOS,L,5on5,29,20287.0,437.0,4.25,3.0,3.0,2.0,8.0,23.0,2.96,9.0,5.0,19.0,3.0,1.0,15.0,13.32,15.83,0.46,0.45,0.44,21661.0,3.0,3.0,2.0,8.0,24.0,9.0,5.0,20.0,16.0,12.45,0.52,0.0,0.0,1.0,0.18,1.22,0.642,0.0,0.0,0.0,2.68,0.03,0.0,0.0,0.0,0.0,0.0,0.0,0.0,0.0,0.0,1.44,11.66,0.1,0.1,0.07,0.28,0.79,0.1,0.31,0.17,0.66,0.52,0.53,1.42,4.08,0.53,2.36,2.81,1.6,0.89,3.37,2.66,F,50.0,45.0,50.0,15.0,24.0,14.0,50.0,72.0,29.0,21.0,15.0
8483516,2025,Jimmy Snuggerud,STL,R,5on5,70,58599.0,1274.0,47.48,15.0,12.0,10.0,37.0,126.0,14.04,68.0,20.0,52.0,9.0,12.0,35.0,43.56,44.73,0.49,0.48,0.47,70122.0,21.0,16.0,14.0,51.0,169.0,71.0,24.0,61.0,39.0,16.7,2.19,5.0,9.0,33.0,3.9,16.1,0.901,3.52,0.0,1.0,0.69,0.0,0.0,0.0,0.0,0.0,0.0,,0.0,0.0,0.0,0.0,13.95,0.21,0.17,0.14,0.53,1.8,0.2,0.97,0.29,0.74,0.5,0.92,2.27,7.74,0.86,2.68,2.75,4.18,1.23,3.19,2.15,F,92.0,81.0,90.0,87.0,84.0,40.0,77.0,53.0,48.0,42.0,33.0
8484994,2025,Igor Chernyshov,SJS,L,5on5,28,23107.0,444.0,19.4,6.0,7.0,1.0,14.0,40.0,5.84,17.0,4.0,24.0,3.0,3.0,12.0,19.2,17.98,0.52,0.52,0.53,25297.0,9.0,9.0,1.0,19.0,46.0,17.0,4.0,24.0,13.0,15.06,1.1,3.0,5.0,5.0,2.25,5.22,0.989,9.73,0.0,0.0,0.12,0.0,0.0,0.0,0.0,0.0,0.04,1.0,0.0,0.0,0.0,0.0,13.75,0.21,0.25,0.04,0.5,1.43,0.21,0.61,0.14,0.86,0.43,0.93,2.18,6.23,0.91,2.99,2.8,2.65,0.62,3.74,1.87,F,90.0,82.0,87.0,62.0,90.0,26.0,27.0,43.0,69.0,74.0,80.0
8483756,2025,Jared Wright,LAK,R,5on5,23,15617.0,375.0,6.74,0.0,4.0,0.0,4.0,30.0,3.58,27.0,4.0,7.0,2.0,2.0,18.0,12.98,8.3,0.61,0.51,0.53,15775.0,0.0,4.0,0.0,4.0,32.0,27.0,4.0,7.0,18.0,11.43,,,,,,,,,,,,0.04,0.0,0.0,0.0,0.0,0.0,0.0,0.0,0.0,0.0,1.29,11.32,0.0,0.17,0.0,0.17,1.3,0.16,1.17,0.17,0.3,0.78,0.0,0.92,6.92,0.83,2.99,1.91,6.22,0.92,1.61,4.15,F,26.0,9.0,24.0,77.0,80.0,57.0,53.0,93.0,97.0,68.0,80.0
8477500,2025,Bo Horvat,NYI,C,5on5,68,56257.0,1166.0,64.44,18.0,6.0,4.0,28.0,141.0,13.59,49.0,16.0,50.0,11.0,10.0,28.0,43.51,44.38,0.49,0.53,0.52,84713.0,31.0,10.0,16.0,57.0,226.0,51.0,19.0,69.0,38.0,20.76,3.4,7.0,16.0,49.0,6.21,29.17,0.906,4.16,4.0,0.0,0.78,1.88,1.0,1.0,14.0,1.2,1.88,0.106,0.47,0.0,3.0,7.44,13.79,0.26,0.09,0.06,0.41,2.07,0.2,0.72,0.24,0.74,0.41,1.15,1.79,9.02,0.87,2.78,2.84,3.14,1.02,3.2,1.79,F,78.0,94.0,73.0,96.0,85.0,31.0,63.0,38.0,48.0,81.0,73.0
8477501,2025,Valeri Nichushkin,COL,R,5on5,72,58291.0,1236.0,63.75,12.0,9.0,15.0,36.0,127.0,14.57,52.0,15.0,45.0,6.0,14.0,16.0,52.36,35.67,0.59,0.58,0.57,76572.0,17.0,12.0,20.0,49.0,160.0,55.0,23.0,59.0,27.0,17.73,1.76,1.0,4.0,17.0,2.97,15.11,0.833,1.9,7.0,1.0,1.43,1.67,1.0,1.0,8.0,0.62,1.17,0.097,0.5,1.0,5.0,5.41,13.49,0.17,0.12,0.21,0.5,1.76,0.2,0.72,0.21,0.62,0.22,0.74,2.22,7.84,0.9,3.23,2.2,3.21,0.93,2.78,0.99,F,90.0,66.0,88.0,89.0,89.0,33.0,55.0,10.0,96.0,95.0,94.0
8481028,2025,Martin Pospisil,CGY,C,5on5,22,12908.0,325.0,2.56,1.0,1.0,1.0,3.0,19.0,1.83,83.0,3.0,5.0,7.0,8.0,6.0,6.74,10.09,0.4,0.48,0.47,13400.0,1.0,1.0,1.0,3.0,19.0,84.0,3.0,5.0,6.0,10.15,0.04,0.0,0.0,0.0,0.0,0.05,1.0,0.0,0.0,0.0,0.0,0.1,0.0,0.0,0.0,0.0,0.11,0.147,0.0,0.0,0.0,17.19,9.78,0.05,0.05,0.05,0.14,0.86,0.08,3.77,0.14,0.23,0.27,0.28,0.84,5.3,0.51,1.88,2.81,23.15,0.84,1.39,1.67,F,21.0,24.0,20.0,40.0,22.0,98.0,46.0,35.0,10.0,42.0,33.0
8477505,2025,Alexander Wennberg,SJS,C,5on5,80,67621.0,1373.0,44.63,8.0,14.0,8.0,30.0,59.0,6.64,23.0,28.0,47.0,4.0,14.0,70.0,39.79,44.08,0.47,0.48,0.48,98189.0,18.0,24.0,13.0,55.0,93.0,28.0,35.0,54.0,93.0,20.46,3.15,7.0,14.0,23.0,8.68,32.04,0.885,3.33,11.0,3.0,0.99,2.05,0.0,1.0,5.0,0.22,1.53,0.061,0.37,0.0,4.0,8.58,14.09,0.1,0.18,0.1,0.38,0.74,0.08,0.29,0.35,0.59,0.88,0.43,1.6,3.14,0.35,2.12,2.35,1.22,1.49,2.5,3.73,F,72.0,36.0,61.0,7.0,9.0,10.0,89.0,88.0,35.0,42.0,41.0
8483808,2025,Andrei Kuzmenko,LAK,L,5on5,52,36399.0,701.0,27.17,5.0,2.0,4.0,11.0,43.0,5.71,18.0,7.0,39.0,7.0,13.0,14.0,26.71,22.95,0.54,0.53,0.52,46537.0,13.0,3.0,9.0,25.0,69.0,18.0,10.0,49.0,14.0,14.92,2.76,7.0,10.0,22.0,2.77,15.92,0.876,4.18,0.0,1.0,0.94,,,,,,,,,,,,11.67,0.1,0.04,0.08,0.21,0.83,0.11,0.35,0.13,0.75,0.27,0.49,1.09,4.25,0.56,2.64,2.27,1.78,0.69,3.86,1.38,F,35.0,41.0,31.0,17.0,28.0,16.0,32.0,23.0,80.0,81.0,73.0
8475799,2025,Nino Niederreiter,WPG,R,5on5,61,43863.0,944.0,19.82,6.0,5.0,1.0,12.0,70.0,10.56,69.0,9.0,34.0,8.0,10.0,19.0,30.38,28.85,0.51,0.51,0.51,50395.0,8.0,6.0,5.0,19.0,83.0,70.0,9.0,41.0,20.0,13.77,1.51,1.0,5.0,10.0,2.29,8.87,0.904,3.25,0.0,0.0,0.61,0.0,0.0,0.0,0.0,0.0,0.0,,0.0,0.0,0.0,0.0,11.98,0.1,0.08,0.02,0.2,1.15,0.17,1.13,0.15,0.56,0.31,0.49,0.98,5.75,0.87,2.49,2.37,5.66,0.74,2.79,1.56,F,33.0,41.0,27.0,51.0,85.0,53.0,37.0,30.0,63.0,68.0,66.0
8482733,2025,Logan Mailloux,STL,D,5on5,67,60417.0,1259.0,11.22,4.0,2.0,2.0,8.0,75.0,3.22,92.0,17.0,66.0,21.0,13.0,50.0,37.41,43.74,0.46,0.48,0.47,67413.0,5.0,4.0,4.0,13.0,81.0,93.0,18.0,68.0,56.0,16.77,0.6,0.0,1.0,1.0,0.12,1.87,0.85,1.49,4.0,1.0,0.49,0.65,0.0,0.0,3.0,0.05,0.33,0.065,0.0,0.0,0.0,6.61,15.03,0.06,0.03,0.03,0.12,1.12,0.05,1.37,0.25,0.99,0.75,0.24,0.48,4.47,0.19,2.23,2.61,5.48,1.01,3.93,2.98,D,27.0,72.0,26.0,77.0,65.0,82.0,74.0,21.0,31.0,44.0,34.0
8478366,2025,Frank Vatrano,ANA,R,5on5,50,30333.0,697.0,8.46,4.0,2.0,1.0,7.0,71.0,6.1,80.0,4.0,16.0,11.0,9.0,20.0,18.45,25.59,0.42,0.48,0.47,35467.0,5.0,2.0,2.0,9.0,79.0,84.0,6.0,17.0,28.0,11.82,0.75,0.0,1.0,4.0,1.43,3.39,0.947,1.61,5.0,0.0,0.31,0.78,0.0,0.0,1.0,0.17,0.23,0.056,0.0,1.0,2.0,5.94,10.11,0.08,0.04,0.02,0.14,1.42,0.12,1.6,0.08,0.32,0.4,0.47,0.83,8.43,0.72,2.19,3.04,9.49,0.47,1.9,2.37,F,21.0,39.0,20.0,93.0,61.0,73.0,19.0,63.0,14.0,42.0,33.0
8482737,2025,Zachary Bolduc,MTL,R,5on5,78,55310.0,1120.0,29.77,8.0,8.0,7.0,23.0,80.0,10.9,162.0,18.0,59.0,13.0,19.0,42.0,38.19,38.16,0.5,0.49,0.5,63795.0,12.0,10.0,8.0,30.0,101.0,170.0,18.0,66.0,43.0,13.63,1.58,3.0,6.0,20.0,3.85,15.99,0.894,2.93,0.0,0.0,0.93,0.01,0.0,0.0,0.0,0.0,0.0,,0.0,0.0,0.0,0.0,11.82,0.1,0.1,0.09,0.29,1.03,0.14,2.08,0.23,0.76,0.54,0.52,1.5,5.21,0.71,2.49,2.48,10.54,1.17,3.84,2.73,F,53.0,44.0,55.0,37.0,58.0,77.0,72.0,74.0,55.0,51.0,58.0
8477369,2025,Carson Soucy,NYI,D,5on5,76,67135.0,1522.0,6.05,4.0,3.0,4.0,11.0,60.0,3.15,90.0,19.0,76.0,18.0,2.0,73.0,40.92,47.92,0.46,0.46,0.46,75328.0,5.0,3.0,4.0,12.0,62.0,105.0,20.0,77.0,91.0,16.52,0.03,0.0,0.0,0.0,0.0,0.02,0.2,0.0,3.0,0.0,2.06,1.45,0.0,0.0,1.0,0.19,1.58,0.111,0.0,0.0,1.0,6.89,14.72,0.05,0.04,0.05,0.14,0.79,0.04,1.18,0.25,1.0,0.96,0.21,0.59,3.22,0.17,2.19,2.57,4.83,1.02,4.08,3.91,D,32.0,67.0,33.0,38.0,57.0,74.0,75.0,50.0,31.0,28.0,27.0
8481656,2025,Aliaksei Protas,WSH,L,5on5,76,68099.0,1395.0,61.76,17.0,14.0,5.0,36.0,126.0,15.98,31.0,20.0,76.0,10.0,15.0,25.0,51.99,51.24,0.5,0.54,0.55,83157.0,25.0,18.0,9.0,52.0,159.0,33.0,26.0,86.0,42.0,18.24,0.46,0.0,1.0,4.0,0.21,3.28,0.956,1.73,5.0,0.0,0.26,1.85,1.0,2.0,14.0,0.88,2.42,0.127,0.85,0.0,4.0,7.11,14.93,0.22,0.18,0.07,0.47,1.66,0.21,0.41,0.26,1.0,0.33,0.9,1.9,6.66,0.84,2.75,2.71,1.64,1.06,4.02,1.32,F,86.0,79.0,78.0,70.0,82.0,15.0,66.0,20.0,55.0,85.0,89.0
8477947,2025,Sonny Milano,WSH,L,5on5,31,14560.0,327.0,10.09,4.0,4.0,0.0,8.0,29.0,3.11,7.0,4.0,15.0,2.0,2.0,3.0,11.8,10.55,0.53,0.52,0.53,16523.0,4.0,4.0,0.0,8.0,34.0,9.0,4.0,19.0,3.0,8.88,1.01,0.0,0.0,4.0,0.29,2.74,0.725,0.0,0.0,0.0,1.99,,,,,,,,,,,,7.83,0.13,0.13,0.0,0.26,0.94,0.1,0.23,0.13,0.48,0.1,0.99,1.98,7.17,0.77,2.92,2.61,1.73,0.99,3.71,0.74,F,47.0,86.0,81.0,81.0,71.0,16.0,61.0,6.0,74.0,74.0,80.0
8476292,2025,Ondrej Palat,NYI,L,5on5,80,55325.0,1284.0,17.85,4.0,4.0,3.0,11.0,74.0,8.83,127.0,12.0,38.0,5.0,14.0,65.0,35.47,38.03,0.48,0.49,0.5,61535.0,5.0,6.0,4.0,15.0,83.0,133.0,12.0,41.0,67.0,12.82,0.72,1.0,2.0,6.0,0.99,5.91,0.878,2.09,1.0,0.0,0.86,0.21,0.0,0.0,1.0,0.01,0.01,0.009,0.0,0.0,0.0,3.77,11.53,0.05,0.05,0.04,0.14,0.92,0.11,1.59,0.15,0.48,0.81,0.26,0.72,4.82,0.57,2.31,2.47,8.26,0.78,2.47,4.23,F,21.0,23.0,17.0,27.0,30.0,69.0,41.0,93.0,42.0,51.0,58.0
8482460,2025,Matt Rempe,NYR,C,5on5,26,12851.0,295.0,1.86,1.0,0.0,0.0,1.0,15.0,2.56,85.0,2.0,5.0,4.0,3.0,6.0,8.02,7.64,0.51,0.51,0.48,13428.0,1.0,0.0,0.0,1.0,15.0,86.0,2.0,5.0,6.0,8.61,0.3,0.0,0.0,0.0,0.01,0.68,0.986,0.0,0.0,0.0,0.08,,,,,,,,,,,,8.24,0.04,0.0,0.0,0.04,0.58,0.1,3.27,0.08,0.19,0.23,0.28,0.28,4.2,0.72,2.25,2.14,23.81,0.56,1.4,1.68,F,11.0,24.0,11.0,17.0,61.0,98.0,24.0,35.0,63.0,68.0,41.0
8477070,2025,Liam O'Brien,UTA,C,5on5,38,20618.0,518.0,3.91,3.0,1.0,0.0,4.0,34.0,5.05,115.0,1.0,11.0,7.0,6.0,14.0,11.85,14.62,0.45,0.48,0.48,20857.0,3.0,1.0,0.0,4.0,35.0,115.0,1.0,11.0,14.0,9.15,0.02,0.0,0.0,1.0,0.01,0.02,1.0,0.0,0.0,0.0,0.0,,,,,,,,,,,,9.04,0.08,0.03,0.0,0.11,0.89,0.13,3.03,0.03,0.29,0.37,0.52,0.7,5.94,0.88,2.07,2.55,20.08,0.17,1.92,2.44,F,16.0,44.0,16.0,56.0,86.0,96.0,12.0,65.0,24.0,42.0,41.0
8481711,2025,Matias Maccelli,TOR,L,5on5,71,53053.0,1133.0,27.29,12.0,10.0,9.0,31.0,70.0,8.45,24.0,14.0,62.0,7.0,6.0,16.0,36.23,37.7,0.49,0.47,0.48,62046.0,14.0,12.0,13.0,39.0,90.0,24.0,15.0,67.0,17.0,14.56,1.7,2.0,7.0,15.0,1.93,10.86,0.821,3.48,0.0,1.0,1.18,,,,,,,,,,,,12.45,0.17,0.14,0.13,0.44,0.99,0.12,0.34,0.2,0.87,0.23,0.81,2.1,4.75,0.57,2.46,2.56,1.63,0.95,4.21,1.09,F,82.0,73.0,85.0,26.0,30.0,14.0,56.0,12.0,48.0,34.0,41.0
8481712,2025,Matj  Blmel,BOS,R,5on5,4,2218.0,43.0,-0.31,0.0,0.0,0.0,0.0,2.0,0.23,2.0,0.0,2.0,0.0,0.0,2.0,1.01,1.65,0.38,0.44,0.47,2608.0,0.0,0.0,0.0,0.0,4.0,2.0,0.0,3.0,2.0,10.87,1.5,0.0,0.0,2.0,0.17,1.25,0.758,0.0,0.0,0.0,4.0,,,,,,,,,,,,9.24,0.0,0.0,0.0,0.0,0.5,0.06,0.5,0.0,0.5,0.5,0.0,0.0,3.25,0.37,1.64,2.68,3.25,0.0,3.25,3.25,F,5.0,9.0,5.0,8.0,11.0,33.0,6.0,83.0,8.0,16.0,33.0
8476897,2025,Oskar Sundqvist,STL,C,5on5,52,31806.0,776.0,1.24,5.0,7.0,4.0,16.0,26.0,2.5,63.0,9.0,21.0,12.0,7.0,19.0,13.92,23.02,0.38,0.38,0.4,40453.0,5.0,7.0,5.0,17.0,37.0,69.0,12.0,23.0,26.0,12.97,0.86,0.0,1.0,7.0,1.02,3.19,0.74,1.34,4.0,0.0,1.5,1.41,0.0,0.0,2.0,0.1,0.83,0.095,0.0,1.0,3.0,6.51,10.19,0.1,0.13,0.08,0.31,0.5,0.05,1.21,0.17,0.4,0.37,0.57,1.81,2.94,0.28,1.58,2.61,7.13,1.02,2.38,2.15,F,58.0,49.0,73.0,6.0,6.0,63.0,63.0,53.0,8.0,5.0,7.0
8475168,2025,Matt Duchene,DAL,C,5on5,57,45656.0,916.0,33.3,7.0,10.0,2.0,19.0,53.0,6.36,29.0,9.0,52.0,4.0,8.0,21.0,27.68,32.11,0.46,0.45,0.45,56463.0,16.0,21.0,8.0,45.0,89.0,29.0,11.0,61.0,23.0,16.51,2.23,5.0,14.0,27.0,4.69,19.73,0.897,6.62,0.0,0.0,1.07,0.01,0.0,0.0,0.0,0.0,0.0,,0.0,0.0,0.0,0.0,13.35,0.12,0.18,0.04,0.33,0.93,0.11,0.51,0.16,0.91,0.37,0.55,1.5,4.18,0.5,2.18,2.53,2.29,0.71,4.1,1.66,F,62.0,48.0,55.0,16.0,21.0,21.0,35.0,34.0,29.0,21.0,19.0
8475169,2025,Evander Kane,VAN,L,5on5,71,60821.0,1214.0,27.23,9.0,12.0,2.0,23.0,137.0,13.13,109.0,17.0,69.0,24.0,21.0,25.0,43.7,53.82,0.45,0.47,0.47,69929.0,13.0,14.0,4.0,31.0,171.0,111.0,17.0,75.0,28.0,16.42,1.47,2.0,6.0,26.0,2.37,14.06,0.914,3.45,1.0,0.0,0.77,0.02,0.0,0.0,0.0,0.0,0.0,0.0,0.0,0.0,0.0,3.07,14.28,0.13,0.17,0.03,0.32,1.93,0.18,1.54,0.24,0.97,0.35,0.53,1.36,8.11,0.78,2.59,3.19,6.45,1.01,4.08,1.48,F,60.0,45.0,45.0,91.0,72.0,59.0,62.0,27.0,24.0,34.0,33.0
8476892,2025,Colton Parayko,STL,D,5on5,77,87021.0,1789.0,19.12,4.0,6.0,8.0,18.0,99.0,4.53,85.0,28.0,78.0,8.0,12.0,139.0,58.23,54.5,0.52,0.47,0.48,102547.0,4.0,6.0,8.0,18.0,105.0,95.0,35.0,92.0,172.0,22.2,0.19,0.0,0.0,0.0,0.01,0.21,0.75,0.0,16.0,2.0,0.28,2.37,0.0,0.0,4.0,0.33,1.36,0.062,0.0,0.0,4.0,6.76,18.84,0.05,0.08,0.1,0.23,1.29,0.06,1.1,0.36,1.01,1.81,0.17,0.74,4.1,0.19,2.41,2.25,3.52,1.16,3.23,5.75,D,62.0,57.0,47.0,68.0,65.0,56.0,84.0,90.0,71.0,36.0,42.0
8481609,2025,Vladislav Kolyachonok,BOS,D,5on5,13,9524.0,208.0,3.4,1.0,0.0,2.0,3.0,11.0,0.63,5.0,2.0,4.0,2.0,3.0,13.0,6.4,5.4,0.54,0.48,0.47,9782.0,1.0,0.0,2.0,3.0,12.0,5.0,3.0,4.0,13.0,12.54,,,,,,,,,,,,0.33,0.0,0.0,1.0,0.02,0.09,0.474,0.0,0.0,1.0,1.4,12.21,0.08,0.0,0.15,0.23,0.85,0.05,0.38,0.15,0.31,1.0,0.38,1.13,4.16,0.24,2.42,2.04,1.89,0.76,1.51,4.91,D,62.0,89.0,80.0,70.0,84.0,34.0,49.0,74.0,80.0,44.0,34.0
8483890,2025,Braeden Bowman,VGK,R,5on5,54,40850.0,882.0,21.26,6.0,9.0,7.0,22.0,61.0,9.84,19.0,14.0,21.0,5.0,3.0,24.0,29.55,24.92,0.54,0.5,0.5,45785.0,8.0,9.0,9.0,26.0,75.0,19.0,16.0,22.0,24.0,14.13,1.26,2.0,4.0,13.0,2.76,8.33,0.877,3.53,0.0,1.0,1.03,0.01,0.0,0.0,0.0,0.0,0.0,0.0,0.0,0.0,0.0,19.8,12.61,0.11,0.17,0.13,0.41,1.13,0.18,0.35,0.26,0.39,0.44,0.53,1.94,5.38,0.87,2.6,2.2,1.67,1.23,1.85,2.12,F,78.0,45.0,80.0,42.0,85.0,15.0,77.0,52.0,80.0,61.0,58.0
8476480,2025,Vladislav Namestnikov,WPG,C,5on5,60,40711.0,895.0,15.34,4.0,4.0,2.0,10.0,54.0,6.11,71.0,10.0,38.0,6.0,6.0,31.0,25.93,25.87,0.5,0.5,0.5,49596.0,8.0,4.0,2.0,14.0,76.0,76.0,10.0,46.0,37.0,13.78,1.44,2.0,2.0,15.0,1.19,6.95,0.871,1.39,3.0,0.0,0.72,0.64,0.0,0.0,3.0,0.5,1.24,0.213,0.0,0.0,0.0,7.13,11.31,0.07,0.07,0.03,0.17,0.9,0.1,1.18,0.17,0.63,0.52,0.35,0.88,4.78,0.54,2.29,2.29,6.28,0.88,3.36,2.74,F,26.0,29.0,22.0,26.0,25.0,58.0,49.0,74.0,55.0,61.0,58.0
8479402,2025,Jake Bean,CGY,D,5on5,16,14540.0,348.0,5.35,1.0,1.0,0.0,2.0,16.0,0.49,3.0,5.0,15.0,3.0,0.0,27.0,11.62,8.21,0.59,0.55,0.58,15316.0,1.0,1.0,0.0,2.0,16.0,3.0,5.0,15.0,29.0,15.95,0.08,0.0,0.0,0.0,0.0,0.04,1.0,0.0,0.0,0.0,0.0,0.44,0.0,0.0,0.0,0.0,0.0,0.0,0.0,0.0,0.0,9.3,15.15,0.06,0.06,0.0,0.12,1.0,0.03,0.19,0.31,0.94,1.69,0.25,0.5,3.96,0.12,2.88,2.03,0.74,1.24,3.71,6.69,D,27.0,74.0,27.0,64.0,27.0,10.0,86.0,95.0,95.0,90.0,95.0
8480188,2025,Fabian Zetterlund,OTT,L,5on5,82,56459.0,1421.0,41.08,12.0,9.0,4.0,25.0,109.0,11.82,153.0,18.0,33.0,7.0,17.0,30.0,43.42,35.59,0.55,0.53,0.53,63516.0,17.0,10.0,6.0,33.0,132.0,155.0,20.0,36.0,32.0,12.91,1.14,5.0,8.0,18.0,3.17,8.47,0.899,5.15,0.0,1.0,0.61,0.05,0.0,0.0,0.0,0.0,0.0,0.0,0.0,0.0,0.0,2.4,11.48,0.15,0.11,0.05,0.3,1.33,0.14,1.87,0.22,0.4,0.37,0.77,1.59,6.95,0.75,2.77,2.27,9.76,1.15,2.1,1.91,F,56.0,69.0,61.0,77.0,68.0,75.0,72.0,44.0,84.0,81.0,80.0
8478542,2025,Evan Rodrigues,FLA,C,5on5,69,55124.0,1153.0,39.93,9.0,5.0,7.0,21.0,121.0,9.95,61.0,27.0,44.0,16.0,15.0,21.0,40.73,35.8,0.53,0.55,0.54,70352.0,11.0,11.0,9.0,31.0,160.0,63.0,31.0,47.0,26.0,16.99,1.77,1.0,5.0,17.0,1.97,12.18,0.898,2.45,1.0,0.0,0.68,1.22,1.0,1.0,11.0,1.21,1.53,0.142,0.71,0.0,3.0,6.57,13.31,0.13,0.07,0.1,0.3,1.75,0.14,0.88,0.39,0.64,0.3,0.59,1.37,7.9,0.65,2.66,2.34,3.98,1.76,2.87,1.37,F,56.0,52.0,46.0,90.0,47.0,39.0,94.0,22.0,74.0,88.0,85.0
8482720,2025,Matthew Knies,TOR,L,5on5,79,66750.0,1362.0,38.96,10.0,17.0,11.0,38.0,80.0,11.05,145.0,19.0,56.0,13.0,16.0,25.0,40.27,54.1,0.43,0.42,0.43,89075.0,23.0,22.0,21.0,66.0,140.0,152.0,26.0,68.0,32.0,18.79,2.59,5.0,13.0,37.0,6.01,26.55,0.88,3.82,2.0,1.0,1.07,1.07,1.0,1.0,5.0,0.87,1.94,0.153,0.71,0.0,6.0,7.64,14.08,0.13,0.22,0.14,0.48,1.01,0.14,1.84,0.24,0.71,0.32,0.54,2.05,4.31,0.6,2.17,2.92,7.82,1.02,3.02,1.35,F,88.0,47.0,83.0,18.0,37.0,67.0,63.0,21.0,17.0,9.0,12.0
8480434,2025,Sean Durzi,UTA,D,5on5,60,61502.0,1331.0,34.05,4.0,8.0,10.0,22.0,67.0,3.43,39.0,10.0,54.0,13.0,8.0,83.0,48.3,44.54,0.52,0.54,0.53,69340.0,5.0,10.0,12.0,27.0,84.0,40.0,11.0,58.0,88.0,19.26,1.26,0.0,4.0,13.0,1.24,8.82,0.837,3.16,3.0,1.0,1.36,0.36,0.0,0.0,1.0,0.01,0.15,0.033,0.0,1.0,0.0,12.19,17.08,0.07,0.13,0.17,0.37,1.12,0.06,0.65,0.17,0.9,1.38,0.23,1.29,3.92,0.2,2.83,2.61,2.28,0.59,3.16,4.86,D,88.0,71.0,88.0,63.0,70.0,42.0,31.0,73.0,71.0,87.0,82.0
8482088,2025,Justin Sourdif,WSH,C,5on5,78,61738.0,1319.0,39.04,10.0,9.0,9.0,28.0,87.0,10.76,92.0,19.0,50.0,14.0,24.0,37.0,45.89,41.23,0.53,0.51,0.51,68978.0,15.0,11.0,9.0,35.0,108.0,98.0,21.0,55.0,40.0,14.74,0.97,3.0,3.0,12.0,2.71,8.09,0.819,2.37,2.0,1.0,1.41,0.16,0.0,0.0,0.0,0.02,0.13,0.099,0.0,0.0,0.0,5.84,13.19,0.13,0.12,0.12,0.36,1.12,0.14,1.18,0.24,0.64,0.47,0.58,1.63,5.07,0.63,2.68,2.4,5.36,1.11,2.92,2.16,F,69.0,51.0,63.0,34.0,43.0,51.0,69.0,54.0,74.0,68.0,66.0
8476474,2025,Stefan Noesen,NJD,R,5on5,38,22537.0,546.0,4.89,2.0,2.0,0.0,4.0,38.0,3.68,33.0,3.0,19.0,12.0,6.0,13.0,13.24,16.7,0.44,0.47,0.45,26800.0,3.0,2.0,2.0,7.0,52.0,33.0,3.0,23.0,15.0,11.75,1.52,1.0,3.0,14.0,3.06,9.2,0.952,3.12,1.0,0.0,0.48,0.05,0.0,0.0,0.0,0.0,0.0,,0.0,0.0,0.0,0.0,9.88,0.05,0.05,0.0,0.11,1.0,0.1,0.87,0.08,0.5,0.34,0.32,0.64,6.07,0.59,2.11,2.67,5.27,0.48,3.04,2.08,F,16.0,27.0,15.0,59.0,34.0,50.0,19.0,50.0,20.0,34.0,19.0
8481056,2025,Spencer Stastney,EDM,D,5on5,66,54387.0,1237.0,14.95,2.0,5.0,2.0,9.0,53.0,1.67,11.0,14.0,58.0,10.0,9.0,49.0,36.56,38.09,0.49,0.51,0.51,61393.0,2.0,6.0,2.0,10.0,56.0,13.0,19.0,66.0,63.0,15.5,0.05,0.0,0.0,0.0,0.0,0.28,0.933,0.0,3.0,0.0,0.36,1.39,0.0,1.0,1.0,0.07,0.46,0.037,0.65,0.0,4.0,7.7,13.73,0.03,0.08,0.03,0.14,0.8,0.03,0.17,0.21,0.88,0.74,0.13,0.6,3.51,0.11,2.42,2.52,0.73,0.93,3.84,3.24,D,32.0,49.0,34.0,48.0,22.0,9.0,67.0,28.0,50.0,70.0,70.0
8482087,2025,Kaiden Guhle,MTL,D,5on5,39,39764.0,760.0,7.3,2.0,4.0,5.0,11.0,40.0,1.99,72.0,19.0,34.0,14.0,11.0,51.0,25.49,29.64,0.46,0.45,0.47,45543.0,2.0,4.0,5.0,11.0,40.0,86.0,21.0,36.0,63.0,19.46,0.02,0.0,0.0,0.0,0.0,0.98,1.0,0.0,0.0,0.0,0.0,1.56,0.0,0.0,0.0,0.0,1.12,0.102,0.0,0.0,2.0,9.78,16.99,0.05,0.1,0.13,0.28,1.03,0.05,1.85,0.49,0.87,1.31,0.18,1.0,3.62,0.18,2.31,2.68,6.52,1.72,3.08,4.62,D,73.0,60.0,70.0,52.0,61.0,88.0,96.0,67.0,31.0,20.0,34.0
8481219,2025,Jonathan Aspirot,BOS,D,5on5,61,56588.0,1185.0,15.42,3.0,2.0,6.0,11.0,45.0,2.52,82.0,10.0,55.0,16.0,8.0,75.0,41.07,40.48,0.5,0.48,0.49,61268.0,3.0,2.0,8.0,13.0,47.0,86.0,10.0,56.0,83.0,16.74,0.02,0.0,1.0,0.0,0.0,0.03,1.0,50.7,2.0,0.0,0.0,1.07,0.0,0.0,2.0,0.14,1.48,0.156,0.0,0.0,0.0,7.37,15.46,0.05,0.03,0.1,0.18,0.74,0.04,1.34,0.16,0.9,1.23,0.19,0.7,2.86,0.16,2.61,2.58,5.22,0.64,3.5,4.77,D,44.0,62.0,42.0,26.0,51.0,79.0,37.0,70.0,59.0,44.0,52.0
8484428,2025,Charles Alexis Legault,CAR,D,5on5,12,9367.0,220.0,4.7,0.0,0.0,1.0,1.0,10.0,0.46,12.0,7.0,13.0,6.0,3.0,8.0,6.67,6.99,0.49,0.57,0.56,10292.0,1.0,0.0,1.0,2.0,12.0,13.0,7.0,13.0,10.0,14.29,,,,,,,,,,,,0.96,0.0,0.0,1.0,0.01,0.2,0.25,0.0,0.0,0.0,3.13,13.01,0.0,0.0,0.08,0.08,0.83,0.04,1.0,0.58,1.08,0.67,0.0,0.38,3.84,0.18,2.56,2.69,4.61,2.69,5.0,3.07,D,18.0,16.0,20.0,61.0,61.0,73.0,99.0,24.0,50.0,94.0,92.0
8484186,2025,Ryan Leonard,WSH,R,5on5,75,52995.0,1179.0,41.09,16.0,11.0,4.0,31.0,114.0,10.79,122.0,12.0,64.0,18.0,30.0,25.0,35.61,42.88,0.45,0.46,0.47,64861.0,20.0,18.0,7.0,45.0,153.0,124.0,14.0,72.0,25.0,14.41,2.24,4.0,13.0,36.0,4.21,21.87,0.841,4.64,0.0,2.0,1.48,0.01,0.0,0.0,0.0,0.0,0.0,,0.0,0.0,0.0,0.0,11.78,0.21,0.15,0.05,0.41,1.52,0.14,1.63,0.16,0.85,0.33,1.09,2.11,7.74,0.73,2.42,2.91,8.29,0.82,4.35,1.7,F,78.0,92.0,85.0,87.0,64.0,69.0,45.0,36.0,24.0,27.0,33.0
8482479,2025,Trevor Kuntar,BUF,C,5on5,1,312.0,8.0,-0.65,0.0,0.0,0.0,0.0,0.0,0.0,1.0,0.0,0.0,0.0,0.0,0.0,0.04,1.03,0.04,0.14,0.08,312.0,0.0,0.0,0.0,0.0,0.0,1.0,0.0,0.0,0.0,5.2,,,,,,,,,,,,,,,,,,,,,,,5.2,0.0,0.0,0.0,0.0,0.0,0.0,1.0,0.0,0.0,0.0,0.0,0.0,0.0,0.0,0.46,11.88,11.54,0.0,0.0,0.0,F,5.0,9.0,5.0,1.0,0.0,81.0,6.0,2.0,0.0,0.0,0.0
8474150,2025,Mikael Backlund,CGY,C,5on5,82,67248.0,1490.0,45.84,11.0,15.0,3.0,29.0,136.0,13.47,20.0,29.0,77.0,7.0,6.0,24.0,43.22,48.99,0.47,0.5,0.5,88307.0,17.0,23.0,3.0,43.0,186.0,23.0,32.0,86.0,28.0,17.95,1.05,1.0,3.0,14.0,2.22,10.51,0.817,2.1,2.0,0.0,1.64,2.3,1.0,5.0,22.0,1.5,4.36,0.16,1.59,0.0,1.0,7.29,13.67,0.13,0.18,0.04,0.35,1.66,0.16,0.24,0.35,0.94,0.29,0.59,1.55,7.28,0.72,2.31,2.62,1.07,1.55,4.12,1.28,F,67.0,52.0,59.0,81.0,61.0,8.0,91.0,18.0,35.0,61.0,58.0
8484185,2025,Nick Lardis,CHI,L,5on5,41,26964.0,616.0,10.68,8.0,2.0,1.0,11.0,43.0,5.66,56.0,4.0,17.0,5.0,5.0,10.0,14.69,21.7,0.4,0.47,0.46,31171.0,10.0,2.0,3.0,15.0,57.0,57.0,5.0,19.0,12.0,12.67,1.4,2.0,3.0,10.0,2.63,5.61,0.906,3.13,0.0,0.0,0.61,0.0,0.0,0.0,0.0,0.0,0.0,,0.0,0.0,0.0,0.0,10.96,0.2,0.05,0.02,0.27,1.05,0.14,1.37,0.1,0.41,0.24,1.07,1.47,5.74,0.76,1.96,2.9,7.48,0.53,2.27,1.34,F,48.0,90.0,53.0,50.0,69.0,66.0,22.0,21.0,10.0,34.0,25.0
8477979,2025,Nicolas Aube-Kubel,MIN,R,5on5,6,3992.0,82.0,0.72,0.0,1.0,0.0,1.0,5.0,0.68,7.0,2.0,1.0,3.0,1.0,5.0,2.91,2.82,0.51,0.45,0.46,4182.0,0.0,1.0,1.0,2.0,5.0,7.0,2.0,1.0,5.0,11.62,0.18,0.0,1.0,0.0,0.09,0.17,1.0,54.55,0.0,0.0,0.0,,,,,,,,,,,,11.09,0.0,0.17,0.0,0.17,0.83,0.11,1.17,0.33,0.17,0.83,0.0,0.9,4.51,0.61,2.62,2.54,6.31,1.8,0.9,4.51,F,26.0,9.0,23.0,22.0,39.0,58.0,95.0,95.0,63.0,21.0,25.0
8482470,2025,Ilya Solovyov,PIT,D,5on5,30,22391.0,484.0,11.17,1.0,3.0,4.0,8.0,23.0,0.91,33.0,5.0,19.0,8.0,1.0,31.0,19.64,13.46,0.59,0.55,0.58,22944.0,1.0,3.0,4.0,8.0,23.0,35.0,5.0,19.0,33.0,12.75,0.01,0.0,0.0,0.0,0.0,0.0,,0.0,0.0,0.0,0.0,0.25,0.0,0.0,0.0,0.0,0.02,0.074,0.0,0.0,0.0,2.01,12.44,0.03,0.1,0.13,0.27,0.77,0.03,1.1,0.17,0.63,1.03,0.16,1.29,3.7,0.15,3.16,2.16,5.31,0.8,3.05,4.98,D,70.0,56.0,88.0,55.0,45.0,80.0,54.0,76.0,95.0,90.0,95.0
8478424,2025,Jansen Harkins,ANA,C,5on5,44,24303.0,590.0,8.72,3.0,5.0,0.0,8.0,37.0,4.87,113.0,6.0,27.0,6.0,13.0,22.0,15.85,17.04,0.48,0.49,0.49,25319.0,3.0,5.0,0.0,8.0,37.0,113.0,6.0,27.0,24.0,9.59,0.23,0.0,0.0,0.0,0.0,0.63,1.0,0.0,0.0,0.0,0.0,0.07,0.0,0.0,0.0,0.0,0.0,0.0,0.0,0.0,0.0,2.95,9.21,0.07,0.11,0.0,0.18,0.84,0.11,2.57,0.14,0.61,0.5,0.44,1.19,5.48,0.72,2.35,2.52,16.74,0.89,4.0,3.26,F,29.0,36.0,34.0,44.0,61.0,93.0,50.0,83.0,42.0,51.0,49.0
8475754,2025,Brock Nelson,COL,C,5on5,81,66879.0,1447.0,82.21,20.0,8.0,10.0,38.0,133.0,18.82,34.0,15.0,52.0,17.0,15.0,50.0,64.42,41.77,0.61,0.57,0.57,95515.0,33.0,16.0,16.0,65.0,186.0,38.0,21.0,67.0,65.0,19.65,3.1,9.0,17.0,33.0,6.09,31.27,0.898,4.06,6.0,1.0,0.85,1.74,0.0,1.0,6.0,0.78,1.23,0.111,0.43,0.0,1.0,4.22,13.76,0.25,0.1,0.12,0.47,1.64,0.23,0.42,0.19,0.64,0.62,1.08,2.05,7.16,1.01,3.47,2.25,1.83,0.81,2.8,2.69,F,86.0,91.0,83.0,80.0,95.0,17.0,45.0,73.0,97.0,93.0,94.0
8476882,2025,Teuvo Teravainen,CHI,C,5on5,74,54614.0,1153.0,23.64,6.0,4.0,3.0,13.0,55.0,4.5,19.0,20.0,59.0,2.0,5.0,22.0,30.12,43.78,0.41,0.47,0.46,78820.0,13.0,13.0,8.0,34.0,88.0,21.0,22.0,70.0,40.0,17.75,2.67,6.0,15.0,23.0,4.36,24.84,0.923,4.55,10.0,1.0,0.63,2.04,1.0,1.0,5.0,0.4,1.23,0.051,0.4,0.0,1.0,9.07,12.3,0.08,0.05,0.04,0.18,0.74,0.06,0.26,0.27,0.8,0.3,0.4,0.86,3.63,0.3,1.99,2.89,1.25,1.32,3.89,1.45,F,29.0,33.0,21.0,10.0,7.0,10.0,81.0,26.0,12.0,34.0,25.0
8483435,2025,Jorian Donovan,OTT,D,5on5,2,837.0,19.0,-0.73,0.0,0.0,0.0,0.0,1.0,0.01,2.0,0.0,1.0,0.0,0.0,1.0,0.33,0.66,0.33,0.23,0.16,844.0,0.0,0.0,0.0,0.0,1.0,2.0,0.0,1.0,1.0,7.03,,,,,,,,,,,,0.06,0.0,0.0,0.0,0.0,0.0,,0.0,0.0,0.0,0.0,6.98,0.0,0.0,0.0,0.0,0.5,0.0,1.0,0.0,0.5,0.5,0.0,0.0,4.3,0.04,1.42,2.84,8.6,0.0,4.3,4.3,D,7.0,16.0,7.0,73.0,6.0,94.0,7.0,60.0,4.0,1.0,0.0
8474013,2025,Ian Cole,UTA,D,5on5,82,72826.0,1657.0,26.6,3.0,7.0,7.0,17.0,58.0,3.9,61.0,12.0,83.0,20.0,9.0,111.0,50.81,44.89,0.53,0.5,0.52,89883.0,3.0,10.0,10.0,23.0,62.0,73.0,15.0,95.0,151.0,18.27,0.02,0.0,0.0,0.0,0.0,0.0,,0.0,0.0,0.0,0.0,2.84,0.0,1.0,4.0,0.26,2.61,0.078,0.26,0.0,3.0,7.95,14.8,0.04,0.09,0.09,0.21,0.71,0.05,0.74,0.15,1.01,1.35,0.15,0.84,2.87,0.19,2.51,2.22,3.02,0.59,4.1,5.49,D,55.0,53.0,58.0,26.0,65.0,52.0,31.0,86.0,76.0,62.0,77.0
8483467,2025,Kirill Kudryavtsev,VAN,D,5on5,3,2737.0,58.0,1.3,0.0,1.0,1.0,2.0,4.0,0.14,1.0,0.0,1.0,0.0,0.0,1.0,1.98,2.07,0.49,0.42,0.45,2814.0,0.0,1.0,1.0,2.0,4.0,1.0,0.0,1.0,1.0,15.63,,,,,,,,,,,,0.03,0.0,0.0,0.0,0.0,0.05,1.0,0.0,0.0,0.0,0.0,15.21,0.0,0.33,0.33,0.67,1.33,0.05,0.33,0.0,0.33,0.33,0.0,2.63,5.26,0.18,2.6,2.72,1.32,0.0,1.32,1.32,D,98.0,16.0,99.0,87.0,61.0,22.0,7.0,1.0,50.0,10.0,21.0
8484241,2025,Matthew Wood,NSH,R,5on5,71,44931.0,925.0,29.75,12.0,8.0,1.0,21.0,75.0,8.73,53.0,9.0,35.0,7.0,13.0,25.0,30.73,34.67,0.47,0.49,0.47,52488.0,17.0,10.0,3.0,30.0,103.0,53.0,10.0,41.0,25.0,12.32,1.53,3.0,7.0,20.0,3.2,10.77,0.82,3.88,0.0,0.0,1.31,0.0,1.0,1.0,1.0,0.14,0.14,1.0,180.0,0.0,0.0,0.0,10.55,0.17,0.11,0.01,0.3,1.06,0.12,0.75,0.13,0.49,0.35,0.96,1.68,6.01,0.7,2.46,2.78,4.25,0.72,2.8,2.0,F,56.0,84.0,65.0,58.0,56.0,41.0,36.0,47.0,35.0,51.0,33.0
8482090,2025,Jack Finley,STL,C,5on5,44,22997.0,579.0,2.72,2.0,0.0,1.0,3.0,24.0,3.18,75.0,1.0,11.0,13.0,5.0,9.0,13.18,14.12,0.48,0.48,0.46,25632.0,2.0,1.0,2.0,5.0,26.0,75.0,1.0,12.0,9.0,9.71,0.11,0.0,0.0,0.0,0.0,0.05,0.625,0.0,0.0,0.0,0.38,0.69,0.0,0.0,2.0,0.02,0.2,0.035,0.0,0.0,0.0,10.93,8.71,0.05,0.0,0.02,0.07,0.55,0.07,1.7,0.02,0.25,0.2,0.31,0.47,3.76,0.5,2.06,2.21,11.74,0.16,1.72,1.41,F,12.0,26.0,13.0,11.0,21.0,81.0,12.0,24.0,42.0,42.0,25.0
8478062,2025,Dysin Mayo,CBJ,D,5on5,3,1508.0,37.0,2.13,0.0,0.0,1.0,1.0,5.0,0.09,0.0,0.0,0.0,0.0,0.0,1.0,1.42,0.95,0.6,0.71,0.71,1512.0,0.0,0.0,1.0,1.0,5.0,0.0,0.0,0.0,1.0,8.4,,,,,,,,,,,,,,,,,,,,,,,8.38,0.0,0.0,0.33,0.33,1.67,0.03,0.0,0.0,0.0,0.33,0.0,2.39,11.94,0.21,3.39,2.27,0.0,0.0,0.0,2.39,D,83.0,16.0,98.0,100.0,74.0,2.0,7.0,10.0,95.0,100.0,99.0
8482671,2025,Owen Power,BUF,D,5on5,81,87577.0,1706.0,37.75,7.0,4.0,14.0,25.0,108.0,5.11,26.0,20.0,70.0,8.0,6.0,79.0,62.52,65.1,0.49,0.52,0.51,105232.0,8.0,6.0,15.0,29.0,120.0,29.0,22.0,79.0,95.0,21.65,0.92,0.0,0.0,7.0,0.36,4.76,0.853,0.0,5.0,0.0,0.66,1.69,0.0,2.0,0.0,0.0,2.26,0.138,0.88,1.0,1.0,6.18,18.02,0.09,0.05,0.17,0.31,1.33,0.06,0.32,0.25,0.86,0.98,0.29,1.03,4.44,0.21,2.57,2.68,1.07,0.82,2.88,3.25,D,80.0,80.0,73.0,76.0,74.0,16.0,56.0,28.0,50.0,76.0,70.0
8482993,2025,Avery Hayes,PIT,R,5on5,16,10273.0,215.0,4.5,5.0,0.0,0.0,5.0,25.0,2.71,23.0,4.0,8.0,3.0,4.0,9.0,7.62,6.65,0.53,0.45,0.45,10722.0,5.0,0.0,0.0,5.0,25.0,23.0,5.0,8.0,9.0,11.17,0.13,0.0,0.0,0.0,0.0,0.0,,0.0,0.0,0.0,0.0,0.04,0.0,0.0,0.0,0.0,0.0,,0.0,0.0,1.0,0.0,10.7,0.31,0.0,0.0,0.31,1.56,0.17,1.44,0.25,0.5,0.56,1.75,1.75,8.76,0.95,2.67,2.33,8.06,1.4,2.8,3.15,F,58.0,99.0,70.0,95.0,93.0,68.0,85.0,81.0,74.0,21.0,19.0
8482157,2025,Will Cuylle,NYR,L,5on5,82,65108.0,1475.0,39.2,10.0,12.0,2.0,24.0,110.0,12.82,287.0,7.0,46.0,27.0,16.0,56.0,38.41,42.55,0.47,0.49,0.47,82937.0,20.0,15.0,3.0,38.0,157.0,302.0,9.0,56.0,68.0,16.86,1.36,4.0,8.0,26.0,5.07,13.96,0.858,4.32,9.0,0.0,1.25,1.46,0.0,0.0,6.0,0.63,1.57,0.088,0.0,0.0,1.0,8.21,13.23,0.12,0.15,0.02,0.29,1.34,0.16,3.5,0.09,0.56,0.68,0.55,1.33,6.08,0.71,2.12,2.35,15.87,0.39,2.54,3.1,F,53.0,48.0,44.0,59.0,58.0,92.0,16.0,81.0,35.0,51.0,33.0
8476468,2025,J.T. Miller,NYR,C,5on5,68,58505.0,1340.0,45.59,8.0,10.0,7.0,25.0,93.0,11.65,117.0,9.0,66.0,11.0,7.0,27.0,42.22,38.7,0.52,0.49,0.49,82194.0,17.0,17.0,19.0,53.0,144.0,123.0,15.0,84.0,34.0,20.15,2.99,5.0,17.0,31.0,7.3,32.34,0.872,5.02,3.0,1.0,1.41,1.68,0.0,1.0,5.0,0.57,0.96,0.058,0.52,0.0,4.0,8.11,14.34,0.12,0.15,0.1,0.37,1.37,0.17,1.72,0.13,0.97,0.4,0.49,1.54,5.72,0.72,2.6,2.38,7.2,0.55,4.06,1.66,F,70.0,41.0,58.0,49.0,61.0,64.0,23.0,34.0,69.0,51.0,49.0
8482159,2025,Tyson Foerster,PHI,R,5on5,29,23481.0,517.0,16.17,10.0,1.0,1.0,12.0,43.0,3.99,25.0,9.0,15.0,5.0,2.0,21.0,14.52,12.93,0.53,0.46,0.49,30098.0,13.0,2.0,2.0,17.0,61.0,27.0,11.0,17.0,25.0,17.3,2.05,1.0,2.0,15.0,1.75,11.03,0.884,2.02,2.0,1.0,1.46,1.2,0.0,0.0,0.0,0.14,0.6,0.211,0.0,1.0,0.0,3.89,13.49,0.34,0.03,0.03,0.41,1.48,0.14,0.86,0.31,0.52,0.72,1.53,1.84,6.59,0.61,2.23,1.98,3.83,1.38,2.3,3.22,F,78.0,98.0,75.0,69.0,39.0,38.0,84.0,82.0,74.0,27.0,49.0
8479705,2025,Jeffrey Viel,ANA,L,5on5,45,31215.0,709.0,15.12,3.0,4.0,2.0,9.0,58.0,7.62,120.0,8.0,28.0,24.0,17.0,20.0,27.08,24.72,0.52,0.54,0.55,32211.0,3.0,5.0,2.0,10.0,62.0,121.0,8.0,30.0,21.0,11.93,0.14,0.0,0.0,3.0,0.57,1.25,0.992,0.0,0.0,0.0,0.1,0.02,0.0,0.0,0.0,0.0,0.0,0.0,0.0,0.0,0.0,0.58,11.56,0.07,0.09,0.04,0.2,1.29,0.17,2.67,0.18,0.62,0.44,0.35,1.04,6.69,0.88,3.12,2.85,13.84,0.92,3.23,2.31,F,33.0,29.0,29.0,71.0,86.0,88.0,53.0,59.0,69.0,85.0,89.0
8481043,2025,Cole Koepke,WPG,L,5on5,66,33690.0,791.0,16.23,7.0,5.0,4.0,16.0,72.0,7.74,176.0,11.0,25.0,2.0,4.0,12.0,20.49,26.22,0.44,0.47,0.47,41416.0,8.0,5.0,4.0,17.0,86.0,186.0,14.0,30.0,19.0,10.46,0.01,0.0,0.0,0.0,0.0,0.0,,0.0,0.0,0.0,0.0,1.71,1.0,1.0,14.0,1.47,2.36,0.142,0.53,0.0,3.0,7.58,8.51,0.11,0.08,0.06,0.24,1.09,0.12,2.67,0.17,0.38,0.18,0.75,1.71,7.69,0.83,2.19,2.8,18.81,1.18,2.67,1.28,F,41.0,67.0,68.0,86.0,80.0,94.0,73.0,18.0,20.0,34.0,33.0
8480839,2025,Rasmus Dahlin,BUF,D,5on5,77,87644.0,1771.0,74.57,10.0,19.0,16.0,45.0,131.0,8.36,54.0,20.0,97.0,30.0,22.0,64.0,67.76,58.19,0.54,0.52,0.52,111738.0,19.0,26.0,29.0,74.0,195.0,67.0,32.0,115.0,79.0,24.19,3.31,6.0,21.0,49.0,2.89,30.04,0.887,4.95,8.0,6.0,0.9,0.76,0.0,0.0,2.0,0.02,0.75,0.127,0.0,2.0,1.0,5.28,18.97,0.13,0.25,0.21,0.58,1.7,0.11,0.7,0.26,1.26,0.83,0.41,1.85,5.38,0.34,2.78,2.39,2.22,0.82,3.98,2.63,D,98.0,91.0,96.0,88.0,97.0,40.0,56.0,12.0,80.0,76.0,77.0
8479390,2025,Taylor Raddysh,NYR,R,5on5,68,43211.0,966.0,14.88,8.0,6.0,3.0,17.0,45.0,6.0,48.0,11.0,22.0,6.0,3.0,33.0,24.06,28.98,0.45,0.47,0.46,48320.0,9.0,7.0,3.0,19.0,53.0,49.0,14.0,25.0,40.0,11.84,0.35,0.0,1.0,2.0,0.48,2.37,0.743,2.5,3.0,0.0,2.05,0.76,1.0,1.0,6.0,0.76,1.38,0.153,1.16,0.0,3.0,8.86,10.59,0.12,0.09,0.04,0.25,0.66,0.09,0.71,0.16,0.32,0.49,0.67,1.42,3.75,0.5,2.0,2.41,4.0,0.92,1.83,2.75,F,45.0,59.0,50.0,11.0,21.0,39.0,53.0,75.0,24.0,34.0,25.0
8477488,2025,Brett Pesce,NJD,D,5on5,37,37950.0,750.0,12.72,1.0,4.0,2.0,7.0,45.0,2.27,10.0,12.0,20.0,3.0,4.0,54.0,26.96,27.96,0.49,0.52,0.52,45077.0,1.0,4.0,2.0,7.0,45.0,11.0,16.0,23.0,80.0,20.3,0.1,0.0,0.0,0.0,0.0,0.2,0.952,0.0,7.0,0.0,0.17,2.38,0.0,0.0,0.0,0.0,1.3,0.137,0.0,0.0,4.0,5.57,17.09,0.03,0.11,0.05,0.19,1.22,0.06,0.27,0.32,0.54,1.46,0.09,0.66,4.27,0.22,2.56,2.65,0.95,1.14,1.9,5.12,D,47.0,40.0,38.0,73.0,78.0,12.0,82.0,79.0,50.0,76.0,77.0
8480831,2025,Alec Regula,EDM,D,5on5,29,23506.0,480.0,-0.5,0.0,1.0,2.0,3.0,18.0,0.67,14.0,7.0,26.0,10.0,2.0,39.0,17.1,16.13,0.51,0.47,0.49,25176.0,0.0,1.0,2.0,3.0,18.0,15.0,7.0,28.0,44.0,14.47,0.01,0.0,0.0,0.0,0.0,0.02,1.0,0.0,0.0,0.0,0.0,0.79,0.0,0.0,0.0,0.0,0.9,0.188,0.0,0.0,0.0,10.19,13.51,0.0,0.03,0.07,0.1,0.62,0.02,0.48,0.24,0.9,1.34,0.0,0.46,2.76,0.1,2.62,2.47,2.14,1.07,3.98,5.97,D,22.0,16.0,23.0,22.0,18.0,38.0,76.0,92.0,66.0,36.0,52.0
8476875,2025,Mike Matheson,MTL,D,5on5,78,88264.0,1639.0,29.25,5.0,10.0,14.0,29.0,99.0,4.13,49.0,19.0,83.0,14.0,12.0,98.0,57.5,71.14,0.45,0.46,0.47,113085.0,7.0,13.0,17.0,37.0,114.0,59.0,24.0,94.0,150.0,24.16,0.29,0.0,1.0,1.0,0.02,3.19,0.867,2.67,34.0,0.0,1.31,3.78,0.0,1.0,6.0,0.18,4.88,0.109,0.2,0.0,4.0,8.09,18.86,0.06,0.13,0.18,0.37,1.27,0.05,0.63,0.24,1.06,1.26,0.2,1.18,4.04,0.17,2.35,2.9,2.0,0.77,3.39,4.0,D,88.0,65.0,84.0,67.0,57.0,36.0,50.0,52.0,24.0,28.0,34.0
8476905,2025,Chandler Stephenson,SEA,C,5on5,80,67419.0,1494.0,20.08,8.0,10.0,7.0,25.0,54.0,4.38,17.0,22.0,54.0,6.0,11.0,41.0,32.22,57.05,0.36,0.4,0.4,93032.0,16.0,14.0,19.0,49.0,93.0,20.0,32.0,67.0,56.0,19.38,2.52,6.0,16.0,21.0,3.07,25.97,0.884,4.77,8.0,2.0,1.02,1.72,0.0,1.0,5.0,0.45,0.77,0.041,0.44,2.0,5.0,7.79,14.05,0.1,0.12,0.09,0.31,0.68,0.05,0.21,0.28,0.68,0.51,0.43,1.33,2.88,0.23,1.72,3.05,0.91,1.17,2.88,2.19,F,58.0,36.0,44.0,5.0,5.0,6.0,72.0,55.0,6.0,7.0,7.0
8477987,2025,Ryan Donato,CHI,C,5on5,81,62731.0,1305.0,23.76,12.0,9.0,5.0,26.0,89.0,11.12,75.0,26.0,47.0,15.0,20.0,21.0,36.87,47.39,0.44,0.47,0.46,71586.0,15.0,9.0,6.0,30.0,122.0,78.0,26.0,57.0,21.0,14.73,1.38,1.0,2.0,24.0,3.19,11.76,0.919,1.07,0.0,0.0,0.55,0.0,0.0,0.0,0.0,0.0,0.0,,0.0,0.0,0.0,0.0,12.91,0.15,0.11,0.06,0.32,1.1,0.14,0.93,0.32,0.58,0.26,0.69,1.49,5.11,0.64,2.12,2.72,4.3,1.49,2.7,1.21,F,60.0,61.0,54.0,35.0,45.0,42.0,89.0,16.0,20.0,34.0,25.0
8479542,2025,Brandon Hagel,TBL,L,5on5,71,60536.0,1213.0,92.49,23.0,18.0,8.0,49.0,146.0,18.58,37.0,20.0,56.0,23.0,24.0,23.0,61.17,40.64,0.6,0.58,0.58,84178.0,36.0,26.0,12.0,74.0,214.0,42.0,35.0,75.0,38.0,19.76,2.09,4.0,9.0,29.0,3.12,16.08,0.915,3.65,10.0,2.0,0.6,2.15,1.0,1.0,11.0,0.74,1.56,0.075,0.39,0.0,8.0,7.62,14.21,0.32,0.25,0.11,0.69,2.06,0.26,0.52,0.28,0.79,0.32,1.37,2.91,8.68,1.1,3.64,2.42,2.2,1.19,3.33,1.37,F,98.0,97.0,98.0,94.0,97.0,21.0,74.0,22.0,97.0,95.0,95.0
8480326,2025,Sheldon Dries,DET,C,5on5,5,1865.0,46.0,-0.73,0.0,0.0,0.0,0.0,2.0,0.19,7.0,3.0,1.0,0.0,1.0,3.0,0.52,1.69,0.24,0.28,0.31,2092.0,0.0,0.0,0.0,0.0,2.0,8.0,3.0,1.0,3.0,6.97,0.08,0.0,0.0,0.0,0.0,0.0,,0.0,0.0,0.0,0.0,0.65,0.0,0.0,0.0,0.0,0.09,0.231,0.0,0.0,0.0,5.51,6.22,0.0,0.0,0.0,0.0,0.4,0.04,1.4,0.6,0.2,0.6,0.0,0.0,3.86,0.37,1.0,3.26,13.51,5.79,1.93,5.79,F,5.0,9.0,5.0,12.0,11.0,87.0,100.0,99.0,2.0,1.0,2.0
8479421,2025,Jacob Moverare,LAK,D,5on5,15,7880.0,170.0,2.92,0.0,0.0,0.0,0.0,7.0,0.14,3.0,2.0,6.0,0.0,0.0,12.0,6.84,4.42,0.61,0.58,0.59,7902.0,0.0,0.0,0.0,0.0,7.0,3.0,2.0,6.0,12.0,8.78,0.01,0.0,0.0,0.0,0.0,0.0,,0.0,0.0,0.0,0.0,0.01,0.0,0.0,0.0,0.0,0.0,,0.0,0.0,0.0,0.0,8.76,0.0,0.0,0.0,0.0,0.47,0.01,0.2,0.13,0.4,0.8,0.0,0.0,3.2,0.06,3.12,2.02,1.37,0.91,2.74,5.48,D,7.0,16.0,7.0,37.0,8.0,23.0,66.0,86.0,97.0,95.0,97.0
8476455,2025,Gabriel Landeskog,COL,L,5on5,60,48171.0,1039.0,46.29,11.0,4.0,9.0,24.0,108.0,13.01,80.0,13.0,39.0,20.0,12.0,32.0,42.86,33.1,0.56,0.56,0.55,59089.0,14.0,7.0,14.0,35.0,132.0,86.0,15.0,41.0,32.0,16.41,2.31,2.0,4.0,19.0,1.68,13.59,0.84,1.73,0.0,1.0,1.12,0.02,0.0,0.0,0.0,0.0,0.01,0.018,0.0,0.0,0.0,21.6,13.38,0.18,0.07,0.15,0.4,1.8,0.22,1.33,0.22,0.65,0.53,0.82,1.79,8.07,0.97,3.2,2.47,5.98,0.97,2.91,2.39,F,76.0,75.0,73.0,91.0,94.0,56.0,59.0,63.0,88.0,91.0,89.0
8482703,2025,Colton Dach,EDM,C,5on5,61,38767.0,888.0,9.91,4.0,4.0,3.0,11.0,54.0,6.91,219.0,14.0,28.0,15.0,15.0,27.0,21.12,26.89,0.44,0.47,0.47,42009.0,5.0,4.0,4.0,13.0,58.0,219.0,14.0,31.0,29.0,11.48,0.73,1.0,2.0,4.0,0.65,3.24,0.8,2.71,0.0,0.0,1.1,0.02,0.0,0.0,0.0,0.0,0.0,0.0,0.0,0.0,0.0,4.5,10.59,0.07,0.07,0.05,0.18,0.89,0.11,3.59,0.23,0.46,0.44,0.37,1.02,5.01,0.64,1.96,2.5,20.34,1.3,2.6,2.51,F,29.0,31.0,28.0,32.0,45.0,96.0,80.0,68.0,20.0,34.0,33.0
8478403,2025,Jack Eichel,VGK,C,5on5,74,67512.0,1311.0,93.35,21.0,16.0,10.0,47.0,173.0,14.91,31.0,18.0,96.0,7.0,16.0,31.0,55.04,39.41,0.58,0.54,0.55,94132.0,27.0,30.0,33.0,90.0,260.0,35.0,28.0,120.0,40.0,21.2,3.45,1.0,26.0,44.0,3.03,37.63,0.918,6.11,6.0,3.0,0.79,1.27,1.0,3.0,10.0,1.11,1.85,0.166,1.92,0.0,3.0,5.95,15.21,0.28,0.22,0.14,0.64,2.34,0.2,0.42,0.24,1.3,0.42,1.12,2.51,9.23,0.8,2.93,2.1,1.65,0.96,5.12,1.65,F,97.0,93.0,95.0,96.0,76.0,15.0,57.0,34.0,94.0,85.0,89.0
8477346,2025,MacKenzie Weegar,UTA,D,5on5,79,84813.0,1978.0,36.85,4.0,10.0,7.0,21.0,121.0,4.09,148.0,27.0,111.0,20.0,5.0,152.0,57.61,63.79,0.47,0.52,0.52,106471.0,4.0,13.0,11.0,28.0,154.0,167.0,32.0,124.0,175.0,22.46,1.89,0.0,6.0,25.0,0.76,13.44,0.877,2.42,10.0,3.0,0.76,1.68,0.0,1.0,2.0,0.03,2.07,0.115,0.45,2.0,1.0,7.19,17.89,0.05,0.13,0.09,0.27,1.53,0.05,1.87,0.34,1.41,1.92,0.17,0.89,5.14,0.17,2.45,2.71,6.28,1.15,4.71,6.45,D,70.0,57.0,63.0,87.0,57.0,86.0,83.0,95.0,38.0,76.0,77.0
8483499,2025,Liam Ohgren,VAN,L,5on5,69,50222.0,1066.0,7.55,8.0,6.0,3.0,17.0,84.0,6.76,69.0,13.0,40.0,1.0,7.0,37.0,23.48,41.15,0.36,0.42,0.4,54526.0,8.0,7.0,3.0,18.0,87.0,69.0,16.0,43.0,41.0,13.17,0.33,0.0,0.0,1.0,0.22,1.46,0.936,0.0,2.0,0.0,0.27,0.45,0.0,1.0,1.0,0.15,0.75,0.214,1.94,0.0,1.0,5.33,12.13,0.12,0.09,0.04,0.25,1.22,0.1,1.0,0.19,0.58,0.54,0.57,1.22,6.02,0.48,1.68,2.95,4.95,0.93,2.87,2.65,F,45.0,49.0,36.0,58.0,18.0,47.0,55.0,71.0,6.0,9.0,7.0
8479387,2025,Keaton Middleton,COL,D,5on5,3,1881.0,36.0,0.1,0.0,0.0,1.0,1.0,0.0,0.0,6.0,0.0,1.0,2.0,1.0,1.0,0.74,1.96,0.27,0.45,0.31,1936.0,0.0,0.0,1.0,1.0,0.0,6.0,0.0,1.0,1.0,10.76,,,,,,,,,,,,0.22,0.0,0.0,0.0,0.0,0.0,,0.0,0.0,0.0,0.0,10.45,0.0,0.0,0.33,0.33,0.0,0.0,2.0,0.0,0.33,0.33,0.0,1.91,0.0,0.0,1.42,3.75,11.48,0.0,1.91,1.91,D,83.0,16.0,97.0,2.0,2.0,98.0,7.0,4.0,2.0,20.0,3.0
8476907,2025,Mackenzie MacEachern,VAN,L,5on5,8,4846.0,122.0,2.5,1.0,3.0,0.0,4.0,6.0,0.61,10.0,1.0,3.0,1.0,1.0,6.0,2.13,3.78,0.36,0.43,0.41,4888.0,1.0,3.0,0.0,4.0,6.0,10.0,1.0,3.0,6.0,10.18,,,,,,,,,,,,0.04,0.0,0.0,0.0,0.0,0.0,,0.0,0.0,0.0,0.0,10.1,0.12,0.38,0.0,0.5,0.75,0.08,1.25,0.12,0.38,0.75,0.74,2.97,4.46,0.45,1.58,2.81,7.43,0.74,2.23,4.46,F,90.0,66.0,99.0,20.0,16.0,65.0,37.0,94.0,6.0,12.0,8.0
8475324,2025,Nick Jensen,OTT,D,5on5,61,57526.0,1328.0,12.85,4.0,5.0,8.0,17.0,33.0,1.91,35.0,10.0,48.0,3.0,3.0,62.0,40.93,39.21,0.51,0.48,0.48,62252.0,4.0,5.0,8.0,17.0,36.0,38.0,11.0,51.0,65.0,17.01,0.05,0.0,0.0,1.0,0.01,0.22,0.88,0.0,0.0,0.0,0.57,0.76,0.0,0.0,0.0,0.0,1.0,0.154,0.0,0.0,1.0,7.15,15.72,0.07,0.08,0.13,0.28,0.54,0.03,0.57,0.16,0.79,1.02,0.25,1.06,2.07,0.12,2.56,2.45,2.19,0.63,3.0,3.88,D,73.0,74.0,75.0,8.0,27.0,39.0,36.0,49.0,66.0,44.0,42.0
8477495,2025,Seth Jones,FLA,D,5on5,52,52657.0,1095.0,32.9,1.0,5.0,7.0,13.0,49.0,2.1,40.0,9.0,43.0,6.0,6.0,44.0,38.35,37.69,0.5,0.51,0.51,73938.0,7.0,11.0,14.0,32.0,88.0,47.0,13.0,66.0,61.0,23.7,3.42,5.0,16.0,29.0,3.26,27.0,0.955,5.39,6.0,2.0,0.43,2.13,0.0,0.0,2.0,0.04,2.92,0.26,0.0,1.0,2.0,4.51,16.88,0.02,0.1,0.13,0.25,0.94,0.04,0.77,0.17,0.83,0.85,0.07,0.89,3.35,0.14,2.62,2.58,2.73,0.62,2.94,3.01,D,66.0,34.0,63.0,44.0,39.0,47.0,34.0,22.0,59.0,70.0,70.0
8482516,2025,Matthew Kessel,STL,D,5on5,29,20785.0,461.0,2.8,2.0,1.0,0.0,3.0,20.0,0.95,21.0,1.0,15.0,5.0,4.0,24.0,10.97,13.53,0.45,0.46,0.47,21814.0,2.0,1.0,0.0,3.0,20.0,22.0,1.0,15.0,26.0,12.54,0.0,0.0,0.0,0.0,0.0,0.0,,0.0,0.0,0.0,0.0,0.4,0.0,0.0,0.0,0.0,0.05,0.167,0.0,0.0,0.0,1.28,11.95,0.07,0.03,0.0,0.1,0.69,0.03,0.72,0.03,0.52,0.83,0.35,0.52,3.46,0.16,1.9,2.34,3.64,0.17,2.6,4.16,D,22.0,86.0,28.0,47.0,51.0,59.0,14.0,57.0,24.0,28.0,34.0
8482667,2025,William Eklund,SJS,L,5on5,78,67925.0,1311.0,51.13,11.0,12.0,8.0,31.0,128.0,13.66,70.0,14.0,58.0,13.0,21.0,48.0,47.4,49.57,0.49,0.5,0.49,86771.0,15.0,26.0,12.0,53.0,177.0,72.0,18.0,66.0,51.0,18.54,2.7,2.0,11.0,34.0,5.31,25.56,0.89,3.13,1.0,2.0,0.9,0.4,0.0,0.0,3.0,0.42,0.53,0.155,0.0,0.0,0.0,5.57,14.51,0.14,0.15,0.1,0.4,1.64,0.18,0.9,0.18,0.74,0.62,0.58,1.64,6.78,0.72,2.51,2.63,3.71,0.74,3.07,2.54,F,76.0,51.0,64.0,73.0,61.0,37.0,37.0,69.0,48.0,61.0,49.0
8474641,2025,Adam Henrique,EDM,C,5on5,65,42166.0,923.0,16.32,2.0,7.0,0.0,9.0,75.0,7.55,33.0,13.0,33.0,6.0,3.0,66.0,24.51,25.03,0.49,0.48,0.5,51626.0,3.0,10.0,2.0,15.0,91.0,34.0,14.0,36.0,75.0,13.24,0.58,0.0,2.0,7.0,1.04,3.84,0.93,3.2,5.0,0.0,0.46,1.6,0.0,2.0,7.0,0.78,1.42,0.102,1.15,0.0,1.0,7.16,10.81,0.03,0.11,0.0,0.14,1.15,0.12,0.51,0.2,0.51,1.02,0.17,0.77,6.4,0.64,2.09,2.14,2.82,1.11,2.82,5.63,F,21.0,19.0,19.0,66.0,45.0,28.0,69.0,98.0,48.0,42.0,58.0
8482062,2025,Cole Smith,VGK,R,5on5,63,41873.0,942.0,13.54,4.0,1.0,1.0,6.0,57.0,8.54,161.0,10.0,20.0,16.0,11.0,14.0,27.15,26.08,0.51,0.52,0.52,50205.0,8.0,3.0,1.0,12.0,69.0,173.0,14.0,21.0,18.0,13.28,0.03,0.0,0.0,0.0,0.0,0.0,0.0,0.0,0.0,0.0,0.59,1.89,0.0,1.0,6.0,0.34,0.98,0.052,0.5,0.0,4.0,8.91,11.08,0.06,0.02,0.02,0.1,0.9,0.14,2.56,0.16,0.32,0.22,0.34,0.52,4.9,0.73,2.33,2.24,13.84,0.86,1.72,1.2,F,15.0,28.0,14.0,29.0,64.0,88.0,47.0,16.0,63.0,74.0,73.0
8480849,2025,Barrett Hayton,UTA,C,5on5,67,50301.0,1166.0,33.03,3.0,5.0,6.0,14.0,92.0,12.01,30.0,10.0,38.0,17.0,14.0,26.0,39.02,29.96,0.57,0.54,0.54,60794.0,10.0,7.0,8.0,25.0,119.0,34.0,13.0,40.0,29.0,15.12,1.96,4.0,5.0,23.0,4.09,17.42,0.939,2.28,0.0,3.0,0.52,0.17,0.0,0.0,0.0,0.0,0.01,0.016,0.0,1.0,0.0,3.2,12.51,0.04,0.07,0.09,0.21,1.37,0.18,0.45,0.15,0.57,0.39,0.21,1.0,6.58,0.86,2.79,2.14,2.15,0.72,2.72,1.86,F,35.0,20.0,27.0,69.0,84.0,20.0,36.0,42.0,92.0,85.0,85.0
8470621,2025,Corey Perry,TBL,R,5on5,72,46777.0,969.0,36.1,9.0,7.0,5.0,21.0,76.0,8.09,30.0,5.0,37.0,21.0,19.0,18.0,29.62,29.88,0.5,0.5,0.49,59058.0,17.0,12.0,8.0,37.0,113.0,30.0,6.0,49.0,20.0,13.67,2.13,4.0,12.0,26.0,5.22,16.42,0.827,4.69,0.0,0.0,1.34,0.0,0.0,0.0,0.0,0.0,0.0,,0.0,0.0,0.0,0.0,10.83,0.12,0.1,0.07,0.29,1.06,0.11,0.42,0.07,0.51,0.25,0.69,1.62,5.85,0.62,2.28,2.3,2.31,0.38,2.85,1.39,F,53.0,61.0,63.0,54.0,41.0,21.0,16.0,24.0,55.0,61.0,49.0
8478498,2025,Jake DeBrusk,VAN,L,5on5,81,59681.0,1340.0,35.33,3.0,7.0,5.0,15.0,121.0,12.79,60.0,9.0,41.0,5.0,4.0,31.0,38.06,44.97,0.46,0.45,0.45,81961.0,23.0,10.0,9.0,42.0,219.0,66.0,11.0,44.0,34.0,16.86,2.85,19.0,24.0,70.0,16.92,34.27,0.905,6.23,2.0,0.0,0.93,0.7,0.0,0.0,5.0,0.47,0.58,0.072,0.0,0.0,0.0,7.9,12.28,0.04,0.09,0.06,0.19,1.49,0.16,0.74,0.11,0.51,0.38,0.18,0.9,7.3,0.77,2.3,2.71,3.62,0.54,2.47,1.87,F,31.0,19.0,23.0,82.0,71.0,36.0,23.0,43.0,29.0,21.0,19.0
8480842,2025,Filip Hallander,PIT,C,5on5,13,9182.0,197.0,4.68,0.0,2.0,1.0,3.0,21.0,3.26,3.0,2.0,12.0,1.0,3.0,5.0,8.31,8.16,0.5,0.48,0.46,10251.0,1.0,2.0,1.0,4.0,22.0,3.0,2.0,12.0,5.0,13.14,0.34,0.0,0.0,0.0,0.0,0.57,1.0,0.0,0.0,0.0,0.0,1.0,1.0,1.0,1.0,0.12,0.22,0.253,4.62,0.0,0.0,3.0,11.77,0.0,0.15,0.08,0.23,1.62,0.25,0.23,0.15,0.92,0.38,0.0,1.18,8.23,1.28,3.26,3.2,1.18,0.78,4.7,1.96,F,39.0,9.0,34.0,92.0,99.0,10.0,41.0,46.0,55.0,42.0,25.0
8477839,2025,Conor Sheary,NYR,L,5on5,62,46840.0,1038.0,20.24,6.0,4.0,5.0,15.0,68.0,8.43,22.0,17.0,41.0,7.0,11.0,30.0,32.1,30.67,0.51,0.5,0.49,52443.0,7.0,5.0,6.0,18.0,81.0,22.0,18.0,42.0,36.0,14.1,0.88,0.0,2.0,8.0,0.6,5.27,0.788,2.2,4.0,0.0,1.56,0.56,1.0,1.0,4.0,0.17,0.54,0.098,1.74,0.0,1.0,8.66,12.59,0.1,0.06,0.08,0.24,1.1,0.14,0.35,0.27,0.66,0.48,0.46,1.15,5.23,0.65,2.47,2.36,1.69,1.31,3.15,2.31,F,41.0,38.0,32.0,38.0,47.0,15.0,80.0,59.0,63.0,61.0,49.0
8480058,2025,Pierre-Olivier Joseph,VAN,D,5on5,31,23495.0,564.0,3.55,1.0,2.0,3.0,6.0,22.0,1.05,18.0,9.0,23.0,4.0,1.0,27.0,16.29,16.34,0.5,0.49,0.5,24747.0,1.0,2.0,3.0,6.0,22.0,18.0,9.0,25.0,28.0,13.3,0.04,0.0,0.0,0.0,0.0,0.01,1.0,0.0,0.0,0.0,0.0,0.46,0.0,0.0,0.0,0.0,0.08,0.042,0.0,0.0,0.0,7.63,12.63,0.03,0.06,0.1,0.19,0.71,0.03,0.58,0.29,0.74,0.87,0.15,0.92,3.37,0.16,2.5,2.5,2.76,1.38,3.52,4.14,D,47.0,53.0,66.0,45.0,51.0,48.0,91.0,55.0,59.0,53.0,62.0
8484221,2025,Calum Ritchie,NYI,C,5on5,65,41814.0,920.0,19.28,8.0,6.0,2.0,16.0,55.0,7.22,17.0,9.0,47.0,9.0,7.0,33.0,26.54,33.25,0.44,0.45,0.45,52518.0,13.0,14.0,3.0,30.0,80.0,17.0,9.0,54.0,34.0,13.47,1.97,4.0,9.0,20.0,5.42,16.61,0.908,4.22,0.0,0.0,0.79,,,,,,,,,,,,10.72,0.12,0.09,0.03,0.25,0.85,0.11,0.26,0.14,0.72,0.51,0.69,1.38,4.74,0.62,2.28,2.86,1.46,0.77,4.05,2.84,F,45.0,61.0,47.0,25.0,41.0,13.0,40.0,77.0,20.0,21.0,19.0
8481068,2025,Yegor Sharangovich,CGY,C,5on5,78,60017.0,1264.0,29.77,9.0,6.0,4.0,19.0,105.0,10.3,19.0,15.0,50.0,4.0,8.0,27.0,39.39,47.35,0.45,0.49,0.49,75086.0,15.0,9.0,5.0,29.0,142.0,21.0,18.0,55.0,31.0,16.04,1.5,4.0,6.0,24.0,4.2,11.35,0.846,3.08,1.0,1.0,1.06,0.94,1.0,1.0,9.0,1.21,2.03,0.182,0.81,0.0,2.0,7.42,12.82,0.12,0.08,0.05,0.24,1.35,0.13,0.24,0.19,0.64,0.35,0.54,1.14,6.3,0.62,2.36,2.84,1.14,0.9,3.0,1.62,F,41.0,47.0,32.0,64.0,41.0,9.0,51.0,33.0,24.0,51.0,49.0
8483487,2025,Rutger McGroarty,PIT,R,5on5,24,16311.0,356.0,10.92,3.0,1.0,2.0,6.0,36.0,4.15,26.0,4.0,14.0,2.0,7.0,8.0,11.57,10.01,0.54,0.57,0.57,17224.0,3.0,1.0,2.0,6.0,37.0,26.0,4.0,15.0,8.0,11.96,0.17,0.0,0.0,0.0,0.0,0.04,0.308,0.0,0.0,0.0,1.36,0.24,0.0,0.0,0.0,0.0,0.0,0.0,0.0,0.0,0.0,3.53,11.33,0.12,0.04,0.08,0.25,1.5,0.17,1.08,0.17,0.58,0.33,0.66,1.32,7.95,0.92,2.55,2.21,5.74,0.88,3.09,1.77,F,45.0,58.0,43.0,90.0,91.0,54.0,49.0,37.0,80.0,93.0,94.0
8482673,2025,Xavier Bourgault,OTT,R,5on5,2,715.0,18.0,0.38,0.0,0.0,0.0,0.0,3.0,0.41,3.0,0.0,1.0,0.0,0.0,0.0,1.08,0.52,0.68,0.63,0.6,715.0,0.0,0.0,0.0,0.0,3.0,3.0,0.0,1.0,0.0,5.96,,,,,,,,,,,,,,,,,,,,,,,5.96,0.0,0.0,0.0,0.0,1.5,0.2,1.5,0.0,0.5,0.0,0.0,0.0,15.1,2.06,5.44,2.62,15.1,0.0,5.03,0.0,F,5.0,9.0,5.0,100.0,100.0,90.0,6.0,2.0,99.0,100.0,98.0
8476454,2025,Ryan Nugent-Hopkins,EDM,C,5on5,72,57941.0,1183.0,46.03,8.0,10.0,4.0,22.0,84.0,9.51,22.0,12.0,33.0,8.0,5.0,23.0,47.37,42.21,0.53,0.49,0.49,82351.0,20.0,21.0,15.0,56.0,133.0,25.0,14.0,42.0,31.0,19.06,3.37,11.0,28.0,35.0,5.83,44.36,0.917,6.91,3.0,1.0,0.99,1.26,0.0,1.0,8.0,0.77,1.65,0.095,0.66,2.0,1.0,10.43,13.41,0.11,0.14,0.06,0.31,1.17,0.13,0.31,0.17,0.46,0.32,0.5,1.37,5.22,0.59,2.94,2.62,1.37,0.75,2.05,1.43,F,58.0,42.0,46.0,38.0,34.0,11.0,39.0,25.0,74.0,51.0,49.0
8480797,2025,Joel Farabee,CGY,L,5on5,82,65084.0,1417.0,39.8,14.0,8.0,6.0,28.0,114.0,12.63,48.0,20.0,61.0,9.0,13.0,39.0,46.21,45.8,0.5,0.5,0.5,83233.0,20.0,11.0,7.0,38.0,142.0,49.0,23.0,70.0,52.0,16.92,1.07,1.0,3.0,12.0,1.4,6.44,0.877,2.05,5.0,0.0,0.61,1.91,3.0,4.0,12.0,1.1,2.83,0.118,1.53,0.0,3.0,8.11,13.23,0.17,0.1,0.07,0.34,1.39,0.15,0.59,0.24,0.74,0.48,0.77,1.55,6.31,0.7,2.56,2.53,2.66,1.11,3.37,2.16,F,65.0,69.0,59.0,64.0,56.0,26.0,69.0,54.0,55.0,61.0,58.0
8479336,2025,Carl Grundstrom,PHI,R,5on5,47,30871.0,688.0,11.59,8.0,0.0,3.0,11.0,51.0,6.29,139.0,7.0,20.0,8.0,7.0,20.0,17.05,18.85,0.47,0.46,0.46,33421.0,9.0,1.0,3.0,13.0,56.0,139.0,7.0,21.0,23.0,11.85,0.03,0.0,0.0,0.0,0.0,0.0,,0.0,1.0,0.0,0.0,0.73,0.0,1.0,2.0,0.39,0.74,0.177,1.75,0.0,0.0,6.02,10.95,0.17,0.0,0.06,0.23,1.09,0.13,2.96,0.15,0.43,0.43,0.93,1.28,5.95,0.73,1.99,2.2,16.21,0.82,2.33,2.33,F,39.0,82.0,40.0,57.0,64.0,92.0,45.0,61.0,35.0,27.0,25.0
8476456,2025,Jonathan Huberdeau,CGY,L,5on5,50,40047.0,915.0,27.7,6.0,8.0,2.0,16.0,57.0,7.5,26.0,6.0,46.0,13.0,13.0,23.0,28.94,27.61,0.51,0.53,0.52,54394.0,10.0,9.0,6.0,25.0,83.0,30.0,9.0,58.0,30.0,18.13,2.79,3.0,5.0,19.0,2.66,14.93,0.815,2.15,4.0,0.0,1.46,0.95,0.0,0.0,1.0,0.39,0.83,0.157,0.0,0.0,2.0,5.63,13.35,0.12,0.16,0.04,0.32,1.14,0.15,0.52,0.12,0.92,0.46,0.54,1.44,5.12,0.67,2.6,2.48,2.34,0.54,4.14,2.07,F,60.0,47.0,51.0,35.0,51.0,22.0,23.0,50.0,63.0,81.0,73.0
8481596,2025,Shane Pinto,OTT,C,5on5,72,58932.0,1389.0,46.95,12.0,10.0,7.0,29.0,107.0,14.44,84.0,17.0,42.0,16.0,14.0,38.0,43.85,33.22,0.57,0.5,0.52,80835.0,23.0,16.0,7.0,46.0,157.0,94.0,25.0,53.0,50.0,18.71,1.76,5.0,5.0,27.0,4.24,11.21,0.892,2.37,5.0,1.0,0.65,2.13,1.0,3.0,10.0,1.4,2.86,0.157,1.17,0.0,4.0,5.99,13.64,0.17,0.14,0.1,0.4,1.49,0.2,1.17,0.24,0.58,0.53,0.73,1.77,6.54,0.88,2.68,2.03,5.13,1.04,2.57,2.32,F,76.0,64.0,71.0,69.0,86.0,49.0,65.0,60.0,92.0,61.0,73.0
8481006,2025,Tyler Tucker,STL,D,5on5,69,54489.0,1191.0,18.15,3.0,6.0,8.0,17.0,67.0,3.44,98.0,13.0,57.0,23.0,21.0,44.0,37.43,35.8,0.51,0.51,0.5,59452.0,3.0,6.0,8.0,17.0,68.0,100.0,13.0,58.0,51.0,14.36,0.03,0.0,0.0,0.0,0.0,0.02,1.0,0.0,0.0,0.0,0.0,1.07,0.0,0.0,1.0,0.01,0.59,0.055,0.0,0.0,0.0,8.22,13.16,0.04,0.09,0.12,0.25,0.97,0.05,1.42,0.19,0.83,0.64,0.2,1.12,4.43,0.23,2.47,2.37,6.47,0.86,3.77,2.91,D,66.0,65.0,79.0,75.0,81.0,88.0,60.0,18.0,66.0,70.0,62.0
8470613,2025,Brent Burns,COL,D,5on5,82,76599.0,1639.0,59.7,12.0,13.0,9.0,34.0,158.0,6.12,19.0,14.0,83.0,14.0,7.0,68.0,67.06,51.48,0.57,0.56,0.55,92871.0,12.0,13.0,10.0,35.0,172.0,20.0,18.0,102.0,91.0,18.88,0.63,0.0,1.0,7.0,0.49,3.93,0.693,1.17,14.0,1.0,2.04,2.13,0.0,0.0,4.0,0.07,2.19,0.103,0.0,0.0,2.0,6.55,15.57,0.15,0.16,0.11,0.41,1.93,0.07,0.23,0.17,1.01,0.83,0.56,1.6,7.43,0.29,3.15,2.42,0.89,0.66,3.9,3.2,D,92.0,97.0,94.0,99.0,93.0,11.0,38.0,26.0,91.0,92.0,90.0
8476399,2025,Blake Coleman,CGY,L,5on5,69,54878.0,1233.0,43.31,16.0,8.0,4.0,28.0,140.0,13.58,144.0,18.0,54.0,19.0,15.0,34.0,38.64,36.61,0.51,0.52,0.52,71741.0,20.0,9.0,6.0,35.0,176.0,152.0,27.0,62.0,48.0,17.33,1.25,0.0,1.0,14.0,1.69,7.74,0.869,0.7,9.0,1.0,0.81,2.09,4.0,4.0,15.0,1.92,3.38,0.166,1.66,0.0,7.0,7.07,13.26,0.23,0.12,0.06,0.41,2.03,0.2,2.09,0.26,0.78,0.49,1.05,1.84,9.18,0.89,2.53,2.4,9.45,1.18,3.54,2.23,F,78.0,89.0,75.0,96.0,88.0,73.0,73.0,56.0,63.0,74.0,73.0
8481599,2025,Victor Soderstrom,BOS,D,5on5,8,6508.0,132.0,0.75,0.0,0.0,1.0,1.0,8.0,0.2,1.0,2.0,11.0,0.0,0.0,10.0,3.85,5.01,0.43,0.43,0.44,6565.0,0.0,0.0,1.0,1.0,8.0,1.0,2.0,11.0,10.0,13.68,0.06,0.0,0.0,0.0,0.0,0.03,1.0,0.0,0.0,0.0,0.0,0.05,0.0,0.0,0.0,0.0,0.0,0.0,0.0,0.0,0.0,3.27,13.56,0.0,0.0,0.12,0.12,1.0,0.02,0.12,0.25,1.38,1.25,0.0,0.55,4.43,0.11,2.13,2.77,0.55,1.11,6.08,5.53,D,27.0,16.0,30.0,75.0,22.0,7.0,81.0,86.0,16.0,13.0,16.0
8476393,2025,Nick Cousins,OTT,C,5on5,81,54959.0,1390.0,27.26,9.0,6.0,8.0,23.0,79.0,9.79,169.0,17.0,47.0,28.0,22.0,41.0,38.5,30.39,0.56,0.52,0.53,55518.0,9.0,6.0,8.0,23.0,79.0,169.0,17.0,47.0,41.0,11.42,0.05,0.0,0.0,0.0,0.0,0.02,0.667,0.0,0.0,0.0,0.14,0.0,0.0,0.0,0.0,0.0,0.0,,0.0,0.0,0.0,0.0,11.31,0.11,0.07,0.1,0.28,0.98,0.12,2.09,0.21,0.58,0.51,0.59,1.51,5.17,0.64,2.52,1.99,11.07,1.11,3.08,2.69,F,50.0,52.0,56.0,36.0,45.0,79.0,69.0,73.0,88.0,74.0,80.0
8484153,2025,Leo Carlsson,ANA,C,5on5,70,58715.0,1249.0,75.32,18.0,9.0,6.0,33.0,127.0,14.09,13.0,25.0,59.0,6.0,20.0,25.0,49.84,40.8,0.55,0.56,0.56,80431.0,29.0,23.0,15.0,67.0,193.0,14.0,34.0,78.0,29.0,19.15,3.22,4.0,16.0,48.0,5.4,30.15,0.863,4.26,3.0,4.0,1.27,0.83,2.0,3.0,6.0,0.42,1.75,0.158,3.08,0.0,1.0,9.6,13.98,0.26,0.13,0.09,0.47,1.81,0.2,0.19,0.36,0.84,0.36,1.1,2.02,7.79,0.86,3.06,2.5,0.8,1.53,3.62,1.53,F,86.0,92.0,82.0,88.0,84.0,5.0,90.0,29.0,84.0,91.0,92.0
8476856,2025,Mathew Dumba,PIT,D,5on5,11,9705.0,192.0,1.03,1.0,1.0,1.0,3.0,7.0,0.34,16.0,6.0,8.0,4.0,2.0,10.0,5.54,6.64,0.45,0.46,0.48,9858.0,1.0,1.0,1.0,3.0,7.0,16.0,6.0,8.0,12.0,14.94,0.01,0.0,0.0,0.0,0.0,0.0,,0.0,0.0,0.0,0.0,0.1,0.0,0.0,0.0,0.0,0.01,0.042,0.0,0.0,0.0,12.18,14.7,0.09,0.09,0.09,0.27,0.64,0.03,1.45,0.55,0.73,0.91,0.37,1.11,2.6,0.13,2.06,2.46,5.94,2.23,2.97,3.71,D,70.0,87.0,79.0,18.0,33.0,85.0,98.0,41.0,24.0,28.0,42.0
8484136,2025,Max Sasson,VAN,C,5on5,66,43373.0,1018.0,15.49,12.0,3.0,1.0,16.0,57.0,6.18,29.0,11.0,37.0,13.0,7.0,33.0,25.68,33.95,0.43,0.49,0.48,46407.0,13.0,4.0,2.0,19.0,62.0,30.0,12.0,38.0,36.0,11.72,0.4,0.0,1.0,2.0,0.05,1.6,0.874,2.26,0.0,0.0,0.52,0.15,0.0,0.0,0.0,0.0,0.09,0.066,0.0,0.0,0.0,7.74,10.95,0.18,0.05,0.02,0.24,0.86,0.09,0.44,0.17,0.56,0.5,1.0,1.33,4.73,0.51,2.13,2.82,2.41,0.91,3.07,2.74,F,41.0,86.0,44.0,25.0,22.0,22.0,52.0,74.0,17.0,51.0,41.0
8477476,2025,Artturi Lehkonen,COL,L,5on5,70,60825.0,1240.0,63.51,18.0,15.0,7.0,40.0,121.0,18.72,40.0,12.0,44.0,8.0,9.0,28.0,57.53,42.9,0.57,0.55,0.54,77622.0,21.0,19.0,8.0,48.0,153.0,45.0,13.0,45.0,33.0,18.48,2.15,1.0,2.0,23.0,5.24,14.35,0.821,0.8,4.0,0.0,1.25,1.13,0.0,0.0,5.0,0.43,1.26,0.195,0.0,0.0,0.0,3.94,14.48,0.26,0.21,0.1,0.57,1.73,0.27,0.57,0.17,0.63,0.4,1.07,2.37,7.16,1.11,3.4,2.54,2.37,0.71,2.6,1.66,F,94.0,90.0,92.0,80.0,98.0,22.0,35.0,34.0,92.0,88.0,85.0
8484168,2025,Oscar Fisker Molgaard,SEA,C,5on5,13,7149.0,172.0,2.77,0.0,1.0,1.0,2.0,6.0,0.76,9.0,1.0,8.0,1.0,1.0,8.0,4.41,3.32,0.57,0.52,0.53,7204.0,0.0,1.0,1.0,2.0,6.0,9.0,1.0,8.0,8.0,9.24,0.02,0.0,0.0,0.0,0.0,0.0,,0.0,0.0,0.0,0.0,0.04,0.0,0.0,0.0,0.0,0.0,,0.0,0.0,0.0,0.0,9.17,0.0,0.08,0.08,0.15,0.46,0.06,0.69,0.08,0.62,0.62,0.0,1.01,3.02,0.38,2.22,1.67,4.53,0.5,4.03,4.03,F,23.0,9.0,28.0,6.0,11.0,44.0,20.0,91.0,92.0,74.0,80.0
8478854,2025,Ryan Shea,PIT,D,5on5,80,76570.0,1411.0,35.4,6.0,19.0,8.0,33.0,69.0,3.59,32.0,20.0,47.0,6.0,8.0,75.0,60.73,56.26,0.52,0.49,0.5,90655.0,6.0,20.0,9.0,35.0,72.0,38.0,24.0,57.0,92.0,18.89,0.16,0.0,0.0,0.0,0.0,0.7,0.753,0.0,6.0,0.0,1.11,2.14,0.0,0.0,2.0,0.14,3.0,0.135,0.0,0.0,3.0,6.73,15.95,0.08,0.24,0.1,0.41,0.86,0.04,0.4,0.25,0.59,0.94,0.28,1.55,3.24,0.17,2.86,2.65,1.5,0.94,2.21,3.53,D,92.0,79.0,93.0,39.0,57.0,27.0,68.0,35.0,71.0,53.0,62.0
8478502,2025,Dennis Gilbert,OTT,D,5on5,8,5962.0,144.0,1.0,0.0,0.0,1.0,1.0,2.0,0.07,10.0,0.0,6.0,1.0,0.0,12.0,5.17,3.26,0.61,0.49,0.55,6090.0,0.0,0.0,1.0,1.0,2.0,10.0,0.0,6.0,12.0,12.69,0.01,0.0,0.0,0.0,0.0,0.0,,0.0,0.0,0.0,0.0,0.26,0.0,0.0,0.0,0.0,0.0,,0.0,0.0,0.0,0.0,12.42,0.0,0.0,0.12,0.12,0.25,0.01,1.25,0.0,0.75,1.5,0.0,0.6,1.21,0.04,3.12,1.97,6.04,0.0,3.62,7.25,D,27.0,16.0,34.0,4.0,6.0,85.0,7.0,97.0,97.0,53.0,90.0
8478507,2025,John Marino,UTA,D,5on5,80,85876.0,1899.0,46.22,2.0,12.0,15.0,29.0,50.0,2.97,26.0,21.0,83.0,7.0,8.0,62.0,62.84,53.53,0.54,0.54,0.53,96970.0,4.0,15.0,17.0,36.0,55.0,28.0,23.0,89.0,68.0,20.2,0.07,0.0,0.0,0.0,0.0,0.64,0.985,0.0,1.0,0.0,0.11,1.57,0.0,1.0,2.0,0.03,1.27,0.066,0.48,0.0,1.0,8.56,17.89,0.02,0.15,0.19,0.36,0.62,0.04,0.32,0.26,1.04,0.78,0.08,1.22,2.1,0.12,2.63,2.24,1.09,0.88,3.48,2.6,D,87.0,37.0,85.0,8.0,27.0,17.0,63.0,11.0,80.0,87.0,82.0
8483675,2025,Kenny Connors,LAK,C,5on5,2,992.0,24.0,0.29,0.0,0.0,0.0,0.0,5.0,0.4,3.0,0.0,1.0,0.0,0.0,1.0,1.38,0.83,0.62,0.48,0.55,1039.0,0.0,0.0,0.0,0.0,5.0,3.0,0.0,1.0,1.0,8.66,0.29,0.0,0.0,0.0,0.0,0.05,0.333,0.0,0.0,0.0,10.29,0.1,0.0,0.0,0.0,0.0,0.0,,0.0,0.0,0.0,0.0,8.27,0.0,0.0,0.0,0.0,2.5,0.2,1.5,0.0,0.5,0.5,0.0,0.0,18.15,1.45,5.01,3.01,10.89,0.0,3.63,3.63,F,5.0,9.0,5.0,100.0,99.0,78.0,6.0,87.0,98.0,42.0,89.0
8477573,2025,Nathan Walker,STL,L,5on5,46,29686.0,680.0,5.57,4.0,4.0,3.0,11.0,38.0,5.14,179.0,2.0,25.0,11.0,7.0,30.0,16.73,19.37,0.46,0.45,0.47,33092.0,4.0,4.0,3.0,11.0,39.0,179.0,3.0,26.0,35.0,11.99,0.04,0.0,0.0,0.0,0.0,0.03,1.0,0.0,1.0,0.0,0.0,0.99,0.0,0.0,1.0,0.01,0.45,0.081,0.0,0.0,1.0,6.68,10.76,0.09,0.09,0.07,0.24,0.83,0.11,3.89,0.04,0.54,0.65,0.49,1.33,4.61,0.62,2.03,2.35,21.71,0.24,3.03,3.64,F,41.0,41.0,44.0,23.0,41.0,97.0,13.0,87.0,29.0,21.0,33.0
8483676,2025,Stephen Halliday,OTT,C,5on5,30,11772.0,325.0,13.4,4.0,2.0,2.0,8.0,28.0,2.45,30.0,2.0,11.0,1.0,2.0,8.0,8.04,6.55,0.55,0.57,0.55,15319.0,4.0,5.0,2.0,11.0,34.0,30.0,2.0,16.0,8.0,8.51,1.86,0.0,3.0,6.0,0.74,6.45,0.89,3.23,0.0,0.0,0.86,0.01,0.0,0.0,0.0,0.0,0.0,,0.0,0.0,0.0,0.0,6.54,0.13,0.07,0.07,0.27,0.93,0.08,1.0,0.07,0.37,0.27,1.22,2.45,8.56,0.75,2.46,2.0,9.17,0.61,3.36,2.45,F,48.0,96.0,94.0,94.0,68.0,72.0,27.0,66.0,84.0,93.0,89.0
8482166,2025,Shakir Mukhamadullin,SJS,D,5on5,50,46355.0,910.0,6.17,5.0,3.0,4.0,12.0,49.0,1.76,35.0,6.0,60.0,11.0,4.0,53.0,27.0,31.97,0.46,0.45,0.45,51427.0,5.0,3.0,4.0,12.0,49.0,35.0,7.0,61.0,63.0,17.14,0.06,0.0,0.0,0.0,0.0,0.09,1.0,0.0,6.0,0.0,0.0,1.38,0.0,0.0,0.0,0.0,1.33,0.13,0.0,0.0,1.0,7.77,15.45,0.1,0.06,0.08,0.24,0.98,0.04,0.7,0.12,1.2,1.06,0.39,0.93,3.81,0.14,2.1,2.48,2.72,0.47,4.66,4.12,D,64.0,90.0,67.0,59.0,39.0,47.0,22.0,55.0,31.0,20.0,21.0
8480028,2025,Morgan Frost,CGY,C,5on5,82,60429.0,1399.0,41.29,12.0,8.0,5.0,25.0,100.0,9.58,53.0,17.0,43.0,9.0,13.0,37.0,39.95,42.27,0.49,0.49,0.49,76270.0,22.0,12.0,9.0,43.0,140.0,59.0,20.0,48.0,39.0,15.5,2.5,5.0,13.0,29.0,5.0,23.87,0.822,3.8,0.0,1.0,1.51,0.02,0.0,0.0,0.0,0.0,0.0,,0.0,0.0,0.0,0.0,12.28,0.15,0.1,0.06,0.3,1.22,0.12,0.65,0.21,0.52,0.45,0.71,1.49,5.96,0.57,2.38,2.52,3.16,1.01,2.56,2.2,F,56.0,62.0,54.0,57.0,30.0,32.0,62.0,56.0,48.0,51.0,49.0
8480806,2025,Isac Lundestrm,CBJ,C,5on5,68,43394.0,997.0,7.69,4.0,2.0,5.0,11.0,43.0,3.86,34.0,6.0,37.0,1.0,5.0,30.0,21.74,26.93,0.45,0.45,0.45,50532.0,4.0,2.0,6.0,12.0,53.0,35.0,8.0,38.0,35.0,12.39,0.05,0.0,0.0,1.0,0.07,0.15,1.0,0.0,0.0,0.0,0.0,1.36,0.0,0.0,9.0,0.61,0.81,0.074,0.0,0.0,1.0,6.56,10.64,0.06,0.03,0.07,0.16,0.63,0.06,0.5,0.09,0.54,0.44,0.33,0.91,3.57,0.32,1.8,2.23,2.82,0.5,3.07,2.49,F,24.0,28.0,23.0,9.0,7.0,28.0,20.0,67.0,24.0,21.0,19.0
8475753,2025,Justin Faulk,DET,D,5on5,78,83715.0,1733.0,33.55,13.0,7.0,5.0,25.0,108.0,5.07,66.0,22.0,58.0,16.0,5.0,116.0,49.12,58.89,0.45,0.47,0.47,103009.0,16.0,13.0,11.0,40.0,148.0,70.0,27.0,64.0,132.0,22.01,1.88,2.0,9.0,25.0,1.51,12.53,0.787,3.68,9.0,2.0,1.39,1.44,0.0,1.0,3.0,0.13,1.45,0.073,0.53,2.0,2.0,9.84,17.89,0.17,0.09,0.06,0.32,1.38,0.06,0.85,0.28,0.74,1.49,0.56,1.08,4.64,0.22,2.11,2.53,2.84,0.95,2.49,4.99,D,81.0,97.0,77.0,80.0,78.0,49.0,69.0,77.0,24.0,36.0,34.0
8475752,2025,Tyler Pitlick,MIN,C,5on5,32,14809.0,321.0,-1.38,2.0,0.0,0.0,2.0,26.0,2.49,78.0,5.0,8.0,2.0,2.0,19.0,8.8,10.15,0.46,0.4,0.41,14924.0,2.0,0.0,0.0,2.0,26.0,78.0,5.0,8.0,19.0,7.77,0.03,0.0,0.0,0.0,0.0,0.17,1.0,0.0,0.0,0.0,0.0,0.01,0.0,0.0,0.0,0.0,0.0,,0.0,0.0,0.0,0.0,7.71,0.06,0.0,0.0,0.06,0.81,0.08,2.44,0.16,0.25,0.59,0.49,0.49,6.32,0.61,2.14,2.47,18.96,1.22,1.94,4.62,F,12.0,41.0,13.0,65.0,39.0,94.0,76.0,95.0,29.0,7.0,8.0
8477498,2025,Darnell Nurse,EDM,D,5on5,82,92697.0,1789.0,27.95,7.0,8.0,6.0,21.0,151.0,5.85,129.0,18.0,83.0,25.0,15.0,124.0,64.5,63.25,0.5,0.48,0.49,103214.0,7.0,9.0,8.0,24.0,164.0,137.0,19.0,88.0,167.0,20.98,0.2,0.0,0.0,2.0,0.05,1.71,0.76,0.0,17.0,0.0,1.98,1.44,0.0,1.0,3.0,0.17,2.67,0.124,0.51,1.0,1.0,9.55,18.84,0.09,0.1,0.07,0.26,1.84,0.07,1.57,0.22,1.01,1.51,0.27,0.82,5.86,0.23,2.5,2.46,5.01,0.7,3.22,4.82,D,68.0,77.0,57.0,93.0,81.0,76.0,44.0,71.0,59.0,44.0,52.0
8476438,2025,Brandon Saad,VGK,L,5on5,49,36121.0,785.0,13.77,3.0,4.0,2.0,9.0,73.0,9.14,11.0,10.0,29.0,6.0,4.0,16.0,27.21,22.52,0.55,0.52,0.53,39352.0,3.0,4.0,2.0,9.0,78.0,11.0,11.0,30.0,18.0,13.39,0.04,0.0,0.0,0.0,0.0,0.07,0.5,0.0,0.0,0.0,2.31,0.88,0.0,0.0,4.0,0.35,0.6,0.116,0.0,0.0,1.0,6.36,12.29,0.06,0.08,0.04,0.18,1.49,0.19,0.22,0.2,0.59,0.33,0.3,0.9,7.28,0.91,2.71,2.24,1.1,1.0,2.89,1.59,F,29.0,25.0,23.0,81.0,90.0,8.0,61.0,31.0,84.0,74.0,80.0
8482766,2025,William Stromgren,CGY,L,5on5,3,1304.0,32.0,-0.3,0.0,0.0,0.0,0.0,2.0,0.3,0.0,0.0,0.0,0.0,2.0,0.0,0.53,1.29,0.29,0.35,0.4,1312.0,0.0,0.0,0.0,0.0,2.0,0.0,0.0,0.0,0.0,7.29,,,,,,,,,,,,,,,,,,,,,,,7.24,0.0,0.0,0.0,0.0,0.67,0.1,0.0,0.0,0.0,0.0,0.0,0.0,5.52,0.83,1.46,3.56,0.0,0.0,0.0,0.0,F,5.0,9.0,5.0,45.0,80.0,1.0,6.0,2.0,3.0,3.0,7.0
8481564,2025,Ryan Johnson,BUF,D,5on5,3,1567.0,32.0,-0.5,0.0,0.0,0.0,0.0,0.0,0.03,2.0,2.0,2.0,1.0,0.0,3.0,1.61,1.21,0.57,0.41,0.44,1620.0,0.0,0.0,0.0,0.0,0.0,2.0,2.0,2.0,3.0,9.0,,,,,,,,,,,,0.27,0.0,0.0,0.0,0.0,0.0,,0.0,0.0,0.0,0.0,8.71,0.0,0.0,0.0,0.0,0.0,0.01,0.67,0.67,0.67,1.0,0.0,0.0,0.0,0.07,3.7,2.78,4.59,4.59,4.59,6.89,D,7.0,16.0,7.0,2.0,9.0,72.0,100.0,96.0,91.0,8.0,16.0
8482762,2025,Simon Edvinsson,DET,D,5on5,72,84758.0,1663.0,32.8,5.0,7.0,6.0,18.0,77.0,4.46,92.0,23.0,78.0,25.0,13.0,116.0,59.93,56.86,0.51,0.52,0.53,96577.0,9.0,9.0,7.0,25.0,88.0,94.0,26.0,89.0,148.0,22.36,0.24,0.0,1.0,1.0,0.0,1.25,0.862,3.49,15.0,0.0,0.7,1.55,0.0,1.0,2.0,0.05,2.14,0.131,0.54,1.0,2.0,7.65,19.62,0.07,0.1,0.08,0.25,1.07,0.06,1.28,0.32,1.08,1.61,0.21,0.76,3.27,0.19,2.55,2.42,3.91,0.98,3.31,4.93,D,66.0,67.0,50.0,40.0,65.0,63.0,72.0,75.0,66.0,76.0,82.0
8484142,2025,Denver Barkey,PHI,C,5on5,43,30050.0,663.0,15.53,4.0,8.0,1.0,13.0,33.0,3.93,42.0,8.0,26.0,6.0,8.0,18.0,19.98,16.78,0.54,0.49,0.53,34591.0,5.0,10.0,2.0,17.0,43.0,43.0,8.0,27.0,19.0,13.41,1.53,1.0,4.0,9.0,1.27,8.03,0.899,3.66,0.0,0.0,0.82,0.0,0.0,0.0,0.0,0.0,0.0,,0.0,0.0,0.0,0.0,11.65,0.09,0.19,0.02,0.3,0.77,0.09,0.98,0.19,0.6,0.42,0.48,1.56,3.95,0.47,2.39,2.01,5.03,0.96,3.11,2.16,F,56.0,40.0,59.0,13.0,17.0,48.0,57.0,54.0,80.0,51.0,80.0
8480980,2025,Connor Dewar,PIT,C,5on5,78,51501.0,1145.0,35.54,9.0,7.0,6.0,22.0,90.0,9.88,127.0,7.0,27.0,8.0,15.0,26.0,35.72,34.44,0.51,0.51,0.51,65166.0,14.0,9.0,7.0,30.0,110.0,144.0,9.0,33.0,46.0,13.92,0.03,0.0,0.0,1.0,0.17,0.26,0.634,0.0,3.0,0.0,3.97,2.58,1.0,1.0,14.0,1.1,2.1,0.085,0.3,0.0,2.0,6.76,11.0,0.12,0.09,0.08,0.28,1.15,0.13,1.63,0.09,0.35,0.33,0.63,1.54,6.29,0.69,2.5,2.41,8.88,0.49,1.89,1.82,F,50.0,56.0,58.0,64.0,55.0,71.0,20.0,40.0,63.0,68.0,66.0
8477931,2025,Tomas Nosek,FLA,L,5on5,21,14768.0,315.0,1.38,1.0,0.0,2.0,3.0,7.0,1.41,46.0,2.0,13.0,1.0,1.0,9.0,7.3,12.89,0.36,0.48,0.45,17784.0,2.0,0.0,2.0,4.0,8.0,51.0,3.0,14.0,12.0,14.11,0.02,0.0,0.0,0.0,0.0,0.0,,0.0,0.0,0.0,0.0,2.1,0.0,0.0,0.0,0.01,0.39,0.093,0.0,0.0,1.0,5.2,11.72,0.05,0.0,0.1,0.14,0.33,0.07,2.19,0.1,0.62,0.43,0.24,0.73,1.71,0.34,1.78,3.14,11.21,0.49,3.17,2.19,F,21.0,21.0,17.0,3.0,8.0,80.0,20.0,55.0,6.0,42.0,19.0
8484149,2025,Gavin Brindley,COL,C,5on5,56,28362.0,626.0,19.12,5.0,3.0,4.0,12.0,51.0,5.97,37.0,5.0,14.0,3.0,9.0,14.0,19.51,20.83,0.48,0.54,0.53,32093.0,6.0,3.0,4.0,13.0,62.0,37.0,5.0,20.0,15.0,9.55,0.9,0.0,0.0,9.0,1.35,5.55,0.799,0.0,0.0,0.0,1.67,0.05,0.0,0.0,0.0,0.0,0.12,0.632,0.0,0.0,0.0,1.45,8.44,0.09,0.05,0.07,0.21,0.91,0.11,0.66,0.09,0.25,0.25,0.63,1.52,6.47,0.76,2.48,2.64,4.7,0.63,1.78,1.78,F,35.0,56.0,57.0,67.0,69.0,45.0,27.0,38.0,42.0,85.0,80.0
8483573,2025,Ethen Frank,WSH,R,5on5,62,39583.0,916.0,23.23,8.0,6.0,3.0,17.0,74.0,9.24,49.0,8.0,25.0,6.0,10.0,44.0,29.88,28.77,0.51,0.47,0.48,45521.0,12.0,7.0,5.0,24.0,91.0,53.0,8.0,29.0,45.0,12.24,1.42,2.0,4.0,11.0,1.94,9.0,0.961,2.73,0.0,0.0,0.25,0.03,0.0,0.0,0.0,0.0,0.0,,0.0,0.0,0.0,0.0,10.64,0.13,0.1,0.05,0.27,1.19,0.15,0.79,0.13,0.4,0.71,0.73,1.55,6.73,0.84,2.72,2.62,4.46,0.73,2.27,4.0,F,48.0,64.0,59.0,71.0,82.0,43.0,36.0,91.0,63.0,34.0,41.0
8474567,2025,Zach Bogosian,MIN,D,5on5,41,33358.0,665.0,4.59,2.0,3.0,1.0,6.0,30.0,1.11,47.0,10.0,32.0,9.0,4.0,34.0,21.88,24.63,0.47,0.46,0.46,35779.0,2.0,3.0,1.0,6.0,30.0,47.0,10.0,32.0,37.0,14.54,0.04,0.0,0.0,0.0,0.0,0.09,1.0,0.0,0.0,0.0,0.0,0.73,0.0,0.0,0.0,0.0,0.33,0.088,0.0,0.0,0.0,6.81,13.56,0.05,0.07,0.02,0.15,0.73,0.03,1.15,0.24,0.78,0.83,0.22,0.65,3.24,0.12,2.36,2.66,5.07,1.08,3.45,3.67,D,34.0,69.0,37.0,39.0,27.0,77.0,78.0,40.0,38.0,28.0,27.0
8479351,2025,Sam Steel,DAL,C,5on5,73,57692.0,1186.0,25.18,9.0,8.0,10.0,27.0,69.0,9.1,77.0,15.0,39.0,11.0,15.0,23.0,38.13,37.87,0.5,0.46,0.47,70352.0,12.0,9.0,12.0,33.0,82.0,79.0,20.0,50.0,29.0,16.06,0.44,1.0,3.0,1.0,0.1,3.72,0.919,5.58,1.0,0.0,0.61,2.02,0.0,0.0,8.0,1.45,2.28,0.132,0.0,0.0,5.0,6.09,13.17,0.12,0.11,0.14,0.37,0.95,0.12,1.05,0.21,0.53,0.32,0.56,1.68,4.31,0.57,2.38,2.36,4.8,0.94,2.43,1.44,F,70.0,48.0,65.0,18.0,30.0,46.0,55.0,26.0,55.0,27.0,33.0
8478020,2025,Michael Amadio,OTT,R,5on5,81,69501.0,1634.0,36.95,14.0,8.0,7.0,29.0,89.0,11.98,102.0,29.0,56.0,7.0,17.0,47.0,48.67,39.08,0.55,0.51,0.53,78345.0,15.0,13.0,7.0,35.0,96.0,105.0,33.0,60.0,51.0,16.12,0.08,0.0,0.0,2.0,0.05,0.45,0.938,0.0,0.0,0.0,0.28,1.11,0.0,1.0,4.0,0.42,1.59,0.194,0.67,0.0,3.0,4.42,14.3,0.17,0.1,0.09,0.36,1.1,0.15,1.26,0.36,0.69,0.58,0.73,1.5,4.61,0.62,2.52,2.02,5.28,1.5,2.9,2.43,F,69.0,64.0,55.0,23.0,41.0,50.0,89.0,64.0,84.0,68.0,80.0
8479359,2025,Beck Malenstyn,BUF,L,5on5,81,45294.0,1094.0,14.1,6.0,4.0,1.0,11.0,67.0,7.83,270.0,8.0,32.0,10.0,18.0,49.0,25.24,29.09,0.46,0.46,0.47,54644.0,7.0,5.0,2.0,14.0,72.0,282.0,12.0,35.0,75.0,11.24,0.02,0.0,0.0,0.0,0.0,0.0,,0.0,4.0,0.0,0.0,1.71,1.0,1.0,4.0,0.39,1.73,0.109,0.43,0.0,4.0,6.13,9.32,0.07,0.05,0.01,0.14,0.83,0.1,3.33,0.1,0.4,0.6,0.48,0.87,5.33,0.62,2.01,2.31,21.46,0.64,2.54,3.89,F,21.0,40.0,21.0,41.0,41.0,97.0,28.0,90.0,29.0,27.0,33.0
8474600,2025,Roman Josi,NSH,D,5on5,68,78250.0,1510.0,54.53,7.0,10.0,8.0,25.0,119.0,6.49,22.0,18.0,63.0,12.0,16.0,78.0,54.85,57.02,0.49,0.5,0.49,101500.0,13.0,19.0,23.0,55.0,181.0,24.0,23.0,77.0,101.0,24.88,3.09,3.0,21.0,36.0,3.4,23.41,0.871,5.99,10.0,3.0,0.99,1.14,0.0,0.0,5.0,0.7,1.56,0.219,0.0,3.0,1.0,4.32,19.18,0.1,0.15,0.12,0.37,1.75,0.1,0.32,0.26,0.93,1.15,0.32,1.15,5.47,0.3,2.52,2.62,1.01,0.83,2.9,3.59,D,88.0,83.0,82.0,89.0,94.0,13.0,58.0,37.0,50.0,62.0,52.0
8483669,2025,Adam Sykora,NYR,L,5on5,11,7238.0,161.0,3.93,3.0,0.0,1.0,4.0,15.0,1.83,20.0,2.0,3.0,1.0,3.0,10.0,3.72,5.22,0.42,0.46,0.46,7375.0,3.0,0.0,1.0,4.0,15.0,20.0,2.0,3.0,10.0,11.17,0.11,0.0,0.0,0.0,0.0,0.18,1.0,0.0,0.0,0.0,0.0,0.05,0.0,0.0,0.0,0.0,0.0,,0.0,0.0,0.0,0.0,10.97,0.27,0.0,0.09,0.36,1.36,0.17,1.82,0.18,0.27,0.91,1.49,1.99,7.46,0.91,1.85,2.6,9.95,0.99,1.49,4.97,F,69.0,98.0,81.0,83.0,90.0,75.0,61.0,96.0,14.0,27.0,25.0
8481547,2025,Simon Lundmark,TBL,D,5on5,1,1005.0,24.0,0.23,0.0,0.0,0.0,0.0,1.0,0.01,2.0,0.0,0.0,0.0,1.0,2.0,0.38,0.53,0.42,0.41,0.45,1005.0,0.0,0.0,0.0,0.0,1.0,2.0,0.0,0.0,2.0,16.75,,,,,,,,,,,,,,,,,,,,,,,16.75,0.0,0.0,0.0,0.0,1.0,0.01,2.0,0.0,0.0,2.0,0.0,0.0,3.58,0.04,1.36,1.9,7.16,0.0,0.0,7.16,D,7.0,16.0,7.0,51.0,6.0,91.0,7.0,96.0,14.0,8.0,21.0
8482525,2025,Ryan Tverberg,TOR,C,5on5,2,1184.0,27.0,-0.02,0.0,0.0,0.0,0.0,1.0,0.08,3.0,0.0,1.0,1.0,1.0,1.0,0.47,0.67,0.41,0.4,0.43,1184.0,0.0,0.0,0.0,0.0,1.0,3.0,0.0,1.0,1.0,9.87,,,,,,,,,,,,,,,,,,,,,,,9.87,0.0,0.0,0.0,0.0,0.5,0.04,1.5,0.0,0.5,0.5,0.0,0.0,3.04,0.24,1.43,2.04,9.12,0.0,3.04,3.04,F,5.0,9.0,5.0,7.0,6.0,72.0,6.0,80.0,12.0,7.0,12.0
8480039,2025,Martin Necas,COL,C,5on5,78,77827.0,1517.0,111.17,25.0,21.0,15.0,61.0,134.0,14.85,79.0,17.0,93.0,13.0,27.0,23.0,70.38,55.85,0.56,0.56,0.54,100611.0,38.0,35.0,27.0,100.0,206.0,85.0,23.0,123.0,26.0,21.5,3.86,8.0,21.0,56.0,7.6,39.56,0.929,4.18,0.0,4.0,0.6,0.01,0.0,0.0,0.0,0.0,0.0,,0.0,0.0,0.0,0.0,16.63,0.32,0.27,0.19,0.78,1.72,0.19,1.01,0.22,1.19,0.29,1.16,2.82,6.2,0.69,3.26,2.58,3.65,0.79,4.3,1.06,F,99.0,94.0,98.0,61.0,55.0,36.0,42.0,12.0,88.0,91.0,85.0
8479983,2025,Mario Ferraro,SJS,D,5on5,82,84195.0,1574.0,16.55,6.0,9.0,5.0,20.0,88.0,3.56,122.0,30.0,78.0,16.0,10.0,105.0,49.86,59.51,0.46,0.45,0.46,103458.0,7.0,9.0,7.0,23.0,94.0,137.0,36.0,88.0,150.0,21.03,0.05,0.0,0.0,0.0,0.03,0.05,1.0,0.0,12.0,0.0,0.0,3.27,0.0,0.0,5.0,0.22,2.69,0.072,0.0,0.0,5.0,7.75,17.11,0.07,0.11,0.06,0.24,1.07,0.04,1.49,0.37,0.95,1.28,0.26,0.86,3.76,0.15,2.13,2.54,5.22,1.28,3.34,4.49,D,64.0,75.0,60.0,57.0,45.0,79.0,88.0,65.0,31.0,20.0,27.0
8479980,2025,Nicolas Hague,NSH,D,5on5,62,63190.0,1258.0,13.65,3.0,4.0,6.0,13.0,52.0,2.48,74.0,15.0,42.0,17.0,6.0,50.0,45.46,46.43,0.49,0.5,0.48,73024.0,3.0,5.0,7.0,15.0,56.0,76.0,15.0,45.0,54.0,19.63,0.07,0.0,0.0,0.0,0.0,0.28,0.824,0.0,2.0,0.0,0.85,2.03,0.0,1.0,4.0,0.19,2.07,0.148,0.48,0.0,0.0,5.67,16.99,0.05,0.06,0.1,0.21,0.84,0.04,1.19,0.24,0.68,0.81,0.17,0.74,2.96,0.14,2.59,2.65,4.22,0.85,2.39,2.85,D,55.0,57.0,47.0,30.0,39.0,66.0,58.0,16.0,50.0,62.0,42.0
8478458,2025,Jack Roslovic,EDM,C,5on5,69,58992.0,1193.0,42.99,15.0,6.0,7.0,28.0,125.0,13.38,44.0,13.0,59.0,6.0,14.0,27.0,43.34,42.93,0.5,0.53,0.52,65288.0,21.0,8.0,7.0,36.0,141.0,46.0,13.0,64.0,27.0,15.77,1.1,4.0,6.0,12.0,3.19,11.28,0.862,4.74,0.0,0.0,1.43,0.0,0.0,0.0,0.0,0.0,0.0,,0.0,0.0,0.0,0.0,14.25,0.22,0.09,0.1,0.41,1.81,0.19,0.64,0.19,0.86,0.39,0.92,1.71,7.63,0.82,2.64,2.62,2.69,0.79,3.6,1.65,F,78.0,81.0,68.0,85.0,79.0,26.0,42.0,34.0,55.0,81.0,73.0
8482758,2025,Ville Koivunen,PIT,R,5on5,39,27087.0,565.0,12.52,1.0,1.0,1.0,3.0,33.0,4.38,5.0,11.0,18.0,5.0,4.0,14.0,20.46,16.04,0.56,0.57,0.56,29806.0,2.0,1.0,4.0,7.0,36.0,5.0,11.0,18.0,14.0,12.74,0.91,1.0,4.0,3.0,0.68,3.24,0.8,6.74,0.0,0.0,1.37,0.0,0.0,0.0,0.0,0.0,0.0,,0.0,0.0,0.0,0.0,11.58,0.03,0.03,0.03,0.08,0.85,0.11,0.13,0.28,0.46,0.36,0.13,0.4,4.39,0.58,2.72,2.13,0.66,1.46,2.39,1.86,F,13.0,18.0,12.0,19.0,32.0,4.0,88.0,42.0,88.0,93.0,92.0
8476429,2025,Scott Mayfield,NYI,D,5on5,80,69890.0,1540.0,5.98,2.0,4.0,9.0,15.0,67.0,2.75,72.0,16.0,64.0,24.0,18.0,69.0,43.2,50.11,0.46,0.45,0.47,79061.0,2.0,4.0,9.0,15.0,71.0,75.0,20.0,68.0,82.0,16.47,0.02,0.0,0.0,1.0,0.01,0.74,1.0,0.0,2.0,0.0,0.0,1.52,0.0,0.0,2.0,0.05,2.4,0.166,0.0,0.0,2.0,5.95,14.56,0.02,0.05,0.11,0.19,0.84,0.03,0.9,0.2,0.8,0.86,0.1,0.77,3.45,0.14,2.23,2.58,3.71,0.82,3.3,3.55,D,47.0,42.0,50.0,46.0,39.0,60.0,56.0,36.0,31.0,20.0,34.0
8482118,2025,Sam Colangelo,ANA,R,5on5,9,5126.0,129.0,-0.52,1.0,0.0,0.0,1.0,7.0,0.54,11.0,1.0,8.0,2.0,0.0,1.0,2.29,4.1,0.36,0.43,0.38,5496.0,1.0,0.0,0.0,1.0,7.0,11.0,1.0,8.0,1.0,10.18,0.45,0.0,0.0,0.0,0.0,0.03,1.0,0.0,0.0,0.0,0.0,,,,,,,,,,,,9.49,0.11,0.0,0.0,0.11,0.78,0.06,1.22,0.11,0.89,0.11,0.7,0.7,4.92,0.38,1.61,2.88,7.73,0.7,5.62,0.7,F,16.0,61.0,16.0,29.0,11.0,66.0,33.0,6.0,6.0,12.0,5.0
8482408,2025,Jeff Malott,LAK,L,5on5,58,30326.0,694.0,12.99,3.0,5.0,1.0,9.0,53.0,8.93,166.0,8.0,18.0,13.0,11.0,27.0,23.86,18.58,0.56,0.53,0.54,30690.0,3.0,5.0,1.0,9.0,54.0,166.0,8.0,18.0,27.0,8.82,0.01,0.0,0.0,0.0,0.0,0.0,,0.0,0.0,0.0,0.0,0.06,0.0,0.0,0.0,0.0,0.01,0.048,0.0,0.0,0.0,3.71,8.71,0.05,0.09,0.02,0.16,0.91,0.15,2.86,0.14,0.31,0.47,0.36,1.07,6.29,1.06,2.83,2.21,19.71,0.95,2.14,3.21,F,24.0,30.0,30.0,64.0,97.0,95.0,56.0,82.0,88.0,81.0,85.0
8475181,2025,Nick Leddy,SJS,D,5on5,32,31223.0,574.0,1.1,0.0,2.0,3.0,5.0,13.0,0.71,6.0,4.0,20.0,3.0,0.0,36.0,17.7,23.46,0.43,0.45,0.44,34311.0,1.0,2.0,4.0,7.0,16.0,7.0,5.0,21.0,40.0,17.87,0.06,0.0,0.0,0.0,0.0,0.04,1.0,0.0,1.0,0.0,0.0,1.19,0.0,0.0,2.0,0.04,0.46,0.056,0.0,0.0,0.0,12.26,16.26,0.0,0.06,0.09,0.16,0.41,0.02,0.19,0.12,0.62,1.12,0.0,0.58,1.5,0.08,2.04,2.7,0.69,0.46,2.31,4.15,D,37.0,16.0,32.0,6.0,11.0,8.0,21.0,56.0,16.0,20.0,16.0
8483503,2025,Owen Pickering,PIT,D,5on5,4,2893.0,69.0,-0.72,0.0,0.0,0.0,0.0,1.0,0.02,1.0,1.0,4.0,1.0,0.0,2.0,1.83,2.54,0.42,0.47,0.46,2903.0,0.0,0.0,0.0,0.0,1.0,1.0,1.0,4.0,2.0,12.1,0.0,0.0,0.0,0.0,0.0,0.0,,0.0,0.0,0.0,0.0,0.04,0.0,0.0,0.0,0.0,0.0,,0.0,0.0,0.0,0.0,12.05,0.0,0.0,0.0,0.0,0.25,0.0,0.25,0.25,1.0,0.5,0.0,0.0,1.24,0.02,2.28,3.16,1.24,1.24,4.98,2.49,D,7.0,16.0,7.0,5.0,3.0,21.0,86.0,10.0,14.0,36.0,27.0
8483463,2025,Aleksanteri Kaskimaki,STL,C,5on5,5,2957.0,71.0,-0.7,0.0,0.0,0.0,0.0,5.0,0.16,2.0,0.0,2.0,0.0,1.0,3.0,1.06,2.88,0.27,0.44,0.46,3118.0,0.0,0.0,0.0,0.0,6.0,2.0,0.0,2.0,3.0,10.39,0.44,0.0,0.0,1.0,0.01,0.01,1.0,0.0,0.0,0.0,0.0,0.09,0.0,0.0,0.0,0.0,0.0,,0.0,0.0,0.0,0.0,9.86,0.0,0.0,0.0,0.0,1.0,0.03,0.4,0.0,0.4,0.6,0.0,0.0,6.09,0.19,1.29,3.51,2.43,0.0,2.43,3.65,F,5.0,9.0,5.0,59.0,4.0,23.0,6.0,87.0,3.0,16.0,25.0
8474574,2025,Tyler Myers,DAL,D,5on5,73,71696.0,1463.0,6.95,1.0,3.0,5.0,9.0,83.0,4.12,60.0,18.0,76.0,25.0,15.0,96.0,46.51,55.57,0.46,0.47,0.47,85485.0,1.0,4.0,6.0,11.0,88.0,85.0,20.0,78.0,121.0,19.52,0.09,0.0,0.0,0.0,0.0,0.32,0.914,0.0,3.0,0.0,0.28,2.33,0.0,0.0,3.0,0.22,3.26,0.118,0.0,0.0,2.0,8.61,16.37,0.01,0.04,0.07,0.12,1.14,0.06,0.82,0.25,1.04,1.32,0.05,0.45,4.17,0.21,2.34,2.79,3.01,0.9,3.82,4.82,D,27.0,33.0,23.0,71.0,74.0,52.0,65.0,71.0,31.0,36.0,34.0
8474679,2025,Gustav Nyquist,WPG,R,5on5,51,30449.0,685.0,9.48,1.0,2.0,4.0,7.0,46.0,4.49,27.0,10.0,22.0,5.0,4.0,18.0,19.2,22.82,0.46,0.47,0.47,38797.0,1.0,6.0,5.0,12.0,62.0,28.0,12.0,25.0,19.0,12.68,1.73,0.0,5.0,13.0,0.88,9.95,0.92,3.4,0.0,0.0,0.59,0.46,0.0,0.0,1.0,0.12,0.12,0.073,0.0,0.0,1.0,3.89,9.95,0.02,0.04,0.08,0.14,0.9,0.09,0.53,0.2,0.43,0.35,0.12,0.83,5.44,0.53,2.27,2.7,3.19,1.18,2.6,2.13,F,21.0,18.0,20.0,43.0,24.0,33.0,73.0,52.0,29.0,34.0,33.0
8478057,2025,Dakota Joshua,TOR,C,5on5,55,37181.0,864.0,11.47,10.0,5.0,2.0,17.0,46.0,6.73,192.0,6.0,17.0,14.0,16.0,27.0,22.69,26.15,0.46,0.44,0.44,40419.0,10.0,6.0,2.0,18.0,52.0,195.0,9.0,20.0,32.0,12.25,0.25,0.0,0.0,4.0,0.3,0.49,0.721,0.0,1.0,0.0,0.84,0.56,0.0,0.0,0.0,0.0,0.11,0.029,0.0,0.0,2.0,7.17,11.27,0.18,0.09,0.04,0.31,0.84,0.12,3.49,0.11,0.31,0.49,0.97,1.65,4.45,0.65,2.2,2.53,18.59,0.58,1.65,2.61,F,58.0,85.0,64.0,20.0,47.0,94.0,25.0,70.0,29.0,16.0,15.0
8477456,2025,J.T. Compher,DET,L,5on5,82,63266.0,1390.0,21.1,11.0,11.0,4.0,26.0,77.0,10.33,19.0,10.0,40.0,12.0,20.0,41.0,41.2,47.28,0.47,0.46,0.47,77083.0,11.0,12.0,5.0,28.0,95.0,22.0,11.0,44.0,54.0,15.67,0.66,0.0,1.0,7.0,0.94,4.14,0.872,1.11,6.0,0.0,0.68,1.5,0.0,0.0,8.0,0.38,0.76,0.038,0.0,0.0,1.0,9.4,12.86,0.13,0.13,0.05,0.32,0.94,0.13,0.23,0.12,0.49,0.5,0.63,1.48,4.38,0.59,2.34,2.69,1.08,0.57,2.28,2.33,F,60.0,56.0,54.0,19.0,34.0,8.0,25.0,61.0,35.0,27.0,33.0
8483712,2025,Ludvig Jansson,FLA,D,5on5,4,3705.0,78.0,0.23,0.0,0.0,0.0,0.0,3.0,0.09,0.0,1.0,4.0,0.0,0.0,4.0,2.55,3.15,0.45,0.42,0.43,4145.0,0.0,0.0,1.0,1.0,3.0,0.0,1.0,4.0,5.0,17.27,0.16,0.0,1.0,0.0,0.0,0.09,0.474,92.31,0.0,0.0,9.23,0.84,0.0,0.0,0.0,0.0,0.0,0.0,0.0,0.0,0.0,0.54,15.44,0.0,0.0,0.0,0.0,0.75,0.02,0.0,0.25,1.0,1.0,0.0,0.0,2.91,0.09,2.48,3.06,0.0,0.97,3.89,3.89,D,7.0,16.0,7.0,28.0,14.0,2.0,71.0,49.0,24.0,10.0,12.0
8482745,2025,Mason McTavish,ANA,C,5on5,75,56850.0,1196.0,44.33,8.0,11.0,6.0,25.0,106.0,14.7,88.0,14.0,46.0,17.0,16.0,30.0,49.33,46.56,0.51,0.53,0.52,68939.0,17.0,15.0,9.0,41.0,146.0,95.0,16.0,55.0,33.0,15.32,1.92,5.0,10.0,26.0,5.27,16.26,0.872,4.17,1.0,0.0,0.99,0.09,0.0,0.0,1.0,0.04,0.05,0.143,0.0,0.0,1.0,2.53,12.63,0.11,0.15,0.08,0.33,1.41,0.2,1.17,0.19,0.61,0.4,0.51,1.58,6.71,0.93,3.12,2.95,5.57,0.89,2.91,1.9,F,62.0,43.0,60.0,71.0,92.0,52.0,50.0,44.0,63.0,81.0,73.0
8479675,2025,Trevor Moore,LAK,L,5on5,69,57195.0,1199.0,43.82,10.0,9.0,8.0,27.0,127.0,11.57,52.0,19.0,50.0,3.0,5.0,32.0,41.25,35.32,0.54,0.55,0.54,69257.0,13.0,10.0,9.0,32.0,159.0,57.0,25.0,52.0,36.0,16.73,0.69,0.0,1.0,8.0,0.23,5.66,0.946,1.26,2.0,0.0,0.4,1.67,1.0,2.0,17.0,1.37,2.6,0.157,1.04,1.0,4.0,7.23,13.82,0.14,0.13,0.12,0.39,1.84,0.17,0.75,0.28,0.72,0.46,0.63,1.7,7.99,0.73,2.6,2.22,3.27,1.2,3.15,2.01,F,74.0,56.0,67.0,90.0,64.0,34.0,74.0,48.0,80.0,88.0,85.0
8480281,2025,Alexey Toropchenko,STL,R,5on5,65,39585.0,958.0,3.72,3.0,4.0,1.0,8.0,62.0,6.63,129.0,5.0,29.0,6.0,6.0,48.0,18.45,26.19,0.41,0.41,0.42,46764.0,4.0,5.0,2.0,11.0,68.0,132.0,8.0,30.0,56.0,11.99,0.03,0.0,0.0,0.0,0.0,0.02,1.0,0.0,3.0,0.0,0.0,1.58,1.0,2.0,6.0,0.2,0.95,0.075,1.17,0.0,3.0,6.89,10.15,0.05,0.06,0.02,0.12,0.95,0.1,1.98,0.08,0.45,0.74,0.27,0.73,5.64,0.6,1.68,2.38,11.73,0.45,2.64,4.37,F,18.0,23.0,17.0,47.0,37.0,81.0,18.0,94.0,12.0,8.0,10.0
8476822,2025,Luke Glendening,PHI,C,5on5,70,36567.0,942.0,1.17,2.0,5.0,1.0,8.0,49.0,5.89,94.0,6.0,11.0,4.0,3.0,38.0,18.12,28.0,0.39,0.41,0.42,44259.0,2.0,6.0,1.0,9.0,50.0,97.0,6.0,11.0,53.0,10.54,0.04,0.0,0.0,0.0,0.01,0.06,1.0,0.0,3.0,0.0,0.0,1.62,0.0,1.0,1.0,0.2,1.26,0.069,0.53,0.0,0.0,9.03,8.71,0.03,0.07,0.01,0.11,0.7,0.08,1.34,0.09,0.16,0.54,0.2,0.79,4.82,0.58,1.78,2.76,9.25,0.59,1.08,3.74,F,16.0,20.0,19.0,27.0,32.0,72.0,26.0,88.0,9.0,8.0,10.0
8480807,2025,Mattias Samuelsson,BUF,D,5on5,78,88625.0,1736.0,39.37,10.0,8.0,13.0,31.0,98.0,5.34,93.0,15.0,69.0,13.0,9.0,109.0,62.57,62.01,0.5,0.48,0.48,106838.0,13.0,12.0,16.0,41.0,109.0,132.0,17.0,80.0,154.0,22.83,0.05,0.0,0.0,0.0,0.0,0.0,0.0,0.0,6.0,0.0,0.44,2.71,1.0,3.0,4.0,0.12,2.56,0.077,0.85,0.0,1.0,8.76,18.94,0.13,0.1,0.17,0.4,1.26,0.07,1.19,0.19,0.88,1.4,0.41,1.26,3.98,0.22,2.54,2.52,3.78,0.61,2.8,4.43,D,92.0,91.0,86.0,65.0,78.0,61.0,34.0,62.0,59.0,44.0,42.0
8482109,2025,Alexis Lafrenire,NYR,L,5on5,82,71378.0,1563.0,60.3,14.0,10.0,11.0,35.0,124.0,15.51,83.0,21.0,44.0,8.0,15.0,42.0,48.05,43.39,0.53,0.52,0.52,86584.0,24.0,18.0,15.0,57.0,164.0,84.0,25.0,51.0,42.0,17.6,2.29,7.0,13.0,30.0,5.77,27.19,0.849,4.15,0.0,2.0,1.54,0.02,0.0,0.0,0.0,0.0,0.0,0.0,0.0,0.0,0.0,3.91,14.51,0.17,0.12,0.13,0.43,1.51,0.19,1.01,0.26,0.54,0.51,0.71,1.77,6.25,0.78,2.42,2.19,4.19,1.06,2.22,2.12,F,81.0,62.0,71.0,63.0,72.0,41.0,66.0,52.0,74.0,74.0,73.0
8480871,2025,Adam Boqvist,NYI,D,5on5,28,20517.0,464.0,-2.33,0.0,0.0,3.0,3.0,14.0,0.58,11.0,5.0,9.0,4.0,0.0,23.0,13.85,17.56,0.44,0.42,0.42,22001.0,0.0,1.0,3.0,4.0,17.0,11.0,5.0,11.0,23.0,13.1,0.41,0.0,1.0,1.0,0.05,1.35,0.833,5.2,0.0,0.0,1.4,0.12,0.0,0.0,0.0,0.0,0.15,0.652,0.0,0.0,0.0,1.44,12.21,0.0,0.0,0.11,0.11,0.5,0.02,0.39,0.18,0.32,0.82,0.0,0.53,2.46,0.1,2.43,3.08,1.93,0.88,1.58,4.04,D,24.0,16.0,28.0,14.0,18.0,35.0,63.0,53.0,19.0,10.0,10.0
8480049,2025,Dylan Samberg,WPG,D,5on5,66,72995.0,1496.0,21.4,0.0,2.0,7.0,9.0,75.0,2.86,45.0,22.0,58.0,6.0,5.0,83.0,47.29,46.61,0.5,0.51,0.52,86414.0,1.0,3.0,10.0,14.0,87.0,53.0,27.0,66.0,115.0,21.82,0.11,0.0,0.0,0.0,0.0,0.0,0.0,0.0,16.0,0.0,0.17,2.36,0.0,0.0,4.0,0.24,2.7,0.103,0.0,0.0,5.0,9.11,18.43,0.0,0.03,0.11,0.14,1.14,0.04,0.68,0.33,0.88,1.26,0.0,0.44,3.7,0.14,2.33,2.3,2.22,1.09,2.86,4.09,D,32.0,16.0,22.0,55.0,39.0,40.0,79.0,54.0,59.0,70.0,77.0
8482103,2025,Ozzy Wiesblatt,NSH,C,5on5,40,22652.0,489.0,3.15,1.0,3.0,1.0,5.0,24.0,2.8,98.0,7.0,15.0,16.0,12.0,17.0,14.22,16.47,0.46,0.48,0.45,24437.0,1.0,3.0,1.0,5.0,25.0,100.0,7.0,15.0,18.0,10.18,0.02,0.0,0.0,0.0,0.0,0.0,,0.0,0.0,0.0,0.0,0.65,0.0,0.0,1.0,0.14,0.2,0.058,0.0,0.0,0.0,7.41,9.44,0.02,0.08,0.02,0.12,0.6,0.07,2.45,0.18,0.38,0.42,0.16,0.79,3.81,0.44,2.26,2.62,15.57,1.11,2.38,2.7,F,18.0,19.0,19.0,11.0,15.0,92.0,69.0,73.0,29.0,42.0,19.0
8482187,2025,Ronan Seeley,CAR,D,5on5,1,827.0,17.0,0.25,0.0,0.0,0.0,0.0,0.0,0.0,0.0,0.0,1.0,0.0,0.0,2.0,0.46,0.55,0.46,0.5,0.56,912.0,0.0,0.0,0.0,0.0,0.0,0.0,0.0,1.0,2.0,15.2,,,,,,,,,,,,0.65,0.0,0.0,0.0,0.0,0.0,,0.0,0.0,0.0,0.0,13.78,0.0,0.0,0.0,0.0,0.0,0.0,0.0,0.0,1.0,2.0,0.0,0.0,0.0,0.0,2.0,2.39,0.0,0.0,4.35,8.71,D,7.0,16.0,7.0,2.0,2.0,2.0,7.0,99.0,31.0,62.0,92.0
8483690,2025,Noah Laba,NYR,C,5on5,74,51510.0,1155.0,17.58,5.0,7.0,6.0,18.0,58.0,8.17,106.0,9.0,36.0,13.0,11.0,34.0,29.9,35.72,0.46,0.46,0.46,59811.0,9.0,7.0,8.0,24.0,73.0,110.0,12.0,39.0,43.0,13.47,0.51,3.0,5.0,7.0,1.44,4.38,0.834,7.94,7.0,1.0,1.38,1.17,0.0,0.0,7.0,1.12,1.87,0.174,0.0,0.0,2.0,6.14,11.6,0.07,0.09,0.08,0.24,0.78,0.11,1.43,0.12,0.49,0.46,0.35,1.26,4.05,0.57,2.09,2.5,7.41,0.63,2.52,2.38,F,41.0,29.0,39.0,14.0,30.0,65.0,27.0,63.0,29.0,27.0,25.0
8483752,2025,Dominic James,TBL,C,5on5,43,28784.0,589.0,20.17,7.0,7.0,1.0,15.0,53.0,5.14,58.0,13.0,39.0,3.0,11.0,12.0,19.75,17.32,0.53,0.54,0.51,31571.0,7.0,7.0,1.0,15.0,56.0,58.0,14.0,41.0,13.0,12.24,0.67,0.0,0.0,2.0,0.4,1.98,0.805,0.0,0.0,0.0,1.0,0.08,0.0,0.0,0.0,0.0,0.0,0.0,0.0,0.0,0.0,0.66,11.16,0.16,0.16,0.02,0.35,1.23,0.12,1.35,0.3,0.91,0.28,0.88,1.88,6.63,0.64,2.47,2.17,7.25,1.63,4.88,1.5,F,67.0,78.0,77.0,70.0,45.0,64.0,92.0,28.0,74.0,85.0,66.0
8483395,2025,Arshdeep Bains,VAN,L,5on5,28,14558.0,343.0,2.85,1.0,2.0,1.0,4.0,17.0,2.55,22.0,6.0,11.0,6.0,0.0,3.0,10.39,10.21,0.5,0.48,0.49,15466.0,1.0,2.0,2.0,5.0,18.0,24.0,6.0,11.0,5.0,9.21,0.25,0.0,1.0,1.0,0.0,1.34,0.964,8.67,2.0,0.0,0.43,0.17,0.0,0.0,0.0,0.0,0.0,0.0,0.0,0.0,0.0,6.0,8.67,0.04,0.07,0.04,0.14,0.61,0.09,0.79,0.21,0.39,0.11,0.25,0.99,4.2,0.63,2.57,2.52,5.44,1.48,2.72,0.74,F,21.0,22.0,27.0,17.0,43.0,52.0,88.0,6.0,55.0,42.0,49.0
8477504,2025,Josh Morrissey,WPG,D,5on5,77,91680.0,1830.0,54.1,11.0,15.0,8.0,34.0,105.0,4.71,29.0,16.0,78.0,11.0,10.0,98.0,62.83,60.42,0.51,0.5,0.5,114207.0,14.0,22.0,19.0,55.0,146.0,36.0,17.0,98.0,118.0,24.72,3.02,2.0,16.0,30.0,2.29,31.34,0.912,4.12,3.0,1.0,0.78,0.65,0.0,0.0,0.0,0.07,1.22,0.182,0.0,3.0,0.0,6.59,19.84,0.14,0.19,0.1,0.44,1.36,0.06,0.38,0.21,1.01,1.27,0.43,1.34,4.12,0.18,2.47,2.37,1.14,0.63,3.06,3.85,D,94.0,92.0,90.0,69.0,61.0,19.0,36.0,48.0,66.0,62.0,62.0
8481024,2025,Linus Karlsson,VAN,C,5on5,79,51179.0,1199.0,31.69,13.0,8.0,8.0,29.0,92.0,13.52,83.0,14.0,46.0,7.0,21.0,20.0,36.8,37.34,0.5,0.5,0.5,59317.0,15.0,12.0,8.0,35.0,116.0,83.0,15.0,49.0,22.0,12.51,1.27,2.0,4.0,22.0,3.75,13.51,0.912,2.38,0.0,1.0,0.77,0.03,0.0,0.0,0.0,0.0,0.0,0.0,0.0,0.0,0.0,33.53,10.8,0.16,0.1,0.1,0.37,1.16,0.17,1.05,0.18,0.58,0.25,0.91,2.04,6.47,0.95,2.59,2.63,5.84,0.98,3.24,1.41,F,70.0,80.0,83.0,67.0,93.0,55.0,60.0,24.0,55.0,61.0,58.0
8479293,2025,Brandon Tanev,UTA,L,5on5,56,30532.0,798.0,2.82,0.0,2.0,1.0,3.0,42.0,4.97,153.0,7.0,35.0,14.0,17.0,32.0,17.38,22.2,0.44,0.48,0.48,31444.0,0.0,2.0,1.0,3.0,42.0,155.0,7.0,35.0,34.0,9.36,0.01,0.0,0.0,0.0,0.0,0.0,,0.0,0.0,0.0,0.0,0.16,0.0,0.0,0.0,0.0,0.1,0.208,0.0,0.0,0.0,2.51,9.09,0.0,0.04,0.02,0.05,0.75,0.09,2.73,0.12,0.62,0.57,0.0,0.35,4.95,0.59,2.05,2.62,18.04,0.83,4.13,3.77,F,11.0,9.0,11.0,30.0,34.0,93.0,46.0,89.0,20.0,42.0,41.0
8481554,2025,Kaapo Kakko,SEA,R,5on5,65,49167.0,1139.0,30.77,10.0,13.0,8.0,31.0,70.0,7.42,29.0,18.0,41.0,7.0,7.0,12.0,32.08,34.45,0.48,0.47,0.47,55604.0,13.0,14.0,13.0,40.0,78.0,30.0,19.0,43.0,12.0,14.26,1.4,2.0,8.0,7.0,2.33,10.65,0.917,5.28,0.0,0.0,0.63,0.01,0.0,0.0,0.0,0.0,0.0,,0.0,0.0,0.0,0.0,12.61,0.15,0.2,0.12,0.48,1.08,0.11,0.45,0.28,0.63,0.18,0.73,2.27,5.13,0.54,2.35,2.52,2.12,1.32,3.0,0.88,F,88.0,64.0,90.0,35.0,25.0,20.0,81.0,8.0,42.0,34.0,33.0
8477425,2025,Miles Wood,CBJ,L,5on5,54,35221.0,784.0,9.4,7.0,2.0,3.0,12.0,68.0,8.55,62.0,4.0,34.0,12.0,13.0,18.0,23.32,26.74,0.47,0.46,0.44,38415.0,8.0,3.0,3.0,14.0,71.0,63.0,5.0,34.0,19.0,11.86,0.02,0.0,0.0,0.0,0.0,0.0,,0.0,0.0,0.0,0.0,0.7,0.0,1.0,1.0,0.01,0.55,0.142,1.59,0.0,1.0,5.3,10.87,0.13,0.04,0.06,0.22,1.26,0.16,1.15,0.07,0.63,0.33,0.72,1.23,6.95,0.87,2.38,2.73,6.34,0.41,3.48,1.84,F,37.0,63.0,37.0,77.0,85.0,58.0,17.0,41.0,35.0,27.0,15.0
8475149,2025,Marcus Johansson,MIN,L,5on5,75,58715.0,1128.0,46.53,10.0,15.0,8.0,33.0,86.0,7.86,32.0,18.0,44.0,5.0,9.0,17.0,43.11,37.18,0.54,0.5,0.51,69398.0,15.0,21.0,13.0,49.0,107.0,34.0,22.0,53.0,20.0,15.42,1.22,3.0,9.0,8.0,1.18,5.58,0.783,5.88,0.0,1.0,1.01,0.64,0.0,1.0,3.0,0.04,0.34,0.074,1.25,1.0,1.0,5.37,13.05,0.13,0.2,0.11,0.44,1.15,0.1,0.43,0.24,0.59,0.23,0.61,2.02,5.27,0.48,2.64,2.28,1.96,1.1,2.7,1.04,F,82.0,54.0,82.0,40.0,18.0,18.0,68.0,11.0,80.0,61.0,66.0
8475253,2025,Garrett Wilson,PHI,L,5on5,3,1562.0,39.0,-0.32,0.0,0.0,0.0,0.0,3.0,0.21,6.0,1.0,1.0,1.0,1.0,0.0,0.82,1.05,0.44,0.34,0.37,1562.0,0.0,0.0,0.0,0.0,3.0,6.0,1.0,1.0,0.0,8.68,,,,,,,,,,,,,,,,,,,,,,,8.68,0.0,0.0,0.0,0.0,1.0,0.07,2.0,0.33,0.33,0.0,0.0,0.0,6.91,0.48,1.89,2.42,13.83,2.3,2.3,0.0,F,5.0,9.0,5.0,76.0,18.0,87.0,98.0,2.0,20.0,3.0,4.0
8483609,2025,Adam Klapka,CGY,R,5on5,79,47508.0,1099.0,14.12,5.0,7.0,4.0,16.0,78.0,7.75,287.0,13.0,34.0,31.0,17.0,50.0,29.08,34.46,0.46,0.48,0.47,50407.0,6.0,8.0,4.0,18.0,80.0,295.0,14.0,36.0,51.0,10.63,0.41,1.0,2.0,1.0,0.37,2.56,0.837,3.72,0.0,0.0,0.93,0.0,0.0,0.0,0.0,0.0,0.0,,0.0,0.0,1.0,0.0,10.02,0.06,0.09,0.05,0.2,0.99,0.1,3.63,0.16,0.43,0.63,0.38,1.21,5.91,0.59,2.2,2.61,21.75,0.99,2.58,3.79,F,33.0,32.0,35.0,56.0,34.0,97.0,61.0,89.0,29.0,42.0,33.0
8483444,2025,Nathan Gaucher,ANA,C,5on5,3,1393.0,35.0,-0.01,0.0,0.0,0.0,0.0,2.0,0.06,6.0,1.0,1.0,0.0,1.0,1.0,0.73,1.66,0.3,0.46,0.53,1444.0,0.0,0.0,0.0,0.0,2.0,6.0,1.0,1.0,1.0,8.02,,,,,,,,,,,,0.28,0.0,0.0,0.0,0.0,0.0,,0.0,0.0,0.0,0.0,7.74,0.0,0.0,0.0,0.0,0.67,0.02,2.0,0.33,0.33,0.33,0.0,0.0,5.17,0.16,1.89,4.29,15.51,2.58,2.58,2.58,F,5.0,9.0,5.0,36.0,3.0,91.0,99.0,70.0,4.0,27.0,80.0
8483448,2025,Isaiah George,NYI,D,5on5,4,3069.0,70.0,-0.25,0.0,1.0,0.0,1.0,2.0,0.05,1.0,2.0,2.0,0.0,0.0,3.0,1.03,2.19,0.32,0.33,0.37,3209.0,0.0,1.0,0.0,1.0,2.0,1.0,2.0,2.0,3.0,13.37,,,,,,,,,,,,0.23,0.0,0.0,0.0,0.0,0.12,1.0,0.0,0.0,0.0,0.0,12.79,0.0,0.25,0.0,0.25,0.5,0.01,0.25,0.5,0.5,0.75,0.0,1.17,2.35,0.06,1.21,2.57,1.17,2.35,2.35,3.52,D,66.0,16.0,83.0,12.0,8.0,20.0,99.0,35.0,3.0,3.0,4.0
8480426,2025,Charle-Edouard D'Astous,TBL,D,5on5,70,69542.0,1400.0,32.85,6.0,8.0,13.0,27.0,70.0,4.15,86.0,17.0,60.0,35.0,17.0,69.0,52.26,42.24,0.55,0.53,0.52,78759.0,6.0,8.0,15.0,29.0,80.0,96.0,21.0,64.0,74.0,18.75,0.98,0.0,2.0,6.0,0.16,5.04,0.756,1.76,2.0,0.0,1.43,0.43,0.0,0.0,0.0,0.03,0.24,0.066,0.0,0.0,1.0,6.7,16.56,0.09,0.11,0.19,0.39,1.0,0.06,1.23,0.24,0.86,0.99,0.31,1.4,3.62,0.21,2.71,2.19,4.45,0.88,3.11,3.57,D,91.0,82.0,91.0,52.0,74.0,70.0,63.0,36.0,85.0,82.0,77.0
8484210,2025,Gabe Perreault,NYR,R,5on5,49,42263.0,898.0,22.88,8.0,7.0,4.0,19.0,61.0,9.33,25.0,8.0,35.0,5.0,3.0,21.0,27.77,29.84,0.48,0.48,0.46,47000.0,12.0,11.0,4.0,27.0,73.0,25.0,10.0,36.0,22.0,15.99,1.19,3.0,6.0,8.0,2.63,8.46,0.902,6.16,0.0,1.0,0.94,,,,,,,,,,,,14.38,0.16,0.14,0.08,0.39,1.24,0.19,0.51,0.16,0.71,0.43,0.68,1.62,5.2,0.79,2.37,2.54,2.13,0.68,2.98,1.79,F,74.0,60.0,63.0,37.0,73.0,20.0,31.0,38.0,42.0,42.0,25.0
8483687,2025,Marek Alscher,FLA,D,5on5,4,4430.0,93.0,3.8,0.0,2.0,1.0,3.0,6.0,0.3,3.0,1.0,3.0,0.0,1.0,4.0,2.93,2.7,0.52,0.53,0.53,4886.0,0.0,2.0,1.0,3.0,6.0,4.0,1.0,3.0,6.0,20.36,,,,,,,,,,,,1.62,0.0,0.0,0.0,0.0,0.03,0.12,0.0,0.0,0.0,2.04,18.46,0.0,0.5,0.25,0.75,1.5,0.08,0.75,0.25,0.75,1.0,0.0,2.44,4.88,0.24,2.38,2.19,2.44,0.81,2.44,3.25,D,99.0,16.0,98.0,84.0,84.0,43.0,55.0,28.0,71.0,82.0,82.0
8479977,2025,Kailer Yamamoto,UTA,R,5on5,59,39665.0,915.0,27.06,13.0,7.0,3.0,23.0,58.0,8.04,47.0,17.0,24.0,6.0,10.0,20.0,27.48,22.39,0.55,0.53,0.53,41759.0,13.0,7.0,3.0,23.0,60.0,47.0,17.0,24.0,20.0,11.8,0.4,0.0,0.0,1.0,0.18,1.71,0.847,0.0,0.0,0.0,0.78,0.08,0.0,0.0,1.0,0.1,0.1,0.278,0.0,0.0,0.0,3.27,11.2,0.22,0.12,0.05,0.39,0.98,0.14,0.8,0.29,0.41,0.34,1.18,2.09,5.26,0.73,2.49,2.03,4.27,1.54,2.18,1.82,F,74.0,95.0,84.0,39.0,64.0,42.0,90.0,40.0,84.0,81.0,80.0
8475167,2025,Victor Hedman,TBL,D,5on5,33,27466.0,582.0,18.6,1.0,5.0,4.0,10.0,29.0,1.19,18.0,5.0,30.0,4.0,4.0,33.0,19.28,20.54,0.48,0.51,0.49,37357.0,1.0,9.0,7.0,17.0,50.0,19.0,8.0,40.0,44.0,18.87,2.03,0.0,6.0,13.0,0.83,7.17,0.879,5.39,2.0,1.0,0.89,1.86,0.0,0.0,0.0,0.0,0.49,0.098,0.0,1.0,2.0,4.39,13.87,0.03,0.15,0.12,0.3,0.88,0.04,0.55,0.15,0.91,1.0,0.13,1.31,3.8,0.16,2.53,2.69,2.36,0.66,3.93,4.33,D,78.0,49.0,89.0,58.0,51.0,43.0,38.0,61.0,44.0,70.0,52.0
8485512,2025,Tim Washe,ANA,C,5on5,39,23314.0,576.0,5.95,2.0,2.0,1.0,5.0,30.0,4.69,84.0,9.0,11.0,7.0,6.0,18.0,14.46,16.59,0.47,0.49,0.5,28202.0,2.0,2.0,1.0,5.0,33.0,91.0,12.0,11.0,25.0,12.05,0.02,0.0,0.0,0.0,0.0,0.05,1.0,0.0,2.0,0.0,0.0,1.83,0.0,0.0,2.0,0.14,0.68,0.074,0.0,0.0,2.0,7.13,9.96,0.05,0.05,0.03,0.13,0.77,0.12,2.15,0.23,0.28,0.46,0.31,0.77,4.63,0.72,2.23,2.56,12.97,1.39,1.7,2.78,F,19.0,26.0,19.0,24.0,61.0,85.0,85.0,75.0,35.0,51.0,58.0
8475784,2025,Jeff Skinner,SJS,L,5on5,32,20065.0,442.0,9.7,4.0,2.0,3.0,9.0,44.0,4.24,17.0,5.0,24.0,7.0,14.0,11.0,12.73,15.77,0.45,0.44,0.42,23697.0,6.0,3.0,4.0,13.0,56.0,17.0,10.0,27.0,11.0,12.34,1.73,2.0,4.0,10.0,0.88,7.26,0.922,4.34,0.0,5.0,0.66,,,,,,,,,,,,10.45,0.12,0.06,0.09,0.28,1.38,0.13,0.53,0.16,0.75,0.34,0.72,1.61,7.89,0.76,2.28,2.83,3.05,0.9,4.31,1.97,F,50.0,63.0,62.0,89.0,69.0,31.0,51.0,46.0,24.0,16.0,10.0
8479407,2025,Jesper Bratt,NJD,L,5on5,82,69712.0,1510.0,75.3,12.0,16.0,7.0,35.0,134.0,13.36,67.0,20.0,77.0,5.0,12.0,20.0,58.75,47.45,0.55,0.56,0.55,92316.0,22.0,30.0,19.0,71.0,178.0,74.0,24.0,92.0,24.0,18.76,2.77,5.0,19.0,20.0,2.42,33.66,0.9,5.01,1.0,0.0,0.98,0.78,1.0,2.0,4.0,0.83,1.75,0.298,1.88,1.0,1.0,3.87,14.17,0.15,0.2,0.09,0.43,1.63,0.16,0.82,0.24,0.94,0.24,0.62,1.81,6.92,0.69,3.03,2.45,3.46,1.03,3.98,1.03,F,81.0,55.0,73.0,77.0,55.0,35.0,64.0,11.0,84.0,91.0,89.0
8482964,2025,Arber Xhekaj,MTL,D,5on5,65,42974.0,872.0,1.4,1.0,2.0,1.0,4.0,39.0,1.58,175.0,2.0,34.0,31.0,17.0,41.0,22.97,30.42,0.43,0.47,0.48,44548.0,1.0,2.0,1.0,4.0,40.0,178.0,2.0,35.0,43.0,11.42,0.01,0.0,0.0,0.0,0.0,0.0,,0.0,0.0,0.0,0.0,0.3,0.0,0.0,0.0,0.0,0.51,0.172,0.0,0.0,0.0,7.53,11.02,0.02,0.03,0.02,0.06,0.6,0.02,2.69,0.03,0.52,0.63,0.08,0.34,3.27,0.13,1.92,2.55,14.66,0.17,2.85,3.43,D,16.0,37.0,18.0,40.0,33.0,99.0,14.0,32.0,16.0,36.0,42.0
8480185,2025,Eetu Luostarinen,FLA,C,5on5,73,57568.0,1269.0,39.11,9.0,10.0,8.0,27.0,80.0,9.15,111.0,14.0,40.0,13.0,20.0,40.0,39.97,37.37,0.52,0.53,0.52,72595.0,11.0,13.0,9.0,33.0,107.0,121.0,20.0,45.0,57.0,16.57,1.03,1.0,1.0,19.0,2.49,9.29,0.914,0.8,7.0,3.0,0.69,1.85,0.0,1.0,6.0,0.67,2.34,0.146,0.44,0.0,3.0,6.08,13.14,0.12,0.14,0.11,0.37,1.1,0.13,1.52,0.19,0.55,0.55,0.56,1.69,5.0,0.57,2.5,2.34,6.94,0.88,2.5,2.5,F,70.0,48.0,66.0,31.0,30.0,62.0,49.0,67.0,69.0,81.0,73.0
8481523,2025,Kirby Dach,MTL,C,5on5,37,26672.0,546.0,13.42,8.0,1.0,4.0,13.0,45.0,4.56,53.0,9.0,16.0,14.0,16.0,29.0,16.0,19.21,0.45,0.47,0.48,30319.0,8.0,3.0,4.0,15.0,47.0,53.0,11.0,17.0,30.0,13.66,1.36,0.0,2.0,2.0,1.14,5.45,0.902,2.39,0.0,1.0,0.7,0.03,0.0,0.0,0.0,0.0,0.0,,0.0,0.0,0.0,0.0,12.01,0.22,0.03,0.11,0.35,1.22,0.12,1.43,0.24,0.43,0.78,1.08,1.75,6.07,0.62,2.16,2.59,7.15,1.21,2.16,3.91,F,67.0,91.0,70.0,59.0,41.0,63.0,75.0,90.0,24.0,34.0,41.0
8481522,2025,Peyton Krebs,BUF,C,5on5,82,64402.0,1444.0,34.31,7.0,15.0,8.0,30.0,85.0,8.76,198.0,20.0,57.0,21.0,24.0,40.0,43.16,44.76,0.49,0.49,0.49,67717.0,12.0,18.0,9.0,39.0,93.0,201.0,22.0,58.0,41.0,13.76,0.08,0.0,1.0,1.0,0.04,0.65,0.956,9.63,0.0,0.0,0.29,0.11,0.0,0.0,1.0,0.05,0.06,0.052,0.0,0.0,0.0,6.95,13.09,0.09,0.18,0.1,0.37,1.04,0.11,2.41,0.24,0.7,0.49,0.39,1.68,4.75,0.49,2.41,2.5,11.07,1.12,3.19,2.24,F,70.0,33.0,65.0,26.0,20.0,79.0,70.0,57.0,48.0,51.0,49.0
8479718,2025,Alex Barr-Boulet,COL,C,5on5,2,834.0,22.0,1.22,0.0,0.0,1.0,1.0,0.0,0.08,3.0,0.0,0.0,0.0,0.0,0.0,0.46,0.15,0.76,0.76,0.75,1008.0,0.0,0.0,1.0,1.0,0.0,3.0,0.0,0.0,0.0,8.4,1.45,0.0,0.0,0.0,0.0,0.37,0.974,0.0,0.0,0.0,0.21,,,,,,,,,,,,6.95,0.0,0.0,0.5,0.5,0.0,0.04,1.5,0.0,0.0,0.0,0.0,4.32,0.0,0.35,1.99,0.65,12.95,0.0,0.0,0.0,F,90.0,9.0,100.0,1.0,9.0,85.0,6.0,2.0,100.0,100.0,100.0
8483398,2025,Declan Carlile,TBL,D,5on5,42,33890.0,723.0,6.22,1.0,0.0,1.0,2.0,30.0,1.53,50.0,5.0,22.0,12.0,12.0,34.0,20.04,20.56,0.49,0.49,0.47,37241.0,1.0,0.0,2.0,3.0,33.0,51.0,6.0,22.0,38.0,14.78,0.02,0.0,0.0,0.0,0.0,0.0,,0.0,0.0,0.0,0.0,1.04,0.0,0.0,1.0,0.04,0.43,0.11,0.0,0.0,1.0,4.78,13.45,0.02,0.0,0.02,0.05,0.71,0.04,1.19,0.12,0.52,0.81,0.11,0.21,3.19,0.16,2.13,2.18,5.31,0.53,2.34,3.61,D,14.0,44.0,14.0,36.0,51.0,80.0,27.0,38.0,50.0,53.0,34.0
8482874,2025,Jacob Melanson,SEA,R,5on5,36,20200.0,479.0,4.73,2.0,1.0,2.0,5.0,33.0,4.92,187.0,4.0,15.0,7.0,9.0,13.0,13.39,12.48,0.52,0.49,0.5,20232.0,2.0,1.0,2.0,5.0,33.0,188.0,4.0,15.0,13.0,9.37,0.01,0.0,0.0,0.0,0.0,0.0,,0.0,0.0,0.0,0.0,,,,,,,,,,,,9.35,0.06,0.03,0.06,0.14,0.92,0.14,5.19,0.11,0.42,0.36,0.36,0.89,5.88,0.88,2.39,2.22,33.33,0.71,2.67,2.32,F,21.0,30.0,22.0,55.0,86.0,100.0,35.0,60.0,69.0,51.0,58.0
8482715,2025,Ryan Ufko,NSH,D,5on5,18,13109.0,272.0,5.08,2.0,1.0,5.0,8.0,8.0,0.44,10.0,1.0,10.0,3.0,0.0,12.0,6.54,11.06,0.37,0.44,0.42,14994.0,2.0,3.0,6.0,11.0,11.0,10.0,3.0,12.0,13.0,13.88,1.51,0.0,2.0,2.0,0.11,2.1,0.781,4.41,1.0,2.0,1.3,0.07,0.0,0.0,0.0,0.0,0.0,,0.0,0.0,0.0,0.0,12.14,0.11,0.06,0.28,0.44,0.44,0.02,0.56,0.06,0.56,0.67,0.55,2.2,2.2,0.12,1.8,3.04,2.75,0.27,2.75,3.3,D,94.0,97.0,97.0,9.0,27.0,48.0,15.0,29.0,7.0,16.0,10.0
8481641,2025,Joel Kiviranta,COL,L,5on5,51,27858.0,692.0,19.08,3.0,2.0,4.0,9.0,48.0,5.52,61.0,6.0,16.0,4.0,3.0,13.0,20.82,13.91,0.6,0.59,0.58,31744.0,3.0,2.0,4.0,9.0,50.0,63.0,8.0,17.0,15.0,10.37,0.06,0.0,0.0,0.0,0.0,0.62,1.0,0.0,0.0,0.0,0.0,1.03,0.0,0.0,2.0,0.17,1.07,0.303,0.0,0.0,2.0,2.8,9.1,0.06,0.04,0.08,0.18,0.94,0.11,1.2,0.12,0.31,0.25,0.39,1.16,6.2,0.71,2.69,1.8,7.88,0.78,2.07,1.68,F,29.0,33.0,33.0,61.0,58.0,67.0,41.0,35.0,97.0,96.0,95.0
8485493,2025,David Tomasek,EDM,R,5on5,22,11756.0,263.0,3.86,3.0,0.0,0.0,3.0,21.0,2.03,17.0,3.0,11.0,5.0,2.0,6.0,6.78,8.15,0.45,0.47,0.48,14201.0,3.0,1.0,1.0,5.0,30.0,17.0,3.0,12.0,6.0,10.76,1.78,0.0,2.0,7.0,1.29,6.99,0.895,3.07,0.0,0.0,1.26,0.03,0.0,0.0,0.0,0.0,0.02,1.0,0.0,0.0,0.0,0.0,8.91,0.14,0.0,0.0,0.14,0.95,0.09,0.77,0.14,0.5,0.27,0.92,0.92,6.43,0.62,2.08,2.5,5.21,0.92,3.37,1.84,F,21.0,81.0,24.0,66.0,41.0,50.0,53.0,41.0,24.0,34.0,41.0
8481721,2025,Arseny Gritsyuk,NJD,R,5on5,66,53881.0,1114.0,47.52,11.0,11.0,4.0,26.0,131.0,8.56,57.0,23.0,42.0,12.0,9.0,17.0,39.35,34.47,0.53,0.58,0.58,60090.0,13.0,13.0,5.0,31.0,149.0,58.0,24.0,46.0,18.0,15.17,1.02,2.0,5.0,12.0,1.25,8.7,0.951,4.45,0.0,0.0,0.4,0.01,0.0,0.0,0.0,0.0,0.0,0.0,0.0,0.0,0.0,10.29,13.61,0.17,0.17,0.06,0.39,1.98,0.13,0.86,0.35,0.64,0.26,0.73,1.74,8.75,0.57,2.63,2.3,3.81,1.54,2.81,1.14,F,74.0,64.0,69.0,95.0,30.0,38.0,90.0,14.0,74.0,95.0,95.0
8483630,2025,Pavol Regenda,SJS,L,5on5,24,16549.0,359.0,10.35,5.0,1.0,0.0,6.0,31.0,5.04,57.0,3.0,12.0,5.0,5.0,6.0,12.62,12.83,0.5,0.5,0.48,19222.0,9.0,1.0,0.0,10.0,42.0,59.0,3.0,13.0,6.0,13.35,1.39,4.0,4.0,9.0,1.51,3.47,0.956,7.2,0.0,0.0,0.29,0.15,0.0,0.0,0.0,0.0,0.0,0.0,0.0,0.0,0.0,16.92,11.49,0.21,0.04,0.0,0.25,1.29,0.21,2.38,0.12,0.5,0.25,1.09,1.31,6.74,1.1,2.75,2.79,12.4,0.65,2.61,1.31,F,45.0,92.0,43.0,72.0,97.0,84.0,29.0,20.0,55.0,61.0,41.0
8482475,2025,Egor Chinakhov,PIT,R,5on5,72,51303.0,1105.0,41.67,19.0,8.0,7.0,34.0,120.0,11.75,45.0,8.0,34.0,4.0,12.0,28.0,37.16,37.06,0.5,0.49,0.49,58233.0,21.0,9.0,12.0,42.0,140.0,49.0,9.0,38.0,31.0,13.48,1.18,1.0,4.0,13.0,1.52,7.63,0.787,2.82,0.0,0.0,1.46,0.01,0.0,0.0,0.0,0.0,0.0,,0.0,0.0,0.0,0.0,11.88,0.26,0.11,0.1,0.47,1.67,0.16,0.62,0.11,0.47,0.39,1.33,2.39,8.42,0.82,2.61,2.6,3.16,0.56,2.39,1.96,F,86.0,97.0,93.0,93.0,79.0,32.0,24.0,46.0,55.0,51.0,49.0
8481726,2025,Adam Edstrom,NYR,C,5on5,35,19619.0,476.0,5.1,3.0,2.0,0.0,5.0,31.0,4.25,65.0,5.0,17.0,1.0,2.0,22.0,12.56,14.8,0.46,0.47,0.46,19868.0,3.0,2.0,0.0,5.0,31.0,65.0,5.0,18.0,22.0,9.46,0.01,0.0,0.0,0.0,0.0,0.0,,0.0,0.0,0.0,0.0,0.06,0.0,0.0,0.0,0.0,0.0,0.0,0.0,0.0,0.0,4.54,9.34,0.09,0.06,0.0,0.14,0.89,0.12,1.86,0.14,0.49,0.63,0.55,0.92,5.69,0.78,2.3,2.72,11.93,0.92,3.12,4.04,F,21.0,48.0,24.0,49.0,72.0,82.0,53.0,92.0,29.0,34.0,25.0
8484783,2025,Artyom Levshunov,CHI,D,5on5,67,62755.0,1237.0,8.58,1.0,5.0,5.0,11.0,60.0,2.94,83.0,14.0,77.0,17.0,6.0,60.0,39.8,56.59,0.41,0.45,0.43,78757.0,2.0,6.0,16.0,24.0,83.0,95.0,16.0,88.0,73.0,19.59,2.65,1.0,11.0,16.0,1.17,22.52,0.877,3.72,0.0,1.0,1.07,0.51,0.0,0.0,0.0,0.0,0.24,0.052,0.0,2.0,0.0,7.73,15.61,0.01,0.07,0.07,0.16,0.9,0.04,1.24,0.21,1.15,0.9,0.06,0.63,3.44,0.17,2.28,3.25,4.76,0.8,4.42,3.44,D,37.0,34.0,36.0,46.0,57.0,74.0,54.0,33.0,12.0,20.0,12.0
8473512,2025,Claude Giroux,OTT,R,5on5,82,59207.0,1519.0,56.64,9.0,9.0,10.0,28.0,101.0,10.06,64.0,20.0,38.0,10.0,12.0,20.0,45.35,33.32,0.58,0.54,0.56,80207.0,14.0,21.0,14.0,49.0,138.0,65.0,24.0,52.0,27.0,16.3,2.09,1.0,12.0,23.0,1.51,16.74,0.9,4.21,4.0,1.0,0.65,1.32,0.0,0.0,2.0,0.22,1.52,0.105,0.0,0.0,1.0,7.22,12.03,0.11,0.11,0.12,0.34,1.23,0.12,0.78,0.24,0.46,0.24,0.55,1.7,6.14,0.61,2.76,2.03,3.89,1.22,2.31,1.22,F,65.0,48.0,67.0,60.0,39.0,39.0,76.0,17.0,94.0,85.0,92.0
8483431,2025,Logan Cooley,UTA,C,5on5,54,44535.0,942.0,41.7,14.0,8.0,6.0,28.0,71.0,9.89,52.0,22.0,51.0,12.0,14.0,27.0,36.89,33.29,0.53,0.51,0.51,56142.0,24.0,11.0,8.0,43.0,102.0,54.0,24.0,66.0,27.0,17.33,2.4,6.0,9.0,20.0,5.4,18.65,0.881,4.17,0.0,1.0,1.17,0.52,1.0,1.0,1.0,0.17,0.54,0.134,2.16,0.0,0.0,7.54,13.75,0.26,0.15,0.11,0.52,1.31,0.18,0.96,0.41,0.94,0.5,1.13,2.26,5.74,0.8,2.98,2.69,4.2,1.78,4.12,2.18,F,92.0,93.0,89.0,50.0,76.0,41.0,94.0,54.0,74.0,68.0,66.0
8475220,2025,Marcus Foligno,MIN,L,5on5,56,37381.0,736.0,12.4,5.0,2.0,3.0,10.0,57.0,7.07,178.0,11.0,29.0,18.0,11.0,35.0,27.15,23.66,0.53,0.49,0.51,43160.0,8.0,2.0,3.0,13.0,65.0,180.0,11.0,29.0,47.0,12.85,0.14,2.0,2.0,4.0,0.82,0.9,0.918,15.29,1.0,0.0,0.61,1.4,0.0,0.0,3.0,0.03,0.42,0.045,0.0,0.0,0.0,6.87,11.13,0.09,0.04,0.05,0.18,1.02,0.13,3.18,0.2,0.52,0.62,0.48,0.96,5.49,0.68,2.61,2.28,17.14,1.06,2.79,3.37,F,29.0,40.0,26.0,45.0,53.0,93.0,66.0,84.0,74.0,51.0,66.0
8483733,2025,Nikita Grebenkin,PHI,R,5on5,55,36054.0,801.0,10.47,3.0,6.0,4.0,13.0,30.0,2.76,86.0,13.0,35.0,10.0,15.0,16.0,19.88,23.98,0.45,0.48,0.47,37246.0,4.0,6.0,4.0,14.0,32.0,86.0,13.0,35.0,17.0,11.29,0.21,0.0,0.0,1.0,0.15,0.55,0.809,0.0,0.0,0.0,0.69,0.01,0.0,0.0,0.0,0.0,0.0,,0.0,0.0,0.0,0.0,10.93,0.05,0.11,0.07,0.24,0.55,0.05,1.56,0.24,0.64,0.29,0.3,1.3,3.0,0.28,1.99,2.39,8.59,1.3,3.49,1.6,F,41.0,25.0,42.0,6.0,6.0,70.0,80.0,32.0,24.0,42.0,33.0
8481624,2025,Ilya Mikheyev,CHI,R,5on5,76,65975.0,1320.0,25.58,15.0,9.0,5.0,29.0,99.0,12.1,26.0,10.0,50.0,6.0,11.0,13.0,38.44,54.04,0.42,0.45,0.44,79504.0,18.0,13.0,5.0,36.0,121.0,31.0,21.0,60.0,23.0,17.44,0.06,0.0,0.0,0.0,0.0,0.01,0.25,0.0,5.0,0.0,0.39,2.51,1.0,3.0,15.0,1.89,3.23,0.134,0.95,0.0,10.0,6.56,14.47,0.2,0.12,0.07,0.38,1.3,0.16,0.34,0.13,0.66,0.17,0.82,1.58,5.4,0.66,2.1,2.95,1.42,0.55,2.73,0.71,F,72.0,75.0,60.0,42.0,49.0,12.0,23.0,6.0,14.0,21.0,15.0
8481806,2025,Louis Crevier,CHI,D,5on5,77,68684.0,1517.0,17.63,6.0,9.0,7.0,22.0,106.0,4.43,104.0,12.0,59.0,25.0,6.0,77.0,41.34,58.81,0.41,0.46,0.46,78990.0,7.0,9.0,9.0,25.0,113.0,121.0,15.0,64.0,93.0,17.1,0.07,0.0,0.0,1.0,0.08,0.14,0.737,0.0,5.0,0.0,0.55,1.83,1.0,2.0,5.0,0.19,1.95,0.095,0.85,1.0,3.0,7.94,14.87,0.08,0.12,0.09,0.29,1.38,0.06,1.35,0.16,0.77,1.0,0.31,1.15,5.56,0.23,2.17,3.08,5.45,0.63,3.09,4.04,D,76.0,82.0,82.0,91.0,81.0,81.0,36.0,53.0,12.0,28.0,27.0
8482742,2025,Zachary L'Heureux,NSH,L,5on5,25,16581.0,360.0,5.74,4.0,0.0,0.0,4.0,25.0,3.92,63.0,5.0,15.0,4.0,5.0,12.0,11.04,10.46,0.51,0.47,0.47,20086.0,4.0,1.0,0.0,5.0,32.0,64.0,5.0,16.0,15.0,13.39,0.45,0.0,1.0,7.0,0.22,1.23,0.707,5.38,0.0,0.0,2.74,1.7,0.0,0.0,0.0,0.08,0.17,0.024,0.0,0.0,0.0,9.54,11.05,0.16,0.0,0.0,0.16,1.0,0.16,2.52,0.2,0.6,0.48,0.87,0.87,5.43,0.85,2.4,2.27,13.68,1.09,3.26,2.61,F,24.0,77.0,21.0,42.0,83.0,87.0,68.0,70.0,63.0,34.0,33.0
8481161,2025,Jake Christiansen,CBJ,D,5on5,40,23594.0,495.0,3.75,0.0,2.0,1.0,3.0,26.0,0.88,30.0,2.0,13.0,3.0,1.0,20.0,16.69,17.22,0.49,0.5,0.5,24111.0,0.0,2.0,1.0,3.0,26.0,30.0,2.0,13.0,24.0,10.05,0.0,0.0,0.0,0.0,0.0,0.0,,0.0,0.0,0.0,0.0,0.16,0.0,0.0,0.0,0.0,0.12,0.063,0.0,0.0,0.0,16.26,9.83,0.0,0.05,0.02,0.08,0.65,0.02,0.75,0.05,0.32,0.5,0.0,0.46,3.97,0.13,2.55,2.63,4.58,0.31,1.98,3.05,D,18.0,16.0,23.0,65.0,33.0,72.0,16.0,22.0,50.0,62.0,62.0
8480145,2025,Neal Pionk,WPG,D,5on5,51,54546.0,1131.0,16.53,2.0,3.0,5.0,10.0,67.0,1.75,97.0,11.0,49.0,11.0,6.0,58.0,34.02,40.72,0.46,0.49,0.49,69492.0,3.0,4.0,5.0,12.0,97.0,111.0,15.0,56.0,75.0,22.71,1.55,1.0,2.0,26.0,0.95,8.33,0.905,1.52,8.0,2.0,0.66,2.29,0.0,0.0,0.0,0.0,2.42,0.128,0.0,0.0,2.0,8.44,17.83,0.04,0.06,0.1,0.2,1.31,0.03,1.9,0.22,0.96,1.14,0.13,0.66,4.42,0.12,2.25,2.69,6.4,0.73,3.23,3.83,D,51.0,49.0,38.0,75.0,27.0,87.0,46.0,47.0,31.0,53.0,52.0
8476981,2025,Josh Anderson,MTL,R,5on5,72,48753.0,1032.0,19.85,10.0,3.0,4.0,17.0,69.0,9.82,122.0,5.0,38.0,29.0,25.0,32.0,29.31,37.85,0.44,0.48,0.47,60577.0,14.0,5.0,4.0,23.0,89.0,129.0,8.0,42.0,43.0,14.02,0.08,0.0,0.0,3.0,0.12,0.29,1.0,0.0,4.0,0.0,0.0,2.19,2.0,3.0,14.0,1.8,2.81,0.11,1.14,0.0,3.0,8.69,11.29,0.14,0.04,0.06,0.24,0.96,0.14,1.69,0.07,0.53,0.44,0.74,1.26,5.1,0.73,2.16,2.79,9.01,0.37,2.81,2.36,F,41.0,66.0,39.0,35.0,64.0,71.0,16.0,63.0,20.0,42.0,33.0
8477998,2025,Warren Foegele,OTT,L,5on5,68,48667.0,1072.0,18.15,11.0,1.0,3.0,15.0,92.0,11.5,74.0,13.0,62.0,7.0,7.0,18.0,31.4,30.53,0.51,0.48,0.48,56201.0,13.0,1.0,3.0,17.0,105.0,74.0,14.0,67.0,19.0,13.77,0.59,1.0,1.0,7.0,0.5,3.18,0.855,1.5,0.0,0.0,0.81,1.0,0.0,0.0,5.0,0.58,0.99,0.095,0.0,0.0,1.0,8.33,11.93,0.16,0.01,0.04,0.22,1.35,0.17,1.09,0.19,0.91,0.26,0.81,1.11,6.81,0.85,2.32,2.26,5.47,0.96,4.59,1.33,F,37.0,73.0,31.0,74.0,83.0,52.0,57.0,20.0,63.0,42.0,41.0
8476463,2025,Jonas Brodin,MIN,D,5on5,62,65947.0,1273.0,25.6,4.0,9.0,4.0,17.0,73.0,2.57,8.0,12.0,40.0,8.0,11.0,105.0,46.81,38.67,0.55,0.49,0.51,75479.0,4.0,10.0,4.0,18.0,76.0,10.0,13.0,44.0,126.0,20.29,0.08,0.0,1.0,0.0,0.0,0.51,0.895,12.68,7.0,0.0,0.76,1.88,0.0,0.0,2.0,0.2,0.92,0.066,0.0,0.0,1.0,6.69,17.73,0.06,0.15,0.06,0.27,1.18,0.04,0.13,0.19,0.65,1.69,0.22,0.93,3.99,0.14,2.56,2.11,0.44,0.66,2.18,5.73,D,70.0,69.0,67.0,66.0,39.0,6.0,38.0,89.0,85.0,53.0,70.0
8481535,2025,Nils Hoglander,VAN,L,5on5,38,25305.0,562.0,5.83,2.0,2.0,1.0,5.0,34.0,3.28,52.0,5.0,25.0,4.0,6.0,8.0,15.56,18.01,0.46,0.5,0.47,26270.0,2.0,2.0,1.0,5.0,35.0,52.0,5.0,26.0,8.0,11.52,0.2,0.0,0.0,0.0,0.06,0.58,1.0,0.0,0.0,0.0,0.0,0.0,0.0,0.0,0.0,0.0,0.0,,0.0,0.0,0.0,0.0,11.1,0.05,0.05,0.03,0.13,0.89,0.09,1.37,0.13,0.66,0.21,0.28,0.71,4.84,0.47,2.21,2.56,7.4,0.71,3.56,1.14,F,19.0,24.0,17.0,28.0,17.0,65.0,35.0,14.0,29.0,61.0,33.0
8482155,2025,Alex Laferriere,LAK,R,5on5,82,70982.0,1425.0,58.05,16.0,8.0,10.0,34.0,161.0,17.18,233.0,17.0,76.0,7.0,13.0,35.0,47.65,44.31,0.52,0.54,0.52,90087.0,21.0,12.0,11.0,44.0,209.0,255.0,22.0,85.0,49.0,18.31,1.6,2.0,4.0,32.0,4.21,12.11,0.778,1.83,5.0,0.0,1.58,1.62,2.0,2.0,11.0,0.65,2.14,0.112,0.9,0.0,3.0,7.65,14.43,0.2,0.1,0.12,0.41,1.96,0.21,2.84,0.21,0.93,0.43,0.81,1.72,8.17,0.87,2.42,2.25,11.82,0.86,3.85,1.78,F,78.0,73.0,68.0,92.0,85.0,82.0,47.0,38.0,69.0,85.0,73.0
8482092,2025,Ridly Greig,OTT,C,5on5,77,60518.0,1514.0,42.04,10.0,10.0,8.0,28.0,107.0,13.84,88.0,11.0,44.0,23.0,25.0,39.0,44.68,38.0,0.54,0.52,0.53,77125.0,13.0,12.0,10.0,35.0,129.0,96.0,20.0,49.0,52.0,16.69,0.96,0.0,2.0,8.0,0.68,6.58,0.85,1.62,5.0,0.0,0.94,2.01,1.0,1.0,8.0,0.95,2.69,0.154,0.39,0.0,6.0,5.71,13.1,0.13,0.13,0.1,0.36,1.39,0.18,1.14,0.14,0.57,0.51,0.59,1.67,6.37,0.82,2.66,2.26,5.23,0.65,2.62,2.32,F,69.0,52.0,65.0,66.0,79.0,50.0,29.0,60.0,80.0,74.0,80.0
8476469,2025,Joel Armia,LAK,R,5on5,67,47038.0,1019.0,23.77,7.0,9.0,2.0,18.0,69.0,6.15,66.0,23.0,42.0,12.0,6.0,36.0,27.51,28.85,0.49,0.49,0.5,56529.0,13.0,10.0,2.0,25.0,92.0,74.0,30.0,51.0,40.0,14.06,0.64,1.0,1.0,11.0,1.52,5.07,0.819,1.39,3.0,2.0,1.56,1.35,3.0,4.0,9.0,1.35,2.28,0.219,2.64,0.0,5.0,5.37,11.7,0.1,0.13,0.03,0.27,1.03,0.09,0.99,0.34,0.63,0.54,0.54,1.38,5.28,0.47,2.11,2.21,5.05,1.76,3.21,2.76,F,48.0,47.0,47.0,40.0,17.0,48.0,94.0,75.0,48.0,51.0,58.0
8480078,2025,Filip Chytil,VAN,C,5on5,12,9261.0,192.0,2.53,3.0,0.0,0.0,3.0,20.0,2.64,3.0,4.0,11.0,3.0,0.0,3.0,6.68,6.78,0.5,0.48,0.47,10804.0,3.0,0.0,0.0,3.0,24.0,4.0,4.0,12.0,4.0,15.01,1.21,0.0,0.0,3.0,0.3,1.23,0.788,0.0,0.0,0.0,1.36,0.03,0.0,0.0,0.0,0.0,0.0,,0.0,0.0,0.0,0.0,12.86,0.25,0.0,0.0,0.25,1.67,0.22,0.25,0.33,0.92,0.25,1.17,1.17,7.77,1.03,2.6,2.64,1.17,1.55,4.28,1.17,F,45.0,94.0,33.0,88.0,96.0,9.0,91.0,15.0,55.0,42.0,33.0
8477938,2025,Haydn Fleury,WPG,D,5on5,38,26748.0,570.0,-3.27,2.0,0.0,1.0,3.0,21.0,1.12,49.0,8.0,25.0,6.0,0.0,42.0,13.49,22.2,0.38,0.42,0.41,31754.0,2.0,0.0,2.0,4.0,26.0,54.0,8.0,28.0,56.0,13.93,0.16,0.0,0.0,1.0,0.45,1.01,0.981,0.0,2.0,0.0,0.2,1.27,0.0,0.0,1.0,0.04,1.29,0.175,0.0,0.0,0.0,7.6,11.73,0.05,0.0,0.03,0.08,0.55,0.03,1.29,0.21,0.66,1.11,0.27,0.4,2.83,0.15,1.82,2.99,6.59,1.08,3.36,5.65,D,18.0,77.0,20.0,25.0,45.0,89.0,78.0,88.0,8.0,10.0,8.0
8480830,2025,Andrei Svechnikov,CAR,R,5on5,79,62879.0,1365.0,85.66,15.0,13.0,5.0,33.0,141.0,16.36,145.0,21.0,78.0,32.0,17.0,16.0,56.89,45.81,0.55,0.61,0.6,80509.0,31.0,24.0,15.0,70.0,203.0,148.0,23.0,92.0,16.0,16.99,2.74,10.0,25.0,47.0,7.88,28.27,0.892,6.94,0.0,0.0,0.95,0.0,0.0,0.0,0.0,0.0,0.0,0.0,0.0,0.0,0.0,3.6,13.27,0.19,0.16,0.06,0.42,1.78,0.21,1.84,0.27,0.99,0.2,0.86,1.89,8.07,0.94,3.26,2.62,8.3,1.2,4.47,0.92,F,80.0,77.0,78.0,91.0,92.0,69.0,74.0,8.0,84.0,99.0,98.0
8477964,2025,Ivan Barbashev,VGK,L,5on5,82,73619.0,1457.0,62.55,20.0,20.0,14.0,54.0,116.0,14.58,136.0,14.0,84.0,7.0,18.0,36.0,58.42,45.76,0.56,0.52,0.54,79910.0,23.0,23.0,15.0,61.0,133.0,137.0,15.0,90.0,37.0,16.24,0.84,2.0,6.0,9.0,2.04,7.0,0.935,5.23,0.0,0.0,0.43,0.0,0.0,0.0,0.0,0.0,0.0,,0.0,0.0,0.0,0.0,14.96,0.24,0.24,0.17,0.66,1.41,0.18,1.66,0.17,1.02,0.44,0.98,2.64,5.67,0.71,2.86,2.24,6.65,0.68,4.11,1.76,F,97.0,85.0,97.0,48.0,58.0,60.0,31.0,37.0,88.0,74.0,85.0
8480835,2025,Jack Drury,COL,C,5on5,82,59038.0,1322.0,47.69,8.0,9.0,6.0,23.0,85.0,10.32,46.0,17.0,37.0,12.0,10.0,38.0,42.05,30.94,0.58,0.58,0.58,71235.0,10.0,10.0,7.0,27.0,99.0,46.0,23.0,44.0,56.0,14.48,0.2,0.0,0.0,2.0,0.42,1.83,0.979,0.0,6.0,0.0,0.15,1.99,0.0,0.0,9.0,0.87,2.78,0.102,0.0,0.0,6.0,9.0,12.0,0.1,0.11,0.07,0.28,1.04,0.13,0.56,0.21,0.45,0.46,0.49,1.4,5.18,0.63,2.56,1.89,2.8,1.04,2.26,2.32,F,50.0,41.0,48.0,36.0,43.0,27.0,65.0,60.0,94.0,95.0,95.0
8484768,2025,Zayne Parekh,CGY,D,5on5,37,31352.0,699.0,10.63,1.0,2.0,0.0,3.0,28.0,1.89,13.0,7.0,59.0,4.0,8.0,25.0,19.46,22.68,0.46,0.49,0.48,38058.0,4.0,3.0,2.0,9.0,49.0,15.0,9.0,67.0,30.0,17.14,2.27,2.0,4.0,10.0,1.39,7.06,0.739,2.86,0.0,1.0,1.78,0.01,0.0,0.0,0.0,0.0,0.0,,0.0,0.0,0.0,0.0,14.12,0.03,0.05,0.0,0.08,0.76,0.05,0.35,0.19,1.59,0.68,0.11,0.34,3.22,0.22,2.23,2.6,1.49,0.8,6.77,2.87,D,18.0,44.0,18.0,38.0,78.0,27.0,54.0,17.0,31.0,53.0,42.0
8476871,2025,Tanner Pearson,BUF,L,5on5,56,31786.0,776.0,11.04,6.0,5.0,3.0,14.0,46.0,5.13,70.0,3.0,27.0,11.0,5.0,22.0,20.33,23.39,0.46,0.46,0.47,36397.0,7.0,5.0,3.0,15.0,52.0,74.0,6.0,28.0,27.0,10.83,0.18,0.0,0.0,2.0,0.02,0.28,0.903,0.0,1.0,0.0,0.18,0.89,0.0,0.0,1.0,0.05,0.82,0.132,0.0,0.0,3.0,6.48,9.46,0.11,0.09,0.05,0.25,0.82,0.09,1.25,0.05,0.48,0.39,0.68,1.59,5.21,0.58,2.3,2.65,7.93,0.34,3.06,2.49,F,45.0,60.0,61.0,37.0,32.0,67.0,14.0,67.0,29.0,27.0,33.0
8477416,2025,Oliver Bjorkstrand,TBL,R,5on5,80,49330.0,1058.0,34.43,3.0,11.0,4.0,18.0,80.0,8.38,81.0,11.0,35.0,4.0,11.0,35.0,30.26,30.86,0.5,0.5,0.49,65454.0,12.0,15.0,5.0,32.0,130.0,85.0,14.0,38.0,39.0,13.64,2.98,9.0,14.0,43.0,6.57,31.55,0.918,3.53,0.0,3.0,0.71,,,,,,,,,,,,10.28,0.04,0.14,0.05,0.22,1.0,0.1,1.01,0.14,0.44,0.44,0.22,1.31,5.84,0.61,2.21,2.25,5.91,0.8,2.55,2.55,F,37.0,21.0,43.0,53.0,39.0,56.0,44.0,69.0,55.0,61.0,49.0
8477986,2025,Brandon Montour,SEA,D,5on5,64,74104.0,1286.0,31.1,6.0,6.0,6.0,18.0,127.0,5.59,66.0,31.0,86.0,15.0,12.0,64.0,46.16,48.66,0.49,0.48,0.48,86629.0,11.0,12.0,9.0,32.0,174.0,75.0,32.0,92.0,78.0,22.56,1.78,1.0,7.0,26.0,1.68,12.77,0.927,3.69,2.0,0.0,0.53,0.34,0.0,0.0,0.0,0.0,0.1,0.035,0.0,1.0,0.0,7.54,19.3,0.09,0.09,0.09,0.28,1.98,0.09,1.03,0.48,1.34,1.0,0.29,0.87,6.17,0.27,2.24,2.36,3.21,1.51,4.18,3.11,D,73.0,80.0,61.0,95.0,90.0,54.0,94.0,25.0,50.0,44.0,42.0
8475718,2025,Justin Holl,STL,D,5on5,9,8096.0,162.0,3.13,1.0,0.0,0.0,1.0,7.0,0.32,5.0,4.0,3.0,3.0,2.0,5.0,6.12,4.4,0.58,0.53,0.49,8463.0,1.0,0.0,1.0,2.0,7.0,5.0,4.0,3.0,5.0,15.67,,,,,,,,,,,,0.51,0.0,0.0,0.0,0.0,0.25,0.893,0.0,0.0,0.0,0.39,14.99,0.11,0.0,0.0,0.11,0.78,0.04,0.56,0.44,0.33,0.56,0.44,0.44,3.11,0.14,2.72,1.96,2.22,1.78,1.33,2.22,D,24.0,94.0,22.0,35.0,39.0,40.0,96.0,7.0,93.0,82.0,52.0
8480762,2025,Eric Robinson,CAR,L,5on5,67,41127.0,901.0,31.09,12.0,4.0,1.0,17.0,78.0,10.08,88.0,9.0,27.0,4.0,6.0,12.0,34.42,25.67,0.57,0.58,0.57,45940.0,12.0,5.0,1.0,18.0,84.0,90.0,9.0,29.0,13.0,11.43,0.05,0.0,0.0,1.0,0.91,1.23,1.0,0.0,0.0,0.0,0.0,1.01,0.0,1.0,5.0,0.39,1.36,0.159,0.88,0.0,0.0,6.37,10.23,0.18,0.06,0.01,0.25,1.16,0.15,1.31,0.13,0.4,0.18,1.05,1.49,6.83,0.88,3.01,2.25,7.7,0.79,2.36,1.05,F,45.0,89.0,54.0,74.0,86.0,66.0,42.0,11.0,92.0,95.0,94.0
8477021,2025,Alexander Kerfoot,UTA,C,5on5,34,21547.0,539.0,12.9,6.0,3.0,2.0,11.0,24.0,1.83,29.0,3.0,24.0,7.0,4.0,23.0,11.74,12.31,0.49,0.52,0.51,26084.0,7.0,3.0,3.0,13.0,28.0,30.0,6.0,26.0,27.0,12.79,0.35,0.0,0.0,1.0,0.01,0.87,0.75,0.0,2.0,0.0,1.48,1.49,0.0,1.0,2.0,0.1,1.02,0.116,1.18,0.0,3.0,9.21,10.56,0.18,0.09,0.06,0.32,0.71,0.05,0.85,0.09,0.71,0.68,1.0,1.84,4.01,0.31,1.96,2.06,4.85,0.5,4.01,3.84,F,60.0,86.0,75.0,13.0,7.0,47.0,20.0,90.0,48.0,74.0,66.0
8484797,2025,Konsta Helenius,BUF,C,5on5,9,6313.0,133.0,6.18,1.0,3.0,0.0,4.0,15.0,0.98,10.0,1.0,5.0,0.0,2.0,3.0,5.33,3.75,0.59,0.59,0.58,6431.0,1.0,3.0,0.0,4.0,15.0,10.0,1.0,6.0,3.0,11.91,,,,,,,,,,,,,,,,,,,,,,,11.69,0.11,0.33,0.0,0.44,1.67,0.11,1.11,0.11,0.56,0.33,0.57,2.28,8.55,0.56,3.04,2.14,5.7,0.57,2.85,1.71,F,82.0,49.0,90.0,94.0,28.0,54.0,25.0,36.0,96.0,96.0,95.0
8476458,2025,Ryan Strome,CGY,C,5on5,52,36363.0,822.0,17.84,6.0,6.0,6.0,18.0,53.0,6.93,22.0,7.0,38.0,13.0,9.0,15.0,26.82,25.64,0.51,0.51,0.5,41475.0,8.0,6.0,7.0,21.0,57.0,22.0,8.0,42.0,15.0,13.29,1.25,1.0,2.0,2.0,0.17,4.71,0.809,1.85,0.0,0.0,1.03,0.08,0.0,0.0,0.0,0.0,0.0,0.0,0.0,0.0,0.0,6.07,11.65,0.12,0.12,0.12,0.35,1.02,0.13,0.42,0.13,0.73,0.29,0.59,1.78,5.25,0.69,2.66,2.54,2.18,0.69,3.76,1.49,F,67.0,52.0,72.0,39.0,55.0,21.0,32.0,27.0,63.0,68.0,58.0
8484305,2025,Zach Metsa,BUF,D,5on5,43,27037.0,557.0,6.4,2.0,0.0,4.0,6.0,22.0,1.1,5.0,5.0,27.0,4.0,3.0,28.0,16.59,19.09,0.46,0.46,0.47,28297.0,2.0,0.0,4.0,6.0,24.0,5.0,5.0,28.0,31.0,10.97,0.04,0.0,0.0,0.0,0.0,0.04,1.0,0.0,0.0,0.0,0.0,0.27,0.0,0.0,0.0,0.0,0.26,0.127,0.0,0.0,0.0,9.04,10.48,0.05,0.0,0.09,0.14,0.51,0.03,0.12,0.12,0.63,0.65,0.27,0.8,2.93,0.15,2.21,2.54,0.67,0.67,3.6,3.73,D,32.0,77.0,54.0,28.0,45.0,8.0,41.0,41.0,31.0,28.0,34.0
8484798,2025,Zeev Buium,VAN,D,5on5,76,75276.0,1447.0,16.48,3.0,5.0,5.0,13.0,53.0,3.16,26.0,14.0,76.0,12.0,14.0,49.0,48.26,58.01,0.45,0.47,0.46,89269.0,6.0,11.0,9.0,26.0,73.0,28.0,14.0,88.0,55.0,19.58,2.24,3.0,11.0,16.0,0.99,19.17,0.873,3.89,0.0,0.0,0.98,0.03,0.0,0.0,0.0,0.0,0.03,0.6,0.0,0.0,0.0,0.47,16.51,0.04,0.07,0.07,0.17,0.7,0.04,0.34,0.18,1.0,0.64,0.14,0.62,2.53,0.15,2.31,2.77,1.24,0.67,3.63,2.34,D,40.0,51.0,35.0,16.0,45.0,21.0,41.0,8.0,24.0,36.0,27.0
8484800,2025,Berkly Catton,SEA,C,5on5,66,47139.0,1064.0,13.57,6.0,1.0,7.0,14.0,68.0,8.9,8.0,16.0,36.0,11.0,13.0,30.0,31.97,33.45,0.49,0.47,0.49,51225.0,7.0,2.0,8.0,17.0,78.0,8.0,16.0,40.0,30.0,12.94,0.83,1.0,2.0,8.0,1.16,4.81,0.913,2.19,0.0,0.0,0.5,,,,,,,,,,,,11.9,0.09,0.02,0.11,0.21,1.03,0.13,0.12,0.24,0.55,0.45,0.46,1.07,5.19,0.68,2.44,2.55,0.61,1.22,2.75,2.29,F,35.0,38.0,30.0,37.0,53.0,4.0,76.0,58.0,48.0,34.0,49.0
8478407,2025,Vince Dunn,SEA,D,5on5,81,87561.0,1706.0,33.73,9.0,5.0,7.0,21.0,121.0,5.5,26.0,23.0,79.0,24.0,16.0,74.0,53.9,64.8,0.45,0.46,0.46,105279.0,11.0,18.0,15.0,44.0,179.0,27.0,29.0,88.0,86.0,21.66,2.57,1.0,15.0,43.0,2.5,25.71,0.883,4.32,1.0,5.0,0.99,0.07,0.0,0.0,0.0,0.0,0.21,0.389,0.0,0.0,0.0,3.59,18.02,0.11,0.06,0.09,0.26,1.49,0.07,0.32,0.28,0.98,0.91,0.37,0.86,4.97,0.23,2.22,2.66,1.07,0.95,3.25,3.04,D,68.0,87.0,60.0,85.0,81.0,16.0,69.0,22.0,24.0,28.0,27.0
8484793,2025,Sacha Boisvert,CHI,C,5on5,7,3871.0,90.0,0.99,1.0,1.0,0.0,2.0,6.0,0.49,9.0,0.0,4.0,3.0,3.0,1.0,1.87,2.51,0.43,0.43,0.43,3883.0,1.0,1.0,0.0,2.0,6.0,9.0,0.0,4.0,1.0,9.25,,,,,,,,,,,,,,,,,,,,,,,9.22,0.14,0.14,0.0,0.29,0.86,0.07,1.29,0.0,0.57,0.14,0.93,1.86,5.58,0.46,1.74,2.33,8.37,0.0,3.72,0.93,F,53.0,82.0,76.0,46.0,17.0,69.0,6.0,9.0,17.0,12.0,12.0
8482781,2025,Carson Lambos,MIN,D,5on5,1,542.0,15.0,0.47,0.0,0.0,0.0,0.0,1.0,0.06,0.0,0.0,2.0,0.0,0.0,1.0,0.41,0.14,0.75,0.61,0.75,616.0,0.0,0.0,0.0,0.0,1.0,0.0,0.0,2.0,1.0,10.27,,,,,,,,,,,,1.23,0.0,0.0,0.0,0.0,0.0,0.0,0.0,0.0,0.0,2.43,9.03,0.0,0.0,0.0,0.0,1.0,0.06,0.0,0.0,2.0,1.0,0.0,0.0,6.64,0.4,2.72,0.93,0.0,0.0,13.28,6.64,D,7.0,16.0,7.0,97.0,98.0,2.0,7.0,95.0,100.0,98.0,100.0
8482787,2025,Nikita Chibrikov,WPG,R,5on5,11,5960.0,143.0,0.03,0.0,0.0,0.0,0.0,9.0,1.15,16.0,2.0,8.0,6.0,4.0,5.0,2.08,3.1,0.4,0.46,0.46,6066.0,0.0,0.0,0.0,0.0,9.0,16.0,2.0,8.0,5.0,9.19,0.02,0.0,0.0,0.0,0.0,0.0,,0.0,0.0,0.0,0.0,0.13,0.0,0.0,0.0,0.0,0.02,1.0,0.0,0.0,0.0,0.0,9.03,0.0,0.0,0.0,0.0,0.82,0.1,1.45,0.18,0.73,0.45,0.0,0.0,5.44,0.69,1.26,1.87,9.66,1.21,4.83,3.02,F,5.0,9.0,5.0,43.0,55.0,74.0,75.0,80.0,10.0,27.0,25.0
8473986,2025,Alex Killorn,ANA,L,5on5,82,62042.0,1309.0,39.64,11.0,6.0,6.0,23.0,118.0,12.13,67.0,17.0,50.0,13.0,15.0,22.0,50.02,44.08,0.53,0.53,0.52,82188.0,15.0,8.0,10.0,33.0,148.0,70.0,21.0,64.0,30.0,16.7,1.44,3.0,5.0,8.0,1.74,10.23,0.858,2.55,5.0,1.0,0.86,2.23,0.0,1.0,16.0,1.1,3.2,0.118,0.33,0.0,2.0,7.87,12.61,0.13,0.07,0.07,0.28,1.44,0.15,0.82,0.21,0.61,0.27,0.64,1.33,6.85,0.7,2.9,2.56,3.89,0.99,2.9,1.28,F,50.0,57.0,44.0,75.0,56.0,39.0,61.0,18.0,74.0,81.0,73.0
8481582,2025,Nicholas Robertson,TOR,L,5on5,78,52896.0,1136.0,22.87,14.0,7.0,6.0,27.0,114.0,12.48,73.0,20.0,62.0,5.0,8.0,36.0,34.21,41.65,0.45,0.44,0.45,59251.0,16.0,9.0,7.0,32.0,127.0,75.0,23.0,67.0,36.0,12.66,1.08,2.0,4.0,12.0,1.5,6.22,0.811,2.85,0.0,3.0,1.03,0.09,0.0,0.0,0.0,0.0,0.15,0.652,0.0,0.0,0.0,0.72,11.3,0.18,0.09,0.08,0.35,1.46,0.16,0.94,0.26,0.79,0.46,0.95,1.84,7.76,0.85,2.33,2.83,4.97,1.36,4.22,2.45,F,67.0,83.0,75.0,87.0,83.0,47.0,83.0,66.0,24.0,16.0,19.0
8480003,2025,Jesper Boqvist,FLA,C,5on5,73,46233.0,1102.0,10.87,4.0,3.0,5.0,12.0,58.0,6.15,138.0,8.0,53.0,8.0,14.0,31.0,27.6,31.5,0.47,0.48,0.48,51811.0,4.0,4.0,5.0,13.0,64.0,141.0,9.0,55.0,33.0,11.83,0.45,0.0,1.0,3.0,0.28,0.93,0.969,1.83,0.0,0.0,0.05,0.65,0.0,0.0,3.0,0.54,0.93,0.17,0.0,0.0,1.0,5.72,10.56,0.05,0.04,0.07,0.16,0.79,0.08,1.89,0.11,0.73,0.42,0.31,0.93,4.52,0.48,2.15,2.45,10.75,0.62,4.13,2.41,F,24.0,26.0,25.0,22.0,18.0,78.0,27.0,64.0,35.0,42.0,41.0
8482660,2025,Kent Johnson,CBJ,C,5on5,76,51859.0,1085.0,26.69,5.0,6.0,7.0,18.0,90.0,8.56,15.0,11.0,39.0,9.0,5.0,33.0,35.35,35.44,0.5,0.52,0.5,60377.0,7.0,8.0,7.0,22.0,114.0,15.0,11.0,49.0,38.0,13.24,1.56,1.0,2.0,20.0,2.34,12.71,0.918,1.01,0.0,0.0,0.58,0.03,0.0,0.0,0.0,0.0,0.12,0.092,0.0,0.0,0.0,32.45,11.37,0.07,0.08,0.09,0.24,1.18,0.11,0.2,0.14,0.51,0.43,0.35,1.25,6.25,0.59,2.45,2.46,1.04,0.76,2.71,2.29,F,41.0,29.0,38.0,63.0,34.0,7.0,40.0,58.0,55.0,74.0,58.0
8483493,2025,Frank Nazar,CHI,C,5on5,65,52292.0,1079.0,30.69,10.0,10.0,7.0,27.0,89.0,9.8,32.0,22.0,58.0,9.0,19.0,36.0,32.21,44.14,0.42,0.45,0.45,71437.0,15.0,12.0,13.0,40.0,137.0,37.0,27.0,74.0,41.0,18.32,3.04,2.0,8.0,32.0,4.98,20.42,0.88,2.43,2.0,1.0,0.84,1.1,0.0,0.0,4.0,0.55,0.9,0.104,0.0,1.0,1.0,6.55,13.41,0.15,0.15,0.11,0.42,1.37,0.15,0.49,0.34,0.89,0.55,0.69,1.86,6.13,0.67,2.22,3.04,2.2,1.51,3.99,2.48,F,80.0,61.0,76.0,60.0,51.0,21.0,90.0,66.0,14.0,21.0,19.0
8483495,2025,Simon Nemec,NJD,D,5on5,68,71970.0,1300.0,26.48,5.0,6.0,5.0,16.0,79.0,4.01,23.0,22.0,77.0,12.0,8.0,98.0,46.25,51.69,0.47,0.5,0.49,80248.0,11.0,9.0,6.0,26.0,101.0,23.0,24.0,80.0,104.0,19.67,1.21,1.0,2.0,14.0,1.52,7.67,0.919,1.46,2.0,1.0,0.5,0.3,0.0,0.0,0.0,0.0,0.05,0.02,0.0,1.0,0.0,7.28,17.64,0.07,0.09,0.07,0.24,1.16,0.06,0.34,0.32,1.13,1.44,0.25,0.8,3.95,0.2,2.31,2.59,1.15,1.1,3.85,4.9,D,64.0,74.0,54.0,64.0,70.0,20.0,80.0,74.0,38.0,62.0,52.0
8483497,2025,Jani Nyman,SEA,R,5on5,28,16153.0,374.0,5.71,3.0,2.0,0.0,5.0,28.0,3.24,23.0,1.0,13.0,3.0,7.0,6.0,11.47,11.87,0.49,0.46,0.47,17754.0,4.0,2.0,1.0,7.0,33.0,23.0,1.0,13.0,6.0,10.57,0.81,1.0,2.0,5.0,0.83,2.71,0.975,5.32,0.0,0.0,0.19,,,,,,,,,,,,9.61,0.11,0.07,0.0,0.18,1.0,0.12,0.82,0.04,0.46,0.21,0.67,1.11,6.24,0.72,2.56,2.65,5.13,0.22,2.9,1.34,F,29.0,59.0,31.0,63.0,61.0,49.0,13.0,21.0,48.0,27.0,33.0
8482666,2025,Scott Morrow,NYR,D,5on5,29,24459.0,523.0,6.8,0.0,1.0,2.0,3.0,19.0,0.61,11.0,5.0,17.0,1.0,0.0,28.0,17.12,18.52,0.48,0.51,0.49,27264.0,0.0,3.0,3.0,6.0,24.0,11.0,5.0,21.0,29.0,15.67,1.28,0.0,2.0,5.0,0.17,3.25,0.825,3.23,0.0,0.0,1.11,0.02,0.0,0.0,0.0,0.0,0.0,,0.0,0.0,0.0,0.0,14.06,0.0,0.03,0.07,0.1,0.66,0.02,0.38,0.17,0.59,0.97,0.0,0.44,2.8,0.09,2.52,2.73,1.62,0.74,2.5,4.12,D,22.0,16.0,22.0,24.0,14.0,29.0,47.0,55.0,44.0,70.0,52.0
8478493,2025,Joel Eriksson Ek,MIN,C,5on5,70,55452.0,1070.0,53.12,10.0,6.0,11.0,27.0,118.0,10.89,95.0,14.0,28.0,10.0,14.0,22.0,37.63,36.79,0.51,0.5,0.5,80132.0,19.0,15.0,17.0,51.0,194.0,106.0,19.0,41.0,34.0,19.08,3.29,7.0,15.0,47.0,10.14,30.78,0.94,3.91,11.0,1.0,0.52,1.55,0.0,0.0,7.0,0.15,0.9,0.069,0.0,0.0,2.0,6.78,13.2,0.14,0.09,0.16,0.39,1.69,0.16,1.36,0.2,0.4,0.31,0.65,1.75,7.66,0.71,2.44,2.39,6.17,0.91,1.82,1.43,F,74.0,57.0,70.0,86.0,58.0,56.0,52.0,25.0,63.0,61.0,58.0
8478888,2025,Cameron Hughes,DAL,C,5on5,3,1317.0,29.0,0.85,1.0,0.0,0.0,1.0,2.0,0.27,3.0,0.0,1.0,0.0,1.0,2.0,0.56,0.62,0.47,0.32,0.35,1317.0,1.0,0.0,0.0,1.0,2.0,3.0,0.0,1.0,2.0,7.32,,,,,,,,,,,,,,,,,,,,,,,7.32,0.33,0.0,0.0,0.33,0.67,0.09,1.0,0.0,0.33,0.67,2.73,2.73,5.47,0.74,1.53,1.69,8.2,0.0,2.73,5.47,F,62.0,100.0,97.0,44.0,66.0,68.0,6.0,98.0,35.0,2.0,3.0
8476869,2025,Brady Skjei,NSH,D,5on5,82,87456.0,1754.0,21.82,2.0,9.0,6.0,17.0,88.0,3.85,60.0,18.0,102.0,15.0,5.0,58.0,60.81,63.08,0.49,0.48,0.47,111239.0,3.0,13.0,10.0,26.0,111.0,70.0,30.0,113.0,84.0,22.61,1.07,0.0,3.0,11.0,1.01,10.38,0.857,2.05,16.0,0.0,1.18,2.67,1.0,2.0,6.0,0.41,2.88,0.087,0.55,1.0,7.0,8.3,17.78,0.02,0.11,0.07,0.21,1.07,0.05,0.73,0.22,1.24,0.71,0.08,0.7,3.62,0.16,2.5,2.6,2.47,0.74,4.2,2.39,D,55.0,37.0,42.0,52.0,51.0,44.0,47.0,10.0,50.0,44.0,34.0
8477919,2025,Frederick Gaudreau,SEA,C,5on5,68,55004.0,1224.0,7.66,5.0,8.0,6.0,19.0,59.0,6.04,32.0,20.0,36.0,4.0,6.0,42.0,27.34,41.65,0.4,0.41,0.42,65866.0,7.0,11.0,6.0,24.0,70.0,35.0,25.0,36.0,52.0,16.14,0.29,1.0,3.0,6.0,2.21,4.36,0.978,9.25,3.0,0.0,0.31,1.89,0.0,0.0,3.0,0.23,0.89,0.041,0.0,0.0,3.0,9.64,13.48,0.07,0.12,0.09,0.28,0.87,0.09,0.47,0.29,0.53,0.62,0.33,1.24,3.86,0.4,1.79,2.73,2.09,1.31,2.36,2.75,F,50.0,28.0,38.0,12.0,13.0,20.0,80.0,75.0,10.0,8.0,10.0
8480848,2025,Ty Dellandrea,SJS,C,5on5,46,31038.0,662.0,0.16,1.0,6.0,2.0,9.0,46.0,5.9,126.0,6.0,24.0,10.0,15.0,28.0,16.06,25.7,0.38,0.39,0.37,39164.0,2.0,7.0,2.0,11.0,50.0,130.0,7.0,25.0,37.0,14.19,0.12,0.0,0.0,1.0,0.02,0.04,0.2,0.0,3.0,0.0,1.73,2.56,1.0,2.0,3.0,0.72,1.59,0.098,1.02,0.0,1.0,7.46,11.25,0.02,0.13,0.04,0.2,1.0,0.13,2.74,0.13,0.52,0.61,0.12,1.04,5.34,0.68,1.86,2.98,14.61,0.7,2.78,3.25,F,33.0,18.0,29.0,41.0,53.0,89.0,33.0,83.0,8.0,6.0,4.0
8475208,2025,Brian Dumoulin,LAK,D,5on5,82,78268.0,1506.0,21.78,2.0,7.0,7.0,16.0,55.0,2.44,32.0,17.0,89.0,11.0,6.0,79.0,50.29,50.0,0.5,0.51,0.51,87336.0,2.0,7.0,8.0,17.0,61.0,36.0,21.0,94.0,89.0,17.75,0.11,0.0,0.0,1.0,0.05,0.85,1.0,0.0,2.0,0.0,0.0,1.31,0.0,1.0,4.0,0.27,2.07,0.158,0.56,0.0,2.0,6.16,15.91,0.02,0.09,0.09,0.2,0.67,0.03,0.39,0.21,1.09,0.96,0.09,0.74,2.53,0.11,2.31,2.3,1.47,0.78,4.09,3.63,D,51.0,40.0,47.0,16.0,22.0,26.0,51.0,39.0,59.0,70.0,70.0
8479941,2025,Justin Danforth,BUF,R,5on5,4,2078.0,54.0,-0.82,0.0,0.0,0.0,0.0,2.0,0.1,3.0,0.0,2.0,1.0,0.0,2.0,0.43,1.54,0.22,0.38,0.33,2809.0,0.0,0.0,0.0,0.0,2.0,3.0,0.0,3.0,4.0,11.7,0.12,0.0,0.0,0.0,0.0,0.0,,0.0,0.0,0.0,0.0,2.62,0.0,0.0,0.0,0.0,0.0,0.0,0.0,0.0,0.0,3.21,8.66,0.0,0.0,0.0,0.0,0.5,0.02,0.75,0.0,0.5,0.5,0.0,0.0,3.46,0.17,0.74,2.67,5.2,0.0,3.46,3.46,F,5.0,9.0,5.0,9.0,3.0,49.0,6.0,85.0,1.0,5.0,3.0
8477463,2025,Steven Santini,TBL,D,5on5,12,7305.0,160.0,0.65,0.0,1.0,0.0,1.0,4.0,0.23,9.0,0.0,7.0,1.0,0.0,7.0,3.39,3.98,0.46,0.46,0.42,7441.0,0.0,1.0,0.0,1.0,4.0,9.0,0.0,7.0,7.0,10.33,0.01,0.0,0.0,0.0,0.0,0.0,,0.0,0.0,0.0,0.0,0.18,0.0,0.0,0.0,0.0,0.0,0.0,0.0,0.0,0.0,12.28,10.15,0.0,0.08,0.0,0.08,0.33,0.02,0.75,0.0,0.58,0.58,0.0,0.49,1.97,0.11,1.67,1.96,4.44,0.0,3.45,3.45,D,18.0,16.0,27.0,7.0,22.0,70.0,7.0,33.0,31.0,28.0,10.0
8475455,2025,Brenden Dillon,NJD,D,5on5,82,75706.0,1508.0,13.28,3.0,4.0,6.0,13.0,55.0,1.8,178.0,8.0,52.0,28.0,11.0,81.0,49.58,50.38,0.5,0.5,0.5,88548.0,3.0,4.0,8.0,15.0,55.0,202.0,10.0,56.0,103.0,18.0,0.02,0.0,0.0,0.0,0.0,0.01,0.5,0.0,1.0,0.0,0.4,2.18,0.0,0.0,0.0,0.0,2.64,0.106,0.0,0.0,2.0,7.46,15.39,0.04,0.05,0.07,0.16,0.67,0.02,2.17,0.1,0.63,0.99,0.14,0.62,2.62,0.09,2.36,2.4,8.46,0.38,2.47,3.85,D,37.0,51.0,35.0,18.0,14.0,94.0,18.0,48.0,59.0,62.0,62.0
8479339,2025,Patrik Laine,MTL,L,5on5,5,2963.0,57.0,-0.34,0.0,1.0,0.0,1.0,1.0,0.16,2.0,0.0,1.0,1.0,1.0,0.0,0.91,1.43,0.39,0.34,0.28,3782.0,0.0,1.0,0.0,1.0,6.0,2.0,0.0,2.0,0.0,12.61,2.28,0.0,0.0,4.0,0.18,0.38,0.864,0.0,0.0,0.0,0.32,,,,,,,,,,,,9.88,0.0,0.2,0.0,0.2,0.2,0.03,0.4,0.0,0.2,0.0,0.0,1.21,1.21,0.19,1.11,1.74,2.43,0.0,1.21,0.0,F,33.0,9.0,35.0,3.0,4.0,23.0,6.0,2.0,9.0,3.0,1.0
8471214,2025,Alex Ovechkin,WSH,L,5on5,82,60360.0,1380.0,65.2,19.0,13.0,4.0,36.0,138.0,16.29,125.0,9.0,46.0,13.0,5.0,14.0,47.69,45.14,0.51,0.5,0.5,85846.0,32.0,22.0,10.0,64.0,244.0,134.0,9.0,62.0,16.0,17.45,4.25,4.0,17.0,80.0,7.82,40.12,0.85,2.92,0.0,0.0,1.22,0.0,0.0,0.0,0.0,0.0,0.0,0.0,0.0,0.0,0.0,100.42,12.27,0.23,0.16,0.05,0.44,1.68,0.2,1.52,0.11,0.56,0.17,1.13,2.15,8.23,0.97,2.84,2.69,7.46,0.54,2.74,0.83,F,82.0,93.0,86.0,92.0,94.0,65.0,23.0,8.0,63.0,61.0,58.0
8482175,2025,JJ Peterka,UTA,R,5on5,82,67443.0,1463.0,54.47,20.0,8.0,11.0,39.0,135.0,11.6,16.0,18.0,76.0,12.0,13.0,18.0,49.14,44.2,0.53,0.53,0.53,78643.0,25.0,11.0,11.0,47.0,160.0,16.0,19.0,87.0,19.0,15.98,1.85,3.0,5.0,17.0,3.27,15.26,0.828,1.98,0.0,1.0,1.26,0.02,0.0,0.0,0.0,0.0,0.0,0.0,0.0,1.0,0.0,1.87,13.71,0.24,0.1,0.13,0.48,1.65,0.14,0.2,0.22,0.93,0.22,1.07,2.08,7.21,0.62,2.62,2.36,0.85,0.96,4.06,0.96,F,88.0,90.0,84.0,81.0,41.0,6.0,57.0,9.0,74.0,81.0,80.0
8482809,2025,Jackson Blake,CAR,R,5on5,81,67139.0,1289.0,74.7,14.0,12.0,7.0,33.0,128.0,19.82,13.0,23.0,78.0,18.0,17.0,33.0,61.36,43.76,0.58,0.6,0.59,80186.0,22.0,17.0,14.0,53.0,174.0,13.0,30.0,92.0,34.0,16.5,2.07,2.0,11.0,27.0,5.15,18.94,0.841,3.93,0.0,3.0,1.28,0.03,0.0,0.0,0.0,0.0,0.01,0.067,0.0,0.0,0.0,3.38,13.81,0.17,0.15,0.09,0.41,1.58,0.24,0.16,0.28,0.96,0.41,0.75,1.77,6.86,1.06,3.29,2.35,0.7,1.23,4.18,1.77,F,78.0,67.0,71.0,75.0,97.0,5.0,77.0,37.0,94.0,97.0,97.0
8482177,2025,Marat Khusnutdinov,BOS,C,5on5,77,57263.0,1212.0,28.87,10.0,6.0,10.0,26.0,66.0,8.76,40.0,17.0,43.0,8.0,15.0,35.0,35.9,41.69,0.46,0.48,0.47,66991.0,15.0,7.0,11.0,33.0,78.0,42.0,21.0,47.0,39.0,14.5,0.62,0.0,1.0,5.0,1.36,5.62,0.951,1.26,0.0,0.0,0.37,1.02,0.0,0.0,0.0,0.16,0.48,0.056,0.0,0.0,3.0,6.14,12.39,0.13,0.08,0.13,0.34,0.86,0.11,0.52,0.22,0.56,0.45,0.63,1.63,4.15,0.55,2.26,2.62,2.51,1.07,2.7,2.2,F,65.0,56.0,63.0,16.0,27.0,24.0,67.0,56.0,29.0,42.0,33.0
8476441,2025,Joel Edmundson,LAK,D,5on5,82,75698.0,1592.0,31.1,2.0,5.0,11.0,18.0,99.0,5.13,85.0,9.0,72.0,10.0,8.0,94.0,49.44,50.12,0.5,0.51,0.52,90914.0,2.0,8.0,13.0,23.0,104.0,97.0,10.0,83.0,111.0,18.48,0.05,0.0,2.0,0.0,0.0,0.58,1.0,26.67,5.0,0.0,0.0,2.28,0.0,0.0,5.0,0.18,2.19,0.081,0.0,0.0,1.0,8.02,15.39,0.02,0.06,0.13,0.22,1.21,0.06,1.04,0.11,0.88,1.15,0.1,0.86,4.71,0.24,2.35,2.38,4.04,0.43,3.42,4.47,D,59.0,42.0,60.0,82.0,84.0,65.0,20.0,64.0,59.0,70.0,77.0
8479337,2025,Alex DeBrincat,DET,R,5on5,82,70069.0,1456.0,87.36,17.0,14.0,14.0,45.0,188.0,17.21,36.0,37.0,72.0,8.0,11.0,35.0,52.67,46.53,0.53,0.51,0.54,91021.0,41.0,24.0,20.0,85.0,287.0,38.0,43.0,87.0,39.0,18.5,3.22,14.0,22.0,67.0,12.14,38.44,0.927,5.0,0.0,2.0,0.69,0.03,0.0,0.0,0.0,0.0,0.0,0.0,0.0,0.0,0.0,0.87,14.24,0.21,0.17,0.17,0.55,2.29,0.21,0.44,0.45,0.88,0.43,0.87,2.31,9.66,0.88,2.71,2.39,1.85,1.9,3.7,1.8,F,93.0,77.0,91.0,97.0,86.0,17.0,96.0,39.0,74.0,68.0,85.0
8483489,2025,Fraser Minten,BOS,C,5on5,82,62185.0,1280.0,38.44,13.0,7.0,7.0,27.0,90.0,10.88,137.0,21.0,36.0,10.0,11.0,43.0,43.13,42.99,0.5,0.5,0.51,76511.0,17.0,11.0,7.0,35.0,116.0,142.0,27.0,40.0,51.0,15.55,0.95,1.0,3.0,14.0,2.15,8.18,0.861,2.32,4.0,0.0,1.02,1.53,0.0,1.0,7.0,0.46,2.75,0.152,0.48,0.0,5.0,7.35,12.64,0.16,0.09,0.09,0.33,1.1,0.13,1.67,0.26,0.44,0.52,0.75,1.56,5.21,0.63,2.5,2.49,7.93,1.22,2.08,2.49,F,62.0,67.0,59.0,37.0,43.0,67.0,76.0,67.0,55.0,61.0,66.0
8483565,2025,Nick Blankenburg,COL,D,5on5,61,49982.0,1063.0,30.13,4.0,6.0,4.0,14.0,51.0,3.63,49.0,11.0,44.0,3.0,8.0,52.0,39.79,32.42,0.55,0.53,0.52,61477.0,8.0,10.0,6.0,24.0,72.0,55.0,17.0,55.0,59.0,16.8,1.35,3.0,7.0,10.0,1.15,6.17,0.813,5.1,3.0,2.0,1.03,1.3,0.0,0.0,4.0,0.58,1.0,0.142,0.0,1.0,3.0,4.59,13.66,0.07,0.1,0.07,0.23,0.84,0.06,0.8,0.18,0.72,0.85,0.29,1.01,3.67,0.26,2.87,2.34,3.53,0.79,3.17,3.75,D,62.0,80.0,71.0,54.0,88.0,56.0,52.0,42.0,85.0,82.0,77.0
8475722,2025,Jason Zucker,BUF,L,5on5,62,44603.0,1018.0,41.57,14.0,6.0,8.0,28.0,93.0,13.24,57.0,8.0,58.0,9.0,12.0,19.0,35.41,35.4,0.5,0.49,0.49,58114.0,24.0,11.0,10.0,45.0,128.0,57.0,8.0,65.0,21.0,15.62,3.14,10.0,15.0,30.0,6.45,25.2,0.899,4.62,0.0,0.0,0.87,0.0,0.0,0.0,0.0,0.0,0.0,,0.0,0.0,0.0,0.0,11.99,0.23,0.1,0.13,0.45,1.5,0.21,0.92,0.13,0.94,0.31,1.13,2.26,7.51,1.07,2.86,2.86,4.6,0.65,4.68,1.53,F,83.0,93.0,89.0,84.0,97.0,44.0,29.0,29.0,55.0,51.0,49.0
8476917,2025,Adam Pelech,NYI,D,5on5,82,86497.0,1852.0,32.35,3.0,6.0,4.0,13.0,115.0,5.46,62.0,23.0,60.0,24.0,10.0,97.0,65.7,59.24,0.53,0.53,0.53,102782.0,4.0,7.0,5.0,16.0,122.0,66.0,31.0,70.0,124.0,20.89,0.15,0.0,0.0,0.0,0.0,0.23,0.719,0.0,9.0,0.0,0.45,2.34,1.0,2.0,4.0,0.28,3.2,0.106,0.63,0.0,6.0,8.42,17.58,0.04,0.07,0.05,0.16,1.4,0.07,0.76,0.28,0.73,1.18,0.12,0.54,4.79,0.23,2.73,2.47,2.58,0.96,2.5,4.04,D,37.0,47.0,29.0,83.0,81.0,46.0,70.0,53.0,76.0,82.0,82.0
8484821,2025,Sam Morton,CGY,C,5on5,3,1447.0,31.0,0.21,0.0,0.0,0.0,0.0,3.0,0.99,9.0,1.0,2.0,0.0,1.0,1.0,1.19,0.71,0.62,0.47,0.45,1680.0,0.0,0.0,0.0,0.0,3.0,9.0,1.0,2.0,1.0,9.33,0.04,0.0,0.0,0.0,0.0,0.0,,0.0,0.0,0.0,0.0,1.25,0.0,0.0,0.0,0.0,0.01,0.143,0.0,0.0,0.0,0.96,8.04,0.0,0.0,0.0,0.0,1.0,0.33,3.0,0.33,0.67,0.33,0.0,0.0,7.46,2.46,2.96,1.77,22.39,2.49,4.98,2.49,F,5.0,9.0,5.0,83.0,100.0,98.0,98.0,67.0,98.0,34.0,19.0
8480014,2025,Gabriel Vilardi,WPG,C,5on5,82,72501.0,1425.0,60.28,16.0,12.0,15.0,43.0,101.0,14.22,20.0,12.0,55.0,9.0,30.0,31.0,52.35,54.27,0.49,0.49,0.49,92199.0,30.0,20.0,19.0,69.0,150.0,20.0,14.0,63.0,35.0,18.74,2.98,13.0,23.0,41.0,10.18,33.79,0.904,5.64,0.0,2.0,0.88,0.02,0.0,0.0,0.0,0.0,0.0,0.0,0.0,0.0,0.0,1.98,14.74,0.2,0.15,0.18,0.52,1.23,0.17,0.24,0.15,0.67,0.38,0.79,2.14,5.02,0.71,2.6,2.69,0.99,0.6,2.73,1.54,F,92.0,71.0,85.0,32.0,58.0,7.0,26.0,29.0,48.0,51.0,49.0
8481617,2025,Vasily Podkolzin,EDM,R,5on5,82,68903.0,1417.0,47.65,17.0,9.0,7.0,33.0,119.0,13.03,237.0,15.0,51.0,14.0,15.0,48.0,50.26,46.82,0.52,0.53,0.54,75656.0,19.0,10.0,8.0,37.0,139.0,242.0,18.0,52.0,52.0,15.38,0.44,1.0,3.0,14.0,1.35,5.87,0.885,5.0,0.0,1.0,1.27,0.61,0.0,0.0,3.0,0.09,0.51,0.056,0.0,0.0,1.0,10.23,14.0,0.21,0.11,0.09,0.4,1.45,0.16,2.89,0.18,0.62,0.59,0.89,1.72,6.22,0.68,2.63,2.45,12.38,0.78,2.66,2.51,F,76.0,79.0,68.0,62.0,53.0,84.0,41.0,68.0,69.0,81.0,85.0
8483766,2025,David Spacek,MIN,D,5on5,2,1272.0,29.0,-1.65,0.0,0.0,0.0,0.0,0.0,0.0,1.0,0.0,1.0,0.0,0.0,2.0,0.37,1.11,0.25,0.19,0.27,1290.0,0.0,0.0,0.0,0.0,0.0,1.0,0.0,1.0,2.0,10.75,,,,,,,,,,,,,,,,,,,,,,,10.6,0.0,0.0,0.0,0.0,0.0,0.0,0.5,0.0,0.5,1.0,0.0,0.0,0.0,0.0,1.05,3.14,2.83,0.0,2.83,5.66,D,7.0,16.0,7.0,2.0,2.0,49.0,7.0,89.0,2.0,0.0,1.0
8480855,2025,Jack McBain,UTA,C,5on5,75,52694.0,1250.0,32.92,7.0,9.0,6.0,22.0,99.0,14.53,265.0,6.0,48.0,25.0,17.0,30.0,44.04,39.81,0.53,0.53,0.52,62310.0,9.0,10.0,6.0,25.0,106.0,271.0,9.0,51.0,43.0,13.85,0.33,0.0,0.0,4.0,1.32,3.1,0.827,0.0,2.0,0.0,1.56,1.37,1.0,2.0,1.0,0.33,0.94,0.057,1.17,0.0,3.0,9.11,11.71,0.09,0.12,0.08,0.29,1.32,0.19,3.53,0.08,0.64,0.4,0.48,1.5,6.76,0.99,3.01,2.72,18.1,0.41,3.28,2.05,F,53.0,40.0,55.0,72.0,95.0,93.0,17.0,49.0,74.0,81.0,73.0
8479525,2025,Ross Colton,COL,C,5on5,73,50594.0,1169.0,47.52,7.0,10.0,5.0,22.0,142.0,15.43,155.0,19.0,49.0,4.0,14.0,25.0,46.78,32.57,0.59,0.59,0.59,54828.0,9.0,10.0,5.0,24.0,153.0,159.0,19.0,51.0,25.0,12.52,0.77,0.0,0.0,8.0,1.66,3.63,0.791,0.0,0.0,0.0,1.03,0.04,0.0,0.0,0.0,0.0,0.03,1.0,0.0,0.0,0.0,0.0,11.55,0.1,0.14,0.07,0.3,1.95,0.21,2.12,0.26,0.67,0.34,0.5,1.57,10.1,1.1,3.33,2.32,11.03,1.35,3.49,1.78,F,56.0,42.0,60.0,98.0,97.0,79.0,82.0,38.0,96.0,96.0,97.0
8481014,2025,Alexander Romanov,NYI,D,5on5,15,14821.0,291.0,-1.28,0.0,0.0,0.0,0.0,17.0,0.56,29.0,3.0,17.0,3.0,3.0,24.0,8.04,16.14,0.33,0.42,0.42,17501.0,0.0,0.0,1.0,1.0,17.0,31.0,4.0,18.0,31.0,19.45,0.15,0.0,0.0,0.0,0.0,0.0,,0.0,3.0,0.0,0.0,2.06,0.0,0.0,0.0,0.0,0.44,0.115,0.0,0.0,0.0,6.61,16.47,0.0,0.0,0.0,0.0,1.13,0.04,1.93,0.2,1.13,1.6,0.0,0.0,4.13,0.14,1.95,3.92,7.04,0.73,4.13,5.83,D,7.0,16.0,7.0,70.0,39.0,90.0,46.0,91.0,4.0,10.0,10.0
8477479,2025,Tyler Bertuzzi,CHI,L,5on5,78,68304.0,1353.0,49.06,20.0,8.0,7.0,35.0,111.0,16.06,49.0,21.0,66.0,11.0,16.0,21.0,49.34,56.34,0.47,0.47,0.47,86497.0,32.0,15.0,11.0,58.0,163.0,55.0,21.0,75.0,22.0,18.48,3.1,10.0,19.0,43.0,10.82,30.41,0.888,4.71,0.0,0.0,0.95,0.0,0.0,0.0,0.0,0.0,0.0,,0.0,0.0,0.0,0.0,14.59,0.26,0.1,0.09,0.45,1.42,0.21,0.63,0.27,0.85,0.27,1.05,1.84,5.85,0.85,2.6,2.97,2.58,1.11,3.48,1.11,F,83.0,89.0,75.0,54.0,83.0,25.0,69.0,13.0,35.0,34.0,33.0
8478851,2025,Alexandre Carrier,MTL,D,5on5,73,67411.0,1406.0,21.55,7.0,7.0,7.0,21.0,52.0,2.8,31.0,25.0,43.0,15.0,8.0,113.0,47.21,49.31,0.49,0.48,0.49,83585.0,7.0,8.0,7.0,22.0,56.0,35.0,28.0,50.0,155.0,19.08,0.03,0.0,0.0,0.0,0.0,0.02,0.667,0.0,8.0,0.0,0.3,2.85,0.0,0.0,4.0,0.06,2.28,0.071,0.0,0.0,3.0,8.61,15.39,0.1,0.1,0.1,0.29,0.71,0.04,0.42,0.34,0.59,1.55,0.37,1.12,2.78,0.15,2.52,2.63,1.66,1.34,2.3,6.03,D,76.0,87.0,79.0,23.0,45.0,30.0,90.0,93.0,50.0,44.0,52.0
8477951,2025,Nick Schmaltz,UTA,C,5on5,82,70536.0,1546.0,84.67,19.0,14.0,10.0,43.0,133.0,13.8,18.0,38.0,82.0,11.0,18.0,44.0,51.57,43.37,0.54,0.56,0.56,97039.0,33.0,30.0,11.0,74.0,206.0,23.0,45.0,94.0,52.0,19.72,3.02,9.0,18.0,49.0,10.61,36.08,0.91,4.36,5.0,3.0,0.87,1.41,2.0,2.0,10.0,1.02,1.11,0.064,1.04,0.0,4.0,8.5,14.34,0.23,0.17,0.12,0.52,1.62,0.17,0.22,0.46,1.0,0.54,0.97,2.19,6.79,0.7,2.63,2.21,0.92,1.94,4.19,2.25,F,92.0,85.0,87.0,73.0,56.0,7.0,96.0,57.0,80.0,91.0,92.0
8482168,2025,Maxim Groshev,TBL,D,5on5,2,1377.0,29.0,-0.22,0.0,0.0,1.0,1.0,1.0,0.01,0.0,0.0,1.0,0.0,0.0,1.0,0.91,2.7,0.25,0.3,0.32,1380.0,0.0,0.0,1.0,1.0,1.0,0.0,0.0,1.0,1.0,11.5,,,,,,,,,,,,0.02,0.0,0.0,0.0,0.0,0.0,,0.0,0.0,0.0,0.0,11.48,0.0,0.0,0.5,0.5,0.5,0.0,0.0,0.0,0.5,0.5,0.0,2.61,2.61,0.03,2.38,7.06,0.0,0.0,2.61,2.61,D,96.0,16.0,98.0,18.0,4.0,2.0,7.0,11.0,2.0,3.0,4.0
8480800,2025,Quinn Hughes,MIN,D,5on5,74,98762.0,1573.0,79.17,4.0,16.0,15.0,35.0,130.0,5.99,6.0,28.0,94.0,14.0,29.0,77.0,78.7,69.0,0.53,0.53,0.53,123155.0,7.0,33.0,36.0,76.0,187.0,7.0,34.0,116.0,87.0,27.74,3.79,3.0,30.0,38.0,2.74,43.01,0.93,6.42,0.0,3.0,0.69,0.09,0.0,0.0,0.0,0.0,0.06,0.3,0.0,3.0,0.0,1.3,22.24,0.05,0.22,0.2,0.47,1.76,0.08,0.08,0.38,1.27,1.04,0.15,1.28,4.74,0.22,2.87,2.52,0.22,1.02,3.43,2.81,D,96.0,53.0,87.0,82.0,78.0,5.0,75.0,15.0,76.0,82.0,82.0
8480021,2025,Jack Studnicka,FLA,C,5on5,19,7854.0,209.0,-0.99,0.0,0.0,0.0,0.0,15.0,0.84,19.0,3.0,4.0,2.0,2.0,6.0,2.98,6.9,0.3,0.44,0.42,8089.0,0.0,0.0,0.0,0.0,16.0,19.0,3.0,4.0,6.0,7.1,0.08,0.0,0.0,1.0,0.01,0.01,1.0,0.0,0.0,0.0,0.0,0.08,0.0,0.0,0.0,0.0,0.02,0.105,0.0,0.0,0.0,6.38,6.89,0.0,0.0,0.0,0.0,0.79,0.04,1.0,0.16,0.21,0.32,0.0,0.0,6.88,0.39,1.37,3.16,8.71,1.38,1.83,2.75,F,5.0,9.0,5.0,76.0,12.0,71.0,84.0,75.0,4.0,16.0,10.0
8479619,2025,Michael Carcone,UTA,L,5on5,79,55042.0,1284.0,49.14,12.0,7.0,7.0,26.0,129.0,12.62,147.0,16.0,43.0,6.0,14.0,15.0,46.25,36.23,0.56,0.58,0.56,60318.0,16.0,8.0,7.0,31.0,147.0,147.0,16.0,52.0,16.0,12.73,0.93,3.0,4.0,16.0,2.35,8.09,0.858,3.27,0.0,0.0,1.1,0.0,0.0,0.0,0.0,0.0,0.0,,0.0,0.0,0.0,0.0,11.61,0.15,0.09,0.09,0.33,1.63,0.16,1.86,0.2,0.54,0.19,0.78,1.7,8.44,0.83,3.02,2.37,9.61,1.05,2.81,0.98,F,62.0,70.0,67.0,93.0,80.0,74.0,65.0,10.0,88.0,95.0,92.0
8479998,2025,Mikey Anderson,LAK,D,5on5,80,85110.0,1598.0,27.32,3.0,9.0,6.0,18.0,59.0,3.82,105.0,13.0,50.0,8.0,14.0,110.0,57.89,53.79,0.52,0.5,0.5,98737.0,4.0,10.0,6.0,20.0,61.0,111.0,14.0,53.0,133.0,20.57,0.07,0.0,0.0,0.0,0.0,0.34,0.756,0.0,5.0,0.0,1.26,2.15,0.0,0.0,1.0,0.01,2.43,0.094,0.0,0.0,1.0,8.16,17.73,0.04,0.11,0.08,0.22,0.74,0.05,1.31,0.16,0.62,1.38,0.13,0.76,2.5,0.16,2.45,2.28,4.44,0.55,2.11,4.65,D,59.0,49.0,50.0,15.0,51.0,70.0,29.0,68.0,71.0,62.0,62.0
8481491,2025,Noah Philp,CAR,C,5on5,17,9455.0,207.0,0.2,2.0,0.0,1.0,3.0,13.0,0.94,30.0,5.0,7.0,2.0,1.0,2.0,3.39,6.57,0.34,0.41,0.42,10142.0,2.0,0.0,1.0,3.0,14.0,30.0,5.0,7.0,2.0,9.94,0.01,0.0,0.0,0.0,0.0,0.02,1.0,0.0,0.0,0.0,0.0,0.6,0.0,0.0,1.0,0.32,0.32,0.047,0.0,0.0,0.0,38.72,9.27,0.12,0.0,0.06,0.18,0.76,0.06,1.76,0.29,0.41,0.12,0.76,1.14,4.95,0.36,1.29,2.5,11.42,1.9,2.67,0.76,F,29.0,68.0,32.0,30.0,10.0,81.0,96.0,7.0,5.0,8.0,10.0
8484406,2025,Ty Mueller,VAN,C,5on5,6,3884.0,86.0,0.69,1.0,0.0,0.0,1.0,2.0,0.54,5.0,1.0,3.0,1.0,0.0,4.0,2.34,2.76,0.46,0.46,0.44,3908.0,1.0,0.0,0.0,1.0,2.0,5.0,1.0,3.0,4.0,10.86,,,,,,,,,,,,,,,,,,,,,,,10.79,0.17,0.0,0.0,0.17,0.33,0.09,0.83,0.17,0.5,0.67,0.93,0.93,1.85,0.5,2.17,2.56,4.63,0.93,2.78,3.71,F,26.0,82.0,25.0,3.0,21.0,44.0,55.0,88.0,29.0,27.0,15.0
8479388,2025,Riley Stillman,EDM,D,5on5,4,2877.0,73.0,-0.28,0.0,0.0,0.0,0.0,1.0,0.31,7.0,0.0,2.0,0.0,0.0,4.0,1.79,2.7,0.4,0.41,0.38,2888.0,0.0,0.0,0.0,0.0,1.0,7.0,0.0,2.0,4.0,12.03,,,,,,,,,,,,,,,,,,,,,,,11.99,0.0,0.0,0.0,0.0,0.25,0.08,1.75,0.0,0.5,1.0,0.0,0.0,1.25,0.39,2.24,3.38,8.76,0.0,2.5,5.01,D,7.0,16.0,7.0,5.0,98.0,95.0,7.0,77.0,10.0,8.0,5.0
8483553,2025,Marc Gatcomb,NYI,C,5on5,49,29378.0,676.0,8.6,3.0,1.0,3.0,7.0,53.0,5.28,190.0,6.0,12.0,5.0,3.0,24.0,18.94,16.15,0.54,0.49,0.51,29656.0,3.0,1.0,3.0,7.0,55.0,192.0,6.0,12.0,24.0,10.09,0.02,0.0,0.0,2.0,0.69,0.74,1.0,0.0,0.0,0.0,0.0,,,,,,,,,,,,9.99,0.06,0.02,0.06,0.14,1.08,0.11,3.88,0.12,0.24,0.49,0.37,0.86,6.49,0.65,2.32,1.98,23.28,0.74,1.47,2.94,F,21.0,31.0,21.0,68.0,47.0,98.0,37.0,79.0,80.0,51.0,66.0
8481093,2025,Rafael Harvey-Pinard,PIT,L,5on5,1,661.0,16.0,0.45,0.0,0.0,0.0,0.0,2.0,0.3,0.0,0.0,1.0,0.0,1.0,0.0,0.42,0.55,0.43,0.5,0.5,661.0,0.0,0.0,0.0,0.0,2.0,0.0,0.0,1.0,0.0,11.02,,,,,,,,,,,,,,,,,,,,,,,11.02,0.0,0.0,0.0,0.0,2.0,0.3,0.0,0.0,1.0,0.0,0.0,0.0,10.89,1.63,2.29,3.0,0.0,0.0,5.45,0.0,F,5.0,9.0,5.0,99.0,100.0,1.0,6.0,2.0,17.0,61.0,58.0
8482765,2025,Isak Rosen,WPG,R,5on5,37,21697.0,501.0,7.21,5.0,2.0,0.0,7.0,27.0,3.26,17.0,5.0,16.0,0.0,3.0,20.0,12.24,14.44,0.46,0.44,0.46,25540.0,6.0,4.0,0.0,10.0,35.0,17.0,5.0,18.0,20.0,11.5,1.56,1.0,3.0,7.0,1.38,4.7,0.938,3.11,0.0,0.0,0.32,,,,,,,,,,,,9.77,0.14,0.05,0.0,0.19,0.73,0.09,0.46,0.14,0.43,0.54,0.83,1.16,4.48,0.54,2.03,2.4,2.82,0.83,2.65,3.32,F,31.0,75.0,33.0,21.0,25.0,28.0,46.0,84.0,29.0,16.0,25.0
8475690,2025,Chris Tanev,TOR,D,5on5,11,9902.0,252.0,2.2,0.0,1.0,1.0,2.0,8.0,0.16,2.0,4.0,7.0,0.0,2.0,13.0,5.16,6.02,0.46,0.46,0.48,11862.0,0.0,1.0,1.0,2.0,8.0,2.0,5.0,8.0,15.0,17.97,0.02,0.0,0.0,0.0,0.0,0.08,1.0,0.0,0.0,0.0,0.0,2.12,0.0,0.0,0.0,0.0,0.11,0.06,0.0,0.0,1.0,4.42,15.0,0.0,0.09,0.09,0.18,0.73,0.01,0.18,0.36,0.64,1.18,0.0,0.73,2.91,0.06,1.88,2.19,0.73,1.45,2.54,4.73,D,44.0,16.0,45.0,28.0,8.0,9.0,92.0,69.0,31.0,28.0,42.0
8478133,2025,Jake Evans,MTL,C,5on5,68,48372.0,1008.0,19.81,6.0,5.0,6.0,17.0,54.0,8.58,88.0,8.0,43.0,6.0,9.0,35.0,28.31,33.83,0.46,0.46,0.46,62654.0,12.0,5.0,7.0,24.0,75.0,89.0,15.0,48.0,50.0,15.36,0.05,0.0,0.0,0.0,0.0,0.27,0.964,0.0,3.0,0.0,0.18,2.71,1.0,1.0,14.0,1.43,2.71,0.096,0.33,0.0,7.0,8.27,11.86,0.09,0.07,0.09,0.25,0.79,0.13,1.29,0.12,0.63,0.51,0.45,1.27,4.02,0.64,2.11,2.52,6.55,0.6,3.2,2.6,F,45.0,37.0,40.0,14.0,45.0,59.0,26.0,70.0,29.0,27.0,25.0
8484933,2025,Mikulas Hovorka,FLA,D,5on5,4,3275.0,74.0,0.43,0.0,0.0,1.0,1.0,3.0,0.53,2.0,0.0,6.0,0.0,1.0,2.0,1.64,1.86,0.47,0.45,0.44,3578.0,0.0,0.0,1.0,1.0,3.0,3.0,1.0,6.0,2.0,14.91,0.05,0.0,0.0,0.0,0.0,0.0,,0.0,0.0,0.0,0.0,1.02,0.0,0.0,0.0,0.0,0.01,0.037,0.0,0.0,1.0,3.82,13.65,0.0,0.0,0.25,0.25,0.75,0.13,0.5,0.0,1.5,0.5,0.0,1.1,3.3,0.58,1.8,2.04,2.2,0.0,6.6,2.2,D,66.0,16.0,78.0,42.0,100.0,39.0,7.0,6.0,38.0,20.0,16.0
8477496,2025,Elias Lindholm,BOS,C,5on5,69,54959.0,1134.0,37.23,8.0,6.0,7.0,21.0,75.0,9.88,33.0,8.0,44.0,13.0,7.0,46.0,37.26,42.72,0.47,0.47,0.46,74033.0,17.0,12.0,19.0,48.0,114.0,41.0,17.0,52.0,59.0,17.88,2.57,6.0,18.0,30.0,5.33,23.44,0.852,6.09,4.0,2.0,1.38,0.89,0.0,0.0,1.0,0.23,0.55,0.08,0.0,0.0,4.0,6.13,13.28,0.12,0.09,0.1,0.3,1.09,0.14,0.48,0.12,0.64,0.67,0.52,1.38,4.91,0.65,2.44,2.8,2.16,0.52,2.88,3.01,F,56.0,44.0,47.0,29.0,47.0,20.0,22.0,79.0,35.0,34.0,25.0
8480002,2025,Nico Hischier,NJD,C,5on5,82,73675.0,1551.0,75.11,12.0,11.0,7.0,30.0,118.0,14.84,56.0,19.0,62.0,10.0,18.0,50.0,59.77,49.01,0.55,0.54,0.53,101926.0,28.0,23.0,15.0,66.0,211.0,58.0,27.0,72.0,62.0,20.72,2.86,10.0,22.0,64.0,10.79,35.22,0.901,5.62,7.0,4.0,0.99,1.7,0.0,1.0,12.0,2.11,3.42,0.17,0.43,1.0,4.0,7.19,14.97,0.15,0.13,0.09,0.37,1.44,0.18,0.68,0.23,0.76,0.61,0.59,1.47,5.77,0.73,2.92,2.39,2.74,0.93,3.03,2.44,F,70.0,52.0,53.0,51.0,64.0,27.0,55.0,65.0,84.0,85.0,80.0
8482077,2025,Dylan Holloway,STL,L,5on5,59,52917.0,1086.0,51.58,13.0,10.0,14.0,37.0,120.0,11.99,123.0,11.0,31.0,7.0,12.0,38.0,41.31,35.44,0.54,0.5,0.5,64619.0,22.0,12.0,17.0,51.0,162.0,129.0,13.0,42.0,41.0,18.25,2.21,4.0,8.0,30.0,2.76,13.33,0.849,3.68,0.0,1.0,1.09,0.28,0.0,0.0,1.0,0.01,0.3,0.227,0.0,0.0,0.0,3.75,14.95,0.22,0.17,0.24,0.63,2.03,0.2,2.08,0.19,0.53,0.64,0.88,2.52,8.16,0.82,2.81,2.41,8.37,0.75,2.11,2.59,F,97.0,78.0,96.0,92.0,79.0,69.0,39.0,70.0,80.0,61.0,58.0
8477933,2025,Sam Reinhart,FLA,C,5on5,64,53854.0,1131.0,57.05,8.0,6.0,7.0,21.0,71.0,10.48,50.0,13.0,39.0,3.0,5.0,23.0,35.29,33.95,0.51,0.51,0.51,81741.0,29.0,20.0,12.0,61.0,166.0,59.0,15.0,52.0,40.0,21.29,3.98,10.0,24.0,55.0,12.08,43.71,0.941,5.66,10.0,0.0,0.65,1.85,3.0,4.0,14.0,1.61,2.93,0.153,2.03,0.0,1.0,8.21,14.02,0.12,0.09,0.11,0.33,1.11,0.16,0.78,0.2,0.61,0.36,0.53,1.4,4.75,0.7,2.36,2.27,3.34,0.87,2.61,1.54,F,62.0,45.0,48.0,26.0,56.0,34.0,48.0,29.0,63.0,68.0,66.0
8485405,2025,Brady Martin,NSH,C,5on5,3,1776.0,34.0,0.54,0.0,1.0,0.0,1.0,2.0,0.09,0.0,0.0,3.0,0.0,0.0,2.0,0.95,0.93,0.5,0.43,0.46,2055.0,0.0,1.0,0.0,1.0,2.0,0.0,0.0,4.0,2.0,11.42,1.55,0.0,0.0,0.0,0.0,0.37,1.0,0.0,0.0,0.0,0.0,,,,,,,,,,,,9.87,0.0,0.33,0.0,0.33,0.67,0.03,0.0,0.0,1.0,0.67,0.0,2.03,4.05,0.18,1.93,1.89,0.0,0.0,6.08,4.05,F,62.0,9.0,83.0,14.0,3.0,1.0,6.0,92.0,55.0,12.0,25.0
8485406,2025,Porter Martone,PHI,R,5on5,9,7701.0,163.0,9.99,1.0,3.0,0.0,4.0,23.0,1.55,15.0,0.0,3.0,2.0,1.0,2.0,4.25,4.2,0.5,0.51,0.52,9202.0,4.0,6.0,0.0,10.0,32.0,16.0,0.0,4.0,2.0,17.04,2.1,1.0,3.0,5.0,2.23,4.21,0.946,9.51,0.0,0.0,0.76,0.06,0.0,0.0,0.0,0.0,0.0,,0.0,0.0,0.0,0.0,14.26,0.11,0.33,0.0,0.44,2.56,0.17,1.67,0.0,0.33,0.22,0.47,1.87,10.75,0.72,1.99,1.96,7.01,0.0,1.4,0.93,F,82.0,39.0,77.0,99.0,61.0,62.0,6.0,9.0,55.0,68.0,73.0
8474564,2025,Steven Stamkos,NSH,C,5on5,82,67069.0,1441.0,63.81,18.0,6.0,6.0,30.0,117.0,14.96,80.0,23.0,56.0,19.0,14.0,27.0,50.96,44.73,0.53,0.5,0.49,87711.0,42.0,11.0,13.0,66.0,206.0,89.0,24.0,65.0,36.0,17.83,3.01,13.0,23.0,62.0,5.46,28.43,0.894,5.59,0.0,1.0,0.82,0.02,0.0,0.0,0.0,0.0,0.0,0.0,0.0,1.0,0.0,22.7,13.63,0.22,0.07,0.07,0.37,1.43,0.18,0.98,0.28,0.68,0.33,0.97,1.61,6.28,0.8,2.74,2.4,4.29,1.23,3.01,1.45,F,70.0,85.0,62.0,63.0,76.0,42.0,77.0,26.0,74.0,61.0,49.0
8474563,2025,Drew Doughty,LAK,D,5on5,72,82953.0,1524.0,35.03,4.0,6.0,3.0,13.0,78.0,2.43,47.0,14.0,73.0,17.0,5.0,61.0,58.17,47.05,0.55,0.54,0.53,99733.0,5.0,7.0,11.0,23.0,101.0,52.0,18.0,82.0,76.0,23.09,1.58,0.0,1.0,17.0,2.2,12.72,0.869,0.53,9.0,2.0,1.01,1.26,0.0,1.0,1.0,0.02,2.1,0.126,0.66,1.0,1.0,9.65,19.2,0.06,0.08,0.04,0.18,1.08,0.03,0.65,0.19,1.01,0.85,0.17,0.56,3.39,0.11,2.52,2.04,2.04,0.61,3.17,2.65,D,44.0,57.0,31.0,45.0,22.0,36.0,34.0,13.0,85.0,87.0,82.0
8477444,2025,Andre Burakovsky,CHI,L,5on5,74,61014.0,1263.0,18.75,7.0,5.0,10.0,22.0,67.0,9.31,17.0,23.0,56.0,5.0,8.0,34.0,40.6,54.47,0.43,0.46,0.45,73000.0,11.0,10.0,12.0,33.0,87.0,17.0,29.0,61.0,35.0,16.44,2.14,2.0,9.0,12.0,1.64,22.87,0.879,3.41,0.0,3.0,1.19,0.01,0.0,0.0,0.0,0.0,0.0,0.0,0.0,0.0,0.0,1.38,13.74,0.09,0.07,0.14,0.3,0.91,0.13,0.23,0.31,0.76,0.46,0.41,1.3,3.95,0.55,2.4,3.21,1.0,1.36,3.3,2.01,F,56.0,34.0,42.0,13.0,27.0,7.0,83.0,48.0,17.0,27.0,19.0
8478413,2025,Jordan Greenway,BUF,L,5on5,40,25117.0,627.0,-0.67,1.0,2.0,3.0,6.0,32.0,2.96,48.0,6.0,18.0,12.0,8.0,18.0,13.52,16.53,0.45,0.43,0.45,29868.0,1.0,2.0,3.0,6.0,32.0,57.0,6.0,19.0,22.0,12.44,0.02,0.0,0.0,0.0,0.0,0.0,,0.0,0.0,0.0,0.0,1.7,0.0,0.0,0.0,0.0,0.96,0.127,0.0,0.0,0.0,5.8,10.47,0.02,0.05,0.08,0.15,0.8,0.07,1.2,0.15,0.45,0.45,0.14,0.86,4.59,0.42,1.94,2.37,6.88,0.86,2.58,2.58,F,23.0,18.0,21.0,23.0,14.0,61.0,47.0,70.0,24.0,12.0,19.0
8477018,2025,Ben Hutton,VGK,D,5on5,55,46921.0,998.0,18.82,6.0,3.0,6.0,15.0,70.0,2.54,28.0,18.0,42.0,8.0,9.0,54.0,34.27,29.26,0.54,0.5,0.51,48135.0,6.0,3.0,6.0,15.0,71.0,28.0,19.0,42.0,55.0,14.59,0.24,0.0,0.0,0.0,0.0,1.14,0.942,0.0,0.0,0.0,0.32,0.02,0.0,0.0,0.0,0.0,0.0,0.0,0.0,0.0,0.0,19.38,14.22,0.11,0.05,0.11,0.27,1.27,0.05,0.51,0.33,0.76,0.98,0.46,1.15,5.37,0.19,2.63,2.24,2.15,1.38,3.22,4.14,D,70.0,95.0,82.0,88.0,65.0,38.0,91.0,55.0,80.0,62.0,70.0
8480036,2025,Miro Heiskanen,DAL,D,5on5,77,82466.0,1565.0,58.05,3.0,11.0,13.0,27.0,99.0,4.9,14.0,22.0,80.0,14.0,11.0,99.0,56.54,46.43,0.55,0.5,0.51,117685.0,9.0,21.0,33.0,63.0,148.0,21.0,39.0,93.0,132.0,25.47,3.25,1.0,24.0,21.0,1.53,41.13,0.911,5.75,19.0,4.0,0.96,3.04,1.0,1.0,8.0,0.48,2.8,0.079,0.26,6.0,5.0,8.33,17.85,0.04,0.14,0.17,0.35,1.29,0.06,0.18,0.29,1.04,1.29,0.13,1.18,4.32,0.21,2.47,2.03,0.61,0.96,3.49,4.32,D,85.0,49.0,84.0,74.0,74.0,7.0,70.0,60.0,85.0,62.0,70.0
8480035,2025,Henri Jokiharju,BOS,D,5on5,41,39228.0,826.0,14.85,2.0,6.0,5.0,13.0,33.0,1.41,25.0,6.0,45.0,7.0,3.0,31.0,28.72,30.07,0.49,0.5,0.51,43799.0,2.0,7.0,6.0,15.0,40.0,27.0,6.0,48.0,37.0,17.8,0.56,0.0,2.0,5.0,0.1,1.79,0.927,5.19,1.0,0.0,0.36,0.9,0.0,0.0,1.0,0.03,0.35,0.084,0.0,0.0,0.0,6.24,15.95,0.05,0.15,0.12,0.32,0.8,0.03,0.61,0.15,1.1,0.76,0.18,1.19,3.03,0.13,2.64,2.76,2.29,0.55,4.13,2.84,D,81.0,60.0,84.0,32.0,33.0,42.0,29.0,16.0,50.0,62.0,70.0
8479661,2025,Tanner Jeannot,BOS,L,5on5,77,51304.0,1083.0,20.33,6.0,8.0,6.0,20.0,72.0,10.71,236.0,6.0,42.0,19.0,17.0,47.0,34.92,39.74,0.47,0.49,0.49,58410.0,6.0,9.0,7.0,22.0,78.0,239.0,7.0,44.0,58.0,12.64,0.08,0.0,1.0,0.0,0.0,0.22,0.759,9.55,1.0,0.0,0.67,1.36,0.0,0.0,6.0,0.98,1.81,0.127,0.0,0.0,1.0,7.14,11.1,0.08,0.1,0.08,0.26,0.94,0.14,3.06,0.08,0.55,0.61,0.42,1.4,5.05,0.75,2.45,2.79,16.56,0.42,2.95,3.3,F,47.0,35.0,48.0,33.0,68.0,92.0,17.0,84.0,35.0,51.0,49.0
8482482,2025,Adam Wilsby,NSH,D,5on5,58,53892.0,1138.0,16.42,0.0,5.0,7.0,12.0,54.0,3.48,25.0,13.0,47.0,13.0,5.0,42.0,35.6,38.45,0.48,0.51,0.49,59189.0,1.0,7.0,8.0,16.0,59.0,28.0,15.0,47.0,47.0,17.01,0.03,0.0,0.0,0.0,0.0,0.0,0.0,0.0,1.0,0.0,8.21,0.95,0.0,0.0,0.0,0.0,0.32,0.042,0.0,0.0,2.0,7.82,15.49,0.0,0.09,0.12,0.21,0.93,0.06,0.43,0.22,0.81,0.72,0.0,0.8,3.61,0.23,2.38,2.57,1.67,0.87,3.14,2.81,D,55.0,16.0,54.0,52.0,81.0,30.0,61.0,15.0,44.0,70.0,52.0
8478109,2025,Victor Olofsson,CGY,L,5on5,78,53059.0,1211.0,42.94,10.0,5.0,8.0,23.0,103.0,10.72,17.0,14.0,57.0,2.0,5.0,18.0,39.08,34.1,0.53,0.55,0.55,63466.0,13.0,7.0,11.0,31.0,147.0,18.0,17.0,60.0,21.0,13.56,1.95,2.0,6.0,35.0,3.98,18.95,0.93,2.37,0.0,1.0,0.56,0.01,0.0,0.0,0.0,0.0,0.0,,0.0,0.0,0.0,0.0,11.34,0.13,0.06,0.1,0.29,1.32,0.14,0.22,0.18,0.73,0.23,0.68,1.56,6.99,0.73,2.65,2.31,1.15,0.95,3.87,1.22,F,53.0,60.0,59.0,78.0,64.0,9.0,56.0,17.0,74.0,88.0,89.0
8481122,2025,Simon Benoit,TOR,D,5on5,73,66573.0,1620.0,-11.9,0.0,1.0,4.0,5.0,56.0,2.47,179.0,11.0,63.0,16.0,12.0,94.0,36.22,52.63,0.41,0.4,0.41,75757.0,0.0,1.0,5.0,6.0,60.0,194.0,12.0,68.0,114.0,17.3,0.01,0.0,0.0,0.0,0.0,0.0,,0.0,1.0,0.0,0.0,1.77,0.0,0.0,3.0,0.08,2.0,0.112,0.0,0.0,1.0,7.34,15.2,0.0,0.01,0.05,0.07,0.77,0.03,2.45,0.15,0.86,1.29,0.0,0.27,3.03,0.13,1.96,2.85,9.68,0.59,3.41,5.08,D,17.0,16.0,16.0,32.0,33.0,96.0,31.0,78.0,12.0,6.0,8.0
8480876,2025,Curtis Douglas,VAN,C,5on5,43,17300.0,431.0,4.47,1.0,3.0,0.0,4.0,29.0,4.22,64.0,6.0,18.0,20.0,12.0,12.0,12.84,9.13,0.58,0.51,0.55,17415.0,1.0,3.0,0.0,4.0,29.0,64.0,6.0,18.0,12.0,6.75,0.0,0.0,0.0,0.0,0.0,0.0,,0.0,0.0,0.0,0.0,0.02,0.0,0.0,0.0,0.0,0.0,0.0,0.0,0.0,0.0,94.11,6.71,0.02,0.07,0.0,0.09,0.67,0.1,1.49,0.14,0.42,0.28,0.21,0.83,6.03,0.88,2.67,1.9,13.32,1.25,3.75,2.5,F,14.0,20.0,20.0,58.0,86.0,86.0,78.0,67.0,94.0,68.0,89.0
8483696,2025,Cole O'Hara,NSH,R,5on5,1,661.0,14.0,0.47,0.0,1.0,0.0,1.0,1.0,0.06,2.0,1.0,2.0,0.0,0.0,0.0,0.16,0.28,0.37,0.29,0.17,683.0,0.0,1.0,0.0,1.0,1.0,2.0,1.0,2.0,0.0,11.38,0.37,0.0,0.0,0.0,0.0,0.0,,0.0,0.0,0.0,0.0,,,,,,,,,,,,11.02,0.0,1.0,0.0,1.0,1.0,0.06,2.0,1.0,2.0,0.0,0.0,5.45,5.45,0.33,0.87,1.52,10.89,5.45,10.89,0.0,F,100.0,9.0,100.0,43.0,8.0,78.0,99.0,2.0,7.0,1.0,0.0
8476931,2025,Jake McCabe,TOR,D,5on5,80,88870.0,2005.0,11.87,5.0,9.0,8.0,22.0,68.0,3.48,95.0,23.0,76.0,22.0,8.0,134.0,53.33,63.23,0.46,0.44,0.44,107543.0,5.0,10.0,10.0,25.0,77.0,104.0,27.0,86.0,190.0,22.4,0.28,0.0,0.0,4.0,0.27,2.89,0.976,0.0,22.0,0.0,0.18,2.68,0.0,0.0,3.0,0.05,3.08,0.102,0.0,0.0,2.0,7.57,18.51,0.06,0.11,0.1,0.28,0.85,0.04,1.19,0.29,0.95,1.68,0.2,0.89,2.75,0.14,2.16,2.56,3.85,0.93,3.08,5.43,D,73.0,65.0,63.0,22.0,39.0,62.0,67.0,84.0,31.0,16.0,16.0
8482113,2025,Anton Lundell,FLA,C,5on5,64,51502.0,1128.0,45.45,11.0,4.0,6.0,21.0,92.0,10.77,68.0,11.0,51.0,14.0,17.0,26.0,33.22,34.64,0.49,0.52,0.51,73544.0,18.0,12.0,14.0,44.0,138.0,75.0,14.0,64.0,35.0,19.15,2.51,4.0,15.0,20.0,3.61,24.39,0.944,5.61,7.0,1.0,0.55,2.01,2.0,4.0,11.0,1.12,2.74,0.195,1.87,0.0,1.0,5.28,13.41,0.17,0.06,0.09,0.33,1.44,0.17,1.06,0.17,0.8,0.41,0.77,1.47,6.43,0.75,2.32,2.42,4.75,0.77,3.56,1.82,F,62.0,69.0,53.0,66.0,68.0,45.0,40.0,40.0,48.0,74.0,66.0
8476422,2025,Mike Reilly,CAR,D,5on5,42,34122.0,799.0,23.27,0.0,4.0,4.0,8.0,55.0,1.75,16.0,7.0,22.0,11.0,6.0,34.0,30.88,22.29,0.58,0.6,0.59,37713.0,1.0,4.0,4.0,9.0,63.0,18.0,7.0,23.0,37.0,14.97,0.12,0.0,0.0,1.0,0.01,0.38,1.0,0.0,2.0,0.0,0.0,0.92,1.0,1.0,6.0,0.45,1.59,0.227,1.55,0.0,0.0,8.4,13.54,0.0,0.1,0.1,0.19,1.31,0.04,0.38,0.17,0.52,0.81,0.0,0.84,5.8,0.18,3.26,2.35,1.69,0.74,2.32,3.59,D,47.0,16.0,58.0,93.0,61.0,30.0,47.0,37.0,93.0,97.0,97.0
8482698,2025,Tristan Broz,PIT,C,5on5,1,690.0,15.0,-0.4,0.0,0.0,0.0,0.0,2.0,0.08,0.0,0.0,1.0,0.0,0.0,0.0,0.14,0.5,0.22,0.32,0.25,690.0,0.0,0.0,0.0,0.0,2.0,0.0,0.0,1.0,0.0,11.5,,,,,,,,,,,,,,,,,,,,,,,11.5,0.0,0.0,0.0,0.0,2.0,0.08,0.0,0.0,1.0,0.0,0.0,0.0,10.43,0.42,0.73,2.61,0.0,0.0,5.22,0.0,F,5.0,9.0,5.0,99.0,14.0,1.0,6.0,2.0,1.0,2.0,1.0
8483506,2025,Sam Rinzel,CHI,D,5on5,53,49320.0,975.0,7.45,4.0,5.0,2.0,11.0,64.0,2.81,45.0,13.0,58.0,12.0,3.0,62.0,29.86,40.4,0.42,0.45,0.45,57864.0,4.0,5.0,4.0,13.0,80.0,49.0,13.0,67.0,63.0,18.2,1.99,0.0,1.0,14.0,0.99,11.31,0.914,0.57,0.0,0.0,0.61,0.2,0.0,0.0,0.0,0.0,0.04,0.038,0.0,0.0,0.0,5.55,15.51,0.08,0.09,0.04,0.21,1.21,0.05,0.85,0.25,1.09,1.17,0.29,0.8,4.67,0.21,2.18,2.95,3.28,0.95,4.23,4.53,D,55.0,80.0,54.0,80.0,74.0,55.0,69.0,66.0,14.0,20.0,21.0
8475462,2025,Radko Gudas,ANA,D,5on5,56,48289.0,1041.0,19.63,2.0,5.0,5.0,12.0,60.0,1.86,154.0,7.0,39.0,17.0,9.0,77.0,39.64,33.41,0.54,0.52,0.52,54375.0,2.0,5.0,6.0,13.0,63.0,164.0,8.0,44.0,88.0,16.18,0.04,0.0,0.0,0.0,0.03,0.14,0.737,0.0,2.0,0.0,1.46,1.51,0.0,0.0,2.0,0.04,1.63,0.152,0.0,0.0,0.0,6.42,14.37,0.04,0.09,0.09,0.21,1.07,0.03,2.75,0.12,0.7,1.38,0.15,0.89,4.47,0.14,2.96,2.49,11.48,0.52,2.91,5.74,D,55.0,53.0,63.0,77.0,39.0,98.0,25.0,90.0,80.0,76.0,77.0
8478055,2025,Gustav Forsling,FLA,D,5on5,80,87530.0,1758.0,37.55,2.0,10.0,12.0,24.0,98.0,3.71,44.0,19.0,51.0,16.0,6.0,58.0,65.16,59.93,0.52,0.53,0.53,108618.0,2.0,12.0,14.0,28.0,112.0,52.0,29.0,59.0,98.0,22.63,0.56,0.0,2.0,5.0,0.29,5.38,0.913,2.7,21.0,1.0,0.69,2.87,0.0,0.0,5.0,0.2,4.55,0.134,0.0,1.0,7.0,7.71,18.24,0.02,0.12,0.15,0.3,1.23,0.05,0.55,0.24,0.64,0.72,0.08,0.99,4.03,0.15,2.68,2.46,1.81,0.78,2.1,2.39,D,78.0,37.0,70.0,66.0,45.0,32.0,51.0,10.0,71.0,82.0,82.0
8474586,2025,Jordan Eberle,SEA,R,5on5,80,71131.0,1513.0,50.92,16.0,11.0,5.0,32.0,113.0,13.26,53.0,20.0,48.0,10.0,10.0,41.0,42.68,47.09,0.48,0.48,0.48,88687.0,26.0,18.0,11.0,55.0,168.0,55.0,24.0,56.0,43.0,18.48,2.52,3.0,12.0,36.0,7.06,25.33,0.893,3.58,0.0,1.0,0.91,0.06,0.0,0.0,0.0,0.0,0.0,0.0,0.0,0.0,0.0,2.2,14.82,0.2,0.14,0.06,0.4,1.41,0.17,0.66,0.25,0.6,0.51,0.81,1.62,5.72,0.67,2.16,2.38,2.68,1.01,2.43,2.08,F,76.0,73.0,63.0,49.0,51.0,26.0,62.0,50.0,42.0,42.0,41.0
8481517,2025,Brett Leason,WSH,R,5on5,6,2970.0,68.0,0.61,0.0,0.0,0.0,0.0,0.0,0.05,10.0,0.0,1.0,0.0,0.0,0.0,1.62,1.59,0.5,0.62,0.59,3089.0,0.0,0.0,0.0,0.0,1.0,10.0,0.0,1.0,0.0,8.58,0.33,0.0,0.0,1.0,0.21,0.23,1.0,0.0,0.0,0.0,0.0,,,,,,,,,,,,8.25,0.0,0.0,0.0,0.0,0.0,0.01,1.67,0.0,0.17,0.0,0.0,0.0,0.0,0.06,1.96,1.93,12.12,0.0,1.21,0.0,F,5.0,9.0,5.0,1.0,2.0,83.0,6.0,2.0,55.0,99.0,97.0
8485467,2025,Luke Haymes,TOR,C,5on5,4,2845.0,61.0,0.33,0.0,0.0,1.0,1.0,3.0,0.28,3.0,0.0,1.0,1.0,0.0,1.0,1.59,1.82,0.47,0.5,0.55,3253.0,0.0,0.0,1.0,1.0,3.0,3.0,0.0,1.0,2.0,13.55,0.37,0.0,0.0,0.0,0.0,0.01,0.091,0.0,0.0,0.0,4.09,1.16,0.0,0.0,0.0,0.0,0.01,0.014,0.0,0.0,0.0,8.81,11.85,0.0,0.0,0.25,0.25,0.75,0.07,0.75,0.0,0.25,0.25,0.0,1.27,3.8,0.35,2.01,2.3,3.8,0.0,1.27,1.27,F,45.0,9.0,40.0,11.0,9.0,38.0,6.0,18.0,35.0,61.0,89.0
8478449,2025,Roope Hintz,DAL,C,5on5,53,41110.0,902.0,44.78,4.0,10.0,4.0,18.0,77.0,9.42,57.0,4.0,36.0,8.0,10.0,16.0,29.46,23.03,0.56,0.5,0.51,55146.0,15.0,18.0,11.0,44.0,126.0,60.0,5.0,41.0,18.0,17.34,2.91,6.0,19.0,36.0,7.29,28.38,0.918,7.38,1.0,0.0,0.99,0.55,0.0,0.0,1.0,0.03,0.11,0.025,0.0,0.0,1.0,8.66,12.93,0.08,0.19,0.08,0.34,1.45,0.18,1.08,0.08,0.68,0.3,0.35,1.58,6.74,0.82,2.58,2.02,4.99,0.35,3.15,1.4,F,65.0,29.0,60.0,72.0,79.0,48.0,15.0,24.0,88.0,61.0,66.0
8481133,2025,Cole Reinhardt,FLA,L,5on5,59,36987.0,805.0,9.55,9.0,4.0,2.0,15.0,48.0,5.76,129.0,3.0,28.0,9.0,12.0,15.0,18.94,25.59,0.43,0.44,0.44,37698.0,9.0,4.0,2.0,15.0,49.0,129.0,5.0,28.0,16.0,10.65,0.06,0.0,0.0,1.0,0.07,0.08,1.0,0.0,0.0,0.0,0.0,0.09,0.0,0.0,0.0,0.0,0.0,0.0,0.0,0.0,1.0,1.29,10.45,0.15,0.07,0.03,0.25,0.81,0.1,2.19,0.05,0.47,0.25,0.88,1.46,4.67,0.56,1.84,2.49,12.56,0.29,2.73,1.46,F,45.0,78.0,52.0,24.0,28.0,85.0,14.0,27.0,17.0,16.0,15.0
8482126,2025,Emil Andrae,PHI,D,5on5,61,53152.0,1168.0,16.21,2.0,8.0,2.0,12.0,31.0,2.59,67.0,6.0,45.0,10.0,11.0,56.0,35.1,31.51,0.53,0.5,0.49,56134.0,2.0,9.0,2.0,13.0,36.0,68.0,7.0,46.0,58.0,15.34,0.39,0.0,1.0,4.0,0.33,2.48,0.958,2.52,0.0,0.0,0.28,0.18,0.0,0.0,0.0,0.0,0.12,0.085,0.0,0.0,0.0,7.07,14.52,0.03,0.13,0.03,0.2,0.51,0.04,1.1,0.1,0.74,0.92,0.14,0.81,2.1,0.18,2.38,2.13,4.54,0.41,3.05,3.79,D,51.0,51.0,56.0,8.0,61.0,72.0,19.0,44.0,76.0,62.0,52.0
8483457,2025,Lane Hutson,MTL,D,5on5,82,92824.0,1703.0,80.7,7.0,20.0,19.0,46.0,92.0,6.65,28.0,34.0,75.0,14.0,16.0,113.0,70.83,60.3,0.54,0.53,0.54,116957.0,12.0,31.0,35.0,78.0,124.0,31.0,43.0,93.0,137.0,23.77,3.22,2.0,18.0,15.0,1.74,37.51,0.933,4.1,3.0,6.0,0.61,0.46,0.0,0.0,0.0,0.0,0.61,0.128,0.0,3.0,0.0,6.56,18.87,0.09,0.24,0.23,0.56,1.12,0.08,0.34,0.41,0.91,1.38,0.27,1.78,3.57,0.26,2.75,2.34,1.09,1.32,2.91,4.38,D,97.0,77.0,95.0,50.0,88.0,17.0,90.0,61.0,80.0,82.0,87.0
8477950,2025,Tony DeAngelo,NYI,D,5on5,76,76829.0,1552.0,41.8,4.0,11.0,7.0,22.0,127.0,6.01,33.0,20.0,83.0,15.0,7.0,64.0,54.53,61.18,0.47,0.52,0.52,87281.0,5.0,18.0,12.0,35.0,148.0,33.0,20.0,96.0,70.0,19.14,1.49,1.0,7.0,14.0,0.85,8.66,0.812,3.71,0.0,0.0,1.06,0.06,0.0,0.0,0.0,0.0,0.16,0.229,0.0,0.0,0.0,6.61,16.85,0.05,0.14,0.09,0.29,1.67,0.08,0.43,0.26,1.09,0.84,0.19,1.03,5.95,0.28,2.56,2.87,1.55,0.94,3.89,3.0,D,76.0,62.0,73.0,95.0,92.0,28.0,68.0,21.0,38.0,76.0,77.0
8478147,2025,Bokondji Imama,PIT,L,5on5,2,917.0,20.0,0.5,0.0,0.0,0.0,0.0,2.0,0.26,3.0,0.0,2.0,1.0,1.0,0.0,0.77,0.31,0.71,0.61,0.6,917.0,0.0,0.0,0.0,0.0,2.0,3.0,0.0,2.0,0.0,7.64,,,,,,,,,,,,,,,,,,,,,,,7.64,0.0,0.0,0.0,0.0,1.0,0.13,1.5,0.0,1.0,0.0,0.0,0.0,7.85,1.02,3.02,1.22,11.78,0.0,7.85,0.0,F,5.0,9.0,5.0,89.0,96.0,82.0,6.0,2.0,99.0,99.0,98.0
8477955,2025,Jared McCann,SEA,L,5on5,52,39687.0,938.0,38.69,8.0,10.0,3.0,21.0,63.0,6.66,33.0,11.0,49.0,4.0,13.0,18.0,29.63,25.69,0.54,0.49,0.5,51274.0,20.0,14.0,6.0,40.0,117.0,40.0,14.0,59.0,25.0,16.43,2.68,6.0,11.0,35.0,3.84,17.72,0.9,4.74,0.0,2.0,0.85,0.1,0.0,0.0,0.0,0.0,0.0,0.0,0.0,0.0,0.0,3.55,12.72,0.15,0.19,0.06,0.4,1.21,0.13,0.63,0.21,0.94,0.35,0.73,1.9,5.71,0.6,2.69,2.33,2.99,1.0,4.44,1.63,F,76.0,64.0,78.0,49.0,37.0,31.0,61.0,33.0,80.0,51.0,58.0
8473994,2025,Jamie Benn,DAL,L,5on5,60,40856.0,953.0,23.97,12.0,8.0,7.0,27.0,64.0,8.51,77.0,9.0,31.0,20.0,7.0,21.0,25.23,28.63,0.47,0.45,0.47,47841.0,15.0,12.0,9.0,36.0,72.0,79.0,11.0,35.0,23.0,13.29,1.42,2.0,6.0,7.0,1.46,10.66,0.891,4.24,0.0,2.0,0.92,0.02,0.0,0.0,0.0,0.0,0.0,0.0,0.0,0.0,0.0,5.2,11.35,0.2,0.13,0.12,0.45,1.07,0.14,1.28,0.15,0.52,0.35,1.06,2.38,5.64,0.75,2.22,2.52,6.78,0.79,2.73,1.85,F,83.0,90.0,92.0,47.0,68.0,61.0,42.0,42.0,35.0,21.0,33.0
8483515,2025,Juraj Slafkovsk,MTL,L,5on5,82,69516.0,1376.0,67.57,11.0,18.0,10.0,39.0,111.0,12.8,104.0,9.0,66.0,18.0,12.0,74.0,50.3,54.14,0.48,0.49,0.51,91202.0,30.0,26.0,17.0,73.0,181.0,105.0,16.0,82.0,78.0,18.54,3.18,14.0,26.0,46.0,11.43,36.95,0.937,5.98,0.0,4.0,0.57,0.02,0.0,0.0,0.0,0.0,0.0,0.0,0.0,0.0,0.0,11.87,14.13,0.13,0.22,0.12,0.48,1.35,0.16,1.27,0.11,0.8,0.9,0.57,2.02,5.75,0.66,2.6,2.8,5.39,0.47,3.42,3.83,F,88.0,49.0,82.0,51.0,49.0,51.0,19.0,89.0,42.0,51.0,66.0
8481789,2025,Tye Kartye,NYR,L,5on5,64,40238.0,940.0,17.94,7.0,8.0,5.0,20.0,54.0,5.68,171.0,15.0,27.0,10.0,13.0,32.0,21.65,27.3,0.44,0.48,0.47,45938.0,8.0,9.0,5.0,22.0,56.0,173.0,17.0,30.0,41.0,11.96,0.04,0.0,0.0,0.0,0.02,0.13,0.929,0.0,1.0,0.0,0.24,1.29,0.0,0.0,1.0,0.04,0.23,0.024,0.0,0.0,2.0,6.86,10.48,0.11,0.12,0.08,0.31,0.84,0.09,2.67,0.23,0.42,0.5,0.63,1.79,4.83,0.51,1.94,2.44,15.3,1.34,2.42,2.86,F,58.0,56.0,73.0,27.0,22.0,90.0,82.0,77.0,20.0,42.0,33.0
8475170,2025,Brayden Schenn,NYI,C,5on5,80,65755.0,1393.0,29.61,11.0,10.0,4.0,25.0,82.0,13.06,177.0,16.0,44.0,19.0,16.0,36.0,45.35,46.8,0.49,0.47,0.47,80490.0,18.0,12.0,9.0,39.0,119.0,180.0,18.0,50.0,41.0,16.77,2.13,4.0,9.0,27.0,5.1,18.0,0.899,3.18,0.0,1.0,0.71,0.08,0.0,0.0,0.0,0.0,0.03,0.022,0.0,1.0,0.0,11.68,13.7,0.14,0.12,0.05,0.31,1.02,0.16,2.21,0.2,0.55,0.45,0.6,1.37,4.49,0.72,2.48,2.56,9.69,0.88,2.41,1.97,F,58.0,54.0,46.0,21.0,61.0,74.0,49.0,46.0,48.0,34.0,33.0
8483397,2025,Marc McLaughlin,NJD,C,5on5,7,3425.0,73.0,-1.69,0.0,0.0,0.0,0.0,0.0,0.16,4.0,1.0,1.0,0.0,0.0,2.0,1.01,3.04,0.25,0.35,0.35,3442.0,0.0,0.0,0.0,0.0,0.0,4.0,1.0,1.0,2.0,8.2,0.04,0.0,0.0,0.0,0.0,0.0,,0.0,0.0,0.0,0.0,,,,,,,,,,,,8.15,0.0,0.0,0.0,0.0,0.0,0.02,0.57,0.14,0.14,0.29,0.0,0.0,0.0,0.17,1.06,3.2,4.2,1.05,1.05,2.1,F,5.0,9.0,5.0,1.0,3.0,41.0,65.0,51.0,2.0,3.0,3.0
8475794,2025,Tyler Seguin,DAL,C,5on5,27,22171.0,457.0,12.9,6.0,4.0,1.0,11.0,19.0,2.43,18.0,3.0,18.0,1.0,2.0,6.0,11.97,14.89,0.45,0.45,0.44,26992.0,7.0,7.0,3.0,17.0,31.0,18.0,3.0,21.0,6.0,16.66,1.86,1.0,2.0,9.0,1.24,5.41,0.894,2.4,0.0,0.0,0.77,0.3,0.0,0.0,0.0,0.0,0.43,0.632,0.0,0.0,0.0,1.87,13.69,0.22,0.15,0.04,0.41,0.7,0.09,0.67,0.11,0.67,0.22,0.97,1.79,3.09,0.39,1.94,2.42,2.92,0.49,2.92,0.97,F,78.0,85.0,73.0,7.0,12.0,30.0,20.0,10.0,24.0,21.0,15.0
8477507,2025,Nikita Zadorov,BOS,D,5on5,81,84318.0,1720.0,21.93,2.0,9.0,8.0,19.0,93.0,3.39,173.0,25.0,87.0,44.0,22.0,84.0,54.6,65.44,0.45,0.48,0.48,101483.0,2.0,10.0,10.0,22.0,107.0,196.0,33.0,94.0,102.0,20.88,0.07,0.0,0.0,0.0,0.53,0.56,1.0,0.0,6.0,0.0,0.0,2.46,0.0,0.0,8.0,0.19,2.22,0.093,0.0,0.0,4.0,6.55,17.35,0.02,0.11,0.1,0.23,1.15,0.04,2.14,0.31,1.07,1.04,0.09,0.81,3.97,0.14,2.33,2.79,7.39,1.07,3.71,3.59,D,62.0,40.0,56.0,65.0,39.0,92.0,76.0,37.0,24.0,44.0,42.0
8479372,2025,Joshua Mahura,SEA,D,5on5,23,19194.0,418.0,-0.22,0.0,0.0,2.0,2.0,14.0,0.6,26.0,2.0,13.0,3.0,0.0,24.0,8.89,11.85,0.43,0.41,0.42,21613.0,1.0,0.0,2.0,3.0,15.0,26.0,2.0,13.0,36.0,15.66,0.09,0.0,0.0,0.0,0.0,0.11,0.917,0.0,2.0,0.0,0.29,1.2,0.0,0.0,0.0,0.0,0.17,0.048,0.0,0.0,0.0,7.29,13.91,0.0,0.0,0.09,0.09,0.61,0.03,1.13,0.09,0.57,1.04,0.0,0.38,2.63,0.11,1.67,2.22,4.88,0.38,2.44,4.5,D,20.0,16.0,20.0,19.0,22.0,75.0,18.0,65.0,16.0,8.0,10.0
8481556,2025,John Beecher,CGY,C,5on5,35,18327.0,439.0,2.81,2.0,1.0,2.0,5.0,32.0,2.97,22.0,5.0,14.0,3.0,4.0,23.0,9.68,16.43,0.37,0.42,0.42,21912.0,3.0,2.0,2.0,7.0,37.0,23.0,6.0,14.0,31.0,10.43,0.06,0.0,0.0,0.0,0.0,0.0,,0.0,1.0,0.0,0.0,1.48,1.0,2.0,5.0,0.57,0.85,0.098,2.32,0.0,1.0,9.09,8.73,0.06,0.03,0.06,0.14,0.91,0.08,0.63,0.14,0.4,0.66,0.39,0.98,6.29,0.58,1.9,3.23,4.32,0.98,2.75,4.52,F,21.0,33.0,27.0,64.0,32.0,42.0,60.0,95.0,7.0,9.0,10.0
8478472,2025,Mathieu Joseph,LAK,R,5on5,51,33967.0,780.0,10.3,1.0,2.0,6.0,9.0,35.0,4.71,113.0,13.0,24.0,3.0,11.0,27.0,18.59,18.85,0.5,0.49,0.5,36682.0,2.0,3.0,6.0,11.0,36.0,114.0,14.0,25.0,34.0,11.99,0.04,0.0,0.0,0.0,0.0,0.0,,0.0,1.0,0.0,0.0,0.74,1.0,1.0,1.0,0.29,0.4,0.096,1.6,0.0,1.0,6.04,11.1,0.02,0.04,0.12,0.18,0.69,0.09,2.22,0.25,0.47,0.53,0.11,0.95,3.71,0.5,1.97,2.0,11.98,1.38,2.54,2.86,F,29.0,17.0,25.0,10.0,21.0,82.0,84.0,77.0,55.0,51.0,58.0
8481572,2025,Ville Heinola,WPG,D,5on5,5,3828.0,86.0,1.57,0.0,0.0,0.0,0.0,6.0,0.51,6.0,1.0,3.0,1.0,1.0,3.0,3.51,2.2,0.61,0.57,0.57,4230.0,0.0,0.0,0.0,0.0,7.0,6.0,1.0,3.0,3.0,14.1,1.12,0.0,0.0,1.0,0.0,0.38,0.384,0.0,0.0,0.0,6.54,0.03,0.0,0.0,0.0,0.0,0.0,,0.0,0.0,0.0,0.0,12.76,0.0,0.0,0.0,0.0,1.2,0.1,1.2,0.2,0.6,0.6,0.0,0.0,5.64,0.48,3.3,2.07,5.64,0.94,2.82,2.82,D,7.0,16.0,7.0,92.0,99.0,83.0,68.0,15.0,97.0,94.0,94.0
8480113,2025,Alex Iafallo,WPG,L,5on5,79,60620.0,1267.0,27.96,10.0,4.0,6.0,20.0,85.0,10.31,116.0,9.0,23.0,5.0,5.0,51.0,34.06,42.02,0.45,0.49,0.48,73898.0,13.0,7.0,9.0,29.0,114.0,120.0,11.0,28.0,56.0,15.59,1.18,2.0,5.0,21.0,2.47,8.19,0.881,3.21,2.0,1.0,0.71,1.03,0.0,1.0,2.0,0.06,0.83,0.065,0.74,0.0,0.0,8.78,12.79,0.13,0.05,0.08,0.25,1.08,0.13,1.47,0.11,0.29,0.65,0.59,1.19,5.05,0.61,2.02,2.5,6.89,0.53,1.37,3.03,F,45.0,52.0,34.0,33.0,39.0,61.0,22.0,80.0,24.0,51.0,41.0
8482861,2025,Vincent Iorio,NYR,D,5on5,27,23020.0,460.0,-0.27,0.0,1.0,2.0,3.0,15.0,0.63,15.0,7.0,25.0,6.0,1.0,35.0,14.2,19.95,0.42,0.45,0.44,25494.0,0.0,1.0,2.0,3.0,15.0,15.0,7.0,26.0,39.0,15.74,0.05,0.0,0.0,0.0,0.0,0.01,1.0,0.0,2.0,0.0,0.0,1.19,0.0,0.0,0.0,0.0,0.79,0.211,0.0,0.0,0.0,5.51,14.21,0.0,0.04,0.07,0.11,0.56,0.02,0.56,0.26,0.93,1.3,0.0,0.47,2.35,0.1,2.22,3.12,2.35,1.09,3.91,5.47,D,24.0,16.0,24.0,12.0,18.0,42.0,79.0,85.0,14.0,20.0,16.0
8484829,2025,Justin Hryckowian,DAL,C,5on5,81,54260.0,1150.0,27.33,12.0,8.0,5.0,25.0,73.0,10.43,118.0,24.0,21.0,16.0,17.0,37.0,36.13,33.11,0.52,0.48,0.49,64636.0,14.0,9.0,7.0,30.0,83.0,119.0,26.0,25.0,44.0,13.3,0.6,2.0,5.0,6.0,1.79,5.23,0.889,6.21,3.0,0.0,0.81,1.26,0.0,0.0,2.0,0.35,1.45,0.101,0.0,0.0,2.0,7.58,11.16,0.15,0.1,0.06,0.31,0.9,0.13,1.46,0.3,0.26,0.46,0.8,1.66,4.84,0.69,2.4,2.2,7.83,1.59,1.39,2.45,F,58.0,72.0,64.0,28.0,55.0,67.0,92.0,66.0,69.0,42.0,49.0
8483447,2025,Conor Geekie,TBL,C,5on5,14,7992.0,187.0,0.78,1.0,1.0,1.0,3.0,10.0,0.92,33.0,3.0,10.0,4.0,1.0,6.0,3.62,6.78,0.35,0.44,0.41,8310.0,1.0,1.0,1.0,3.0,10.0,33.0,3.0,10.0,6.0,9.89,0.3,0.0,0.0,0.0,0.7,0.99,0.971,0.0,0.0,0.0,0.43,,,,,,,,,,,,9.51,0.07,0.07,0.07,0.21,0.71,0.07,2.36,0.21,0.71,0.43,0.45,1.35,4.5,0.41,1.63,3.05,14.86,1.35,4.5,2.7,F,35.0,37.0,45.0,22.0,13.0,89.0,82.0,73.0,5.0,16.0,8.0
8483445,2025,Cutter Gauthier,ANA,L,5on5,76,61305.0,1309.0,81.29,25.0,10.0,6.0,41.0,194.0,16.84,60.0,14.0,63.0,12.0,17.0,13.0,51.45,47.01,0.52,0.55,0.54,78673.0,41.0,14.0,14.0,69.0,285.0,64.0,19.0,74.0,20.0,17.25,2.65,10.0,17.0,62.0,7.13,25.54,0.878,5.06,1.0,3.0,1.06,0.3,0.0,0.0,1.0,0.13,0.48,0.131,0.0,0.0,0.0,8.38,13.44,0.33,0.13,0.08,0.54,2.55,0.22,0.79,0.18,0.83,0.17,1.47,2.41,11.39,0.99,3.02,2.76,3.52,0.82,3.7,0.76,F,93.0,98.0,93.0,99.0,95.0,36.0,45.0,7.0,69.0,88.0,85.0
8481716,2025,Dmitri Voronkov,CBJ,L,5on5,63,43789.0,994.0,35.12,9.0,9.0,4.0,22.0,77.0,10.15,103.0,9.0,32.0,21.0,6.0,27.0,36.81,29.16,0.56,0.53,0.53,52693.0,17.0,9.0,6.0,32.0,110.0,105.0,9.0,41.0,27.0,13.94,1.97,6.0,8.0,23.0,6.12,13.53,0.931,3.88,0.0,0.0,0.48,0.01,0.0,0.0,0.0,0.0,0.02,0.167,0.0,0.0,0.0,17.14,11.58,0.14,0.14,0.06,0.35,1.22,0.16,1.63,0.14,0.51,0.43,0.74,1.81,6.33,0.83,3.03,2.4,8.47,0.74,2.63,2.22,F,67.0,66.0,73.0,65.0,80.0,70.0,37.0,56.0,88.0,81.0,80.0
8475765,2025,Vladimir Tarasenko,MIN,R,5on5,75,54784.0,1093.0,36.29,16.0,9.0,4.0,29.0,103.0,11.57,60.0,11.0,58.0,5.0,11.0,32.0,38.3,40.0,0.49,0.44,0.46,67223.0,23.0,16.0,8.0,47.0,148.0,60.0,12.0,65.0,33.0,14.94,2.14,5.0,12.0,37.0,5.74,19.57,0.896,4.48,0.0,1.0,0.84,0.0,0.0,0.0,0.0,0.0,0.0,,0.0,0.0,0.0,0.0,12.17,0.21,0.12,0.05,0.39,1.37,0.15,0.8,0.15,0.77,0.43,1.05,1.91,6.77,0.76,2.52,2.63,3.94,0.72,3.81,2.1,F,74.0,89.0,79.0,73.0,69.0,39.0,36.0,51.0,48.0,16.0,25.0
8478874,2025,Adam Gaudette,SJS,R,5on5,66,41005.0,917.0,17.57,12.0,2.0,3.0,17.0,83.0,9.14,52.0,13.0,24.0,10.0,6.0,32.0,24.34,27.63,0.47,0.44,0.44,45437.0,17.0,3.0,5.0,25.0,96.0,53.0,13.0,26.0,33.0,11.47,0.94,3.0,6.0,11.0,1.36,4.42,0.822,5.82,0.0,0.0,0.93,0.01,0.0,0.0,0.0,0.0,0.02,0.286,0.0,0.0,0.0,4.39,10.35,0.18,0.03,0.05,0.26,1.26,0.14,0.79,0.2,0.36,0.48,1.05,1.49,7.29,0.8,2.14,2.43,4.57,1.14,2.11,2.81,F,47.0,89.0,54.0,82.0,76.0,44.0,71.0,76.0,35.0,16.0,15.0
8485366,2025,Matthew Schaefer,NYI,D,5on5,82,92306.0,1831.0,66.32,10.0,11.0,8.0,29.0,141.0,7.91,39.0,25.0,71.0,18.0,33.0,81.0,70.16,67.62,0.51,0.5,0.5,121439.0,23.0,17.0,19.0,59.0,221.0,40.0,38.0,90.0,111.0,24.68,3.13,6.0,15.0,42.0,3.7,31.15,0.901,3.51,10.0,7.0,0.81,1.04,0.0,0.0,4.0,0.32,2.89,0.207,0.0,2.0,2.0,7.79,18.76,0.12,0.13,0.1,0.35,1.72,0.1,0.48,0.3,0.87,0.99,0.39,1.13,5.5,0.31,2.74,2.64,1.52,0.98,2.77,3.16,D,85.0,90.0,80.0,90.0,95.0,27.0,72.0,26.0,66.0,62.0,62.0
8476958,2025,Jaccob Slavin,CAR,D,5on5,39,40461.0,788.0,22.73,0.0,1.0,3.0,4.0,57.0,1.89,3.0,25.0,29.0,1.0,1.0,33.0,30.8,24.68,0.56,0.59,0.58,49866.0,1.0,1.0,6.0,8.0,63.0,6.0,32.0,37.0,54.0,21.31,0.09,0.0,0.0,1.0,0.04,1.0,0.99,0.0,2.0,1.0,0.17,2.68,0.0,2.0,3.0,0.08,1.94,0.122,1.15,0.0,5.0,8.01,17.29,0.0,0.03,0.08,0.1,1.46,0.05,0.08,0.64,0.74,0.85,0.0,0.36,5.07,0.17,2.74,2.2,0.27,2.22,2.58,2.94,D,22.0,16.0,18.0,86.0,57.0,5.0,98.0,19.0,88.0,96.0,95.0
8481575,2025,Lassi Thomson,OTT,D,5on5,11,8470.0,201.0,4.72,0.0,1.0,1.0,2.0,9.0,0.34,5.0,3.0,5.0,0.0,2.0,8.0,7.63,4.63,0.62,0.52,0.53,9072.0,0.0,2.0,1.0,3.0,11.0,6.0,4.0,6.0,9.0,13.75,0.58,0.0,1.0,2.0,0.09,0.53,0.757,9.47,0.0,1.0,1.61,0.11,0.0,0.0,0.0,0.0,0.0,0.0,0.0,0.0,0.0,53.49,12.83,0.0,0.09,0.09,0.18,0.82,0.03,0.45,0.27,0.45,0.73,0.0,0.85,3.83,0.14,3.24,1.97,2.13,1.28,2.13,3.4,D,44.0,16.0,59.0,60.0,39.0,38.0,88.0,31.0,98.0,76.0,82.0
8484839,2025,Harrison Brunicke,PIT,D,5on5,9,8165.0,162.0,0.9,1.0,0.0,0.0,1.0,8.0,0.42,4.0,1.0,14.0,3.0,2.0,13.0,6.89,6.31,0.52,0.49,0.49,8486.0,1.0,0.0,0.0,1.0,8.0,4.0,1.0,14.0,13.0,15.71,0.39,0.0,0.0,0.0,0.02,0.02,0.4,0.0,0.0,0.0,0.51,0.03,0.0,0.0,0.0,0.0,0.0,,0.0,0.0,0.0,0.0,15.12,0.11,0.0,0.0,0.11,0.89,0.05,0.44,0.11,1.56,1.44,0.44,0.44,3.53,0.19,3.04,2.78,1.76,0.44,6.17,5.73,D,24.0,94.0,22.0,49.0,65.0,32.0,20.0,89.0,71.0,53.0,52.0
8484197,2025,Oliver Moore,CHI,C,5on5,50,33675.0,772.0,12.39,3.0,3.0,8.0,14.0,47.0,5.71,24.0,12.0,33.0,7.0,8.0,12.0,20.66,22.76,0.48,0.47,0.47,38636.0,5.0,6.0,8.0,19.0,57.0,25.0,14.0,38.0,13.0,12.88,1.01,2.0,5.0,6.0,1.2,3.95,0.929,5.95,0.0,0.0,0.36,0.28,0.0,0.0,0.0,0.0,0.05,0.04,0.0,0.0,1.0,5.12,11.22,0.06,0.06,0.16,0.28,0.94,0.11,0.48,0.24,0.66,0.24,0.32,1.5,5.02,0.61,2.21,2.43,2.57,1.28,3.53,1.28,F,50.0,27.0,55.0,32.0,39.0,24.0,79.0,18.0,42.0,34.0,33.0
8475314,2025,Anders Lee,NYI,L,5on5,82,63301.0,1325.0,51.12,9.0,13.0,7.0,29.0,141.0,21.03,89.0,10.0,55.0,13.0,18.0,34.0,53.05,50.09,0.51,0.52,0.51,76938.0,19.0,16.0,7.0,42.0,199.0,91.0,10.0,60.0,37.0,15.64,1.59,5.0,8.0,31.0,4.2,10.28,0.789,3.69,0.0,0.0,1.27,0.01,0.0,0.0,0.0,0.0,0.0,,0.0,0.0,0.0,0.0,12.87,0.11,0.16,0.09,0.35,1.72,0.26,1.09,0.12,0.67,0.41,0.51,1.65,8.02,1.2,3.02,2.85,5.06,0.57,3.13,1.93,F,67.0,43.0,64.0,90.0,98.0,48.0,25.0,45.0,63.0,74.0,66.0
8474716,2025,Jared Spurgeon,MIN,D,5on5,79,75676.0,1542.0,23.95,2.0,5.0,5.0,12.0,77.0,4.07,76.0,14.0,52.0,5.0,6.0,109.0,50.7,46.98,0.52,0.48,0.5,92865.0,6.0,8.0,8.0,22.0,90.0,82.0,15.0,56.0,137.0,19.59,1.44,2.0,6.0,8.0,0.42,10.12,0.873,3.16,16.0,0.0,0.78,1.68,0.0,0.0,2.0,0.09,0.9,0.052,0.0,2.0,0.0,7.47,15.97,0.03,0.06,0.06,0.15,0.97,0.05,0.96,0.18,0.66,1.38,0.1,0.57,3.66,0.19,2.41,2.23,3.62,0.67,2.47,5.19,D,34.0,42.0,32.0,54.0,65.0,58.0,41.0,81.0,71.0,44.0,62.0
8479400,2025,Pierre-Luc Dubois,WSH,C,5on5,29,23146.0,511.0,15.34,2.0,4.0,5.0,11.0,29.0,3.47,21.0,5.0,20.0,3.0,10.0,10.0,16.53,16.28,0.5,0.47,0.49,29270.0,5.0,7.0,7.0,19.0,42.0,23.0,5.0,28.0,13.0,16.82,2.17,3.0,6.0,11.0,1.87,5.96,0.91,5.71,1.0,0.0,0.56,0.17,0.0,0.0,0.0,0.0,0.0,0.0,0.0,0.0,0.0,2.52,13.3,0.07,0.14,0.17,0.38,1.0,0.12,0.72,0.17,0.69,0.34,0.31,1.71,4.51,0.54,2.57,2.53,3.27,0.78,3.11,1.56,F,72.0,26.0,68.0,22.0,25.0,34.0,41.0,30.0,55.0,34.0,49.0
8479362,2025,Riley Tufte,BOS,L,5on5,4,2493.0,50.0,0.25,0.0,0.0,0.0,0.0,2.0,0.14,7.0,0.0,1.0,0.0,0.0,1.0,1.75,1.94,0.47,0.43,0.49,2801.0,1.0,0.0,0.0,1.0,4.0,7.0,0.0,1.0,1.0,11.67,1.28,1.0,1.0,2.0,0.32,0.69,0.812,11.69,0.0,0.0,1.87,,,,,,,,,,,,10.39,0.0,0.0,0.0,0.0,0.5,0.04,1.75,0.0,0.25,0.25,0.0,0.0,2.89,0.2,2.53,2.8,10.11,0.0,1.44,1.44,F,5.0,9.0,5.0,5.0,4.0,76.0,6.0,26.0,35.0,12.0,49.0
8484177,2025,Lenni Hameenaho,NJD,R,5on5,33,22822.0,522.0,8.93,2.0,5.0,1.0,8.0,45.0,4.3,18.0,6.0,12.0,6.0,7.0,16.0,13.82,15.24,0.48,0.49,0.51,24119.0,2.0,5.0,1.0,8.0,47.0,20.0,6.0,12.0,16.0,12.18,0.46,0.0,0.0,1.0,0.01,0.95,0.96,0.0,0.0,0.0,0.16,,,,,,,,,,,,11.53,0.06,0.15,0.03,0.24,1.36,0.13,0.55,0.18,0.36,0.48,0.32,1.26,7.1,0.68,2.18,2.4,2.84,0.95,1.89,2.52,F,41.0,27.0,39.0,79.0,53.0,28.0,56.0,68.0,42.0,51.0,66.0
8482125,2025,Alexander Holtz,VGK,R,5on5,28,18353.0,397.0,5.57,3.0,2.0,4.0,9.0,28.0,4.34,29.0,1.0,18.0,2.0,1.0,11.0,11.6,11.49,0.5,0.46,0.46,19288.0,3.0,2.0,4.0,9.0,30.0,29.0,1.0,20.0,11.0,11.48,0.44,0.0,0.0,2.0,0.13,1.12,0.957,0.0,0.0,0.0,0.24,0.05,0.0,0.0,0.0,0.0,0.0,0.0,0.0,0.0,0.0,17.16,10.92,0.11,0.07,0.14,0.32,1.0,0.16,1.04,0.04,0.64,0.39,0.59,1.77,5.49,0.85,2.28,2.25,5.69,0.2,3.53,2.16,F,60.0,52.0,71.0,45.0,83.0,54.0,13.0,54.0,55.0,27.0,25.0
8482122,2025,Brock Faber,MIN,D,5on5,80,97822.0,1717.0,54.67,12.0,10.0,9.0,31.0,147.0,6.45,29.0,34.0,82.0,11.0,8.0,121.0,75.92,66.05,0.53,0.5,0.51,118450.0,15.0,19.0,17.0,51.0,173.0,33.0,36.0,92.0,148.0,24.68,1.04,1.0,11.0,13.0,0.71,6.95,0.79,7.91,11.0,2.0,1.33,2.28,1.0,2.0,5.0,0.12,2.16,0.089,0.66,1.0,0.0,7.26,20.38,0.15,0.12,0.11,0.39,1.84,0.08,0.36,0.42,1.02,1.51,0.44,1.14,5.41,0.24,2.79,2.43,1.07,1.25,3.02,4.45,D,91.0,94.0,81.0,89.0,84.0,16.0,87.0,63.0,76.0,62.0,70.0
8478460,2025,Zach Werenski,CBJ,D,5on5,75,95620.0,1649.0,92.55,17.0,13.0,17.0,47.0,189.0,8.86,27.0,27.0,107.0,9.0,9.0,78.0,77.58,62.87,0.55,0.54,0.53,119764.0,22.0,28.0,31.0,81.0,260.0,30.0,35.0,125.0,94.0,26.61,2.89,3.0,17.0,42.0,3.25,23.86,0.919,4.71,3.0,3.0,0.58,1.18,0.0,1.0,6.0,0.34,1.49,0.095,0.68,2.0,3.0,9.55,21.25,0.23,0.17,0.23,0.63,2.52,0.12,0.36,0.36,1.43,1.04,0.64,1.77,7.12,0.33,2.92,2.37,1.02,1.02,4.03,2.94,D,98.0,99.0,95.0,99.0,96.0,14.0,75.0,19.0,85.0,87.0,82.0
8480828,2025,Michael Callahan,BOS,D,5on5,5,3513.0,81.0,1.27,0.0,0.0,0.0,0.0,3.0,0.12,2.0,2.0,3.0,0.0,0.0,8.0,2.52,1.7,0.6,0.58,0.65,3897.0,0.0,0.0,0.0,0.0,3.0,3.0,2.0,3.0,9.0,12.99,0.02,0.0,0.0,0.0,0.0,0.0,,0.0,0.0,0.0,0.0,1.25,0.0,0.0,0.0,0.0,0.15,0.242,0.0,0.0,0.0,4.52,11.71,0.0,0.0,0.0,0.0,0.6,0.02,0.4,0.4,0.6,1.6,0.0,0.0,3.07,0.12,2.58,1.74,2.05,2.05,3.07,8.2,D,7.0,16.0,7.0,34.0,27.0,37.0,98.0,98.0,95.0,95.0,99.0
8480748,2025,Kiefer Sherwood,SJS,L,5on5,72,58167.0,1176.0,45.74,13.0,4.0,4.0,21.0,131.0,12.88,323.0,21.0,67.0,16.0,20.0,23.0,39.7,41.72,0.49,0.54,0.54,74588.0,23.0,7.0,6.0,36.0,172.0,339.0,26.0,76.0,30.0,17.27,1.71,7.0,12.0,25.0,4.63,19.01,0.931,5.84,4.0,0.0,0.68,1.46,1.0,1.0,10.0,1.51,2.51,0.136,0.57,1.0,3.0,9.13,13.46,0.18,0.06,0.06,0.29,1.82,0.18,4.49,0.29,0.93,0.32,0.8,1.3,8.11,0.8,2.46,2.58,19.99,1.3,4.15,1.42,F,53.0,72.0,42.0,91.0,76.0,96.0,80.0,25.0,48.0,85.0,85.0
8484509,2025,Josh Samanski,EDM,C,5on5,24,14481.0,361.0,4.11,2.0,1.0,1.0,4.0,10.0,1.23,27.0,6.0,10.0,3.0,1.0,14.0,7.95,6.53,0.55,0.5,0.51,15200.0,2.0,1.0,1.0,4.0,10.0,27.0,6.0,10.0,14.0,10.56,,,,,,,,,,,,0.46,0.0,0.0,0.0,0.0,0.31,0.235,0.0,0.0,0.0,5.45,10.06,0.08,0.04,0.04,0.17,0.42,0.05,1.12,0.25,0.42,0.58,0.5,0.99,2.49,0.31,1.98,1.62,6.71,1.49,2.49,3.48,F,26.0,42.0,27.0,5.0,7.0,60.0,89.0,86.0,84.0,61.0,66.0
8480064,2025,Josh Norris,BUF,C,5on5,44,31463.0,758.0,33.42,8.0,8.0,4.0,20.0,44.0,5.16,23.0,6.0,13.0,7.0,7.0,26.0,23.73,21.31,0.53,0.51,0.54,41797.0,13.0,13.0,8.0,34.0,69.0,24.0,9.0,20.0,27.0,15.83,3.07,2.0,9.0,16.0,2.86,18.95,0.891,4.0,0.0,2.0,1.03,0.03,0.0,0.0,0.0,0.0,0.0,0.0,0.0,0.0,0.0,0.4,11.92,0.18,0.18,0.09,0.45,1.0,0.12,0.52,0.14,0.3,0.59,0.92,2.29,5.03,0.59,2.72,2.44,2.63,0.69,1.49,2.97,F,83.0,81.0,91.0,33.0,34.0,25.0,32.0,79.0,74.0,68.0,85.0
8482641,2025,Matt Kiersted,MIN,D,5on5,6,4820.0,102.0,0.15,0.0,0.0,0.0,0.0,4.0,0.04,0.0,0.0,8.0,0.0,0.0,6.0,2.31,4.76,0.33,0.41,0.41,5662.0,0.0,1.0,0.0,1.0,4.0,0.0,0.0,10.0,10.0,15.73,,,,,,,,,,,,1.75,0.0,1.0,0.0,0.0,0.02,0.015,5.71,0.0,0.0,7.66,13.39,0.0,0.0,0.0,0.0,0.67,0.01,0.0,0.0,1.33,1.0,0.0,0.0,2.99,0.03,1.73,3.56,0.0,0.0,5.98,4.48,D,7.0,16.0,7.0,31.0,4.0,2.0,7.0,64.0,4.0,8.0,8.0
8476872,2025,Scott Laughton,LAK,C,5on5,64,44427.0,1080.0,15.71,10.0,4.0,1.0,15.0,80.0,8.13,115.0,9.0,55.0,13.0,12.0,29.0,27.7,27.67,0.5,0.44,0.46,55120.0,13.0,6.0,1.0,20.0,95.0,121.0,14.0,59.0,42.0,14.35,0.35,1.0,2.0,5.0,0.79,1.87,0.949,5.38,5.0,0.0,0.27,1.95,2.0,2.0,10.0,0.96,2.31,0.117,0.96,0.0,5.0,8.35,11.57,0.16,0.06,0.02,0.23,1.25,0.13,1.8,0.14,0.86,0.45,0.81,1.22,6.48,0.66,2.24,2.24,9.32,0.73,4.46,2.35,F,39.0,73.0,36.0,68.0,49.0,73.0,36.0,62.0,55.0,16.0,25.0
8475158,2025,Ryan O'Reilly,NSH,C,5on5,81,71020.0,1450.0,73.61,17.0,15.0,10.0,42.0,103.0,15.15,16.0,37.0,40.0,8.0,9.0,46.0,53.69,50.08,0.52,0.52,0.5,99119.0,25.0,32.0,17.0,74.0,154.0,17.0,50.0,49.0,66.0,20.39,2.69,5.0,18.0,27.0,4.2,25.28,0.886,4.96,8.0,0.0,0.9,1.82,2.0,3.0,11.0,0.68,2.73,0.13,1.22,1.0,11.0,7.45,14.61,0.21,0.19,0.12,0.52,1.27,0.19,0.2,0.46,0.49,0.57,0.86,2.13,5.22,0.77,2.72,2.54,0.81,1.88,2.03,2.33,F,92.0,77.0,85.0,38.0,71.0,6.0,95.0,61.0,69.0,74.0,58.0
8476881,2025,Tomas Hertl,VGK,C,5on5,82,62335.0,1335.0,69.85,5.0,9.0,8.0,22.0,117.0,15.31,109.0,16.0,45.0,11.0,19.0,43.0,45.75,34.89,0.57,0.56,0.55,83807.0,24.0,18.0,16.0,58.0,202.0,114.0,17.0,52.0,45.0,17.03,3.3,10.0,22.0,57.0,10.8,41.48,0.916,4.87,1.0,0.0,0.84,0.14,0.0,0.0,1.0,0.32,0.46,0.313,0.0,0.0,0.0,5.46,12.67,0.06,0.11,0.1,0.27,1.43,0.19,1.33,0.2,0.55,0.52,0.29,1.27,6.76,0.88,2.64,2.01,6.3,0.92,2.6,2.48,F,48.0,25.0,40.0,72.0,86.0,58.0,53.0,66.0,92.0,91.0,89.0
8478864,2025,Kirill Kaprizov,MIN,L,5on5,78,80699.0,1414.0,88.76,18.0,12.0,10.0,40.0,160.0,15.32,50.0,18.0,92.0,11.0,15.0,23.0,59.9,51.78,0.54,0.51,0.51,103647.0,45.0,27.0,17.0,89.0,269.0,52.0,22.0,112.0,27.0,22.15,3.73,15.0,25.0,71.0,12.53,39.71,0.929,5.15,0.0,4.0,0.62,0.01,0.0,0.0,0.0,0.0,0.0,,0.0,0.0,0.0,0.0,17.24,0.23,0.15,0.13,0.51,2.05,0.2,0.64,0.23,1.18,0.29,0.8,1.78,7.14,0.68,2.67,2.31,2.23,0.8,4.1,1.03,F,91.0,72.0,72.0,80.0,53.0,21.0,44.0,11.0,80.0,68.0,66.0
8481070,2025,Hugh McGing,STL,L,5on5,3,1839.0,48.0,1.38,1.0,1.0,0.0,2.0,4.0,0.33,0.0,1.0,2.0,0.0,0.0,2.0,0.74,1.83,0.29,0.41,0.41,1957.0,1.0,1.0,0.0,2.0,4.0,0.0,1.0,2.0,2.0,10.87,0.43,0.0,0.0,0.0,0.0,0.01,1.0,0.0,0.0,0.0,0.0,,,,,,,,,,,,10.22,0.33,0.33,0.0,0.67,1.33,0.11,0.0,0.33,0.67,0.67,1.96,3.92,7.83,0.65,1.45,3.58,0.0,1.96,3.92,3.92,F,98.0,100.0,99.0,89.0,47.0,1.0,96.0,90.0,3.0,8.0,8.0
8473604,2025,Jonathan Toews,WPG,C,5on5,82,57903.0,1275.0,24.26,5.0,9.0,5.0,19.0,79.0,8.59,16.0,16.0,57.0,18.0,6.0,32.0,35.17,39.04,0.47,0.48,0.47,71287.0,11.0,12.0,6.0,29.0,105.0,17.0,19.0,66.0,34.0,14.49,1.89,4.0,7.0,20.0,4.08,16.49,0.898,2.7,1.0,1.0,0.72,0.12,0.0,0.0,0.0,0.0,0.0,0.0,0.0,0.0,0.0,23.94,11.77,0.06,0.11,0.06,0.23,0.96,0.1,0.2,0.2,0.7,0.39,0.31,1.18,4.91,0.53,2.19,2.43,0.99,0.99,3.54,1.99,F,39.0,26.0,34.0,29.0,24.0,7.0,61.0,47.0,35.0,42.0,33.0
8476967,2025,Brett Kulak,COL,D,5on5,83,84577.0,1569.0,13.22,1.0,5.0,5.0,11.0,91.0,3.16,17.0,14.0,60.0,18.0,3.0,89.0,51.42,59.57,0.46,0.49,0.49,94425.0,1.0,5.0,6.0,12.0,95.0,19.0,14.0,64.0,108.0,18.96,0.13,0.0,0.0,0.0,0.0,0.16,0.8,0.0,2.0,0.0,0.21,1.26,0.0,0.0,2.0,0.05,2.01,0.144,0.0,0.0,0.0,6.85,16.98,0.01,0.06,0.06,0.13,1.1,0.04,0.2,0.17,0.72,1.07,0.04,0.47,3.87,0.13,2.19,2.54,0.72,0.6,2.55,3.79,D,29.0,32.0,24.0,61.0,33.0,8.0,32.0,44.0,31.0,53.0,52.0
8484169,2025,Drew Fortescue,NYR,D,5on5,9,7874.0,156.0,0.92,0.0,1.0,1.0,2.0,3.0,0.16,6.0,0.0,5.0,2.0,0.0,7.0,4.67,5.21,0.47,0.45,0.45,8015.0,0.0,1.0,1.0,2.0,3.0,6.0,0.0,5.0,7.0,14.84,0.17,0.0,0.0,0.0,0.0,0.18,1.0,0.0,0.0,0.0,0.0,0.04,0.0,0.0,0.0,0.0,0.0,0.0,0.0,0.0,0.0,1.64,14.58,0.0,0.11,0.11,0.22,0.33,0.02,0.67,0.0,0.56,0.78,0.0,0.91,1.37,0.07,2.14,2.38,2.74,0.0,2.29,3.2,D,59.0,16.0,65.0,5.0,9.0,48.0,7.0,26.0,38.0,20.0,21.0
8479414,2025,Nathan Bastian,DAL,R,5on5,36,18564.0,424.0,5.8,6.0,1.0,0.0,7.0,25.0,3.57,85.0,1.0,11.0,9.0,4.0,7.0,11.11,10.85,0.51,0.47,0.49,18672.0,6.0,1.0,0.0,7.0,25.0,85.0,1.0,11.0,7.0,8.64,0.01,0.0,0.0,0.0,0.0,0.0,,0.0,0.0,0.0,0.0,,,,,,,,,,,,8.59,0.17,0.03,0.0,0.19,0.69,0.1,2.36,0.03,0.31,0.19,1.16,1.36,4.85,0.69,2.15,2.1,16.48,0.19,2.13,1.36,F,31.0,94.0,45.0,28.0,55.0,92.0,12.0,22.0,63.0,34.0,49.0
8484164,2025,Dalibor Dvorsky,STL,R,5on5,71,51946.0,1166.0,15.13,7.0,3.0,4.0,14.0,67.0,7.12,76.0,8.0,44.0,9.0,5.0,23.0,29.11,36.03,0.45,0.47,0.47,61084.0,12.0,3.0,6.0,21.0,93.0,77.0,9.0,45.0,24.0,14.34,1.88,5.0,7.0,24.0,3.12,12.8,0.861,3.14,0.0,1.0,0.93,0.01,0.0,0.0,0.0,0.0,0.0,,0.0,0.0,0.0,0.0,12.19,0.1,0.04,0.06,0.2,0.94,0.1,1.07,0.11,0.62,0.32,0.49,0.97,4.64,0.49,2.02,2.5,5.27,0.55,3.05,1.59,F,33.0,41.0,26.0,24.0,20.0,50.0,23.0,31.0,24.0,34.0,33.0
8477527,2025,Ross Johnston,ANA,L,5on5,62,35803.0,835.0,9.12,3.0,6.0,5.0,14.0,33.0,4.37,192.0,5.0,34.0,22.0,11.0,15.0,21.55,24.6,0.47,0.48,0.48,36247.0,3.0,6.0,5.0,14.0,33.0,192.0,5.0,34.0,16.0,9.74,0.03,0.0,0.0,0.0,0.05,0.13,1.0,0.0,0.0,0.0,0.0,,,,,,,,,,,,9.62,0.05,0.1,0.08,0.23,0.53,0.07,3.1,0.08,0.55,0.24,0.3,1.41,3.32,0.44,2.17,2.47,19.31,0.5,3.42,1.51,F,39.0,25.0,49.0,8.0,15.0,95.0,20.0,28.0,35.0,42.0,41.0
8481533,2025,Trevor Zegras,PHI,C,5on5,81,72968.0,1484.0,58.9,14.0,18.0,6.0,38.0,109.0,12.77,40.0,21.0,72.0,22.0,16.0,27.0,56.49,46.02,0.55,0.5,0.5,90974.0,26.0,27.0,14.0,67.0,167.0,46.0,25.0,80.0,28.0,18.72,2.78,10.0,19.0,43.0,5.61,29.11,0.919,5.06,0.0,0.0,0.68,0.03,0.0,0.0,0.0,0.0,0.0,0.0,0.0,0.0,0.0,7.44,15.01,0.17,0.22,0.07,0.47,1.35,0.16,0.49,0.26,0.89,0.33,0.69,1.87,5.38,0.63,2.79,2.27,1.97,1.04,3.55,1.33,F,86.0,61.0,77.0,42.0,43.0,18.0,65.0,20.0,84.0,61.0,58.0
8475906,2025,John Klingberg,SJS,D,5on5,56,56543.0,1071.0,22.43,3.0,3.0,10.0,16.0,48.0,2.42,45.0,11.0,67.0,11.0,7.0,57.0,42.19,43.56,0.49,0.49,0.47,68768.0,10.0,4.0,13.0,27.0,79.0,46.0,13.0,76.0,62.0,20.47,2.79,2.0,4.0,19.0,1.49,20.14,0.844,1.54,0.0,1.0,1.43,0.04,0.0,0.0,1.0,0.01,0.01,0.011,0.0,0.0,0.0,24.56,16.83,0.05,0.05,0.18,0.29,0.86,0.04,0.8,0.2,1.2,1.02,0.19,1.02,3.06,0.15,2.69,2.77,2.87,0.7,4.27,3.63,D,76.0,62.0,72.0,33.0,45.0,50.0,44.0,39.0,50.0,53.0,34.0
8479316,2025,Luke Kunin,FLA,C,5on5,62,31998.0,751.0,7.7,4.0,6.0,0.0,10.0,45.0,5.64,122.0,3.0,21.0,8.0,8.0,38.0,17.46,22.1,0.44,0.45,0.46,36010.0,4.0,6.0,0.0,10.0,48.0,123.0,3.0,22.0,47.0,9.68,0.04,0.0,0.0,0.0,0.04,0.14,1.0,0.0,1.0,0.0,0.0,0.92,0.0,0.0,3.0,0.4,0.7,0.12,0.0,0.0,0.0,5.38,8.6,0.06,0.1,0.0,0.16,0.73,0.09,1.97,0.05,0.34,0.61,0.45,1.13,5.06,0.63,1.96,2.49,13.73,0.34,2.36,4.28,F,24.0,37.0,32.0,33.0,43.0,87.0,14.0,94.0,20.0,21.0,25.0
8479314,2025,Matthew Tkachuk,FLA,L,5on5,31,25272.0,548.0,34.56,7.0,6.0,3.0,16.0,48.0,6.45,27.0,5.0,27.0,14.0,14.0,4.0,21.42,17.98,0.54,0.56,0.54,34043.0,13.0,12.0,9.0,34.0,88.0,29.0,8.0,38.0,7.0,18.3,3.28,4.0,11.0,26.0,5.39,19.58,0.921,6.49,0.0,1.0,1.0,0.33,0.0,0.0,0.0,0.24,0.7,0.297,0.0,0.0,1.0,9.8,13.59,0.23,0.19,0.1,0.52,1.55,0.21,0.87,0.16,0.87,0.13,1.0,2.28,6.84,0.92,3.05,2.56,3.85,0.71,3.85,0.57,F,92.0,86.0,90.0,75.0,91.0,38.0,35.0,5.0,80.0,91.0,85.0
8482097,2025,Jack Quinn,BUF,R,5on5,82,63321.0,1413.0,49.46,14.0,17.0,5.0,36.0,146.0,14.25,51.0,12.0,64.0,8.0,11.0,24.0,47.78,52.09,0.48,0.48,0.48,77030.0,20.0,20.0,11.0,51.0,191.0,52.0,14.0,72.0,25.0,15.66,2.16,4.0,11.0,37.0,3.82,15.17,0.887,3.73,0.0,2.0,0.66,0.13,0.0,0.0,0.0,0.0,0.31,0.272,0.0,0.0,0.0,4.78,12.87,0.17,0.21,0.06,0.44,1.78,0.17,0.62,0.15,0.78,0.29,0.8,2.05,8.3,0.81,2.72,2.96,2.9,0.68,3.64,1.36,F,82.0,72.0,83.0,93.0,77.0,29.0,31.0,22.0,42.0,42.0,41.0
8471724,2025,Kris Letang,PIT,D,5on5,74,80176.0,1371.0,29.55,0.0,5.0,13.0,18.0,80.0,3.58,81.0,20.0,76.0,17.0,8.0,77.0,58.32,59.85,0.49,0.49,0.49,96270.0,3.0,16.0,15.0,34.0,104.0,95.0,26.0,99.0,94.0,21.68,1.49,1.0,9.0,9.0,0.48,12.26,0.782,4.89,9.0,2.0,1.86,1.06,0.0,0.0,7.0,0.19,1.05,0.113,0.0,2.0,1.0,6.31,18.06,0.0,0.07,0.18,0.24,1.08,0.05,1.09,0.27,1.03,1.04,0.0,0.81,3.59,0.16,2.62,2.69,3.64,0.9,3.41,3.46,D,64.0,16.0,56.0,51.0,51.0,59.0,65.0,34.0,50.0,53.0,52.0
8478414,2025,Timo Meier,NJD,R,5on5,77,71555.0,1437.0,61.72,13.0,9.0,6.0,28.0,193.0,21.55,123.0,24.0,72.0,10.0,14.0,51.0,57.46,49.6,0.54,0.54,0.54,85545.0,24.0,12.0,8.0,44.0,269.0,131.0,27.0,81.0,53.0,18.52,1.87,6.0,10.0,48.0,7.32,19.47,0.9,4.17,1.0,1.0,0.9,0.15,0.0,0.0,0.0,0.0,0.2,0.14,0.0,0.0,0.0,6.6,15.49,0.17,0.12,0.08,0.36,2.51,0.28,1.6,0.31,0.94,0.66,0.65,1.41,9.71,1.08,2.89,2.5,6.19,1.21,3.62,2.57,F,69.0,57.0,49.0,98.0,97.0,57.0,75.0,69.0,80.0,85.0,85.0
8479395,2025,Dennis Cholowski,NJD,D,5on5,17,14638.0,299.0,-0.55,0.0,0.0,2.0,2.0,11.0,0.47,3.0,5.0,18.0,1.0,0.0,17.0,7.5,9.54,0.44,0.45,0.47,14965.0,0.0,0.0,2.0,2.0,12.0,3.0,5.0,18.0,17.0,14.67,0.12,0.0,0.0,0.0,0.0,0.0,,0.0,0.0,0.0,0.0,0.09,0.0,0.0,1.0,0.02,0.1,1.0,0.0,0.0,0.0,0.0,14.35,0.0,0.0,0.12,0.12,0.65,0.03,0.18,0.29,1.06,1.0,0.0,0.49,2.71,0.12,1.84,2.35,0.74,1.23,4.43,4.18,D,27.0,16.0,27.0,20.0,27.0,10.0,86.0,58.0,19.0,20.0,34.0
8484806,2025,Sam Dickinson,SJS,D,5on5,72,65589.0,1226.0,10.7,1.0,4.0,6.0,11.0,68.0,3.96,68.0,17.0,76.0,9.0,5.0,65.0,43.93,48.26,0.48,0.48,0.47,72386.0,1.0,4.0,9.0,14.0,72.0,74.0,20.0,83.0,70.0,16.76,0.3,0.0,0.0,1.0,0.05,1.01,0.721,0.0,2.0,0.0,1.09,0.89,0.0,0.0,0.0,0.0,1.53,0.156,0.0,0.0,2.0,7.76,15.18,0.01,0.06,0.08,0.15,0.94,0.06,0.94,0.24,1.06,0.9,0.05,0.6,3.73,0.22,2.41,2.65,3.73,0.93,4.17,3.57,D,34.0,33.0,34.0,56.0,78.0,60.0,67.0,36.0,44.0,44.0,34.0
8480834,2025,Ty Emberson,EDM,D,5on5,72,61068.0,1304.0,9.05,2.0,3.0,7.0,12.0,45.0,1.3,106.0,12.0,52.0,9.0,3.0,87.0,36.61,38.32,0.49,0.46,0.48,67048.0,2.0,3.0,7.0,12.0,46.0,107.0,13.0,53.0,106.0,15.52,0.01,0.0,0.0,0.0,0.0,0.0,,0.0,2.0,0.0,0.0,1.24,0.0,0.0,1.0,0.01,1.05,0.086,0.0,0.0,1.0,7.57,14.14,0.03,0.04,0.1,0.17,0.62,0.02,1.47,0.17,0.72,1.21,0.12,0.71,2.65,0.08,2.16,2.26,6.25,0.71,3.07,5.13,D,40.0,47.0,43.0,20.0,11.0,86.0,45.0,80.0,50.0,28.0,42.0
8483424,2025,Owen Beck,MTL,C,5on5,15,8267.0,185.0,3.21,1.0,0.0,0.0,1.0,11.0,1.63,24.0,2.0,10.0,3.0,3.0,8.0,4.96,5.26,0.49,0.52,0.54,8270.0,1.0,0.0,0.0,1.0,11.0,24.0,2.0,10.0,8.0,9.19,0.0,0.0,0.0,0.0,0.0,0.0,,0.0,0.0,0.0,0.0,,,,,,,,,,,,9.19,0.07,0.0,0.0,0.07,0.73,0.11,1.6,0.13,0.67,0.53,0.44,0.44,4.79,0.71,2.16,2.29,10.45,0.87,4.35,3.48,F,12.0,36.0,12.0,26.0,58.0,77.0,48.0,86.0,48.0,74.0,85.0
8482259,2025,Bobby McMann,SEA,C,5on5,78,66961.0,1392.0,39.67,18.0,10.0,5.0,33.0,152.0,12.52,161.0,18.0,40.0,12.0,9.0,25.0,40.59,48.83,0.45,0.47,0.46,74559.0,29.0,11.0,6.0,46.0,183.0,165.0,18.0,44.0,27.0,15.93,0.94,4.0,6.0,15.0,1.8,7.47,0.9,4.92,1.0,0.0,0.68,0.17,0.0,0.0,2.0,0.09,0.09,0.063,0.0,0.0,0.0,6.01,14.31,0.23,0.13,0.06,0.42,1.95,0.16,2.06,0.23,0.51,0.32,0.97,1.77,8.17,0.67,2.18,2.63,8.66,0.97,2.15,1.34,F,80.0,85.0,71.0,92.0,51.0,70.0,59.0,21.0,24.0,34.0,25.0
8473507,2025,Jeff Petry,MIN,D,5on5,67,52865.0,1149.0,12.7,0.0,5.0,2.0,7.0,48.0,2.28,61.0,9.0,51.0,11.0,2.0,56.0,38.01,33.06,0.53,0.52,0.52,59343.0,0.0,6.0,3.0,9.0,54.0,66.0,9.0,52.0,65.0,14.76,0.63,0.0,2.0,6.0,0.34,2.83,0.749,2.84,3.0,0.0,1.35,0.7,0.0,0.0,0.0,0.0,0.88,0.158,0.0,1.0,0.0,6.06,13.15,0.0,0.07,0.03,0.1,0.72,0.03,0.91,0.13,0.76,0.84,0.0,0.48,3.27,0.16,2.59,2.25,4.15,0.61,3.47,3.81,D,22.0,16.0,26.0,40.0,51.0,65.0,34.0,45.0,76.0,76.0,77.0
8471685,2025,Anze Kopitar,LAK,C,5on5,67,58531.0,1167.0,44.83,7.0,10.0,6.0,23.0,70.0,10.06,30.0,20.0,41.0,3.0,7.0,49.0,36.83,35.99,0.51,0.52,0.52,76868.0,12.0,16.0,10.0,38.0,101.0,33.0,23.0,58.0,61.0,19.12,2.71,5.0,11.0,29.0,4.38,19.23,0.86,3.64,5.0,0.0,1.04,0.64,0.0,0.0,0.0,0.0,0.23,0.032,0.0,0.0,1.0,9.54,14.56,0.1,0.15,0.09,0.34,1.04,0.15,0.45,0.3,0.61,0.73,0.43,1.41,4.31,0.62,2.27,2.21,1.85,1.23,2.52,3.01,F,65.0,36.0,49.0,18.0,41.0,17.0,77.0,79.0,63.0,74.0,73.0
8483429,2025,Seamus Casey,NJD,D,5on5,2,2140.0,48.0,0.1,0.0,0.0,0.0,0.0,4.0,0.14,0.0,2.0,3.0,0.0,0.0,1.0,0.68,1.27,0.35,0.53,0.43,2161.0,0.0,0.0,0.0,0.0,4.0,0.0,2.0,3.0,1.0,18.01,,,,,,,,,,,,,,,,,,,,,,,17.83,0.0,0.0,0.0,0.0,2.0,0.07,0.0,1.0,1.5,0.5,0.0,0.0,6.73,0.24,1.14,2.14,0.0,3.36,5.05,1.68,D,7.0,16.0,7.0,98.0,84.0,2.0,100.0,2.0,6.0,82.0,12.0
8474189,2025,Lars Eller,OTT,C,5on5,68,40827.0,1022.0,15.27,4.0,7.0,3.0,14.0,62.0,6.16,47.0,10.0,33.0,4.0,8.0,31.0,23.45,25.33,0.48,0.47,0.47,46705.0,5.0,7.0,3.0,15.0,67.0,50.0,12.0,35.0,33.0,11.45,0.45,0.0,0.0,4.0,0.52,1.92,0.744,0.0,0.0,0.0,1.29,0.88,1.0,1.0,1.0,0.32,0.66,0.094,1.01,0.0,2.0,6.41,10.01,0.06,0.1,0.04,0.21,0.91,0.09,0.69,0.15,0.49,0.46,0.35,1.23,5.47,0.54,2.07,2.23,4.14,0.88,2.91,2.73,F,35.0,29.0,37.0,44.0,25.0,40.0,49.0,74.0,42.0,34.0,33.0
8479543,2025,Michael Pezzetta,TOR,L,5on5,9,3457.0,88.0,-2.02,0.0,0.0,0.0,0.0,2.0,0.41,30.0,0.0,3.0,6.0,2.0,3.0,1.82,1.96,0.48,0.38,0.41,3495.0,0.0,0.0,0.0,0.0,2.0,30.0,0.0,3.0,3.0,6.47,0.06,0.0,0.0,0.0,0.0,0.05,1.0,0.0,0.0,0.0,0.0,,,,,,,,,,,,6.4,0.0,0.0,0.0,0.0,0.22,0.05,3.33,0.0,0.33,0.33,0.0,0.0,2.08,0.43,1.9,2.04,31.24,0.0,3.12,3.12,F,5.0,9.0,5.0,4.0,15.0,100.0,6.0,81.0,42.0,5.0,8.0
8484258,2025,Sam Malinski,COL,D,5on5,82,80085.0,1601.0,73.45,8.0,18.0,12.0,38.0,158.0,5.93,42.0,21.0,72.0,10.0,4.0,85.0,70.02,46.86,0.6,0.59,0.59,86672.0,8.0,19.0,13.0,40.0,164.0,46.0,23.0,76.0,95.0,17.62,0.22,0.0,1.0,1.0,0.23,1.24,0.582,3.34,2.0,0.0,2.97,0.72,0.0,0.0,0.0,0.0,0.5,0.104,0.0,0.0,1.0,4.39,16.28,0.1,0.22,0.15,0.46,1.93,0.07,0.51,0.26,0.88,1.04,0.36,1.71,7.1,0.27,3.15,2.11,1.89,0.94,3.24,3.82,D,95.0,86.0,94.0,98.0,90.0,34.0,68.0,46.0,95.0,96.0,97.0
8480084,2025,Nick DeSimone,UTA,D,5on5,40,33243.0,756.0,13.43,2.0,2.0,4.0,8.0,34.0,1.9,19.0,5.0,32.0,5.0,2.0,31.0,23.56,18.9,0.55,0.54,0.54,34111.0,2.0,2.0,4.0,8.0,35.0,19.0,5.0,32.0,31.0,14.21,0.03,0.0,0.0,0.0,0.0,0.05,0.833,0.0,0.0,0.0,0.53,0.12,0.0,0.0,0.0,0.0,0.0,0.0,0.0,0.0,0.0,5.96,13.85,0.05,0.05,0.1,0.2,0.85,0.05,0.48,0.12,0.8,0.78,0.22,0.87,3.68,0.21,2.55,2.05,2.06,0.54,3.47,3.36,D,51.0,69.0,61.0,54.0,74.0,37.0,28.0,30.0,85.0,87.0,87.0
8476994,2025,Vinnie Hinostroza,FLA,C,5on5,65,40191.0,818.0,8.25,6.0,3.0,6.0,15.0,58.0,5.98,41.0,19.0,48.0,9.0,11.0,26.0,22.64,37.97,0.37,0.44,0.42,42657.0,6.0,5.0,7.0,18.0,65.0,41.0,19.0,49.0,27.0,10.94,0.47,0.0,2.0,5.0,0.26,1.69,0.758,3.9,0.0,0.0,1.05,0.0,0.0,0.0,0.0,0.0,0.0,,0.0,0.0,0.0,0.0,10.31,0.09,0.05,0.09,0.23,0.89,0.09,0.63,0.29,0.74,0.4,0.54,1.34,5.2,0.54,2.03,3.4,3.67,1.7,4.3,2.33,F,39.0,47.0,45.0,37.0,25.0,37.0,93.0,61.0,7.0,16.0,10.0
8482858,2025,Ryker Evans,SEA,D,5on5,67,64282.0,1172.0,9.5,7.0,3.0,2.0,12.0,42.0,1.8,47.0,7.0,46.0,18.0,9.0,68.0,40.7,42.64,0.49,0.45,0.46,71576.0,8.0,5.0,4.0,17.0,46.0,48.0,7.0,49.0,75.0,17.8,0.34,0.0,1.0,2.0,0.01,3.99,0.983,2.65,0.0,0.0,0.19,0.93,1.0,1.0,1.0,0.07,0.57,0.066,0.97,0.0,0.0,7.82,15.99,0.1,0.04,0.03,0.18,0.63,0.03,0.7,0.1,0.69,1.01,0.39,0.67,2.35,0.1,2.28,2.39,2.63,0.39,2.58,3.81,D,44.0,90.0,40.0,12.0,18.0,46.0,18.0,45.0,50.0,20.0,27.0
8477419,2025,Mason Geertsen,BUF,L,5on5,5,1232.0,33.0,-0.42,0.0,0.0,0.0,0.0,1.0,0.01,8.0,0.0,0.0,1.0,0.0,0.0,0.39,0.65,0.37,0.44,0.48,1236.0,0.0,0.0,0.0,0.0,1.0,8.0,0.0,0.0,0.0,4.12,0.01,0.0,0.0,0.0,0.0,0.0,,0.0,0.0,0.0,0.0,,,,,,,,,,,,4.11,0.0,0.0,0.0,0.0,0.2,0.0,1.6,0.0,0.0,0.0,0.0,0.0,2.92,0.03,1.14,1.9,23.38,0.0,0.0,0.0,F,5.0,9.0,5.0,6.0,1.0,98.0,6.0,2.0,7.0,16.0,41.0
8478409,2025,Anthony Richard,PHI,C,5on5,1,428.0,10.0,-0.05,0.0,0.0,0.0,0.0,0.0,0.0,0.0,0.0,0.0,0.0,0.0,0.0,0.14,0.33,0.29,0.44,0.43,428.0,0.0,0.0,0.0,0.0,0.0,0.0,0.0,0.0,0.0,7.13,,,,,,,,,,,,,,,,,,,,,,,7.13,0.0,0.0,0.0,0.0,0.0,0.0,0.0,0.0,0.0,0.0,0.0,0.0,0.0,0.0,1.18,2.78,0.0,0.0,0.0,0.0,F,5.0,9.0,5.0,1.0,0.0,1.0,6.0,2.0,3.0,16.0,12.0
8478399,2025,Jonas Siegenthaler,NJD,D,5on5,82,84436.0,1681.0,17.1,0.0,2.0,9.0,11.0,58.0,3.39,85.0,20.0,82.0,16.0,5.0,111.0,58.54,61.28,0.49,0.5,0.51,95832.0,0.0,5.0,11.0,16.0,60.0,92.0,21.0,90.0,135.0,19.48,0.04,0.0,0.0,0.0,0.0,0.14,0.933,0.0,2.0,0.0,0.19,1.65,0.0,2.0,1.0,0.01,2.59,0.141,0.89,0.0,0.0,6.98,17.16,0.0,0.02,0.11,0.13,0.71,0.04,1.04,0.24,1.0,1.35,0.0,0.47,2.47,0.14,2.5,2.61,3.62,0.85,3.5,4.73,D,29.0,16.0,24.0,15.0,39.0,58.0,58.0,69.0,50.0,62.0,70.0
8482702,2025,Logan Stankoven,CAR,C,5on5,81,65735.0,1265.0,69.75,15.0,7.0,9.0,31.0,137.0,17.35,50.0,26.0,39.0,6.0,14.0,22.0,60.87,43.58,0.58,0.61,0.6,75088.0,21.0,10.0,13.0,44.0,166.0,50.0,28.0,46.0,22.0,15.45,1.52,4.0,9.0,22.0,3.71,14.63,0.885,4.38,0.0,1.0,0.93,0.04,0.0,0.0,0.0,0.0,0.12,0.923,0.0,0.0,0.0,0.21,13.53,0.19,0.09,0.11,0.38,1.69,0.21,0.62,0.32,0.48,0.27,0.82,1.7,7.5,0.95,3.33,2.39,2.74,1.42,2.14,1.2,F,72.0,75.0,67.0,84.0,93.0,27.0,86.0,16.0,94.0,99.0,98.0
8478401,2025,Pavel Zacha,BOS,C,5on5,78,57549.0,1201.0,53.77,15.0,10.0,12.0,37.0,82.0,9.36,57.0,15.0,49.0,11.0,6.0,19.0,37.81,44.05,0.46,0.48,0.49,78840.0,30.0,17.0,18.0,65.0,131.0,64.0,18.0,61.0,26.0,16.85,2.76,9.0,18.0,28.0,9.51,31.84,0.86,5.01,3.0,0.0,1.44,0.78,0.0,0.0,2.0,0.09,0.12,0.024,0.0,0.0,1.0,4.87,12.3,0.19,0.13,0.15,0.47,1.05,0.12,0.73,0.19,0.63,0.24,0.94,2.31,5.13,0.59,2.37,2.76,3.57,0.94,3.07,1.19,F,86.0,83.0,91.0,35.0,34.0,36.0,55.0,15.0,29.0,42.0,49.0
8478397,2025,Rasmus Andersson,VGK,D,5on5,81,87411.0,2128.0,51.8,9.0,18.0,4.0,31.0,135.0,7.31,32.0,21.0,83.0,23.0,19.0,123.0,59.42,60.34,0.5,0.5,0.5,112760.0,17.0,22.0,8.0,47.0,178.0,37.0,27.0,102.0,150.0,23.2,1.89,4.0,8.0,26.0,3.58,18.5,0.849,3.14,16.0,5.0,1.29,2.13,1.0,1.0,8.0,0.45,3.26,0.138,0.35,2.0,0.0,7.1,17.99,0.11,0.22,0.05,0.38,1.67,0.09,0.4,0.26,1.02,1.52,0.37,1.28,5.56,0.3,2.45,2.49,1.32,0.86,3.42,5.07,D,90.0,87.0,87.0,91.0,94.0,22.0,60.0,78.0,59.0,62.0,62.0
8478013,2025,Jake Walman,EDM,D,5on5,53,52815.0,1065.0,19.6,5.0,6.0,4.0,15.0,84.0,3.56,15.0,11.0,58.0,4.0,5.0,83.0,33.94,41.58,0.45,0.48,0.49,59627.0,8.0,7.0,5.0,20.0,96.0,15.0,14.0,60.0,90.0,18.75,0.67,0.0,1.0,6.0,0.36,4.48,0.855,1.7,3.0,0.0,1.29,0.97,2.0,2.0,2.0,0.16,0.88,0.104,2.34,0.0,2.0,8.84,16.61,0.09,0.11,0.08,0.28,1.58,0.07,0.28,0.21,1.09,1.57,0.34,1.02,5.73,0.24,2.31,2.83,1.02,0.75,3.95,5.66,D,73.0,85.0,72.0,92.0,84.0,14.0,48.0,89.0,24.0,44.0,52.0
8484148,2025,Oliver Bonk,PHI,D,5on5,1,764.0,21.0,1.23,1.0,0.0,0.0,1.0,1.0,0.04,0.0,0.0,1.0,0.0,0.0,0.0,0.36,0.56,0.39,0.43,0.42,988.0,1.0,0.0,1.0,2.0,1.0,2.0,0.0,2.0,0.0,16.47,,,,,,,,,,,,2.02,0.0,0.0,0.0,0.0,0.0,0.0,0.0,0.0,0.0,0.3,12.73,1.0,0.0,0.0,1.0,1.0,0.04,0.0,0.0,1.0,0.0,4.71,4.71,4.71,0.19,1.7,2.64,0.0,0.0,4.71,0.0,D,100.0,99.0,99.0,82.0,65.0,2.0,7.0,0.0,9.0,13.0,10.0
8479385,2025,Jordan Kyrou,STL,R,5on5,72,56430.0,1261.0,54.42,12.0,12.0,5.0,29.0,134.0,12.55,11.0,18.0,46.0,4.0,7.0,25.0,45.36,31.53,0.59,0.55,0.55,67957.0,18.0,15.0,13.0,46.0,173.0,14.0,22.0,53.0,28.0,15.73,2.09,3.0,13.0,28.0,3.53,11.66,0.815,5.19,0.0,2.0,1.06,0.01,0.0,0.0,0.0,0.0,0.0,0.0,0.0,0.0,0.0,2.77,13.06,0.17,0.17,0.07,0.4,1.86,0.17,0.15,0.25,0.64,0.35,0.77,1.85,8.55,0.8,2.89,2.01,0.7,1.15,2.93,1.59,F,76.0,69.0,75.0,94.0,76.0,5.0,72.0,31.0,96.0,88.0,89.0
8476906,2025,Shayne Gostisbehere,CAR,D,5on5,55,51125.0,1051.0,62.4,6.0,11.0,9.0,26.0,81.0,3.98,29.0,14.0,40.0,6.0,9.0,51.0,43.74,32.87,0.57,0.6,0.59,63467.0,13.0,17.0,20.0,50.0,116.0,29.0,19.0,54.0,63.0,19.23,2.96,5.0,15.0,26.0,3.27,20.43,0.887,5.53,0.0,4.0,0.96,0.05,0.0,0.0,1.0,0.01,0.01,0.5,0.0,0.0,0.0,0.24,15.49,0.11,0.2,0.16,0.47,1.47,0.07,0.53,0.25,0.73,0.93,0.42,1.83,5.7,0.28,3.08,2.31,2.04,0.99,2.82,3.59,D,96.0,92.0,96.0,92.0,92.0,36.0,73.0,37.0,91.0,97.0,97.0
8479026,2025,Philippe Myers,TOR,D,5on5,39,31389.0,733.0,-3.5,0.0,1.0,1.0,2.0,37.0,1.3,52.0,4.0,34.0,11.0,1.0,44.0,16.94,23.05,0.42,0.42,0.43,34031.0,0.0,1.0,1.0,2.0,42.0,55.0,4.0,35.0,51.0,14.54,0.0,0.0,0.0,1.0,0.01,0.01,1.0,0.0,0.0,0.0,0.0,0.94,0.0,0.0,4.0,0.16,0.4,0.068,0.0,0.0,0.0,8.93,13.41,0.0,0.03,0.03,0.05,0.95,0.03,1.33,0.1,0.87,1.13,0.0,0.23,4.24,0.15,1.94,2.64,5.96,0.46,3.9,5.05,D,14.0,16.0,15.0,72.0,45.0,85.0,21.0,78.0,14.0,10.0,12.0
8476389,2025,Vincent Trocheck,NYR,C,5on5,67,58903.0,1256.0,46.06,11.0,11.0,5.0,27.0,66.0,7.71,185.0,20.0,60.0,19.0,14.0,40.0,34.48,45.44,0.43,0.5,0.47,82616.0,16.0,19.0,18.0,53.0,114.0,193.0,27.0,80.0,49.0,20.55,2.87,1.0,14.0,32.0,4.56,32.93,0.871,4.37,5.0,2.0,1.52,1.82,2.0,2.0,4.0,0.53,1.74,0.099,0.99,0.0,4.0,7.78,14.65,0.16,0.16,0.07,0.4,0.99,0.12,2.76,0.3,0.9,0.6,0.67,1.65,4.03,0.47,2.11,2.78,11.31,1.22,3.67,2.44,F,76.0,59.0,64.0,14.0,17.0,80.0,76.0,65.0,17.0,61.0,33.0
8477492,2025,Nathan MacKinnon,COL,C,5on5,80,81319.0,1596.0,148.48,31.0,29.0,15.0,75.0,221.0,21.04,55.0,20.0,129.0,11.0,20.0,27.0,79.73,58.77,0.58,0.58,0.56,106857.0,53.0,50.0,24.0,127.0,352.0,64.0,25.0,165.0,35.0,22.26,4.05,10.0,27.0,93.0,9.77,42.02,0.914,5.0,0.0,3.0,0.74,0.03,0.0,0.0,0.0,0.0,0.0,,0.0,0.0,0.0,0.0,16.94,0.39,0.36,0.19,0.94,2.76,0.26,0.69,0.25,1.61,0.34,1.37,3.32,9.78,0.93,3.53,2.6,2.43,0.89,5.71,1.2,F,100.0,97.0,99.0,98.0,92.0,23.0,50.0,16.0,94.0,95.0,92.0
8483476,2025,Jonathan Lekkerimki,VAN,R,5on5,13,7634.0,166.0,-0.4,2.0,0.0,1.0,3.0,8.0,0.52,10.0,1.0,6.0,0.0,2.0,5.0,1.9,6.86,0.22,0.34,0.33,9109.0,2.0,0.0,1.0,3.0,10.0,10.0,1.0,7.0,5.0,11.68,1.52,0.0,0.0,1.0,0.1,1.8,0.891,0.0,0.0,0.0,0.67,,,,,,,,,,,,9.79,0.15,0.0,0.08,0.23,0.62,0.04,0.77,0.08,0.46,0.38,0.94,1.41,3.77,0.25,0.9,3.24,4.72,0.47,2.83,2.36,F,39.0,83.0,49.0,11.0,6.0,45.0,19.0,63.0,1.0,3.0,3.0
8476867,2025,Brendan Gaunce,CBJ,C,5on5,25,14881.0,336.0,6.68,0.0,3.0,1.0,4.0,24.0,2.25,44.0,6.0,5.0,6.0,2.0,14.0,7.95,9.63,0.45,0.5,0.5,17854.0,2.0,3.0,1.0,6.0,29.0,44.0,6.0,7.0,21.0,11.9,0.05,0.0,0.0,0.0,0.0,0.02,1.0,0.0,1.0,0.0,0.0,1.61,2.0,2.0,5.0,0.52,1.12,0.169,2.99,0.0,0.0,8.2,9.92,0.0,0.12,0.04,0.16,0.96,0.09,1.76,0.24,0.2,0.56,0.0,0.97,5.81,0.54,1.92,2.33,10.64,1.45,1.21,3.39,F,24.0,9.0,26.0,53.0,25.0,78.0,87.0,85.0,24.0,61.0,58.0
8482167,2025,Bogdan Trineyev,WSH,R,5on5,2,1235.0,29.0,0.63,0.0,0.0,0.0,0.0,1.0,0.14,1.0,1.0,1.0,0.0,0.0,2.0,0.61,0.47,0.57,0.62,0.66,1263.0,0.0,0.0,0.0,0.0,1.0,1.0,1.0,1.0,2.0,10.52,0.23,0.0,0.0,0.0,0.0,0.0,0.0,0.0,0.0,0.0,6.43,,,,,,,,,,,,10.29,0.0,0.0,0.0,0.0,0.5,0.07,0.5,0.5,0.5,1.0,0.0,0.0,2.91,0.41,1.78,1.37,2.91,2.91,2.91,5.83,F,5.0,9.0,5.0,6.0,13.0,29.0,99.0,99.0,92.0,99.0,100.0
8478434,2025,Keegan Kolesar,VGK,R,5on5,82,53050.0,1270.0,14.91,6.0,8.0,2.0,16.0,66.0,6.92,269.0,4.0,37.0,15.0,11.0,42.0,32.05,33.15,0.49,0.49,0.5,56763.0,6.0,9.0,2.0,17.0,67.0,270.0,6.0,39.0,43.0,11.54,0.07,0.0,0.0,0.0,0.0,0.0,0.0,0.0,0.0,0.0,0.3,0.57,0.0,1.0,1.0,0.29,0.76,0.187,1.27,0.0,2.0,4.21,10.78,0.07,0.1,0.02,0.2,0.8,0.08,3.28,0.05,0.45,0.51,0.41,1.09,4.48,0.47,2.17,2.25,18.25,0.27,2.51,2.85,F,33.0,34.0,31.0,21.0,17.0,93.0,13.0,77.0,48.0,51.0,58.0
8484387,2025,Matvei Michkov,PHI,R,5on5,81,59403.0,1381.0,46.57,12.0,13.0,7.0,32.0,126.0,11.14,31.0,20.0,76.0,31.0,17.0,19.0,39.6,34.48,0.53,0.5,0.51,72124.0,20.0,19.0,12.0,51.0,163.0,33.0,22.0,87.0,19.0,14.84,2.0,4.0,11.0,24.0,3.49,17.03,0.846,4.07,0.0,0.0,1.15,0.0,0.0,0.0,0.0,0.0,0.0,,0.0,0.0,0.0,0.0,12.22,0.15,0.16,0.09,0.4,1.56,0.14,0.38,0.25,0.94,0.23,0.73,1.94,7.64,0.68,2.4,2.09,1.88,1.21,4.61,1.15,F,76.0,64.0,80.0,85.0,53.0,17.0,75.0,14.0,74.0,61.0,66.0
8476312,2025,Josh Manson,COL,D,5on5,79,72950.0,1602.0,53.7,4.0,13.0,12.0,29.0,120.0,6.04,148.0,22.0,79.0,32.0,15.0,77.0,60.87,45.56,0.57,0.57,0.57,84298.0,5.0,13.0,13.0,31.0,128.0,174.0,26.0,83.0,99.0,17.78,0.05,0.0,0.0,3.0,0.11,0.52,1.0,0.0,5.0,1.0,0.0,1.91,0.0,0.0,4.0,0.2,1.87,0.09,0.0,0.0,3.0,7.47,15.39,0.05,0.16,0.15,0.37,1.52,0.08,1.87,0.28,1.0,0.97,0.2,1.43,5.92,0.3,3.0,2.25,7.3,1.09,3.9,3.8,D,88.0,65.0,91.0,94.0,94.0,92.0,79.0,44.0,91.0,94.0,94.0
8484220,2025,David Reinbacher,MTL,D,5on5,2,1475.0,34.0,1.02,0.0,0.0,1.0,1.0,3.0,0.1,1.0,0.0,2.0,0.0,0.0,2.0,0.71,0.82,0.47,0.5,0.46,1577.0,0.0,0.0,1.0,1.0,3.0,1.0,0.0,2.0,2.0,13.14,,,,,,,,,,,,,,,,,,,,,,,12.29,0.0,0.0,0.5,0.5,1.5,0.05,0.5,0.0,1.0,1.0,0.0,2.44,7.32,0.24,1.73,2.0,2.44,0.0,4.88,4.88,D,96.0,16.0,98.0,99.0,84.0,43.0,7.0,73.0,38.0,62.0,27.0
8477034,2025,Jaycob Megna,VGK,D,5on5,4,2489.0,53.0,-1.02,0.0,0.0,0.0,0.0,1.0,0.02,6.0,0.0,2.0,1.0,0.0,1.0,1.31,2.47,0.35,0.46,0.44,2549.0,0.0,0.0,0.0,0.0,1.0,6.0,0.0,2.0,1.0,10.62,,,,,,,,,,,,0.21,0.0,0.0,0.0,0.0,0.0,,0.0,0.0,0.0,0.0,10.37,0.0,0.0,0.0,0.0,0.25,0.0,1.5,0.0,0.5,0.25,0.0,0.0,1.45,0.03,1.89,3.57,8.68,0.0,2.89,1.45,D,7.0,16.0,7.0,6.0,4.0,94.0,7.0,2.0,6.0,28.0,16.0
8482178,2025,Ian Moore,ANA,D,5on5,67,50729.0,1201.0,16.73,4.0,3.0,3.0,10.0,64.0,5.1,40.0,20.0,40.0,12.0,4.0,72.0,36.61,31.73,0.54,0.52,0.52,54944.0,4.0,4.0,4.0,12.0,66.0,42.0,21.0,40.0,80.0,13.67,0.05,0.0,0.0,0.0,0.0,1.52,1.0,0.0,1.0,0.0,0.0,0.54,0.0,1.0,1.0,0.01,0.44,0.143,1.67,1.0,1.0,4.41,12.62,0.06,0.04,0.04,0.15,0.96,0.08,0.6,0.3,0.6,1.07,0.28,0.71,4.54,0.36,2.6,2.25,2.84,1.42,2.84,5.11,D,34.0,79.0,43.0,78.0,98.0,49.0,92.0,79.0,80.0,76.0,77.0
8482947,2025,Zakhar Bardakov,COL,C,5on5,60,25382.0,602.0,14.82,1.0,4.0,5.0,10.0,35.0,3.97,50.0,7.0,27.0,7.0,10.0,20.0,16.68,14.21,0.54,0.55,0.56,25936.0,1.0,4.0,5.0,10.0,35.0,50.0,7.0,27.0,22.0,7.2,0.04,0.0,0.0,0.0,0.0,0.26,1.0,0.0,0.0,0.0,0.0,0.08,0.0,0.0,0.0,0.0,0.0,0.0,0.0,0.0,0.0,12.39,7.05,0.02,0.07,0.08,0.17,0.58,0.07,0.83,0.12,0.45,0.33,0.14,1.42,4.96,0.56,2.37,2.02,7.09,0.99,3.83,2.84,F,26.0,18.0,50.0,31.0,28.0,63.0,61.0,77.0,80.0,88.0,92.0
8480798,2025,Philipp Kurashev,SJS,C,5on5,43,32987.0,669.0,15.44,6.0,8.0,3.0,17.0,48.0,4.06,39.0,7.0,30.0,8.0,7.0,11.0,18.56,23.74,0.44,0.46,0.43,39968.0,7.0,10.0,3.0,20.0,62.0,40.0,8.0,32.0,14.0,15.49,1.77,0.0,2.0,10.0,1.13,6.97,0.816,1.57,2.0,0.0,1.24,0.59,0.0,0.0,0.0,0.0,0.05,0.015,0.0,1.0,1.0,7.73,12.79,0.14,0.19,0.07,0.4,1.12,0.09,0.91,0.16,0.7,0.26,0.65,1.86,5.24,0.44,2.03,2.59,4.26,0.76,3.27,1.2,F,76.0,57.0,76.0,39.0,15.0,42.0,40.0,16.0,20.0,27.0,12.0
8476391,2025,T.J. Tynan,COL,C,5on5,1,493.0,12.0,-0.2,0.0,0.0,0.0,0.0,1.0,0.13,0.0,0.0,0.0,0.0,0.0,0.0,0.2,0.97,0.17,0.35,0.26,493.0,0.0,0.0,0.0,0.0,1.0,0.0,0.0,0.0,0.0,8.22,,,,,,,,,,,,,,,,,,,,,,,8.22,0.0,0.0,0.0,0.0,1.0,0.13,0.0,0.0,0.0,0.0,0.0,0.0,7.3,0.95,1.46,7.08,0.0,0.0,0.0,0.0,F,5.0,9.0,5.0,82.0,93.0,1.0,6.0,2.0,1.0,3.0,1.0
8483841,2025,Xavier Parent,NJD,C,5on5,5,2566.0,56.0,-1.25,0.0,0.0,0.0,0.0,2.0,0.22,7.0,1.0,1.0,1.0,0.0,1.0,0.83,2.84,0.23,0.39,0.38,2572.0,0.0,0.0,0.0,0.0,2.0,7.0,1.0,1.0,1.0,8.57,0.01,0.0,0.0,0.0,0.0,0.0,,0.0,0.0,0.0,0.0,,,,,,,,,,,,8.55,0.0,0.0,0.0,0.0,0.4,0.04,1.4,0.2,0.2,0.2,0.0,0.0,2.81,0.31,1.16,3.98,9.82,1.4,1.4,1.4,F,5.0,9.0,5.0,5.0,7.0,75.0,85.0,24.0,2.0,6.0,5.0
8480018,2025,Nick Suzuki,MTL,C,5on5,82,74904.0,1443.0,96.25,12.0,24.0,9.0,45.0,108.0,12.74,57.0,22.0,54.0,6.0,6.0,49.0,57.02,51.51,0.53,0.53,0.55,102437.0,29.0,45.0,27.0,101.0,183.0,62.0,29.0,72.0,62.0,20.82,3.37,9.0,40.0,42.0,7.62,40.3,0.941,8.69,3.0,2.0,0.55,0.68,1.0,1.0,7.0,0.34,1.14,0.154,1.08,0.0,2.0,6.79,15.22,0.15,0.29,0.11,0.55,1.32,0.16,0.7,0.27,0.66,0.6,0.58,2.16,5.19,0.61,2.74,2.48,2.74,1.06,2.6,2.36,F,93.0,51.0,86.0,37.0,39.0,27.0,66.0,63.0,74.0,81.0,89.0
8481618,2025,Alex Newhook,MTL,C,5on5,42,30172.0,592.0,19.45,10.0,8.0,2.0,20.0,42.0,4.92,47.0,1.0,11.0,5.0,6.0,15.0,17.47,22.98,0.43,0.44,0.44,36501.0,13.0,8.0,4.0,25.0,61.0,48.0,2.0,13.0,17.0,14.48,1.0,2.0,3.0,10.0,1.67,3.86,0.883,4.29,1.0,0.0,0.73,0.93,0.0,0.0,3.0,0.26,0.38,0.057,0.0,0.0,0.0,9.62,11.97,0.24,0.19,0.05,0.48,1.0,0.12,1.12,0.02,0.26,0.36,1.19,2.39,5.01,0.59,2.08,2.74,5.61,0.12,1.31,1.79,F,88.0,95.0,93.0,32.0,34.0,53.0,12.0,38.0,17.0,16.0,15.0
8483567,2025,Georgii Merkulov,BOS,C,5on5,1,635.0,14.0,-0.35,0.0,0.0,0.0,0.0,0.0,0.01,0.0,0.0,0.0,0.0,0.0,0.0,0.6,0.48,0.56,0.41,0.39,635.0,0.0,0.0,0.0,0.0,0.0,0.0,0.0,0.0,0.0,10.58,,,,,,,,,,,,,,,,,,,,,,,10.58,0.0,0.0,0.0,0.0,0.0,0.01,0.0,0.0,0.0,0.0,0.0,0.0,0.0,0.06,3.4,2.72,0.0,0.0,0.0,0.0,F,5.0,9.0,5.0,1.0,2.0,1.0,6.0,2.0,88.0,8.0,6.0
8481594,2025,Nathan Lgar,NJD,R,5on5,1,495.0,10.0,-0.46,0.0,0.0,0.0,0.0,0.0,0.0,2.0,0.0,0.0,0.0,0.0,1.0,0.06,0.46,0.11,0.22,0.22,495.0,0.0,0.0,0.0,0.0,0.0,2.0,0.0,0.0,1.0,8.25,,,,,,,,,,,,,,,,,,,,,,,8.25,0.0,0.0,0.0,0.0,0.0,0.0,2.0,0.0,0.0,1.0,0.0,0.0,0.0,0.0,0.44,3.35,14.55,0.0,0.0,7.27,F,5.0,9.0,5.0,1.0,0.0,89.0,6.0,100.0,1.0,0.0,1.0
8480015,2025,Owen Tippett,PHI,R,5on5,81,65349.0,1453.0,55.0,19.0,11.0,7.0,37.0,157.0,15.99,151.0,23.0,74.0,9.0,17.0,46.0,47.79,39.83,0.55,0.5,0.51,81857.0,28.0,12.0,11.0,51.0,221.0,166.0,28.0,89.0,50.0,16.84,2.09,3.0,7.0,40.0,5.44,19.94,0.911,2.48,1.0,1.0,0.69,0.42,2.0,2.0,4.0,0.51,0.64,0.175,3.57,0.0,2.0,5.37,13.45,0.23,0.14,0.09,0.46,1.94,0.2,1.86,0.28,0.91,0.57,1.05,2.04,8.65,0.88,2.63,2.19,8.32,1.27,4.08,2.53,F,84.0,89.0,83.0,94.0,86.0,69.0,79.0,68.0,84.0,61.0,66.0
8471215,2025,Evgeni Malkin,PIT,C,5on5,56,46155.0,953.0,51.58,12.0,15.0,5.0,32.0,94.0,10.43,21.0,25.0,74.0,22.0,15.0,15.0,37.68,37.29,0.5,0.48,0.49,59115.0,19.0,26.0,16.0,61.0,148.0,24.0,29.0,88.0,17.0,17.59,3.05,3.0,19.0,35.0,4.72,29.13,0.888,6.67,0.0,2.0,1.3,0.0,0.0,0.0,0.0,0.0,0.0,,0.0,0.0,0.0,0.0,13.74,0.21,0.27,0.09,0.57,1.68,0.19,0.38,0.45,1.32,0.27,0.94,2.5,7.33,0.81,2.94,2.91,1.64,1.95,5.77,1.17,F,94.0,83.0,95.0,83.0,77.0,15.0,96.0,15.0,55.0,42.0,49.0
8474102,2025,David Perron,DET,L,5on5,65,44602.0,1086.0,28.59,10.0,6.0,4.0,20.0,67.0,7.46,85.0,12.0,30.0,14.0,14.0,23.0,29.09,21.94,0.57,0.51,0.53,52924.0,13.0,6.0,9.0,28.0,93.0,90.0,14.0,35.0,23.0,13.57,1.84,3.0,8.0,25.0,1.74,10.41,0.827,4.02,0.0,2.0,1.09,0.02,0.0,0.0,0.0,0.0,0.0,0.0,0.0,0.0,0.0,49.76,11.44,0.15,0.09,0.06,0.31,1.03,0.11,1.31,0.18,0.46,0.35,0.81,1.61,5.41,0.6,2.35,1.77,6.86,0.97,2.42,1.86,F,58.0,73.0,62.0,42.0,37.0,61.0,59.0,42.0,92.0,68.0,80.0
8484152,2025,Luca Cagnoni,SJS,D,5on5,3,2689.0,49.0,-0.05,0.0,0.0,0.0,0.0,4.0,0.31,5.0,1.0,1.0,1.0,1.0,3.0,1.3,1.36,0.49,0.43,0.43,3246.0,0.0,0.0,0.0,0.0,4.0,5.0,1.0,1.0,3.0,18.03,2.78,0.0,0.0,0.0,0.0,0.71,1.0,0.0,0.0,0.0,0.0,,,,,,,,,,,,14.94,0.0,0.0,0.0,0.0,1.33,0.1,1.67,0.33,0.33,1.0,0.0,0.0,5.36,0.42,1.74,1.82,6.69,1.34,1.34,4.02,D,7.0,16.0,7.0,88.0,99.0,90.0,90.0,52.0,50.0,13.0,12.0
8483406,2025,Taylor Ward,LAK,R,5on5,36,19093.0,443.0,7.93,3.0,2.0,2.0,7.0,34.0,4.02,37.0,2.0,19.0,2.0,3.0,9.0,12.27,10.83,0.53,0.5,0.5,20453.0,3.0,2.0,2.0,7.0,38.0,38.0,2.0,20.0,9.0,9.47,0.62,0.0,0.0,4.0,0.68,1.27,0.58,0.0,0.0,0.0,2.47,,,,,,,,,,,,8.84,0.08,0.06,0.06,0.19,0.94,0.11,1.03,0.06,0.53,0.25,0.57,1.32,6.41,0.76,2.31,2.04,6.98,0.38,3.58,1.7,F,31.0,49.0,43.0,66.0,69.0,62.0,16.0,36.0,74.0,61.0,58.0
8476853,2025,Morgan Rielly,TOR,D,5on5,78,81681.0,1923.0,32.43,10.0,5.0,11.0,26.0,104.0,5.71,32.0,18.0,81.0,14.0,7.0,97.0,58.72,61.13,0.49,0.48,0.48,98920.0,11.0,10.0,15.0,36.0,141.0,35.0,22.0,87.0,114.0,21.14,2.23,1.0,5.0,29.0,1.92,23.19,0.906,1.73,3.0,2.0,0.84,0.66,0.0,0.0,3.0,0.08,1.02,0.097,0.0,4.0,2.0,11.03,17.45,0.13,0.06,0.14,0.33,1.33,0.07,0.41,0.23,1.04,1.24,0.44,1.15,4.58,0.25,2.59,2.69,1.41,0.79,3.57,4.28,D,83.0,94.0,82.0,79.0,87.0,25.0,52.0,59.0,50.0,44.0,42.0
8482079,2025,Marco Rossi,VAN,C,5on5,50,41321.0,807.0,24.16,9.0,5.0,5.0,19.0,48.0,7.04,47.0,14.0,33.0,4.0,8.0,26.0,25.3,31.99,0.44,0.46,0.45,52425.0,12.0,11.0,12.0,35.0,66.0,47.0,16.0,43.0,30.0,17.48,2.29,2.0,12.0,11.0,0.62,13.83,0.865,6.29,1.0,0.0,1.13,0.45,0.0,0.0,1.0,0.03,0.05,0.012,0.0,0.0,1.0,10.79,13.77,0.18,0.1,0.1,0.38,0.96,0.14,0.94,0.28,0.66,0.52,0.78,1.66,4.18,0.61,2.2,2.79,4.09,1.22,2.88,2.27,F,72.0,70.0,64.0,16.0,39.0,40.0,76.0,57.0,20.0,27.0,19.0
8483768,2025,Victor Mancini,VAN,D,5on5,24,18966.0,385.0,-4.8,0.0,3.0,0.0,3.0,12.0,0.34,27.0,0.0,14.0,2.0,1.0,26.0,9.52,17.1,0.36,0.38,0.37,19778.0,0.0,3.0,0.0,3.0,14.0,28.0,1.0,14.0,26.0,13.73,0.1,0.0,0.0,1.0,0.04,0.29,1.0,0.0,0.0,0.0,0.0,0.33,0.0,0.0,1.0,0.09,0.12,0.146,0.0,0.0,0.0,5.36,13.17,0.0,0.12,0.0,0.12,0.5,0.01,1.12,0.0,0.58,1.08,0.0,0.57,2.28,0.06,1.81,3.25,5.12,0.0,2.66,4.94,D,27.0,16.0,32.0,10.0,8.0,78.0,7.0,76.0,6.0,5.0,4.0
8484135,2025,Parker Ford,WPG,C,5on5,15,8048.0,175.0,-0.01,0.0,1.0,0.0,1.0,9.0,1.19,27.0,1.0,1.0,2.0,1.0,11.0,3.91,7.35,0.35,0.43,0.44,8775.0,0.0,1.0,0.0,1.0,10.0,27.0,2.0,1.0,12.0,9.75,0.03,0.0,0.0,0.0,0.0,0.01,1.0,0.0,0.0,0.0,0.0,0.66,0.0,0.0,1.0,0.06,0.07,0.049,0.0,0.0,1.0,8.26,8.94,0.0,0.07,0.0,0.07,0.6,0.08,1.8,0.07,0.07,0.73,0.0,0.45,4.03,0.53,1.75,3.29,12.08,0.45,0.45,4.92,F,12.0,9.0,12.0,14.0,24.0,83.0,18.0,96.0,5.0,12.0,15.0
8479291,2025,Kevin Rooney,UTA,C,5on5,1,584.0,14.0,1.03,1.0,0.0,0.0,1.0,1.0,0.13,0.0,0.0,1.0,0.0,0.0,0.0,0.2,0.22,0.48,0.57,0.55,584.0,1.0,0.0,0.0,1.0,1.0,0.0,0.0,1.0,0.0,9.73,,,,,,,,,,,,,,,,,,,,,,,9.73,1.0,0.0,0.0,1.0,1.0,0.13,0.0,0.0,1.0,0.0,6.16,6.16,6.16,0.8,1.23,1.36,0.0,0.0,6.16,0.0,F,100.0,100.0,100.0,61.0,76.0,1.0,6.0,2.0,42.0,93.0,89.0
8476902,2025,Esa Lindell,DAL,D,5on5,82,87528.0,1627.0,34.83,5.0,8.0,10.0,23.0,66.0,3.3,27.0,20.0,97.0,9.0,5.0,133.0,60.44,50.28,0.55,0.48,0.5,114315.0,6.0,11.0,15.0,32.0,83.0,30.0,30.0,112.0,179.0,23.23,0.72,1.0,2.0,6.0,0.86,4.94,0.888,2.04,31.0,0.0,0.63,3.81,0.0,2.0,8.0,0.34,3.82,0.082,0.38,1.0,6.0,8.17,17.79,0.06,0.1,0.12,0.28,0.8,0.04,0.33,0.24,1.18,1.62,0.21,0.95,2.71,0.14,2.49,2.07,1.11,0.82,3.99,5.47,D,73.0,67.0,69.0,20.0,39.0,18.0,56.0,85.0,85.0,44.0,62.0
8484234,2025,Aydar Suniev,CGY,L,5on5,6,3584.0,85.0,1.27,0.0,1.0,0.0,1.0,7.0,0.64,2.0,2.0,2.0,1.0,1.0,3.0,1.48,2.08,0.42,0.46,0.43,4184.0,0.0,1.0,0.0,1.0,9.0,2.0,2.0,3.0,3.0,11.62,1.54,0.0,0.0,1.0,0.1,0.43,0.623,0.0,0.0,0.0,1.69,,,,,,,,,,,,9.96,0.0,0.17,0.0,0.17,1.17,0.11,0.33,0.33,0.33,0.5,0.0,1.0,7.03,0.64,1.49,2.09,2.01,2.01,2.01,3.01,F,26.0,9.0,27.0,78.0,45.0,18.0,96.0,79.0,14.0,27.0,12.0
8478856,2025,Conor Garland,CBJ,R,5on5,71,55970.0,1141.0,28.53,8.0,9.0,3.0,20.0,93.0,8.74,41.0,23.0,63.0,13.0,15.0,28.0,39.6,45.55,0.47,0.47,0.47,73237.0,12.0,16.0,5.0,33.0,137.0,45.0,28.0,75.0,32.0,17.19,1.99,2.0,10.0,26.0,2.99,17.16,0.953,4.25,3.0,2.0,0.36,1.24,0.0,0.0,4.0,0.47,1.34,0.086,0.0,0.0,3.0,9.75,13.14,0.11,0.13,0.04,0.28,1.31,0.12,0.58,0.32,0.89,0.39,0.51,1.29,5.98,0.56,2.55,2.93,2.64,1.48,4.05,1.8,F,50.0,43.0,41.0,57.0,28.0,25.0,88.0,39.0,35.0,34.0,33.0
8481606,2025,Jordan Spence,OTT,D,5on5,73,73169.0,1617.0,55.1,7.0,6.0,13.0,26.0,93.0,5.37,54.0,14.0,64.0,10.0,0.0,56.0,63.03,39.39,0.62,0.6,0.61,82019.0,7.0,8.0,16.0,31.0,108.0,55.0,16.0,68.0,59.0,18.73,1.26,0.0,3.0,10.0,0.34,7.07,0.882,1.95,1.0,0.0,0.62,0.15,0.0,0.0,0.0,0.0,0.27,0.318,0.0,1.0,0.0,3.13,16.71,0.1,0.08,0.18,0.36,1.27,0.07,0.74,0.19,0.88,0.77,0.34,1.28,4.58,0.26,3.1,1.94,2.66,0.69,3.15,2.76,D,87.0,85.0,87.0,79.0,88.0,46.0,43.0,14.0,98.0,97.0,98.0
8478038,2025,Devon Toews,COL,D,5on5,68,72869.0,1447.0,49.38,2.0,8.0,11.0,21.0,90.0,5.34,22.0,23.0,53.0,14.0,6.0,62.0,66.33,48.37,0.58,0.57,0.56,91265.0,3.0,9.0,12.0,24.0,115.0,26.0,29.0,64.0,83.0,22.37,1.32,1.0,1.0,12.0,0.29,7.74,0.858,0.67,14.0,1.0,0.86,2.31,0.0,0.0,6.0,0.07,2.52,0.117,0.0,2.0,5.0,7.3,17.86,0.03,0.12,0.16,0.31,1.32,0.08,0.32,0.34,0.78,0.91,0.1,1.04,4.45,0.26,3.28,2.39,1.09,1.14,2.62,3.06,D,80.0,42.0,74.0,77.0,88.0,17.0,82.0,23.0,93.0,94.0,92.0
8480023,2025,Robert Thomas,STL,C,5on5,64,55044.0,1173.0,59.17,16.0,15.0,10.0,41.0,73.0,9.12,8.0,26.0,78.0,11.0,7.0,29.0,42.95,35.62,0.55,0.52,0.51,73018.0,25.0,23.0,16.0,64.0,102.0,10.0,31.0,96.0,40.0,19.02,2.49,3.0,14.0,19.0,1.97,17.15,0.908,5.27,7.0,1.0,0.65,1.26,1.0,2.0,3.0,0.53,0.89,0.079,1.49,0.0,4.0,7.75,14.33,0.25,0.23,0.16,0.64,1.14,0.14,0.12,0.41,1.22,0.45,1.05,2.68,4.77,0.6,2.81,2.33,0.52,1.7,5.1,1.9,F,97.0,89.0,97.0,26.0,37.0,4.0,93.0,44.0,84.0,74.0,66.0
8481601,2025,Simon Holmstrom,NYI,R,5on5,79,59218.0,1260.0,38.46,12.0,6.0,7.0,25.0,71.0,8.98,14.0,16.0,40.0,6.0,15.0,31.0,39.8,43.93,0.48,0.49,0.49,79294.0,19.0,13.0,9.0,41.0,100.0,16.0,31.0,56.0,45.0,16.73,1.31,1.0,4.0,8.0,0.71,7.21,0.792,2.32,5.0,1.0,1.09,1.95,2.0,4.0,10.0,1.31,3.57,0.146,1.56,0.0,9.0,8.12,12.49,0.15,0.08,0.09,0.32,0.9,0.11,0.18,0.2,0.51,0.39,0.73,1.52,4.32,0.55,2.42,2.67,0.85,0.97,2.43,1.88,F,60.0,64.0,57.0,18.0,27.0,6.0,59.0,43.0,42.0,51.0,49.0
8482192,2025,Isaak Phillips,WPG,D,5on5,3,1706.0,40.0,-0.28,0.0,0.0,0.0,0.0,3.0,0.04,3.0,0.0,2.0,1.0,1.0,1.0,0.27,0.55,0.33,0.37,0.3,1713.0,0.0,0.0,0.0,0.0,3.0,3.0,0.0,2.0,1.0,9.52,,,,,,,,,,,,0.04,0.0,0.0,0.0,0.0,0.0,,0.0,0.0,0.0,0.0,9.48,0.0,0.0,0.0,0.0,1.0,0.01,1.0,0.0,0.67,0.33,0.0,0.0,6.33,0.08,0.57,1.16,6.33,0.0,4.22,2.11,D,7.0,16.0,7.0,96.0,11.0,87.0,7.0,5.0,4.0,4.0,3.0
8485385,2025,Braeden Cootes,VAN,C,5on5,3,1735.0,40.0,-1.63,0.0,0.0,0.0,0.0,0.0,0.0,3.0,0.0,4.0,0.0,0.0,1.0,0.3,2.53,0.11,0.27,0.29,1940.0,0.0,0.0,0.0,0.0,0.0,3.0,0.0,4.0,1.0,10.78,1.14,0.0,0.0,0.0,0.0,0.16,1.0,0.0,0.0,0.0,0.0,,,,,,,,,,,,9.64,0.0,0.0,0.0,0.0,0.0,0.0,1.0,0.0,1.33,0.33,0.0,0.0,0.0,0.0,0.62,5.25,6.22,0.0,8.3,2.07,F,5.0,9.0,5.0,1.0,0.0,57.0,6.0,50.0,1.0,1.0,2.0
8476539,2025,Jonathan Marchessault,NSH,R,5on5,62,49312.0,1032.0,23.98,7.0,10.0,5.0,22.0,80.0,7.19,66.0,12.0,58.0,6.0,7.0,7.0,31.81,42.07,0.43,0.46,0.44,62151.0,12.0,11.0,8.0,31.0,132.0,75.0,15.0,64.0,9.0,16.71,2.66,4.0,8.0,39.0,4.8,16.88,0.859,2.91,0.0,3.0,1.01,0.0,0.0,0.0,0.0,0.0,0.0,,0.0,0.0,0.0,0.0,13.26,0.11,0.16,0.08,0.35,1.29,0.12,1.06,0.19,0.94,0.11,0.51,1.61,5.84,0.52,2.32,3.07,4.82,0.88,4.23,0.51,F,67.0,43.0,62.0,53.0,23.0,46.0,49.0,5.0,17.0,27.0,15.0
8482768,2025,Fedor Svechkov,NSH,C,5on5,70,47034.0,936.0,16.71,3.0,7.0,6.0,16.0,64.0,7.06,59.0,19.0,46.0,10.0,12.0,27.0,30.53,32.26,0.49,0.5,0.48,50722.0,4.0,7.0,6.0,17.0,70.0,60.0,19.0,49.0,29.0,12.08,0.26,0.0,0.0,3.0,0.3,0.8,0.593,0.0,0.0,0.0,1.82,0.33,1.0,1.0,1.0,0.06,0.28,0.082,2.57,0.0,0.0,8.11,11.2,0.04,0.1,0.09,0.23,0.91,0.1,0.84,0.27,0.66,0.39,0.23,1.22,4.9,0.54,2.34,2.47,4.52,1.45,3.52,2.07,F,39.0,21.0,36.0,29.0,25.0,43.0,87.0,50.0,48.0,61.0,41.0
8475755,2025,Alexander Petrovic,DAL,D,5on5,54,47710.0,959.0,5.73,2.0,5.0,3.0,10.0,57.0,1.97,83.0,8.0,44.0,11.0,3.0,72.0,29.89,34.84,0.46,0.44,0.44,49744.0,2.0,5.0,3.0,10.0,57.0,88.0,9.0,45.0,77.0,15.35,0.01,0.0,0.0,0.0,0.0,0.0,,0.0,0.0,0.0,0.0,0.44,0.0,0.0,0.0,0.0,0.65,0.401,0.0,0.0,0.0,2.42,14.73,0.04,0.09,0.06,0.19,1.06,0.04,1.54,0.15,0.81,1.33,0.15,0.75,4.3,0.15,2.26,2.63,6.26,0.6,3.32,5.43,D,47.0,53.0,48.0,73.0,45.0,86.0,32.0,84.0,31.0,16.0,16.0
8477320,2025,Anton Blidh,NYR,L,5on5,4,1849.0,47.0,0.35,0.0,0.0,1.0,1.0,4.0,0.3,10.0,0.0,1.0,0.0,0.0,0.0,0.9,0.87,0.51,0.38,0.44,1849.0,0.0,0.0,1.0,1.0,4.0,10.0,0.0,1.0,0.0,7.7,,,,,,,,,,,,,,,,,,,,,,,7.7,0.0,0.0,0.25,0.25,1.0,0.08,2.5,0.0,0.25,0.0,0.0,1.95,7.79,0.58,1.75,1.69,19.47,0.0,1.95,0.0,F,45.0,9.0,80.0,88.0,32.0,95.0,6.0,2.0,63.0,5.0,15.0
8476432,2025,Boone Jenner,CBJ,C,5on5,67,53615.0,1114.0,41.9,11.0,15.0,6.0,32.0,114.0,14.58,141.0,11.0,49.0,16.0,11.0,55.0,41.5,40.77,0.5,0.51,0.5,64639.0,13.0,17.0,8.0,38.0,132.0,147.0,14.0,53.0,66.0,16.08,0.77,1.0,2.0,8.0,1.34,4.27,0.776,2.32,4.0,0.0,1.43,1.42,0.0,1.0,7.0,0.27,0.73,0.063,0.63,0.0,3.0,6.88,13.34,0.16,0.22,0.09,0.48,1.7,0.22,2.1,0.16,0.73,0.82,0.74,2.15,7.65,0.98,2.79,2.74,9.47,0.74,3.29,3.69,F,88.0,66.0,86.0,86.0,94.0,73.0,37.0,88.0,55.0,68.0,58.0
8476923,2025,Damon Severson,CBJ,D,5on5,71,79660.0,1448.0,43.02,6.0,9.0,11.0,26.0,74.0,4.94,38.0,24.0,79.0,18.0,6.0,80.0,65.26,50.16,0.57,0.54,0.54,89772.0,8.0,12.0,12.0,32.0,93.0,39.0,28.0,82.0,86.0,21.07,1.09,1.0,4.0,11.0,0.97,6.37,0.944,3.1,4.0,0.0,0.29,0.59,0.0,0.0,1.0,0.17,0.87,0.191,0.0,0.0,1.0,5.24,18.7,0.08,0.13,0.15,0.37,1.04,0.07,0.54,0.34,1.11,1.13,0.27,1.17,3.34,0.22,2.95,2.27,1.72,1.08,3.57,3.62,D,88.0,77.0,83.0,43.0,78.0,31.0,78.0,38.0,91.0,87.0,87.0
8484158,2025,Easton Cowan,TOR,R,5on5,66,50650.0,1036.0,21.41,8.0,8.0,4.0,20.0,79.0,7.09,72.0,12.0,66.0,15.0,18.0,31.0,32.94,40.56,0.45,0.45,0.44,58256.0,11.0,10.0,8.0,29.0,93.0,72.0,13.0,79.0,32.0,14.71,1.51,2.0,6.0,9.0,2.58,12.7,0.863,3.62,0.0,1.0,1.21,0.0,0.0,0.0,0.0,0.0,0.0,,0.0,0.0,0.0,0.0,12.79,0.12,0.12,0.06,0.3,1.2,0.11,1.09,0.18,1.0,0.47,0.57,1.42,5.62,0.5,2.34,2.88,5.12,0.85,4.69,2.2,F,56.0,49.0,50.0,47.0,21.0,49.0,47.0,56.0,24.0,21.0,15.0
8485251,2025,Kai Uchacz,VGK,C,5on5,3,2073.0,47.0,-0.32,0.0,0.0,0.0,0.0,2.0,0.13,7.0,0.0,1.0,1.0,1.0,3.0,1.12,0.87,0.56,0.41,0.5,2193.0,0.0,0.0,0.0,0.0,2.0,7.0,0.0,2.0,3.0,12.18,0.41,0.0,0.0,0.0,0.0,0.07,0.875,0.0,0.0,0.0,0.49,0.26,0.0,0.0,0.0,0.0,0.0,0.0,0.0,0.0,0.0,3.06,11.52,0.0,0.0,0.0,0.0,0.67,0.04,2.33,0.0,0.33,1.0,0.0,0.0,3.47,0.23,1.95,1.51,12.16,0.0,1.74,5.21,F,5.0,9.0,5.0,9.0,5.0,83.0,6.0,97.0,88.0,8.0,58.0
8480860,2025,Kevin Bahl,CGY,D,5on5,76,82244.0,1906.0,9.12,4.0,3.0,8.0,15.0,52.0,2.24,101.0,31.0,80.0,19.0,11.0,71.0,51.33,67.32,0.43,0.47,0.46,100086.0,4.0,4.0,10.0,18.0,57.0,114.0,42.0,90.0,99.0,21.95,0.26,0.0,1.0,0.0,0.01,2.29,1.0,3.03,11.0,1.0,0.0,2.46,0.0,1.0,1.0,0.06,3.32,0.121,0.32,0.0,6.0,7.75,18.04,0.05,0.04,0.11,0.2,0.68,0.03,1.33,0.41,1.05,0.93,0.18,0.66,2.28,0.1,2.25,2.95,4.42,1.36,3.5,3.11,D,51.0,60.0,38.0,10.0,18.0,69.0,90.0,25.0,16.0,36.0,27.0
8483471,2025,Brad Lambert,WPG,C,5on5,25,14110.0,317.0,4.07,3.0,2.0,0.0,5.0,23.0,1.93,22.0,2.0,14.0,3.0,3.0,6.0,8.63,10.93,0.44,0.46,0.47,16209.0,3.0,2.0,1.0,6.0,27.0,22.0,2.0,16.0,6.0,10.81,1.34,0.0,1.0,3.0,0.42,3.06,0.987,1.78,0.0,0.0,0.07,,,,,,,,,,,,9.41,0.12,0.08,0.0,0.2,0.92,0.08,0.88,0.08,0.56,0.24,0.77,1.28,5.87,0.49,2.2,2.79,5.61,0.51,3.57,1.53,F,33.0,69.0,40.0,54.0,20.0,53.0,21.0,29.0,20.0,27.0,33.0
8477932,2025,Aaron Ekblad,FLA,D,5on5,72,72167.0,1544.0,32.07,2.0,7.0,7.0,16.0,73.0,3.16,65.0,15.0,51.0,23.0,12.0,75.0,51.99,52.58,0.5,0.52,0.51,97104.0,4.0,13.0,9.0,26.0,97.0,84.0,20.0,68.0,103.0,22.48,2.01,1.0,4.0,14.0,1.79,17.23,0.885,1.66,20.0,1.0,0.92,2.65,0.0,1.0,1.0,0.19,3.12,0.121,0.31,2.0,2.0,7.16,16.71,0.03,0.1,0.1,0.22,1.01,0.04,0.9,0.21,0.71,1.04,0.1,0.8,3.64,0.16,2.59,2.62,3.24,0.75,2.54,3.74,D,59.0,42.0,54.0,53.0,51.0,54.0,48.0,42.0,59.0,76.0,70.0
8477935,2025,Sam Bennett,FLA,C,5on5,76,61794.0,1323.0,60.97,18.0,12.0,7.0,37.0,137.0,16.61,107.0,18.0,60.0,21.0,11.0,31.0,48.71,48.79,0.5,0.53,0.51,84326.0,26.0,19.0,13.0,58.0,202.0,115.0,25.0,73.0,32.0,18.49,3.11,4.0,13.0,41.0,9.05,36.01,0.919,3.3,1.0,3.0,0.8,0.84,0.0,0.0,5.0,0.33,1.82,0.283,0.0,0.0,1.0,4.34,13.55,0.24,0.16,0.09,0.49,1.8,0.22,1.41,0.24,0.79,0.41,1.05,2.16,7.98,0.97,2.84,2.84,6.23,1.05,3.5,1.81,F,89.0,89.0,86.0,90.0,94.0,57.0,65.0,39.0,55.0,81.0,66.0
8477934,2025,Leon Draisaitl,EDM,C,5on5,65,63941.0,1218.0,90.48,16.0,19.0,8.0,43.0,98.0,11.12,31.0,25.0,83.0,11.0,11.0,13.0,51.57,44.04,0.54,0.53,0.54,84143.0,35.0,40.0,22.0,97.0,186.0,34.0,26.0,106.0,15.0,21.58,3.47,16.0,40.0,65.0,9.69,37.51,0.907,10.65,1.0,0.0,1.02,0.41,0.0,0.0,4.0,0.24,0.6,0.306,0.0,0.0,0.0,3.05,16.4,0.25,0.29,0.12,0.66,1.51,0.17,0.48,0.38,1.28,0.2,0.9,2.42,5.52,0.63,2.9,2.48,1.75,1.41,4.67,0.73,F,97.0,79.0,94.0,45.0,43.0,16.0,86.0,6.0,80.0,81.0,85.0
8479353,2025,Brett Howden,VGK,C,5on5,58,44973.0,985.0,20.78,12.0,3.0,3.0,18.0,56.0,7.72,97.0,12.0,41.0,19.0,16.0,15.0,30.86,26.87,0.53,0.5,0.51,51829.0,12.0,4.0,6.0,22.0,66.0,100.0,13.0,47.0,19.0,14.89,0.65,0.0,3.0,6.0,0.38,3.47,0.948,4.81,3.0,0.0,0.3,0.98,0.0,0.0,1.0,0.16,0.59,0.074,0.0,0.0,1.0,7.81,12.92,0.21,0.05,0.05,0.31,0.97,0.13,1.67,0.21,0.71,0.26,0.96,1.44,4.48,0.62,2.47,2.15,7.76,0.96,3.28,1.2,F,58.0,84.0,51.0,21.0,41.0,67.0,57.0,16.0,74.0,61.0,66.0
8476374,2025,Sean Kuraly,BOS,C,5on5,82,51438.0,1072.0,26.14,5.0,10.0,5.0,20.0,96.0,8.2,84.0,10.0,47.0,6.0,4.0,31.0,33.61,39.07,0.46,0.51,0.51,65580.0,6.0,10.0,6.0,22.0,110.0,87.0,18.0,57.0,47.0,13.33,0.04,0.0,0.0,0.0,0.0,0.07,0.5,0.0,2.0,0.0,1.25,2.61,0.0,0.0,13.0,0.95,1.87,0.07,0.0,0.0,8.0,6.98,10.45,0.06,0.12,0.06,0.24,1.17,0.1,1.02,0.12,0.57,0.38,0.35,1.4,6.72,0.57,2.35,2.73,5.88,0.7,3.29,2.17,F,41.0,29.0,48.0,71.0,30.0,55.0,33.0,54.0,29.0,68.0,66.0
8478840,2025,Will Borgen,NYR,D,5on5,75,69963.0,1587.0,10.23,4.0,4.0,5.0,13.0,65.0,1.87,99.0,17.0,57.0,17.0,11.0,81.0,40.25,46.89,0.46,0.46,0.46,81188.0,5.0,5.0,5.0,15.0,69.0,111.0,17.0,58.0,99.0,18.04,0.03,0.0,0.0,0.0,0.0,0.42,1.0,0.0,2.0,0.0,0.0,2.04,0.0,0.0,2.0,0.14,1.48,0.073,0.0,0.0,0.0,7.34,15.55,0.05,0.05,0.07,0.17,0.87,0.02,1.32,0.23,0.76,1.08,0.21,0.67,3.34,0.1,2.07,2.41,5.09,0.87,2.93,4.17,D,40.0,67.0,40.0,43.0,18.0,78.0,61.0,58.0,31.0,28.0,27.0
8478450,2025,Parker Wotherspoon,PIT,D,5on5,80,83290.0,1495.0,36.55,2.0,10.0,13.0,25.0,59.0,2.11,136.0,23.0,110.0,16.0,12.0,87.0,58.94,59.92,0.5,0.52,0.51,96824.0,3.0,12.0,15.0,30.0,70.0,162.0,26.0,118.0,112.0,20.17,0.06,0.0,0.0,1.0,0.01,0.26,0.634,0.0,3.0,0.0,1.97,2.21,0.0,2.0,7.0,0.2,1.6,0.099,0.68,0.0,2.0,4.91,17.35,0.02,0.12,0.16,0.31,0.74,0.03,1.7,0.29,1.38,1.09,0.09,1.08,2.55,0.09,2.55,2.59,5.88,0.99,4.75,3.76,D,80.0,40.0,77.0,17.0,14.0,84.0,73.0,43.0,59.0,76.0,70.0
8480887,2025,Jordan Harris,BOS,D,5on5,8,6728.0,140.0,4.15,1.0,1.0,1.0,3.0,11.0,0.48,2.0,1.0,6.0,0.0,0.0,4.0,4.01,3.54,0.53,0.55,0.57,7631.0,1.0,1.0,1.0,3.0,12.0,5.0,1.0,6.0,5.0,15.9,0.05,0.0,0.0,0.0,0.0,0.0,,0.0,0.0,0.0,0.0,1.54,0.0,0.0,0.0,0.0,0.63,0.382,0.0,0.0,0.0,4.96,14.02,0.12,0.12,0.12,0.38,1.38,0.06,0.25,0.12,0.75,0.5,0.54,1.61,5.89,0.26,2.15,1.89,1.07,0.54,3.21,2.14,D,90.0,96.0,94.0,94.0,88.0,16.0,28.0,5.0,76.0,90.0,94.0
8482803,2025,Olen Zellweger,ANA,D,5on5,76,67801.0,1446.0,35.92,5.0,7.0,5.0,17.0,103.0,6.27,26.0,15.0,60.0,15.0,16.0,75.0,54.97,49.28,0.53,0.53,0.53,77411.0,7.0,7.0,8.0,22.0,119.0,33.0,19.0,64.0,85.0,16.98,0.76,1.0,3.0,6.0,1.13,6.34,0.943,3.1,1.0,2.0,0.39,0.84,0.0,0.0,4.0,0.17,0.93,0.137,0.0,0.0,1.0,5.49,14.87,0.07,0.09,0.07,0.22,1.36,0.08,0.34,0.2,0.79,0.99,0.27,0.9,5.47,0.33,2.92,2.62,1.38,0.8,3.19,3.98,D,59.0,77.0,65.0,89.0,96.0,23.0,54.0,51.0,76.0,82.0,82.0
8479591,2025,Michael Eyssimont,BOS,C,5on5,56,33908.0,767.0,22.82,7.0,3.0,3.0,13.0,99.0,7.06,52.0,2.0,36.0,13.0,15.0,21.0,22.91,23.95,0.49,0.51,0.51,36656.0,8.0,5.0,5.0,18.0,109.0,54.0,4.0,37.0,21.0,10.91,0.63,1.0,4.0,10.0,1.28,3.61,0.935,6.84,0.0,0.0,0.43,0.04,0.0,0.0,0.0,0.0,0.0,0.0,0.0,0.0,0.0,3.12,10.09,0.12,0.05,0.05,0.23,1.77,0.13,0.93,0.04,0.64,0.38,0.74,1.38,10.51,0.75,2.43,2.54,5.52,0.21,3.82,2.23,F,39.0,66.0,47.0,99.0,68.0,52.0,13.0,56.0,48.0,68.0,66.0
8478519,2025,Anthony Cirelli,TBL,C,5on5,71,53476.0,1143.0,62.19,15.0,8.0,10.0,33.0,88.0,14.13,43.0,17.0,40.0,14.0,13.0,27.0,49.69,38.29,0.56,0.56,0.55,73764.0,23.0,15.0,14.0,52.0,125.0,50.0,25.0,50.0,47.0,17.32,1.16,3.0,4.0,9.0,1.92,10.29,0.908,2.91,11.0,0.0,0.76,2.47,1.0,3.0,14.0,1.05,2.08,0.082,1.03,1.0,5.0,7.97,12.55,0.21,0.11,0.14,0.46,1.24,0.2,0.61,0.24,0.56,0.38,1.01,2.22,5.92,0.95,3.35,2.58,2.89,1.14,2.69,1.82,F,84.0,87.0,88.0,56.0,93.0,29.0,71.0,40.0,88.0,91.0,89.0
8479987,2025,Morgan Geekie,BOS,C,5on5,81,66805.0,1322.0,61.18,23.0,9.0,6.0,38.0,115.0,12.79,104.0,17.0,67.0,9.0,16.0,29.0,43.62,50.59,0.46,0.48,0.48,84592.0,39.0,14.0,15.0,68.0,181.0,110.0,20.0,78.0,34.0,17.41,2.81,12.0,22.0,54.0,6.02,30.49,0.828,5.79,0.0,3.0,1.67,0.0,0.0,0.0,0.0,0.0,0.0,,0.0,0.0,0.0,0.0,13.75,0.28,0.11,0.07,0.47,1.42,0.16,1.28,0.21,0.83,0.36,1.24,2.05,6.2,0.69,2.35,2.73,5.6,0.92,3.61,1.56,F,86.0,96.0,83.0,61.0,55.0,53.0,53.0,30.0,29.0,42.0,41.0
8479982,2025,Conor Timmins,BUF,D,5on5,39,35702.0,796.0,4.0,0.0,1.0,7.0,8.0,42.0,1.28,27.0,5.0,41.0,8.0,6.0,55.0,23.69,27.2,0.47,0.44,0.46,43903.0,0.0,1.0,7.0,8.0,44.0,29.0,8.0,45.0,81.0,18.76,0.01,0.0,0.0,0.0,0.0,0.01,1.0,0.0,6.0,0.0,0.0,2.94,0.0,0.0,2.0,0.02,0.6,0.039,0.0,0.0,3.0,7.7,15.26,0.0,0.03,0.18,0.21,1.08,0.03,0.69,0.13,1.05,1.41,0.0,0.81,4.24,0.13,2.39,2.74,2.72,0.5,4.13,5.55,D,55.0,16.0,56.0,72.0,33.0,47.0,24.0,87.0,38.0,16.0,27.0
8477015,2025,Connor Brown,NJD,R,5on5,75,61654.0,1232.0,41.75,9.0,9.0,8.0,26.0,84.0,10.95,24.0,12.0,50.0,3.0,6.0,22.0,40.12,43.04,0.48,0.51,0.51,78979.0,18.0,14.0,11.0,43.0,116.0,25.0,21.0,59.0,37.0,17.55,1.43,4.0,8.0,18.0,4.53,16.87,0.892,4.49,9.0,1.0,1.14,1.82,2.0,2.0,9.0,0.92,2.02,0.109,0.88,0.0,7.0,7.22,13.7,0.12,0.12,0.11,0.35,1.12,0.15,0.32,0.16,0.67,0.29,0.53,1.52,4.9,0.64,2.34,2.51,1.4,0.7,2.92,1.28,F,67.0,45.0,57.0,29.0,45.0,12.0,33.0,18.0,42.0,68.0,66.0
8481534,2025,Raphael Lavoie,VGK,C,5on5,1,514.0,12.0,0.19,0.0,0.0,0.0,0.0,0.0,0.05,1.0,0.0,1.0,0.0,0.0,0.0,0.26,0.51,0.34,0.61,0.42,514.0,0.0,0.0,0.0,0.0,0.0,1.0,0.0,1.0,0.0,8.57,,,,,,,,,,,,,,,,,,,,,,,8.57,0.0,0.0,0.0,0.0,0.0,0.05,1.0,0.0,1.0,0.0,0.0,0.0,0.0,0.35,1.82,3.57,7.0,0.0,7.0,0.0,F,5.0,9.0,5.0,1.0,9.0,62.0,6.0,2.0,5.0,99.0,10.0
8480873,2025,Rasmus Sandin,WSH,D,5on5,73,71683.0,1296.0,26.0,5.0,12.0,9.0,26.0,80.0,3.71,76.0,22.0,74.0,6.0,3.0,102.0,46.8,48.81,0.49,0.48,0.49,84100.0,5.0,14.0,10.0,29.0,90.0,88.0,32.0,89.0,127.0,19.2,0.77,0.0,1.0,4.0,0.26,5.19,0.898,1.07,9.0,2.0,0.63,1.38,0.0,0.0,3.0,0.24,1.17,0.101,0.0,0.0,5.0,6.19,16.37,0.07,0.16,0.12,0.36,1.1,0.05,1.04,0.3,1.01,1.4,0.25,1.31,4.02,0.19,2.35,2.45,3.82,1.1,3.72,5.12,D,87.0,74.0,89.0,66.0,65.0,62.0,80.0,79.0,50.0,44.0,52.0
8482116,2025,Tim Sttzle,OTT,C,5on5,80,66606.0,1527.0,85.13,17.0,15.0,10.0,42.0,112.0,14.73,108.0,21.0,69.0,17.0,27.0,37.0,49.49,44.77,0.53,0.54,0.54,97284.0,34.0,26.0,23.0,83.0,194.0,126.0,34.0,92.0,44.0,20.27,3.33,9.0,28.0,40.0,5.03,34.89,0.945,6.31,5.0,4.0,0.46,1.82,1.0,1.0,16.0,2.41,3.29,0.17,0.41,0.0,8.0,6.6,13.88,0.21,0.19,0.12,0.52,1.4,0.18,1.35,0.26,0.86,0.46,0.92,2.27,6.05,0.8,2.67,2.42,5.84,1.14,3.73,2.0,F,92.0,81.0,90.0,58.0,76.0,55.0,71.0,47.0,74.0,85.0,85.0
8481577,2025,Philip Tomasino,PIT,R,5on5,9,6380.0,124.0,0.38,0.0,0.0,1.0,1.0,9.0,1.29,11.0,0.0,3.0,0.0,0.0,7.0,3.29,3.77,0.47,0.45,0.44,6573.0,0.0,0.0,1.0,1.0,9.0,11.0,0.0,3.0,7.0,12.17,0.25,0.0,0.0,0.0,0.0,0.09,1.0,0.0,0.0,0.0,0.0,,,,,,,,,,,,11.81,0.0,0.0,0.11,0.11,1.0,0.14,1.22,0.0,0.33,0.78,0.0,0.56,5.08,0.73,1.86,2.13,6.21,0.0,1.69,3.95,F,16.0,9.0,14.0,34.0,64.0,57.0,6.0,91.0,35.0,21.0,15.0
8480878,2025,Nils Lundkvist,DAL,D,5on5,52,49497.0,1019.0,12.55,3.0,4.0,4.0,11.0,44.0,1.83,26.0,7.0,48.0,8.0,5.0,46.0,34.25,31.93,0.52,0.49,0.49,51422.0,3.0,4.0,4.0,11.0,46.0,26.0,8.0,49.0,48.0,16.48,0.11,0.0,0.0,0.0,0.0,0.86,0.989,0.0,0.0,0.0,0.1,0.1,0.0,0.0,0.0,0.0,0.25,0.694,0.0,0.0,0.0,1.3,15.86,0.06,0.08,0.08,0.21,0.85,0.04,0.5,0.13,0.92,0.88,0.22,0.8,3.2,0.13,2.49,2.32,1.89,0.51,3.49,3.35,D,55.0,69.0,54.0,37.0,33.0,34.0,25.0,30.0,71.0,53.0,52.0
8482699,2025,Dylan Guenther,UTA,R,5on5,79,62435.0,1407.0,78.49,28.0,13.0,2.0,43.0,167.0,17.62,62.0,14.0,61.0,14.0,10.0,24.0,49.68,46.47,0.52,0.53,0.53,82459.0,40.0,23.0,10.0,73.0,242.0,66.0,16.0,68.0,28.0,17.4,3.1,8.0,22.0,56.0,7.26,35.78,0.913,5.39,3.0,0.0,0.84,0.27,0.0,0.0,1.0,0.1,0.32,0.075,0.0,0.0,1.0,11.17,13.17,0.35,0.16,0.03,0.54,2.11,0.22,0.78,0.18,0.77,0.3,1.61,2.48,9.63,1.02,2.86,2.68,3.57,0.81,3.52,1.38,F,93.0,99.0,95.0,97.0,96.0,36.0,45.0,23.0,69.0,81.0,80.0
8482713,2025,Mackie Samoskevich,FLA,R,5on5,77,55815.0,1249.0,50.9,8.0,10.0,3.0,21.0,121.0,14.11,133.0,9.0,43.0,15.0,28.0,32.0,44.41,37.47,0.54,0.57,0.56,66849.0,12.0,14.0,6.0,32.0,161.0,136.0,10.0,52.0,33.0,14.47,1.99,4.0,10.0,35.0,4.32,17.19,0.901,3.91,0.0,1.0,0.74,0.04,0.0,0.0,0.0,0.0,0.0,0.0,0.0,0.0,0.0,2.29,12.08,0.1,0.13,0.04,0.27,1.57,0.18,1.73,0.12,0.56,0.42,0.52,1.35,7.8,0.91,2.86,2.42,8.58,0.58,2.77,2.06,F,48.0,44.0,45.0,88.0,90.0,70.0,25.0,49.0,80.0,93.0,92.0
8482496,2025,Nils Aman,VAN,C,5on5,2,1039.0,23.0,-0.28,0.0,0.0,0.0,0.0,1.0,0.06,2.0,0.0,1.0,0.0,0.0,1.0,0.65,0.4,0.62,0.39,0.6,1039.0,0.0,0.0,0.0,0.0,1.0,2.0,0.0,1.0,1.0,8.66,,,,,,,,,,,,,,,,,,,,,,,8.66,0.0,0.0,0.0,0.0,0.5,0.03,1.0,0.0,0.5,0.5,0.0,0.0,3.46,0.21,2.25,1.39,6.93,0.0,3.46,3.46,F,5.0,9.0,5.0,9.0,4.0,61.0,6.0,85.0,98.0,6.0,98.0
8481030,2025,Jack St. Ivany,PIT,D,5on5,20,17853.0,332.0,5.48,0.0,3.0,4.0,7.0,14.0,0.77,47.0,4.0,22.0,3.0,0.0,22.0,11.93,12.45,0.49,0.48,0.48,19591.0,0.0,3.0,4.0,7.0,17.0,48.0,4.0,22.0,24.0,16.33,0.0,0.0,0.0,0.0,0.0,0.0,,0.0,0.0,0.0,0.0,1.31,0.0,0.0,2.0,0.26,0.47,0.197,0.0,0.0,0.0,4.4,14.88,0.0,0.15,0.2,0.35,0.7,0.04,2.35,0.2,1.1,1.1,0.0,1.41,2.82,0.16,2.41,2.51,9.48,0.81,4.44,4.44,D,85.0,16.0,91.0,25.0,51.0,96.0,55.0,63.0,50.0,44.0,42.0
8477454,2025,Adam Erne,DAL,L,5on5,45,26734.0,623.0,6.77,6.0,0.0,2.0,8.0,43.0,5.52,141.0,7.0,16.0,8.0,9.0,20.0,15.19,15.43,0.5,0.45,0.45,27018.0,6.0,0.0,2.0,8.0,43.0,142.0,9.0,17.0,20.0,10.01,0.02,0.0,0.0,0.0,0.0,0.0,,0.0,0.0,0.0,0.0,0.03,0.0,0.0,0.0,0.0,0.0,0.0,0.0,0.0,2.0,13.89,9.9,0.13,0.0,0.04,0.18,0.96,0.12,3.13,0.16,0.36,0.44,0.81,1.08,5.79,0.74,2.05,2.08,18.99,0.94,2.15,2.69,F,29.0,73.0,30.0,52.0,66.0,94.0,55.0,73.0,55.0,21.0,19.0
8480208,2025,Drake Batherson,OTT,R,5on5,79,63181.0,1549.0,72.64,19.0,9.0,9.0,37.0,117.0,13.31,116.0,17.0,44.0,12.0,18.0,22.0,47.18,37.83,0.56,0.55,0.55,82247.0,33.0,20.0,18.0,71.0,168.0,122.0,22.0,63.0,22.0,17.35,3.09,13.0,30.0,40.0,9.01,33.77,0.942,7.38,0.0,0.0,0.51,0.01,0.0,0.0,0.0,0.0,0.0,0.0,0.0,0.0,0.0,15.1,13.33,0.24,0.11,0.11,0.47,1.48,0.17,1.47,0.22,0.56,0.28,1.08,2.11,6.67,0.76,2.69,2.16,6.61,0.97,2.51,1.25,F,86.0,91.0,85.0,70.0,69.0,60.0,59.0,17.0,88.0,88.0,89.0
8478440,2025,Dylan Strome,WSH,C,5on5,80,66892.0,1392.0,53.03,11.0,10.0,8.0,29.0,92.0,11.03,8.0,17.0,58.0,14.0,9.0,49.0,51.92,52.13,0.5,0.49,0.49,86581.0,19.0,23.0,16.0,58.0,143.0,11.0,19.0,75.0,53.0,18.04,2.93,5.0,20.0,37.0,4.77,30.71,0.855,5.12,0.0,1.0,1.34,0.07,0.0,0.0,0.0,0.0,0.35,0.714,0.0,0.0,0.0,1.57,13.94,0.14,0.12,0.1,0.36,1.15,0.14,0.1,0.21,0.72,0.61,0.59,1.56,4.95,0.59,2.79,2.81,0.43,0.91,3.12,2.64,F,69.0,52.0,59.0,30.0,34.0,4.0,52.0,71.0,55.0,51.0,49.0
8475726,2025,Tyler Toffoli,SJS,C,5on5,79,55087.0,1230.0,43.1,11.0,11.0,9.0,31.0,107.0,10.01,46.0,14.0,51.0,3.0,5.0,26.0,36.63,38.1,0.49,0.47,0.47,70970.0,19.0,17.0,13.0,49.0,172.0,48.0,18.0,58.0,31.0,14.97,2.77,5.0,13.0,58.0,10.24,33.9,0.912,3.56,0.0,4.0,0.89,0.0,0.0,0.0,0.0,0.0,0.0,,0.0,0.0,0.0,0.0,11.62,0.14,0.14,0.11,0.39,1.35,0.13,0.58,0.18,0.65,0.33,0.72,2.03,6.99,0.65,2.39,2.49,3.01,0.91,3.33,1.7,F,74.0,63.0,83.0,78.0,47.0,31.0,52.0,36.0,48.0,34.0,33.0
8480803,2025,Evan Bouchard,EDM,D,5on5,82,89797.0,1699.0,101.13,9.0,19.0,18.0,46.0,139.0,7.12,28.0,22.0,95.0,13.0,13.0,73.0,81.16,62.97,0.56,0.55,0.56,121415.0,21.0,33.0,41.0,95.0,221.0,29.0,33.0,123.0,101.0,24.68,3.48,6.0,31.0,49.0,4.67,47.17,0.905,6.52,12.0,5.0,1.04,1.7,0.0,2.0,5.0,0.34,1.72,0.073,0.86,4.0,2.0,9.39,18.25,0.11,0.23,0.22,0.56,1.7,0.09,0.34,0.27,1.16,0.89,0.36,1.84,5.57,0.29,3.25,2.52,1.12,0.88,3.81,2.93,D,97.0,86.0,96.0,91.0,93.0,19.0,63.0,18.0,88.0,90.0,92.0
8483452,2025,Hunter Haight,MIN,C,5on5,9,5548.0,117.0,1.1,1.0,1.0,0.0,2.0,12.0,1.9,10.0,1.0,4.0,2.0,1.0,2.0,4.88,4.57,0.52,0.47,0.49,5852.0,1.0,1.0,0.0,2.0,13.0,10.0,1.0,4.0,2.0,10.84,0.46,0.0,0.0,1.0,0.01,0.1,0.909,0.0,0.0,0.0,0.15,,,,,,,,,,,,10.27,0.11,0.11,0.0,0.22,1.33,0.21,1.11,0.11,0.44,0.22,0.65,1.3,7.79,1.23,3.17,2.97,6.49,0.65,2.6,1.3,F,37.0,57.0,42.0,88.0,99.0,59.0,29.0,19.0,69.0,34.0,49.0
8482105,2025,Jake Sanderson,OTT,D,5on5,67,69905.0,1587.0,67.08,8.0,10.0,7.0,25.0,90.0,4.67,20.0,24.0,65.0,4.0,9.0,79.0,52.67,38.36,0.58,0.56,0.58,99854.0,14.0,17.0,23.0,54.0,147.0,29.0,31.0,81.0,128.0,24.84,3.13,4.0,19.0,42.0,3.62,29.23,0.948,5.43,24.0,1.0,0.46,2.78,0.0,0.0,2.0,0.1,2.49,0.115,0.0,5.0,5.0,6.18,17.39,0.12,0.15,0.1,0.37,1.34,0.07,0.3,0.36,0.97,1.18,0.41,1.29,4.63,0.24,2.71,1.98,1.03,1.24,3.35,4.07,D,88.0,91.0,88.0,80.0,84.0,14.0,86.0,54.0,93.0,92.0,95.0
8481704,2025,Juuso Parssinen,NYR,C,5on5,20,10526.0,258.0,2.01,2.0,0.0,1.0,3.0,16.0,1.5,28.0,3.0,9.0,5.0,3.0,9.0,3.9,5.8,0.4,0.43,0.4,10613.0,2.0,0.0,1.0,3.0,16.0,28.0,3.0,9.0,9.0,8.84,0.0,0.0,0.0,0.0,0.0,0.0,,0.0,0.0,0.0,0.0,0.05,0.0,0.0,0.0,0.0,0.0,,0.0,0.0,0.0,0.0,8.77,0.1,0.0,0.05,0.15,0.8,0.08,1.4,0.15,0.45,0.45,0.68,1.03,5.47,0.51,1.33,1.98,9.58,1.03,3.08,3.08,F,23.0,60.0,28.0,44.0,22.0,74.0,64.0,80.0,10.0,12.0,7.0
8477380,2025,Jonny Brodzinski,NYR,C,5on5,55,34598.0,783.0,13.87,6.0,4.0,4.0,14.0,57.0,6.98,46.0,12.0,19.0,6.0,8.0,19.0,22.62,25.89,0.47,0.47,0.47,36867.0,6.0,5.0,5.0,16.0,63.0,47.0,14.0,20.0,19.0,11.17,0.63,0.0,2.0,5.0,0.29,3.01,0.766,3.47,0.0,2.0,1.6,,,,,,,,,,,,10.48,0.11,0.07,0.07,0.25,1.04,0.13,0.84,0.22,0.35,0.35,0.62,1.46,5.93,0.73,2.35,2.69,4.79,1.25,1.98,1.98,F,45.0,55.0,52.0,56.0,64.0,46.0,78.0,47.0,35.0,34.0,33.0
8475179,2025,Dmitry Kulikov,FLA,D,5on5,19,18257.0,380.0,2.38,0.0,0.0,0.0,0.0,14.0,0.46,20.0,4.0,17.0,5.0,1.0,11.0,11.58,14.17,0.45,0.52,0.5,20557.0,0.0,0.0,0.0,0.0,15.0,22.0,4.0,18.0,16.0,18.03,0.04,0.0,0.0,0.0,0.0,0.01,1.0,0.0,1.0,0.0,0.0,1.67,0.0,0.0,1.0,0.08,0.96,0.24,0.0,0.0,0.0,5.74,16.01,0.0,0.0,0.0,0.0,0.74,0.02,1.05,0.21,0.89,0.58,0.0,0.0,2.76,0.09,2.28,2.79,3.94,0.79,3.35,2.17,D,7.0,16.0,7.0,22.0,14.0,63.0,52.0,6.0,24.0,76.0,62.0
8483513,2025,Reid Schaefer,NSH,L,5on5,47,26762.0,601.0,2.26,6.0,1.0,1.0,8.0,39.0,4.06,108.0,4.0,18.0,7.0,8.0,30.0,14.24,19.64,0.42,0.43,0.41,27189.0,6.0,1.0,1.0,8.0,39.0,108.0,5.0,19.0,30.0,9.64,0.01,0.0,0.0,0.0,0.0,0.0,,0.0,0.0,0.0,0.0,0.09,0.0,0.0,0.0,0.0,0.0,0.0,0.0,0.0,1.0,2.91,9.49,0.13,0.02,0.02,0.17,0.83,0.09,2.3,0.09,0.38,0.64,0.81,1.08,5.25,0.55,1.92,2.64,14.53,0.54,2.42,4.04,F,26.0,73.0,30.0,39.0,27.0,89.0,23.0,92.0,14.0,12.0,8.0
8475172,2025,Nazem Kadri,COL,C,5on5,77,68009.0,1429.0,57.16,11.0,10.0,8.0,29.0,153.0,14.94,46.0,15.0,59.0,9.0,25.0,27.0,51.98,50.96,0.51,0.53,0.51,87935.0,16.0,19.0,15.0,50.0,213.0,50.0,20.0,75.0,30.0,19.03,3.07,4.0,15.0,43.0,5.18,29.15,0.867,3.81,0.0,1.0,1.14,0.05,0.0,0.0,0.0,0.0,0.01,1.0,0.0,0.0,0.0,0.0,14.72,0.14,0.13,0.1,0.38,1.99,0.19,0.6,0.19,0.77,0.35,0.58,1.54,8.1,0.79,2.75,2.7,2.43,0.79,3.12,1.43,F,72.0,51.0,58.0,91.0,73.0,23.0,42.0,25.0,63.0,81.0,66.0
8475171,2025,Oliver Ekman-Larsson,TOR,D,5on5,78,83279.0,1939.0,25.95,8.0,8.0,9.0,25.0,87.0,4.4,82.0,13.0,99.0,28.0,15.0,62.0,53.77,61.99,0.46,0.47,0.47,96389.0,8.0,11.0,20.0,39.0,108.0,86.0,16.0,109.0,72.0,20.6,1.73,0.0,8.0,18.0,0.8,14.04,0.849,3.55,1.0,2.0,1.11,0.27,0.0,0.0,1.0,0.02,0.15,0.042,0.0,0.0,0.0,9.69,17.79,0.1,0.1,0.12,0.32,1.12,0.06,1.05,0.17,1.27,0.79,0.35,1.08,3.76,0.19,2.32,2.68,3.54,0.56,4.28,2.68,D,81.0,86.0,77.0,57.0,65.0,57.0,30.0,13.0,31.0,36.0,34.0
8478042,2025,Viktor Arvidsson,BOS,L,5on5,69,49935.0,1057.0,55.93,18.0,12.0,12.0,42.0,138.0,14.43,23.0,14.0,52.0,8.0,13.0,32.0,35.67,37.25,0.49,0.5,0.51,60440.0,25.0,13.0,16.0,54.0,175.0,24.0,15.0,58.0,36.0,14.6,1.9,4.0,8.0,25.0,4.96,18.76,0.879,3.66,0.0,1.0,1.18,,,,,,,,,,,,12.06,0.26,0.17,0.17,0.61,2.0,0.21,0.33,0.2,0.75,0.46,1.3,3.03,9.95,1.04,2.57,2.69,1.66,1.01,3.75,2.31,F,96.0,97.0,99.0,98.0,96.0,15.0,62.0,59.0,48.0,61.0,66.0
8481525,2025,Matthew Robertson,NYR,D,5on5,72,67363.0,1452.0,16.63,5.0,5.0,7.0,17.0,77.0,2.94,96.0,9.0,50.0,18.0,4.0,60.0,42.1,44.25,0.49,0.49,0.49,75187.0,6.0,5.0,7.0,18.0,79.0,107.0,9.0,52.0,80.0,17.4,0.06,0.0,0.0,0.0,0.0,0.02,0.333,0.0,3.0,0.0,0.53,1.44,0.0,0.0,1.0,0.03,1.64,0.116,0.0,0.0,0.0,7.22,15.59,0.07,0.07,0.1,0.24,1.07,0.04,1.33,0.12,0.69,0.83,0.27,0.91,4.12,0.16,2.25,2.36,5.13,0.48,2.67,3.21,D,64.0,77.0,65.0,69.0,51.0,78.0,23.0,27.0,50.0,53.0,52.0
8477506,2025,Ryan Pulock,NYI,D,5on5,76,77967.0,1751.0,24.13,3.0,9.0,11.0,23.0,84.0,3.01,49.0,25.0,67.0,7.0,2.0,107.0,51.93,58.81,0.47,0.47,0.48,94920.0,3.0,11.0,13.0,27.0,93.0,49.0,27.0,77.0,148.0,20.82,0.12,0.0,1.0,1.0,0.03,0.7,0.921,6.75,11.0,0.0,0.41,2.55,0.0,1.0,1.0,0.03,2.82,0.091,0.31,0.0,1.0,8.67,17.1,0.04,0.12,0.14,0.3,1.11,0.04,0.64,0.33,0.88,1.41,0.14,1.06,3.88,0.14,2.4,2.72,2.26,1.15,3.09,4.94,D,78.0,51.0,75.0,62.0,39.0,41.0,83.0,76.0,38.0,36.0,42.0
8478047,2025,Michael Bunting,DAL,L,5on5,74,54396.0,1135.0,37.25,8.0,12.0,2.0,22.0,105.0,12.55,44.0,12.0,51.0,10.0,25.0,25.0,42.54,39.23,0.52,0.52,0.5,64120.0,14.0,16.0,3.0,33.0,126.0,45.0,12.0,57.0,25.0,14.44,1.76,6.0,10.0,20.0,4.34,12.46,0.806,4.62,0.0,0.0,1.38,0.01,0.0,0.0,0.0,0.0,0.0,,0.0,0.0,0.0,0.0,12.25,0.11,0.16,0.03,0.3,1.42,0.17,0.59,0.16,0.69,0.34,0.53,1.46,6.95,0.83,2.82,2.6,2.91,0.79,3.38,1.65,F,56.0,45.0,52.0,77.0,80.0,29.0,42.0,34.0,69.0,74.0,58.0
8479371,2025,Dante Fabbro,CBJ,D,5on5,74,65498.0,1286.0,9.35,4.0,5.0,1.0,10.0,64.0,1.87,58.0,18.0,56.0,15.0,12.0,101.0,45.1,47.15,0.49,0.47,0.47,73551.0,5.0,5.0,1.0,11.0,68.0,65.0,20.0,59.0,120.0,16.57,0.03,0.0,0.0,0.0,0.0,0.54,1.0,0.0,1.0,0.0,0.0,1.47,0.0,0.0,3.0,0.05,0.88,0.051,0.0,0.0,2.0,9.04,14.75,0.05,0.07,0.01,0.14,0.86,0.03,0.78,0.24,0.76,1.36,0.22,0.55,3.52,0.1,2.48,2.59,3.19,0.99,3.08,5.55,D,32.0,69.0,30.0,49.0,18.0,53.0,73.0,87.0,50.0,36.0,34.0
8475795,2025,Dylan McIlrath,WSH,D,5on5,13,7105.0,158.0,-0.82,0.0,0.0,0.0,0.0,4.0,0.17,26.0,0.0,7.0,2.0,2.0,9.0,3.62,3.44,0.51,0.42,0.43,7264.0,0.0,0.0,0.0,0.0,5.0,26.0,0.0,7.0,9.0,9.31,,,,,,,,,,,,0.16,0.0,0.0,0.0,0.0,0.0,0.0,0.0,0.0,0.0,9.29,9.11,0.0,0.0,0.0,0.0,0.31,0.01,2.0,0.0,0.54,0.69,0.0,0.0,2.03,0.09,1.83,1.74,13.17,0.0,3.55,4.56,D,7.0,16.0,7.0,8.0,14.0,98.0,7.0,66.0,66.0,10.0,12.0
8482804,2025,Ty Murchison,PHI,D,5on5,3,2525.0,57.0,0.07,0.0,0.0,0.0,0.0,1.0,0.02,5.0,0.0,3.0,0.0,0.0,1.0,1.26,0.81,0.61,0.45,0.5,2701.0,0.0,0.0,0.0,0.0,1.0,5.0,0.0,3.0,2.0,15.01,,,,,,,,,,,,0.96,0.0,0.0,0.0,0.0,0.14,0.778,0.0,0.0,0.0,0.83,14.03,0.0,0.0,0.0,0.0,0.33,0.01,1.67,0.0,1.0,0.33,0.0,0.0,1.43,0.03,1.8,1.15,7.13,0.0,4.28,1.43,D,7.0,16.0,7.0,6.0,4.0,91.0,7.0,2.0,97.0,20.0,62.0
8482730,2025,Brandt Clarke,LAK,D,5on5,82,83367.0,1647.0,62.47,4.0,18.0,3.0,25.0,116.0,4.72,27.0,23.0,86.0,25.0,16.0,170.0,59.9,50.35,0.54,0.54,0.56,97425.0,8.0,24.0,8.0,40.0,159.0,30.0,26.0,93.0,185.0,19.8,2.22,2.0,13.0,32.0,1.47,20.18,0.848,4.28,0.0,2.0,1.19,0.03,0.0,0.0,0.0,0.0,0.02,0.065,0.0,1.0,0.0,7.57,16.94,0.05,0.22,0.04,0.3,1.41,0.06,0.33,0.28,1.05,2.07,0.17,1.08,5.01,0.2,2.59,2.17,1.17,0.99,3.71,7.34,D,78.0,57.0,77.0,86.0,70.0,20.0,73.0,98.0,80.0,87.0,92.0
8476979,2025,Erik Gustafsson,DET,D,5on5,2,1888.0,39.0,-0.42,0.0,0.0,0.0,0.0,2.0,0.03,2.0,1.0,2.0,1.0,0.0,1.0,1.29,2.06,0.39,0.46,0.47,2249.0,0.0,0.0,0.0,0.0,3.0,2.0,1.0,3.0,1.0,18.74,1.13,0.0,0.0,1.0,0.03,0.12,0.923,0.0,0.0,0.0,0.26,,,,,,,,,,,,15.73,0.0,0.0,0.0,0.0,1.0,0.02,1.0,0.5,1.0,0.5,0.0,0.0,3.81,0.06,2.46,3.93,3.81,1.91,3.81,1.91,D,7.0,16.0,7.0,59.0,8.0,62.0,97.0,4.0,9.0,28.0,34.0
8481559,2025,Jack Hughes,NJD,C,5on5,61,62302.0,1132.0,82.35,18.0,10.0,7.0,35.0,157.0,15.26,2.0,26.0,98.0,4.0,15.0,28.0,49.76,42.1,0.54,0.56,0.55,78015.0,27.0,32.0,18.0,77.0,228.0,4.0,37.0,126.0,32.0,21.32,2.8,4.0,21.0,42.0,3.35,24.21,0.901,7.38,3.0,2.0,0.94,0.4,1.0,2.0,5.0,0.42,0.76,0.271,4.98,0.0,2.0,5.08,17.02,0.3,0.16,0.11,0.57,2.57,0.25,0.03,0.43,1.61,0.46,1.04,2.02,9.07,0.88,2.88,2.43,0.12,1.5,5.66,1.62,F,94.0,88.0,82.0,96.0,86.0,3.0,89.0,33.0,80.0,91.0,89.0
8476331,2025,Dylan DeMelo,WPG,D,5on5,82,89791.0,1874.0,21.45,3.0,4.0,9.0,16.0,69.0,2.75,105.0,22.0,78.0,19.0,12.0,88.0,62.71,59.97,0.51,0.5,0.51,105570.0,3.0,4.0,12.0,19.0,75.0,115.0,23.0,80.0,109.0,21.46,0.11,0.0,0.0,0.0,0.0,0.09,0.9,0.0,4.0,0.0,0.07,2.08,0.0,2.0,1.0,0.01,3.86,0.139,0.7,0.0,1.0,8.38,18.25,0.04,0.05,0.11,0.2,0.84,0.03,1.28,0.27,0.95,1.07,0.12,0.64,2.77,0.11,2.51,2.4,4.21,0.88,3.13,3.53,D,51.0,47.0,36.0,22.0,22.0,66.0,63.0,35.0,66.0,62.0,70.0
8475791,2025,Taylor Hall,CAR,L,5on5,80,60730.0,1247.0,66.84,14.0,14.0,9.0,37.0,109.0,13.24,49.0,20.0,60.0,15.0,23.0,30.0,55.61,41.22,0.57,0.6,0.58,69742.0,18.0,19.0,11.0,48.0,137.0,53.0,21.0,64.0,30.0,14.53,1.61,3.0,7.0,25.0,3.81,16.08,0.878,3.27,0.0,0.0,1.04,0.01,0.0,0.0,0.0,0.0,0.0,0.0,0.0,0.0,0.0,9.73,12.65,0.18,0.18,0.11,0.46,1.36,0.17,0.61,0.25,0.75,0.38,0.83,2.19,6.46,0.78,3.3,2.44,2.9,1.19,3.56,1.78,F,84.0,75.0,87.0,67.0,72.0,29.0,74.0,38.0,92.0,97.0,95.0
8475762,2025,Derek Forbort,VAN,D,5on5,2,1293.0,29.0,-0.53,0.0,0.0,0.0,0.0,1.0,0.07,2.0,0.0,5.0,1.0,0.0,2.0,0.38,1.54,0.2,0.26,0.28,1672.0,0.0,0.0,0.0,0.0,1.0,2.0,0.0,5.0,4.0,13.93,,,,,,,,,,,,3.02,0.0,0.0,0.0,0.0,0.05,0.104,0.0,0.0,0.0,4.28,10.78,0.0,0.0,0.0,0.0,0.5,0.04,1.0,0.0,2.5,1.0,0.0,0.0,2.78,0.19,1.06,4.29,5.57,0.0,13.92,5.57,D,7.0,16.0,7.0,23.0,65.0,82.0,7.0,87.0,1.0,1.0,2.0
8481715,2025,Hunter Skinner,STL,D,5on5,1,645.0,16.0,0.0,0.0,0.0,0.0,0.0,0.0,0.0,4.0,0.0,0.0,0.0,0.0,1.0,0.27,0.47,0.36,0.36,0.36,645.0,0.0,0.0,0.0,0.0,0.0,4.0,0.0,0.0,1.0,10.75,,,,,,,,,,,,,,,,,,,,,,,10.75,0.0,0.0,0.0,0.0,0.0,0.0,4.0,0.0,0.0,1.0,0.0,0.0,0.0,0.0,1.51,2.62,22.33,0.0,0.0,5.58,D,7.0,16.0,7.0,2.0,2.0,100.0,7.0,88.0,6.0,4.0,4.0
8474149,2025,Evgenii Dadonov,NJD,L,5on5,24,14236.0,323.0,-1.28,1.0,0.0,0.0,1.0,20.0,1.48,7.0,2.0,15.0,1.0,4.0,12.0,6.82,13.21,0.34,0.42,0.41,15343.0,1.0,0.0,0.0,1.0,21.0,7.0,2.0,15.0,12.0,10.65,0.67,0.0,0.0,1.0,0.13,0.43,0.843,0.0,0.0,0.0,0.3,0.0,0.0,0.0,0.0,0.0,0.0,,0.0,0.0,0.0,0.0,9.89,0.04,0.0,0.0,0.04,0.83,0.06,0.29,0.08,0.62,0.5,0.25,0.25,5.06,0.37,1.72,3.34,1.77,0.51,3.79,3.03,F,11.0,22.0,11.0,33.0,11.0,16.0,21.0,80.0,5.0,9.0,8.0
8475764,2025,Cam Fowler,STL,D,5on5,82,86895.0,1796.0,25.07,3.0,7.0,8.0,18.0,72.0,3.14,9.0,17.0,54.0,7.0,3.0,54.0,58.5,63.43,0.48,0.49,0.48,103710.0,4.0,16.0,10.0,30.0,91.0,9.0,19.0,63.0,72.0,21.08,1.54,1.0,9.0,12.0,0.81,11.24,0.897,4.28,7.0,2.0,0.61,1.14,0.0,1.0,2.0,0.1,1.03,0.096,0.64,2.0,0.0,6.21,17.66,0.04,0.09,0.1,0.22,0.88,0.04,0.11,0.21,0.66,0.66,0.12,0.75,2.98,0.13,2.42,2.63,0.37,0.7,2.24,2.24,D,59.0,47.0,48.0,30.0,33.0,6.0,44.0,7.0,44.0,53.0,42.0
8483728,2025,Jared Davidson,MTL,C,5on5,10,5218.0,117.0,-0.34,0.0,0.0,1.0,1.0,9.0,1.13,18.0,1.0,5.0,5.0,2.0,1.0,2.88,3.19,0.47,0.47,0.46,5230.0,0.0,0.0,1.0,1.0,9.0,18.0,1.0,5.0,1.0,8.72,,,,,,,,,,,,0.0,0.0,0.0,0.0,0.0,0.0,,0.0,0.0,0.0,0.0,8.7,0.0,0.0,0.1,0.1,0.9,0.11,1.8,0.1,0.5,0.1,0.0,0.69,6.21,0.78,1.99,2.2,12.42,0.69,3.45,0.69,F,15.0,9.0,16.0,62.0,72.0,84.0,32.0,6.0,35.0,34.0,25.0
8476891,2025,Matt Grzelcyk,CHI,D,5on5,68,61869.0,1324.0,8.7,0.0,6.0,1.0,7.0,60.0,1.62,25.0,19.0,41.0,10.0,4.0,51.0,41.77,49.34,0.46,0.47,0.47,69244.0,0.0,10.0,2.0,12.0,68.0,28.0,21.0,46.0,53.0,16.97,0.84,0.0,3.0,5.0,0.33,3.44,0.905,3.15,1.0,1.0,0.38,0.36,0.0,1.0,0.0,0.0,1.21,0.291,2.48,0.0,1.0,7.31,15.16,0.0,0.09,0.01,0.1,0.88,0.02,0.37,0.28,0.6,0.75,0.0,0.41,3.49,0.09,2.43,2.87,1.45,1.11,2.39,2.97,D,22.0,16.0,21.0,47.0,14.0,26.0,81.0,20.0,31.0,36.0,34.0
8484214,2025,Luca Pinelli,CBJ,C,5on5,3,2268.0,47.0,0.7,0.0,0.0,0.0,0.0,4.0,0.32,2.0,0.0,2.0,0.0,0.0,1.0,2.1,2.18,0.49,0.53,0.52,2478.0,0.0,0.0,0.0,0.0,6.0,2.0,0.0,3.0,1.0,13.77,0.71,0.0,0.0,1.0,0.13,0.37,1.0,0.0,0.0,0.0,0.0,,,,,,,,,,,,12.6,0.0,0.0,0.0,0.0,1.33,0.11,0.67,0.0,0.67,0.33,0.0,0.0,6.35,0.51,3.33,3.46,3.17,0.0,3.17,1.59,F,5.0,9.0,5.0,65.0,22.0,32.0,6.0,31.0,48.0,81.0,73.0
8475166,2025,John Tavares,TOR,C,5on5,82,71025.0,1501.0,60.8,15.0,10.0,14.0,39.0,121.0,17.87,66.0,16.0,63.0,11.0,15.0,22.0,49.93,50.49,0.5,0.48,0.48,89433.0,31.0,21.0,19.0,71.0,192.0,74.0,26.0,75.0,24.0,18.18,2.58,10.0,17.0,47.0,9.09,27.22,0.863,4.81,0.0,3.0,1.22,0.02,0.0,0.0,0.0,0.0,0.01,1.0,0.0,0.0,1.0,0.0,14.44,0.18,0.12,0.17,0.48,1.48,0.22,0.8,0.2,0.77,0.27,0.76,1.98,6.13,0.91,2.53,2.56,3.35,0.81,3.19,1.12,F,88.0,68.0,81.0,60.0,90.0,34.0,45.0,13.0,55.0,42.0,41.0
8476483,2025,Rickard Rakell,PIT,R,5on5,60,51154.0,1046.0,49.37,13.0,8.0,5.0,26.0,107.0,14.34,62.0,20.0,45.0,3.0,8.0,40.0,38.11,39.04,0.49,0.5,0.5,68215.0,24.0,14.0,10.0,48.0,166.0,71.0,24.0,49.0,43.0,18.95,3.08,6.0,12.0,42.0,6.51,27.18,0.87,3.9,2.0,1.0,1.32,0.57,1.0,2.0,3.0,0.41,0.75,0.17,3.51,0.0,1.0,6.44,14.21,0.22,0.13,0.08,0.43,1.78,0.24,1.03,0.33,0.75,0.67,0.91,1.83,7.53,1.01,2.68,2.75,4.36,1.41,3.17,2.82,F,81.0,80.0,74.0,84.0,95.0,43.0,86.0,76.0,48.0,61.0,58.0
8476952,2025,Dominic Toninato,CHI,C,5on5,8,4341.0,104.0,1.94,0.0,1.0,0.0,1.0,8.0,0.88,12.0,2.0,2.0,3.0,1.0,1.0,2.07,2.15,0.49,0.57,0.55,4394.0,0.0,1.0,0.0,1.0,8.0,12.0,2.0,2.0,1.0,9.15,,,,,,,,,,,,,,,,,,,,,,,9.04,0.0,0.12,0.0,0.12,1.0,0.11,1.5,0.25,0.25,0.12,0.0,0.83,6.63,0.73,1.72,1.78,9.95,1.66,1.66,0.83,F,18.0,9.0,20.0,70.0,64.0,75.0,93.0,8.0,48.0,93.0,89.0
8477971,2025,Andreas Englund,NSH,D,5on5,3,1584.0,37.0,0.85,0.0,0.0,0.0,0.0,2.0,0.07,4.0,0.0,2.0,1.0,1.0,1.0,1.6,0.85,0.65,0.68,0.68,1587.0,0.0,0.0,0.0,0.0,2.0,4.0,0.0,2.0,1.0,8.82,,,,,,,,,,,,0.02,0.0,0.0,0.0,0.0,0.0,,0.0,0.0,0.0,0.0,8.8,0.0,0.0,0.0,0.0,0.67,0.02,1.33,0.0,0.67,0.33,0.0,0.0,4.55,0.16,3.64,1.93,9.09,0.0,4.55,2.27,D,7.0,16.0,7.0,78.0,51.0,95.0,7.0,8.0,99.0,99.0,99.0
8479368,2025,Max Jones,EDM,L,5on5,21,10503.0,267.0,6.85,3.0,2.0,0.0,5.0,22.0,2.14,56.0,5.0,8.0,2.0,3.0,3.0,6.61,4.73,0.58,0.53,0.55,10516.0,3.0,2.0,0.0,5.0,22.0,56.0,5.0,8.0,3.0,8.35,0.01,0.0,0.0,0.0,0.0,0.0,,0.0,0.0,0.0,0.0,,,,,,,,,,,,8.34,0.14,0.1,0.0,0.24,1.05,0.1,2.67,0.24,0.38,0.14,1.03,1.71,7.54,0.73,2.27,1.62,19.19,1.71,2.74,1.03,F,41.0,88.0,68.0,84.0,64.0,95.0,93.0,11.0,94.0,81.0,89.0
8479369,2025,Andrew Peeke,BOS,D,5on5,77,76317.0,1555.0,14.4,4.0,3.0,6.0,13.0,75.0,2.57,102.0,7.0,56.0,10.0,6.0,113.0,44.9,59.2,0.43,0.48,0.48,89561.0,5.0,3.0,6.0,14.0,82.0,105.0,10.0,59.0,135.0,19.39,0.03,0.0,0.0,0.0,0.0,0.04,1.0,0.0,5.0,0.0,0.0,2.26,0.0,0.0,5.0,0.08,2.18,0.091,0.0,0.0,2.0,7.47,16.52,0.05,0.04,0.08,0.17,0.97,0.03,1.32,0.09,0.73,1.47,0.19,0.61,3.54,0.12,2.12,2.79,4.81,0.33,2.64,5.33,D,40.0,62.0,34.0,50.0,27.0,74.0,16.0,82.0,16.0,44.0,42.0
8484529,2025,Connor Clattenburg,EDM,C,5on5,5,2129.0,49.0,0.88,1.0,0.0,0.0,1.0,3.0,0.87,17.0,0.0,4.0,5.0,4.0,3.0,1.75,0.91,0.66,0.46,0.49,2162.0,1.0,0.0,0.0,1.0,3.0,17.0,0.0,4.0,3.0,7.21,0.07,0.0,0.0,0.0,0.0,0.02,1.0,0.0,0.0,0.0,0.0,0.04,0.0,0.0,0.0,0.0,0.05,1.0,0.0,0.0,0.0,0.0,7.1,0.2,0.0,0.0,0.2,0.6,0.17,3.4,0.0,0.8,0.6,1.69,1.69,5.07,1.47,2.96,1.54,28.75,0.0,6.76,5.07,F,33.0,99.0,66.0,34.0,99.0,100.0,6.0,97.0,99.0,27.0,49.0
8479365,2025,Trent Frederic,EDM,C,5on5,74,48266.0,1072.0,6.14,4.0,2.0,1.0,7.0,77.0,9.87,191.0,9.0,35.0,12.0,16.0,22.0,31.76,30.42,0.51,0.47,0.49,49014.0,4.0,2.0,1.0,7.0,77.0,193.0,9.0,35.0,22.0,11.04,0.12,0.0,0.0,0.0,0.42,1.13,0.95,0.0,0.0,0.0,0.39,0.0,0.0,0.0,0.0,0.0,0.0,,0.0,0.0,0.0,0.0,10.87,0.05,0.03,0.01,0.09,1.04,0.13,2.58,0.12,0.47,0.3,0.3,0.52,5.74,0.74,2.37,2.27,14.25,0.67,2.61,1.64,F,14.0,25.0,14.0,50.0,66.0,89.0,30.0,34.0,63.0,34.0,49.0
8482089,2025,Jake Neighbours,STL,L,5on5,69,52390.0,1191.0,31.3,13.0,8.0,6.0,27.0,71.0,10.5,146.0,13.0,38.0,19.0,15.0,34.0,34.88,32.47,0.52,0.49,0.49,63053.0,15.0,14.0,7.0,36.0,86.0,152.0,14.0,43.0,36.0,15.23,2.03,1.0,7.0,10.0,2.57,15.15,0.855,2.99,0.0,1.0,1.09,0.04,0.0,0.0,0.0,0.0,0.1,0.222,0.0,0.0,0.0,7.5,12.65,0.19,0.12,0.09,0.39,1.03,0.15,2.12,0.19,0.55,0.49,0.89,1.86,4.88,0.72,2.4,2.23,10.03,0.89,2.61,2.34,F,74.0,79.0,76.0,28.0,61.0,76.0,50.0,62.0,69.0,51.0,49.0
8475913,2025,Mark Stone,VGK,R,5on5,60,49601.0,1002.0,75.89,14.0,12.0,7.0,33.0,81.0,10.89,28.0,24.0,60.0,3.0,13.0,35.0,38.13,26.13,0.59,0.56,0.57,69174.0,28.0,31.0,14.0,73.0,130.0,31.0,28.0,70.0,47.0,19.22,3.29,9.0,26.0,37.0,8.84,31.6,0.931,7.91,11.0,2.0,0.71,1.12,1.0,2.0,2.0,0.49,1.68,0.212,1.78,0.0,1.0,5.54,13.78,0.23,0.2,0.12,0.55,1.35,0.18,0.47,0.4,1.0,0.58,1.02,2.4,5.88,0.79,2.77,1.9,2.03,1.74,4.35,2.54,F,93.0,87.0,93.0,55.0,73.0,19.0,93.0,69.0,96.0,91.0,94.0
8478469,2025,Thomas Chabot,OTT,D,5on5,57,60496.0,1246.0,38.02,4.0,9.0,4.0,17.0,69.0,3.31,32.0,19.0,54.0,10.0,6.0,86.0,45.98,39.72,0.54,0.52,0.53,77220.0,7.0,14.0,10.0,31.0,99.0,36.0,25.0,59.0,111.0,22.58,2.34,2.0,7.0,19.0,1.08,12.04,0.882,3.15,12.0,0.0,0.73,1.54,1.0,2.0,5.0,0.27,2.48,0.222,1.36,5.0,5.0,5.94,17.69,0.07,0.16,0.07,0.3,1.21,0.06,0.56,0.33,0.95,1.51,0.24,1.01,4.11,0.2,2.74,2.36,1.9,1.13,3.21,5.12,D,78.0,72.0,71.0,69.0,70.0,35.0,82.0,79.0,80.0,76.0,82.0
8477435,2025,Ryan Graves,PIT,D,5on5,22,19369.0,384.0,4.47,1.0,0.0,0.0,1.0,21.0,1.05,23.0,7.0,19.0,5.0,3.0,37.0,12.56,11.1,0.53,0.52,0.54,20201.0,1.0,0.0,0.0,1.0,21.0,23.0,7.0,20.0,38.0,15.3,,,,,,,,,,,,0.49,0.0,0.0,0.0,0.0,0.22,0.097,0.0,0.0,0.0,11.42,14.67,0.05,0.0,0.0,0.05,0.95,0.05,1.05,0.32,0.86,1.68,0.19,0.19,3.9,0.2,2.33,2.06,4.27,1.3,3.53,6.88,D,14.0,62.0,14.0,63.0,70.0,68.0,89.0,96.0,76.0,76.0,87.0
8482877,2025,Jaroslav Chmelar,NYR,R,5on5,28,15217.0,346.0,5.69,4.0,0.0,2.0,6.0,22.0,2.42,53.0,6.0,4.0,4.0,8.0,16.0,10.41,9.67,0.52,0.47,0.47,15374.0,4.0,0.0,2.0,6.0,23.0,53.0,6.0,4.0,16.0,9.15,0.07,0.0,0.0,1.0,0.18,0.43,1.0,0.0,0.0,0.0,0.0,0.0,0.0,0.0,0.0,0.0,0.0,,0.0,0.0,0.0,0.0,9.06,0.14,0.0,0.07,0.21,0.79,0.09,1.89,0.21,0.14,0.57,0.95,1.42,5.2,0.57,2.46,2.29,12.54,1.42,0.95,3.79,F,35.0,83.0,50.0,37.0,30.0,85.0,86.0,89.0,69.0,34.0,33.0
8478463,2025,Anthony Beauvillier,WSH,R,5on5,82,67939.0,1391.0,30.73,14.0,4.0,5.0,23.0,135.0,16.81,91.0,14.0,39.0,11.0,10.0,38.0,53.73,53.69,0.5,0.49,0.49,77722.0,15.0,7.0,6.0,28.0,155.0,93.0,21.0,44.0,48.0,15.8,0.48,1.0,1.0,10.0,0.77,2.84,0.853,1.53,3.0,0.0,0.75,1.16,0.0,1.0,4.0,0.35,0.88,0.091,0.63,0.0,6.0,5.52,13.81,0.17,0.05,0.06,0.28,1.65,0.2,1.11,0.17,0.48,0.46,0.74,1.22,7.15,0.89,2.85,2.84,4.82,0.74,2.07,2.01,F,50.0,66.0,36.0,80.0,88.0,46.0,37.0,48.0,55.0,51.0,49.0
8484145,2025,Zach Benson,BUF,L,5on5,65,50381.0,1116.0,46.09,8.0,12.0,10.0,30.0,89.0,12.29,40.0,20.0,44.0,16.0,20.0,15.0,40.99,35.7,0.53,0.52,0.53,61964.0,13.0,17.0,13.0,43.0,116.0,40.0,25.0,46.0,22.0,15.89,1.67,1.0,5.0,15.0,1.7,12.21,0.897,2.76,3.0,0.0,0.77,0.89,1.0,2.0,7.0,0.85,1.54,0.218,2.08,1.0,5.0,5.74,12.92,0.12,0.18,0.15,0.46,1.37,0.19,0.62,0.31,0.68,0.23,0.57,2.14,6.36,0.88,2.93,2.55,2.86,1.43,3.14,1.07,F,84.0,49.0,85.0,65.0,86.0,28.0,87.0,12.0,74.0,74.0,80.0
8480829,2025,Jesperi Kotkaniemi,CAR,C,5on5,42,27383.0,576.0,15.17,2.0,4.0,3.0,9.0,40.0,4.51,62.0,3.0,31.0,3.0,9.0,16.0,16.76,17.33,0.49,0.55,0.54,28604.0,2.0,4.0,3.0,9.0,42.0,63.0,3.0,32.0,18.0,11.35,0.25,0.0,0.0,1.0,0.01,1.89,0.936,0.0,0.0,0.0,0.75,0.13,0.0,0.0,0.0,0.0,0.14,0.737,0.0,0.0,0.0,0.54,10.87,0.05,0.1,0.07,0.21,0.95,0.11,1.48,0.07,0.74,0.38,0.26,1.18,5.26,0.59,2.2,2.28,8.15,0.39,4.08,2.1,F,35.0,23.0,34.0,39.0,34.0,68.0,16.0,51.0,48.0,88.0,85.0
8484180,2025,Samuel Honzek,CGY,L,5on5,18,11622.0,292.0,6.86,1.0,0.0,2.0,3.0,21.0,2.15,34.0,1.0,9.0,1.0,2.0,5.0,7.73,5.87,0.57,0.56,0.58,13329.0,2.0,0.0,2.0,4.0,22.0,35.0,1.0,9.0,6.0,12.34,0.06,0.0,0.0,0.0,0.0,0.0,,0.0,0.0,0.0,0.0,1.32,0.0,0.0,0.0,0.1,0.1,0.03,0.0,0.0,0.0,8.24,10.76,0.06,0.0,0.11,0.17,1.17,0.12,1.89,0.06,0.5,0.28,0.31,0.93,6.5,0.67,2.39,1.82,10.53,0.31,2.79,1.55,F,26.0,26.0,25.0,68.0,51.0,77.0,14.0,30.0,92.0,91.0,95.0
8480825,2025,Patrick Giles,SJS,R,5on5,3,1525.0,35.0,0.63,0.0,0.0,1.0,1.0,2.0,0.02,3.0,0.0,1.0,0.0,0.0,2.0,0.88,1.23,0.41,0.42,0.36,1596.0,0.0,0.0,1.0,1.0,2.0,3.0,0.0,1.0,2.0,8.87,0.01,0.0,0.0,0.0,0.0,0.0,,0.0,0.0,0.0,0.0,0.38,0.0,0.0,0.0,0.0,0.0,0.0,0.0,0.0,0.0,19.06,8.47,0.0,0.0,0.33,0.33,0.67,0.01,1.0,0.0,0.33,0.67,0.0,2.36,4.72,0.05,2.08,2.9,7.08,0.0,2.36,4.72,F,62.0,9.0,92.0,25.0,1.0,63.0,6.0,95.0,12.0,9.0,4.0
8480068,2025,Ryan Poehling,ANA,C,5on5,75,53964.0,1222.0,35.63,8.0,16.0,5.0,29.0,79.0,8.5,43.0,13.0,37.0,5.0,12.0,59.0,37.72,41.32,0.48,0.49,0.49,67803.0,11.0,19.0,6.0,36.0,94.0,44.0,17.0,48.0,86.0,15.07,0.3,0.0,1.0,1.0,0.25,4.64,0.934,2.67,7.0,0.0,0.88,2.35,2.0,4.0,10.0,1.49,4.83,0.159,1.36,0.0,4.0,8.72,11.99,0.11,0.21,0.07,0.39,1.05,0.11,0.57,0.17,0.49,0.79,0.53,1.93,5.27,0.57,2.52,2.76,2.87,0.87,2.47,3.94,F,74.0,45.0,79.0,40.0,30.0,29.0,48.0,91.0,42.0,51.0,49.0
8484938,2025,Arttu Hyry,DAL,R,5on5,20,11376.0,250.0,5.06,2.0,1.0,1.0,4.0,22.0,2.66,30.0,2.0,11.0,1.0,1.0,5.0,6.51,8.1,0.45,0.47,0.47,14131.0,3.0,1.0,1.0,5.0,25.0,32.0,4.0,12.0,6.0,11.78,0.05,0.0,0.0,0.0,0.0,0.0,,0.0,0.0,0.0,0.0,2.02,1.0,1.0,3.0,0.08,0.43,0.081,1.49,0.0,2.0,7.27,9.48,0.1,0.05,0.05,0.2,1.1,0.13,1.5,0.1,0.55,0.25,0.63,1.27,6.96,0.84,2.06,2.56,9.49,0.63,3.48,1.58,F,33.0,56.0,40.0,77.0,82.0,73.0,27.0,31.0,24.0,34.0,33.0
8478178,2025,Darren Raddysh,TBL,D,5on5,73,74931.0,1405.0,84.5,9.0,13.0,10.0,32.0,139.0,5.22,61.0,11.0,60.0,20.0,9.0,55.0,62.62,48.32,0.56,0.57,0.56,99390.0,22.0,24.0,24.0,70.0,212.0,67.0,14.0,73.0,69.0,22.69,3.53,8.0,23.0,47.0,4.97,34.09,0.928,5.36,2.0,1.0,0.62,0.76,0.0,0.0,3.0,0.08,0.56,0.075,0.0,3.0,2.0,7.5,17.11,0.12,0.18,0.14,0.44,1.9,0.07,0.84,0.15,0.82,0.75,0.43,1.54,6.68,0.25,3.01,2.32,2.93,0.53,2.88,2.64,D,94.0,92.0,93.0,98.0,87.0,51.0,27.0,12.0,88.0,94.0,92.0
8482476,2025,Emil Heineman,NYI,L,5on5,82,66825.0,1382.0,37.99,16.0,3.0,3.0,22.0,130.0,14.58,231.0,7.0,45.0,8.0,10.0,45.0,45.07,53.64,0.46,0.5,0.49,81751.0,22.0,3.0,6.0,31.0,174.0,247.0,9.0,53.0,54.0,16.62,1.59,3.0,3.0,25.0,2.13,12.26,0.89,1.38,4.0,1.0,0.7,0.56,0.0,0.0,5.0,0.38,0.75,0.148,0.0,0.0,0.0,5.64,13.58,0.2,0.04,0.04,0.27,1.59,0.18,2.82,0.09,0.55,0.55,0.86,1.19,7.0,0.79,2.43,2.89,12.44,0.38,2.42,2.42,F,48.0,77.0,34.0,78.0,73.0,84.0,16.0,64.0,29.0,61.0,49.0
8475692,2025,Mats Zuccarello,MIN,R,5on5,59,51644.0,944.0,46.79,7.0,15.0,9.0,31.0,80.0,9.37,15.0,10.0,49.0,9.0,12.0,23.0,39.78,33.77,0.54,0.5,0.51,66001.0,15.0,20.0,19.0,54.0,122.0,16.0,13.0,62.0,26.0,18.64,3.32,1.0,14.0,27.0,2.42,26.28,0.922,4.28,0.0,3.0,0.68,0.02,0.0,0.0,1.0,0.01,0.01,0.026,0.0,0.0,0.0,24.43,14.59,0.12,0.25,0.15,0.53,1.36,0.16,0.25,0.17,0.83,0.39,0.49,2.16,5.58,0.65,2.77,2.35,1.05,0.7,3.42,1.6,F,92.0,41.0,86.0,46.0,47.0,8.0,33.0,32.0,80.0,61.0,66.0
8483432,2025,Luca Del Bel Belluz,CBJ,C,5on5,14,7437.0,163.0,-0.31,0.0,0.0,1.0,1.0,10.0,0.87,3.0,2.0,1.0,2.0,1.0,10.0,3.43,4.84,0.41,0.43,0.45,7642.0,0.0,0.0,1.0,1.0,11.0,3.0,2.0,1.0,10.0,9.1,0.22,0.0,0.0,1.0,0.01,0.02,1.0,0.0,0.0,0.0,0.0,,,,,,,,,,,,8.85,0.0,0.0,0.07,0.07,0.71,0.06,0.21,0.14,0.07,0.71,0.0,0.48,4.84,0.42,1.66,2.34,1.45,0.97,0.48,4.84,F,12.0,9.0,13.0,28.0,14.0,13.0,59.0,96.0,12.0,12.0,19.0
8476889,2025,Radek Faksa,DAL,C,5on5,58,32770.0,756.0,12.19,0.0,8.0,5.0,13.0,32.0,4.76,74.0,13.0,17.0,6.0,8.0,33.0,15.23,18.15,0.46,0.45,0.45,40837.0,2.0,9.0,6.0,17.0,38.0,78.0,14.0,18.0,44.0,11.73,0.01,0.0,0.0,0.0,0.0,0.0,,0.0,0.0,0.0,0.0,2.13,1.0,3.0,5.0,0.46,1.24,0.07,1.46,0.0,1.0,8.03,9.42,0.0,0.14,0.09,0.22,0.55,0.08,1.28,0.22,0.29,0.57,0.0,1.43,3.52,0.52,1.67,1.99,8.13,1.43,1.87,3.63,F,37.0,9.0,50.0,9.0,23.0,68.0,87.0,87.0,29.0,21.0,19.0
8483531,2025,Brian Halonen,NJD,L,5on5,15,6823.0,155.0,-0.04,1.0,0.0,1.0,2.0,7.0,0.77,28.0,3.0,5.0,3.0,1.0,2.0,2.21,4.11,0.35,0.42,0.45,6851.0,1.0,0.0,1.0,2.0,7.0,28.0,3.0,5.0,2.0,7.61,0.01,0.0,0.0,0.0,0.0,0.0,,0.0,0.0,0.0,0.0,,,,,,,,,,,,7.58,0.07,0.0,0.07,0.13,0.47,0.05,1.87,0.2,0.33,0.13,0.53,1.06,3.69,0.41,1.17,2.17,14.77,1.58,2.64,1.06,F,19.0,45.0,29.0,10.0,13.0,89.0,92.0,12.0,5.0,9.0,19.0
8479410,2025,Mikhail Sergachev,UTA,D,5on5,78,81135.0,1779.0,60.22,5.0,7.0,14.0,26.0,98.0,4.23,32.0,26.0,81.0,20.0,11.0,82.0,59.09,59.58,0.5,0.53,0.52,113704.0,10.0,16.0,33.0,59.0,159.0,38.0,32.0,108.0,125.0,24.3,3.02,5.0,24.0,38.0,3.56,35.75,0.915,6.11,20.0,3.0,0.85,2.7,0.0,2.0,11.0,0.63,3.01,0.101,0.57,8.0,2.0,7.68,17.34,0.06,0.09,0.18,0.33,1.26,0.05,0.41,0.33,1.04,1.05,0.22,1.15,4.35,0.19,2.62,2.64,1.42,1.15,3.59,3.64,D,83.0,69.0,82.0,74.0,65.0,25.0,83.0,39.0,59.0,82.0,77.0
8477996,2025,Juho Lammikko,NJD,C,5on5,24,14057.0,320.0,-0.99,0.0,2.0,0.0,2.0,15.0,2.36,40.0,2.0,4.0,2.0,0.0,14.0,6.86,10.02,0.41,0.42,0.42,14220.0,0.0,2.0,0.0,2.0,15.0,40.0,2.0,4.0,14.0,9.88,0.03,0.0,0.0,0.0,0.0,0.05,1.0,0.0,0.0,0.0,0.0,0.04,0.0,0.0,0.0,0.0,0.0,,0.0,0.0,0.0,0.0,9.76,0.0,0.08,0.0,0.08,0.62,0.1,1.67,0.08,0.17,0.58,0.0,0.51,3.84,0.6,1.76,2.57,10.24,0.51,1.02,3.59,F,13.0,9.0,13.0,11.0,37.0,76.0,21.0,87.0,12.0,9.0,10.0
8478550,2025,Artemi Panarin,LAK,L,5on5,78,77618.0,1589.0,88.71,21.0,15.0,16.0,52.0,134.0,11.24,11.0,19.0,85.0,9.0,17.0,14.0,53.32,49.69,0.52,0.54,0.54,97542.0,28.0,30.0,26.0,84.0,224.0,11.0,25.0,105.0,16.0,20.84,3.18,4.0,22.0,61.0,6.09,33.57,0.864,5.32,0.0,3.0,1.28,0.0,0.0,0.0,0.0,0.0,0.0,,0.0,0.0,0.0,0.0,16.59,0.27,0.19,0.21,0.67,1.72,0.14,0.14,0.24,1.09,0.18,0.97,2.41,6.22,0.52,2.47,2.3,0.51,0.88,3.94,0.65,F,98.0,85.0,93.0,62.0,23.0,4.0,49.0,5.0,69.0,85.0,85.0
8481167,2025,Brayden Pachal,CGY,D,5on5,39,30357.0,760.0,7.03,1.0,2.0,4.0,7.0,29.0,1.1,86.0,7.0,31.0,12.0,9.0,35.0,21.86,19.68,0.53,0.49,0.5,32469.0,1.0,2.0,4.0,7.0,29.0,89.0,7.0,31.0,40.0,13.88,0.0,0.0,0.0,0.0,0.0,0.0,,0.0,1.0,0.0,0.0,0.72,0.0,0.0,0.0,0.0,0.75,0.146,0.0,0.0,0.0,9.31,12.97,0.03,0.05,0.1,0.18,0.74,0.03,2.21,0.18,0.79,0.9,0.12,0.83,3.44,0.13,2.59,2.33,10.2,0.83,3.68,4.15,D,44.0,47.0,58.0,46.0,33.0,97.0,58.0,56.0,76.0,53.0,62.0
8481725,2025,Elmer Soderblom,PIT,L,5on5,59,38034.0,834.0,12.95,7.0,4.0,2.0,13.0,69.0,7.93,98.0,13.0,46.0,10.0,14.0,17.0,25.99,25.45,0.51,0.48,0.48,39329.0,7.0,4.0,2.0,13.0,69.0,99.0,13.0,46.0,18.0,11.11,0.17,0.0,0.0,0.0,0.02,0.24,1.0,0.0,0.0,0.0,0.0,0.07,0.0,0.0,0.0,0.0,0.0,0.0,0.0,0.0,0.0,22.74,10.74,0.12,0.07,0.03,0.22,1.17,0.13,1.66,0.22,0.78,0.29,0.66,1.23,6.53,0.75,2.46,2.41,9.28,1.23,4.35,1.61,F,37.0,58.0,37.0,68.0,68.0,72.0,77.0,32.0,63.0,42.0,41.0
8484166,2025,Adam Fantilli,CBJ,C,5on5,82,76018.0,1433.0,62.81,14.0,10.0,10.0,34.0,144.0,17.48,137.0,23.0,82.0,12.0,19.0,45.0,59.66,54.49,0.52,0.52,0.52,93000.0,24.0,17.0,18.0,59.0,214.0,139.0,25.0,94.0,51.0,18.9,2.47,2.0,10.0,44.0,5.0,26.47,0.91,2.97,1.0,1.0,0.78,0.15,0.0,0.0,1.0,0.12,0.15,0.072,0.0,1.0,0.0,9.44,15.45,0.17,0.12,0.12,0.41,1.76,0.21,1.67,0.28,1.0,0.55,0.66,1.61,6.82,0.83,2.83,2.58,6.49,1.09,3.88,2.13,F,78.0,58.0,62.0,74.0,80.0,59.0,68.0,52.0,69.0,74.0,73.0
8477851,2025,Jordan Oesterle,NSH,D,5on5,1,845.0,18.0,-0.2,0.0,0.0,0.0,0.0,0.0,0.06,1.0,0.0,0.0,0.0,0.0,2.0,0.57,0.43,0.57,0.44,0.4,845.0,0.0,0.0,0.0,0.0,0.0,1.0,0.0,0.0,2.0,14.08,,,,,,,,,,,,,,,,,,,,,,,14.08,0.0,0.0,0.0,0.0,0.0,0.06,1.0,0.0,0.0,2.0,0.0,0.0,0.0,0.26,2.43,1.83,4.26,0.0,0.0,8.52,D,7.0,16.0,7.0,2.0,88.0,67.0,7.0,99.0,91.0,16.0,7.0
8477409,2025,Carter Verhaeghe,FLA,C,5on5,77,65470.0,1373.0,62.07,16.0,13.0,9.0,38.0,128.0,13.44,61.0,21.0,52.0,9.0,10.0,21.0,51.6,49.88,0.51,0.55,0.52,81371.0,25.0,16.0,14.0,55.0,187.0,68.0,29.0,66.0,22.0,17.61,2.52,6.0,11.0,51.0,5.52,28.53,0.94,3.4,0.0,5.0,0.57,0.06,0.0,0.0,0.0,0.0,0.19,0.633,0.0,0.0,1.0,1.51,14.17,0.21,0.17,0.12,0.49,1.66,0.17,0.79,0.27,0.68,0.27,0.88,2.09,7.04,0.74,2.84,2.74,3.35,1.15,2.86,1.15,F,89.0,78.0,84.0,79.0,66.0,34.0,72.0,14.0,63.0,88.0,73.0
8476462,2025,Dougie Hamilton,NJD,D,5on5,77,79303.0,1609.0,51.52,6.0,5.0,6.0,17.0,150.0,6.25,77.0,10.0,101.0,21.0,4.0,65.0,59.14,52.86,0.53,0.54,0.54,99515.0,12.0,10.0,17.0,39.0,203.0,87.0,14.0,119.0,77.0,21.54,1.99,4.0,13.0,30.0,2.27,20.9,0.884,5.1,5.0,3.0,1.07,1.45,0.0,0.0,5.0,0.16,3.14,0.207,0.0,2.0,0.0,6.46,17.17,0.08,0.06,0.08,0.22,1.95,0.08,1.0,0.13,1.31,0.84,0.27,0.77,6.81,0.28,2.68,2.4,3.5,0.45,4.58,2.95,D,59.0,77.0,50.0,98.0,92.0,56.0,21.0,19.0,76.0,87.0,87.0
8484188,2025,Theo Lindstein,STL,D,5on5,17,15395.0,341.0,6.75,2.0,1.0,1.0,4.0,20.0,1.45,8.0,1.0,9.0,3.0,1.0,14.0,12.02,9.71,0.55,0.53,0.52,16076.0,2.0,1.0,1.0,4.0,20.0,8.0,1.0,9.0,14.0,15.76,0.07,0.0,0.0,0.0,0.0,0.0,0.0,0.0,0.0,0.0,3.13,0.39,0.0,0.0,0.0,0.01,0.03,0.273,0.0,0.0,0.0,0.72,15.09,0.12,0.06,0.06,0.24,1.18,0.09,0.47,0.06,0.53,0.82,0.47,0.94,4.68,0.34,2.81,2.27,1.87,0.23,2.1,3.27,D,64.0,95.0,68.0,81.0,97.0,33.0,14.0,29.0,85.0,82.0,77.0
8482911,2025,Joel Nystrom,CAR,D,5on5,38,31455.0,731.0,21.63,1.0,7.0,2.0,10.0,40.0,1.5,8.0,3.0,30.0,3.0,1.0,17.0,31.33,19.64,0.61,0.6,0.57,34624.0,1.0,7.0,2.0,10.0,43.0,10.0,5.0,32.0,22.0,15.19,0.06,0.0,0.0,1.0,0.4,0.4,0.976,0.0,0.0,0.0,0.29,1.08,0.0,0.0,1.0,0.01,1.01,0.153,0.0,0.0,2.0,8.22,13.8,0.03,0.18,0.05,0.26,1.05,0.04,0.21,0.08,0.79,0.45,0.11,1.14,4.58,0.17,3.59,2.25,0.92,0.34,3.43,1.95,D,68.0,44.0,81.0,79.0,57.0,12.0,17.0,4.0,97.0,97.0,94.0
8476467,2025,Jamie Oleksiak,SEA,D,5on5,78,70633.0,1377.0,11.13,5.0,2.0,6.0,13.0,75.0,3.05,100.0,16.0,65.0,14.0,6.0,83.0,39.69,45.49,0.47,0.46,0.46,79218.0,5.0,3.0,7.0,15.0,77.0,112.0,19.0,71.0,106.0,16.93,0.01,0.0,0.0,0.0,0.0,0.1,0.833,0.0,3.0,0.0,1.03,1.58,0.0,0.0,1.0,0.02,0.63,0.03,0.0,0.0,3.0,9.92,15.09,0.06,0.03,0.08,0.17,0.96,0.04,1.28,0.21,0.83,1.06,0.25,0.66,3.82,0.16,2.02,2.32,5.1,0.82,3.31,4.23,D,40.0,74.0,38.0,60.0,51.0,78.0,56.0,58.0,38.0,28.0,27.0
8479550,2025,Tanner Laczynski,VGK,C,5on5,10,6026.0,131.0,4.33,0.0,3.0,1.0,4.0,12.0,1.39,2.0,3.0,5.0,1.0,2.0,4.0,3.13,3.52,0.47,0.49,0.49,6462.0,0.0,4.0,1.0,5.0,12.0,2.0,3.0,5.0,5.0,10.77,0.56,0.0,1.0,0.0,0.0,0.86,1.0,10.62,1.0,0.0,0.0,0.14,0.0,0.0,0.0,0.0,0.0,0.0,0.0,0.0,0.0,17.16,10.04,0.0,0.3,0.1,0.4,1.2,0.14,0.2,0.3,0.5,0.4,0.0,2.39,7.17,0.83,1.87,2.1,1.19,1.79,2.99,2.39,F,76.0,9.0,93.0,81.0,80.0,10.0,94.0,63.0,35.0,51.0,49.0
8477407,2025,Anthony Duclair,NYI,L,5on5,62,43238.0,922.0,18.03,8.0,8.0,5.0,21.0,57.0,5.47,9.0,9.0,27.0,4.0,6.0,40.0,26.02,37.3,0.41,0.44,0.44,49123.0,12.0,9.0,6.0,27.0,74.0,9.0,9.0,27.0,42.0,13.21,1.16,4.0,5.0,16.0,3.71,9.28,0.861,4.17,0.0,0.0,1.25,0.01,0.0,0.0,0.0,0.0,0.0,,0.0,0.0,0.0,0.0,11.62,0.13,0.13,0.08,0.34,0.92,0.09,0.15,0.15,0.44,0.65,0.67,1.75,4.75,0.46,2.17,3.11,0.75,0.75,2.25,3.33,F,65.0,59.0,70.0,26.0,17.0,5.0,39.0,84.0,12.0,16.0,15.0
8477406,2025,Mattias Janmark,EDM,C,5on5,43,26388.0,578.0,2.55,1.0,1.0,4.0,6.0,23.0,3.67,10.0,5.0,14.0,5.0,4.0,11.0,16.97,18.62,0.48,0.46,0.46,30593.0,1.0,3.0,4.0,8.0,24.0,10.0,5.0,14.0,13.0,11.86,0.02,0.0,0.0,0.0,0.0,0.01,1.0,0.0,0.0,0.0,0.0,1.47,0.0,1.0,1.0,0.11,0.53,0.042,0.95,0.0,0.0,11.54,10.23,0.02,0.02,0.09,0.14,0.53,0.09,0.23,0.12,0.33,0.26,0.14,0.82,3.14,0.5,2.32,2.54,1.36,0.68,1.91,1.5,F,21.0,18.0,20.0,7.0,21.0,11.0,31.0,28.0,42.0,27.0,25.0
8477969,2025,Marcus Pettersson,VAN,D,5on5,82,88603.0,1759.0,-0.8,2.0,3.0,10.0,15.0,60.0,2.61,72.0,13.0,76.0,22.0,8.0,102.0,49.69,64.24,0.44,0.44,0.44,105548.0,3.0,4.0,11.0,18.0,66.0,79.0,19.0,86.0,136.0,21.45,0.08,0.0,0.0,1.0,0.49,0.74,0.937,0.0,10.0,0.0,0.44,2.56,0.0,0.0,2.0,0.11,3.31,0.097,0.0,1.0,5.0,8.79,18.01,0.02,0.04,0.12,0.18,0.73,0.03,0.88,0.16,0.93,1.24,0.08,0.61,2.44,0.11,2.02,2.61,2.93,0.53,3.09,4.14,D,44.0,37.0,34.0,14.0,22.0,51.0,27.0,55.0,19.0,16.0,16.0
8482659,2025,Josh Doan,BUF,R,5on5,82,61883.0,1449.0,56.65,15.0,12.0,6.0,33.0,131.0,17.44,74.0,44.0,52.0,10.0,21.0,30.0,50.53,43.27,0.54,0.52,0.52,78063.0,25.0,20.0,7.0,52.0,170.0,78.0,46.0,64.0,31.0,15.87,2.68,9.0,17.0,38.0,7.47,26.71,0.896,4.64,0.0,1.0,0.84,0.01,0.0,0.0,0.0,0.0,0.0,,0.0,0.0,0.0,0.0,12.58,0.18,0.15,0.07,0.4,1.6,0.21,0.9,0.54,0.63,0.37,0.87,1.92,7.62,1.01,2.94,2.52,4.3,2.56,3.03,1.75,F,76.0,77.0,79.0,85.0,95.0,42.0,98.0,37.0,80.0,74.0,73.0
8477541,2025,Dakota Mermis,TOR,D,5on5,11,8145.0,201.0,0.33,1.0,0.0,0.0,1.0,5.0,0.19,8.0,2.0,8.0,4.0,3.0,9.0,5.63,5.11,0.52,0.47,0.48,8598.0,1.0,0.0,0.0,1.0,5.0,8.0,2.0,8.0,9.0,13.03,,,,,,,,,,,,0.63,0.0,0.0,0.0,0.0,0.01,0.007,0.0,0.0,0.0,12.4,12.34,0.09,0.0,0.0,0.09,0.45,0.02,0.73,0.18,0.73,0.82,0.44,0.44,2.21,0.08,2.49,2.26,3.54,0.88,3.54,3.98,D,20.0,94.0,22.0,10.0,11.0,57.0,63.0,51.0,71.0,36.0,42.0
8475235,2025,Nicolas Deslauriers,CAR,L,5on5,31,15738.0,355.0,1.61,0.0,1.0,1.0,2.0,18.0,1.61,121.0,3.0,10.0,10.0,6.0,8.0,7.47,7.1,0.51,0.49,0.51,15898.0,0.0,1.0,1.0,2.0,18.0,121.0,3.0,10.0,8.0,8.55,0.0,0.0,0.0,0.0,0.0,0.0,,0.0,0.0,0.0,0.0,0.05,0.0,0.0,0.0,0.0,0.0,0.0,0.0,0.0,0.0,2.74,8.46,0.0,0.03,0.03,0.06,0.58,0.05,3.9,0.1,0.32,0.26,0.0,0.46,4.12,0.37,1.71,1.62,27.68,0.69,2.29,1.83,F,12.0,9.0,12.0,15.0,11.0,99.0,32.0,41.0,63.0,51.0,66.0
8476879,2025,Cody Ceci,LAK,D,5on5,82,74734.0,1499.0,15.18,1.0,1.0,6.0,8.0,58.0,2.52,33.0,11.0,60.0,6.0,0.0,89.0,50.43,48.0,0.51,0.51,0.5,86423.0,1.0,1.0,7.0,9.0,59.0,37.0,13.0,61.0,114.0,17.57,0.01,0.0,0.0,0.0,0.0,0.01,1.0,0.0,2.0,0.0,0.0,1.9,0.0,1.0,1.0,0.04,2.52,0.116,0.38,0.0,1.0,7.37,15.19,0.01,0.01,0.07,0.1,0.71,0.03,0.4,0.13,0.73,1.09,0.05,0.39,2.79,0.12,2.43,2.31,1.59,0.53,2.89,4.29,D,22.0,33.0,20.0,23.0,27.0,29.0,27.0,60.0,66.0,70.0,62.0
8476873,2025,Mark Jankowski,CAR,L,5on5,68,39520.0,911.0,33.11,10.0,4.0,3.0,17.0,59.0,10.39,44.0,10.0,33.0,7.0,3.0,36.0,32.5,21.58,0.6,0.59,0.6,45497.0,11.0,6.0,4.0,21.0,63.0,45.0,11.0,35.0,45.0,11.15,0.26,0.0,2.0,0.0,0.0,2.35,0.948,6.86,3.0,0.0,0.45,0.96,0.0,0.0,3.0,0.45,0.72,0.122,0.0,0.0,1.0,4.74,9.69,0.15,0.06,0.04,0.25,0.87,0.15,0.65,0.15,0.49,0.53,0.91,1.55,5.37,0.95,2.96,1.97,4.01,0.91,3.01,3.28,F,45.0,80.0,59.0,41.0,93.0,40.0,52.0,83.0,97.0,96.0,98.0
8485702,2025,Max Shabanov,NYI,R,5on5,44,30840.0,642.0,11.83,5.0,6.0,2.0,13.0,47.0,5.17,27.0,8.0,31.0,0.0,4.0,16.0,19.52,26.63,0.42,0.44,0.46,36123.0,5.0,8.0,5.0,18.0,56.0,27.0,11.0,35.0,16.0,13.68,1.53,0.0,5.0,6.0,0.62,6.43,0.802,4.45,0.0,1.0,1.42,,,,,,,,,,,,11.68,0.11,0.14,0.05,0.3,1.07,0.12,0.61,0.18,0.7,0.36,0.58,1.52,5.49,0.6,2.28,3.11,3.15,0.93,3.62,1.87,F,56.0,51.0,57.0,45.0,37.0,32.0,55.0,43.0,14.0,16.0,25.0
8479425,2025,Filip Hronek,VAN,D,5on5,82,96814.0,1823.0,43.18,2.0,9.0,10.0,21.0,98.0,4.07,105.0,30.0,92.0,14.0,7.0,77.0,64.69,74.09,0.47,0.5,0.49,123028.0,8.0,22.0,19.0,49.0,137.0,133.0,34.0,108.0,100.0,25.01,1.8,4.0,20.0,21.0,1.66,17.21,0.916,8.15,13.0,2.0,0.64,2.11,0.0,0.0,1.0,0.23,2.37,0.09,0.0,1.0,2.0,8.25,19.68,0.02,0.11,0.12,0.26,1.2,0.05,1.28,0.37,1.12,0.94,0.07,0.78,3.64,0.15,2.41,2.76,3.9,1.12,3.42,2.86,D,68.0,34.0,51.0,53.0,45.0,63.0,81.0,17.0,38.0,62.0,52.0
8480246,2025,Nick Perbix,NSH,D,5on5,79,74232.0,1564.0,9.77,3.0,2.0,6.0,11.0,69.0,3.46,28.0,18.0,86.0,8.0,5.0,71.0,48.89,58.46,0.46,0.48,0.45,90591.0,3.0,4.0,6.0,13.0,79.0,31.0,23.0,96.0,95.0,19.11,0.08,0.0,0.0,1.0,0.0,0.06,0.143,0.0,11.0,0.0,3.33,2.68,0.0,2.0,5.0,0.09,2.22,0.077,0.57,0.0,5.0,7.57,15.66,0.04,0.03,0.08,0.14,0.87,0.04,0.35,0.23,1.09,0.9,0.15,0.53,3.35,0.17,2.37,2.84,1.36,0.87,4.17,3.44,D,32.0,53.0,28.0,44.0,57.0,22.0,61.0,33.0,31.0,44.0,21.0
8484958,2025,Maxim Tsyplakov,NJD,R,5on5,49,26173.0,583.0,4.08,2.0,2.0,0.0,4.0,42.0,4.0,82.0,8.0,28.0,3.0,4.0,8.0,15.62,17.2,0.48,0.5,0.52,26815.0,2.0,2.0,0.0,4.0,42.0,83.0,8.0,28.0,8.0,9.12,0.11,0.0,0.0,0.0,0.06,0.47,0.635,0.0,0.0,0.0,3.03,0.01,0.0,0.0,0.0,0.0,0.0,,0.0,0.0,0.0,0.0,8.9,0.04,0.04,0.0,0.08,0.86,0.08,1.67,0.16,0.57,0.16,0.28,0.55,5.78,0.55,2.15,2.37,11.28,1.1,3.85,1.1,F,13.0,24.0,14.0,52.0,27.0,80.0,68.0,13.0,42.0,61.0,73.0
8482148,2025,Hendrix Lapierre,WSH,C,5on5,74,38277.0,854.0,20.22,4.0,5.0,6.0,15.0,52.0,8.65,49.0,7.0,32.0,8.0,8.0,22.0,30.08,24.32,0.55,0.54,0.55,39223.0,4.0,5.0,7.0,16.0,53.0,49.0,7.0,34.0,22.0,8.83,0.13,0.0,0.0,0.0,0.0,1.07,0.699,0.0,0.0,0.0,2.79,0.01,0.0,0.0,0.0,0.0,0.0,0.0,0.0,0.0,0.0,44.64,8.62,0.05,0.07,0.08,0.2,0.7,0.12,0.66,0.09,0.43,0.3,0.38,1.41,4.89,0.81,2.83,2.29,4.61,0.66,3.01,2.07,F,33.0,32.0,49.0,28.0,77.0,44.0,30.0,50.0,84.0,85.0,89.0
8478396,2025,Noah Hanifin,VGK,D,5on5,71,82961.0,1727.0,42.37,2.0,6.0,12.0,20.0,116.0,4.03,32.0,32.0,90.0,5.0,1.0,88.0,59.7,46.99,0.56,0.54,0.54,96281.0,3.0,9.0,16.0,28.0,135.0,36.0,36.0,98.0,116.0,22.6,0.77,0.0,7.0,10.0,1.31,6.38,0.933,7.67,8.0,1.0,0.5,1.57,0.0,0.0,2.0,0.29,1.82,0.122,0.0,0.0,1.0,7.03,19.47,0.03,0.08,0.17,0.28,1.63,0.06,0.45,0.45,1.27,1.24,0.09,0.87,5.03,0.17,2.59,2.04,1.39,1.39,3.91,3.82,D,73.0,40.0,61.0,86.0,57.0,24.0,91.0,46.0,88.0,87.0,87.0
8479638,2025,Justin Brazeau,PIT,R,5on5,64,43992.0,936.0,33.82,13.0,9.0,5.0,27.0,89.0,11.29,89.0,12.0,39.0,7.0,10.0,44.0,32.5,31.69,0.51,0.49,0.49,48594.0,17.0,11.0,6.0,34.0,104.0,90.0,12.0,40.0,44.0,12.65,0.99,3.0,5.0,11.0,1.77,4.6,0.741,4.76,0.0,0.0,1.53,0.01,0.0,0.0,0.0,0.0,0.0,,0.0,0.0,0.0,0.0,11.46,0.2,0.14,0.08,0.42,1.39,0.18,1.39,0.19,0.61,0.69,1.06,2.21,7.28,0.92,2.66,2.59,7.28,0.98,3.19,3.6,F,80.0,90.0,87.0,81.0,91.0,64.0,60.0,87.0,63.0,51.0,49.0
8479639,2025,Dylan Coghlan,VGK,D,5on5,3,2639.0,58.0,0.45,0.0,0.0,0.0,0.0,2.0,0.1,4.0,0.0,2.0,1.0,0.0,4.0,1.75,1.71,0.51,0.51,0.51,2710.0,0.0,0.0,0.0,0.0,2.0,4.0,0.0,2.0,4.0,15.06,0.12,0.0,0.0,0.0,0.0,0.0,,0.0,0.0,0.0,0.0,,,,,,,,,,,,14.66,0.0,0.0,0.0,0.0,0.67,0.03,1.33,0.0,0.67,1.33,0.0,0.0,2.73,0.14,2.39,2.33,5.46,0.0,2.73,5.46,D,7.0,16.0,7.0,21.0,39.0,81.0,7.0,85.0,66.0,70.0,70.0
8478010,2025,Brayden Point,TBL,C,5on5,63,51738.0,1098.0,51.9,12.0,17.0,9.0,38.0,77.0,9.45,7.0,13.0,33.0,6.0,9.0,22.0,38.46,36.38,0.51,0.52,0.52,69015.0,18.0,19.0,13.0,50.0,130.0,8.0,13.0,41.0,23.0,18.26,3.6,6.0,11.0,40.0,8.91,30.5,0.904,2.91,0.0,0.0,0.86,0.02,0.0,0.0,1.0,0.15,0.15,1.0,0.0,0.0,0.0,0.0,13.69,0.19,0.27,0.14,0.6,1.22,0.15,0.11,0.21,0.52,0.35,0.83,2.64,5.36,0.66,2.68,2.53,0.49,0.9,2.3,1.53,F,96.0,75.0,97.0,41.0,49.0,4.0,51.0,29.0,63.0,74.0,73.0
8484403,2025,Florian Xhekaj,MTL,L,5on5,5,2879.0,63.0,-0.05,0.0,1.0,0.0,1.0,4.0,0.28,9.0,0.0,4.0,2.0,1.0,4.0,0.92,1.28,0.42,0.38,0.36,2879.0,0.0,1.0,0.0,1.0,4.0,9.0,0.0,4.0,4.0,9.6,,,,,,,,,,,,,,,,,,,,,,,9.6,0.0,0.2,0.0,0.2,0.8,0.06,1.8,0.0,0.8,0.8,0.0,1.25,5.0,0.35,1.15,1.6,11.25,0.0,5.0,5.0,F,33.0,9.0,38.0,31.0,9.0,80.0,6.0,97.0,14.0,5.0,4.0
8480009,2025,Eeli Tolvanen,SEA,R,5on5,78,59757.0,1356.0,22.44,5.0,7.0,4.0,16.0,93.0,9.03,176.0,16.0,43.0,11.0,9.0,67.0,29.62,44.87,0.4,0.43,0.43,75077.0,12.0,15.0,9.0,36.0,141.0,187.0,18.0,49.0,81.0,16.04,1.76,5.0,12.0,29.0,4.55,17.66,0.899,5.26,9.0,1.0,0.87,0.98,0.0,0.0,6.0,0.1,0.36,0.035,0.0,0.0,1.0,7.77,12.77,0.06,0.09,0.05,0.21,1.19,0.12,2.26,0.21,0.55,0.86,0.3,0.96,5.6,0.54,1.78,2.7,10.6,0.96,2.59,4.04,F,35.0,25.0,26.0,46.0,25.0,77.0,57.0,92.0,10.0,12.0,12.0
8479022,2025,Rodrigo Abols,PHI,C,5on5,42,24519.0,549.0,6.36,2.0,3.0,3.0,8.0,40.0,4.54,48.0,10.0,14.0,8.0,6.0,20.0,10.42,15.33,0.4,0.44,0.44,26462.0,3.0,4.0,3.0,10.0,43.0,49.0,11.0,14.0,24.0,10.5,0.04,0.0,0.0,0.0,0.0,0.07,1.0,0.0,0.0,0.0,0.0,0.63,1.0,1.0,3.0,0.25,0.67,0.157,2.26,0.0,1.0,8.14,9.73,0.05,0.07,0.07,0.19,0.95,0.11,1.14,0.24,0.33,0.48,0.29,1.17,5.87,0.67,1.53,2.25,7.05,1.47,2.06,2.94,F,31.0,25.0,33.0,54.0,51.0,62.0,88.0,79.0,10.0,16.0,15.0
8481580,2025,Connor McMichael,WSH,L,5on5,78,59590.0,1370.0,37.07,10.0,17.0,9.0,36.0,105.0,13.07,41.0,22.0,50.0,11.0,6.0,38.0,43.51,48.62,0.47,0.47,0.47,79121.0,14.0,22.0,10.0,46.0,142.0,45.0,29.0,56.0,45.0,16.91,1.54,2.0,5.0,19.0,2.1,9.41,0.822,2.5,5.0,2.0,1.02,2.01,0.0,1.0,10.0,0.51,2.15,0.118,0.38,0.0,5.0,6.16,12.73,0.13,0.22,0.12,0.46,1.35,0.17,0.53,0.28,0.64,0.49,0.6,2.17,6.34,0.79,2.63,2.94,2.48,1.33,3.02,2.3,F,84.0,54.0,87.0,65.0,73.0,23.0,81.0,58.0,35.0,34.0,33.0
8479383,2025,Boris Katchouk,TBL,L,5on5,3,1877.0,41.0,0.75,0.0,0.0,0.0,0.0,0.0,0.15,5.0,0.0,0.0,0.0,0.0,2.0,2.04,0.76,0.73,0.6,0.62,2194.0,0.0,0.0,0.0,0.0,0.0,5.0,0.0,0.0,2.0,12.19,,,,,,,,,,,,1.42,0.0,0.0,0.0,0.0,0.32,0.762,0.0,0.0,0.0,1.41,10.43,0.0,0.0,0.0,0.0,0.0,0.05,1.67,0.0,0.0,0.67,0.0,0.0,0.0,0.29,3.91,1.46,9.59,0.0,0.0,3.84,F,5.0,9.0,5.0,1.0,7.0,74.0,6.0,90.0,99.0,97.0,99.0
8477497,2025,Sean Monahan,CBJ,C,5on5,78,59981.0,1318.0,41.84,7.0,6.0,5.0,18.0,98.0,12.0,42.0,19.0,42.0,4.0,11.0,22.0,47.88,43.89,0.52,0.52,0.51,80144.0,13.0,12.0,11.0,36.0,131.0,46.0,26.0,57.0,34.0,17.12,1.85,1.0,8.0,9.0,1.6,14.13,0.904,3.33,12.0,0.0,0.62,1.65,2.0,2.0,13.0,1.29,2.04,0.084,0.93,0.0,5.0,10.4,12.82,0.09,0.08,0.06,0.23,1.26,0.15,0.54,0.24,0.54,0.28,0.42,1.08,5.88,0.72,2.87,2.63,2.52,1.14,2.52,1.32,F,39.0,35.0,30.0,55.0,61.0,24.0,71.0,20.0,69.0,74.0,66.0
8478046,2025,Danton Heinen,CBJ,L,5on5,46,29888.0,677.0,15.98,6.0,3.0,2.0,11.0,43.0,5.79,54.0,9.0,21.0,8.0,4.0,22.0,20.47,14.59,0.58,0.53,0.54,31298.0,6.0,4.0,2.0,12.0,44.0,54.0,9.0,21.0,24.0,11.34,0.12,0.0,0.0,1.0,0.45,0.7,1.0,0.0,0.0,0.0,0.0,0.2,0.0,0.0,0.0,0.0,0.11,0.688,0.0,0.0,0.0,0.33,10.83,0.13,0.07,0.04,0.24,0.93,0.13,1.17,0.2,0.46,0.48,0.72,1.32,5.18,0.7,2.47,1.76,6.5,1.08,2.53,2.65,F,41.0,63.0,43.0,36.0,56.0,59.0,67.0,71.0,94.0,81.0,85.0
8481607,2025,Albert Johansson,DET,D,5on5,82,69003.0,1519.0,6.77,2.0,3.0,4.0,9.0,59.0,2.62,49.0,19.0,52.0,8.0,13.0,73.0,42.57,48.8,0.47,0.46,0.46,78424.0,3.0,4.0,4.0,11.0,61.0,56.0,23.0,57.0,93.0,15.94,0.2,0.0,0.0,1.0,0.15,1.06,0.964,0.0,4.0,1.0,0.14,1.29,1.0,2.0,1.0,0.13,1.2,0.071,1.13,0.0,1.0,8.92,14.02,0.02,0.04,0.05,0.11,0.72,0.03,0.6,0.23,0.63,0.89,0.1,0.47,3.08,0.14,2.22,2.55,2.56,0.99,2.71,3.81,D,24.0,42.0,24.0,34.0,39.0,45.0,73.0,45.0,38.0,28.0,27.0
8475200,2025,Dmitry Orlov,SJS,D,5on5,82,85577.0,1590.0,31.47,2.0,8.0,7.0,17.0,70.0,3.07,114.0,18.0,95.0,22.0,13.0,63.0,62.24,60.76,0.51,0.51,0.49,104283.0,3.0,18.0,16.0,37.0,91.0,123.0,22.0,105.0,77.0,21.2,2.4,1.0,18.0,16.0,0.88,25.77,0.898,5.49,7.0,2.0,0.89,0.76,0.0,0.0,0.0,0.0,0.89,0.083,0.0,1.0,1.0,9.42,17.39,0.02,0.1,0.09,0.21,0.85,0.04,1.39,0.22,1.16,0.77,0.08,0.72,2.94,0.13,2.62,2.56,4.8,0.76,4.0,2.65,D,55.0,37.0,44.0,29.0,33.0,74.0,49.0,13.0,66.0,70.0,52.0
8478882,2025,Vladislav Gavrikov,NYR,D,5on5,82,96321.0,1846.0,34.72,10.0,6.0,9.0,25.0,97.0,4.82,41.0,18.0,93.0,22.0,5.0,81.0,63.59,62.94,0.5,0.5,0.49,116728.0,14.0,9.0,12.0,35.0,119.0,50.0,22.0,103.0,104.0,23.73,0.93,3.0,6.0,10.0,1.9,11.94,0.884,4.7,4.0,0.0,1.22,2.42,0.0,1.0,4.0,0.23,2.33,0.082,0.3,3.0,3.0,7.85,19.58,0.12,0.07,0.11,0.3,1.18,0.06,0.5,0.22,1.13,0.99,0.37,0.93,3.63,0.18,2.38,2.35,1.53,0.67,3.48,3.03,D,78.0,87.0,67.0,53.0,61.0,28.0,41.0,22.0,59.0,62.0,52.0
8480840,2025,Oskar Bck,DAL,C,5on5,72,43083.0,947.0,12.8,4.0,2.0,5.0,11.0,34.0,5.73,29.0,12.0,36.0,4.0,7.0,25.0,25.86,22.75,0.53,0.49,0.5,53390.0,5.0,2.0,5.0,12.0,42.0,29.0,15.0,38.0,37.0,12.36,0.02,0.0,0.0,0.0,0.0,0.0,,0.0,3.0,0.0,0.0,2.23,1.0,1.0,8.0,0.57,1.55,0.065,0.37,0.0,3.0,8.28,9.97,0.06,0.03,0.07,0.15,0.47,0.08,0.4,0.17,0.5,0.35,0.33,0.92,2.84,0.48,2.16,1.9,2.42,1.0,3.01,2.09,F,23.0,28.0,24.0,5.0,18.0,22.0,61.0,51.0,74.0,51.0,58.0
8479533,2025,Joona Koppanen,PIT,L,5on5,13,8174.0,186.0,0.59,0.0,0.0,1.0,1.0,7.0,0.77,11.0,3.0,4.0,1.0,1.0,3.0,5.31,6.24,0.46,0.49,0.49,9468.0,0.0,0.0,1.0,1.0,7.0,11.0,4.0,5.0,4.0,12.14,0.01,0.0,0.0,0.0,0.0,0.0,,0.0,0.0,0.0,0.0,1.59,0.0,0.0,0.0,0.0,0.14,0.076,0.0,0.0,1.0,4.98,10.48,0.0,0.0,0.08,0.08,0.54,0.06,0.85,0.23,0.31,0.23,0.0,0.44,3.08,0.34,2.34,2.75,4.84,1.32,1.76,1.32,F,13.0,9.0,12.0,7.0,8.0,47.0,81.0,20.0,29.0,51.0,49.0
8484386,2025,Dmitri Simashev,UTA,D,5on5,28,24506.0,543.0,-0.1,0.0,1.0,0.0,1.0,26.0,1.02,14.0,1.0,30.0,5.0,2.0,26.0,16.16,18.21,0.47,0.47,0.49,25381.0,0.0,1.0,0.0,1.0,26.0,14.0,1.0,30.0,28.0,15.11,0.02,0.0,0.0,0.0,0.0,0.1,1.0,0.0,0.0,0.0,0.0,0.18,0.0,0.0,0.0,0.0,0.0,0.0,0.0,0.0,0.0,11.55,14.59,0.0,0.04,0.0,0.04,0.93,0.04,0.5,0.04,1.07,0.93,0.0,0.15,3.82,0.15,2.37,2.68,2.06,0.15,4.41,3.82,D,14.0,16.0,14.0,60.0,45.0,37.0,14.0,46.0,38.0,36.0,52.0
8480259,2025,Ben Jones,MIN,C,5on5,28,14042.0,304.0,-1.53,1.0,0.0,2.0,3.0,24.0,2.58,58.0,1.0,9.0,0.0,4.0,11.0,8.09,11.33,0.42,0.39,0.4,14837.0,1.0,0.0,2.0,3.0,26.0,58.0,1.0,9.0,11.0,8.83,0.06,0.0,0.0,1.0,0.07,0.75,1.0,0.0,0.0,0.0,0.0,0.24,0.0,0.0,0.0,0.0,0.01,0.021,0.0,0.0,0.0,4.21,8.36,0.04,0.0,0.07,0.11,0.86,0.09,2.07,0.04,0.32,0.39,0.26,0.77,6.15,0.66,2.07,2.9,14.87,0.26,2.31,2.82,F,16.0,23.0,19.0,60.0,49.0,90.0,13.0,76.0,14.0,6.0,7.0
8484380,2025,Wilmer Skoog,FLA,C,5on5,3,2447.0,54.0,1.9,0.0,2.0,0.0,2.0,4.0,0.21,2.0,0.0,1.0,2.0,1.0,4.0,1.56,1.96,0.44,0.45,0.53,2703.0,0.0,2.0,0.0,2.0,4.0,2.0,0.0,1.0,5.0,15.02,0.62,0.0,0.0,0.0,0.0,0.06,0.462,0.0,0.0,0.0,2.27,0.3,0.0,0.0,0.0,0.0,0.0,0.0,0.0,0.0,0.0,0.67,13.59,0.0,0.67,0.0,0.67,1.33,0.07,0.67,0.0,0.33,1.33,0.0,2.94,5.88,0.31,2.3,2.88,2.94,0.0,1.47,5.88,F,98.0,9.0,99.0,55.0,7.0,30.0,6.0,99.0,20.0,21.0,80.0
8484223,2025,Axel Sandin-Pellikka,DET,D,5on5,68,56353.0,1192.0,19.2,6.0,4.0,4.0,14.0,59.0,2.52,15.0,5.0,53.0,9.0,5.0,49.0,37.94,44.37,0.46,0.5,0.5,66140.0,7.0,7.0,7.0,21.0,68.0,17.0,8.0,60.0,54.0,16.21,1.69,1.0,7.0,9.0,0.94,12.99,0.905,3.66,2.0,2.0,0.71,0.29,0.0,0.0,0.0,0.0,0.06,0.026,0.0,0.0,0.0,6.91,13.81,0.09,0.06,0.06,0.21,0.87,0.04,0.22,0.07,0.78,0.72,0.38,0.89,3.77,0.16,2.42,2.83,0.96,0.32,3.39,3.13,D,55.0,89.0,63.0,57.0,51.0,12.0,16.0,25.0,31.0,62.0,62.0
8483482,2025,Tristan Luneau,ANA,D,5on5,1,697.0,16.0,2.05,1.0,0.0,0.0,1.0,2.0,0.32,1.0,0.0,0.0,0.0,0.0,1.0,0.97,0.34,0.74,0.77,0.75,697.0,1.0,0.0,0.0,1.0,2.0,1.0,0.0,0.0,1.0,11.62,,,,,,,,,,,,,,,,,,,,,,,11.62,1.0,0.0,0.0,1.0,2.0,0.32,1.0,0.0,0.0,1.0,5.16,5.16,10.33,1.65,5.01,1.76,5.16,0.0,0.0,5.16,D,100.0,100.0,100.0,100.0,100.0,79.0,7.0,80.0,100.0,100.0,100.0
8482176,2025,Wyatt Kaiser,CHI,D,5on5,77,79562.0,1606.0,6.23,6.0,4.0,6.0,16.0,69.0,3.67,42.0,32.0,86.0,16.0,10.0,52.0,46.86,62.24,0.43,0.45,0.44,90614.0,6.0,5.0,6.0,17.0,75.0,45.0,36.0,89.0,69.0,19.61,0.08,0.0,0.0,0.0,0.0,0.19,1.0,0.0,9.0,0.0,0.0,1.83,0.0,0.0,3.0,0.26,1.86,0.102,0.0,0.0,4.0,6.99,17.22,0.08,0.05,0.08,0.21,0.9,0.05,0.55,0.42,1.12,0.68,0.27,0.72,3.12,0.17,2.12,2.82,1.9,1.45,3.89,2.35,D,55.0,77.0,44.0,36.0,57.0,35.0,92.0,9.0,16.0,20.0,16.0
8476457,2025,Adam Larsson,SEA,D,5on5,82,89608.0,1684.0,13.1,7.0,10.0,8.0,25.0,101.0,3.63,106.0,15.0,48.0,21.0,2.0,133.0,55.02,69.35,0.44,0.45,0.45,105156.0,7.0,10.0,8.0,25.0,106.0,110.0,16.0,53.0,163.0,21.37,0.06,0.0,0.0,0.0,0.04,0.26,0.963,0.0,7.0,0.0,0.12,2.39,0.0,0.0,3.0,0.09,0.79,0.028,0.0,0.0,0.0,8.33,18.21,0.09,0.12,0.1,0.3,1.23,0.04,1.29,0.18,0.59,1.62,0.28,1.0,4.06,0.15,2.21,2.79,4.26,0.6,1.93,5.34,D,78.0,79.0,70.0,68.0,45.0,67.0,32.0,82.0,19.0,20.0,21.0
8478841,2025,Colton White,NJD,D,5on5,23,16693.0,384.0,3.15,0.0,0.0,3.0,3.0,14.0,0.42,23.0,4.0,21.0,1.0,2.0,15.0,9.22,10.04,0.48,0.47,0.48,16913.0,0.0,1.0,3.0,4.0,14.0,23.0,4.0,21.0,16.0,12.26,,,,,,,,,,,,0.1,0.0,0.0,0.0,0.0,0.0,,0.0,0.0,0.0,0.0,12.1,0.0,0.0,0.13,0.13,0.61,0.02,1.0,0.17,0.91,0.65,0.0,0.65,3.02,0.09,1.99,2.17,4.96,0.86,4.53,3.23,D,29.0,16.0,37.0,32.0,14.0,76.0,60.0,28.0,44.0,36.0,42.0
8482074,2025,Connor Zary,CGY,C,5on5,74,54902.0,1180.0,26.84,9.0,3.0,5.0,17.0,88.0,10.94,45.0,12.0,36.0,8.0,14.0,16.0,36.39,39.88,0.48,0.5,0.49,63798.0,12.0,5.0,8.0,25.0,111.0,45.0,14.0,44.0,17.0,14.37,1.61,1.0,5.0,18.0,2.49,11.6,0.85,2.53,0.0,2.0,1.03,0.01,0.0,0.0,0.0,0.0,0.0,,0.0,0.0,0.0,0.0,12.37,0.12,0.04,0.07,0.23,1.19,0.15,0.61,0.16,0.49,0.22,0.59,1.11,5.77,0.72,2.39,2.61,2.95,0.79,2.36,1.05,F,39.0,52.0,31.0,51.0,61.0,30.0,42.0,11.0,42.0,61.0,49.0
8476392,2025,Adam Lowry,WPG,C,5on5,70,52781.0,1218.0,23.99,4.0,8.0,6.0,18.0,64.0,9.64,138.0,10.0,33.0,9.0,10.0,31.0,32.41,35.61,0.48,0.51,0.51,62880.0,5.0,10.0,6.0,21.0,71.0,150.0,18.0,36.0,48.0,14.97,0.07,0.0,0.0,0.0,0.0,0.29,0.967,0.0,4.0,0.0,0.12,1.61,1.0,2.0,5.0,1.51,2.69,0.147,1.06,0.0,4.0,8.26,12.57,0.06,0.11,0.09,0.26,0.91,0.14,1.97,0.14,0.47,0.44,0.27,1.23,4.37,0.66,2.21,2.43,9.41,0.68,2.25,2.11,F,47.0,23.0,37.0,19.0,49.0,73.0,31.0,51.0,42.0,68.0,66.0
8480990,2025,Declan Chisholm,WSH,D,5on5,26,20504.0,392.0,6.75,1.0,3.0,3.0,7.0,19.0,0.59,11.0,4.0,27.0,2.0,4.0,22.0,13.92,18.3,0.43,0.48,0.47,21412.0,1.0,3.0,3.0,7.0,20.0,11.0,5.0,28.0,22.0,13.73,0.31,0.0,0.0,0.0,0.0,0.1,0.27,0.0,0.0,0.0,1.99,0.24,0.0,0.0,1.0,0.01,0.03,0.024,0.0,0.0,1.0,11.87,13.14,0.04,0.12,0.12,0.27,0.73,0.02,0.42,0.15,1.04,0.85,0.18,1.23,3.34,0.1,2.44,3.21,1.93,0.7,4.74,3.86,D,70.0,60.0,86.0,43.0,18.0,35.0,44.0,48.0,16.0,44.0,34.0
8482072,2025,Jack Ahcan,COL,D,5on5,11,7572.0,172.0,4.82,0.0,1.0,1.0,2.0,9.0,0.42,6.0,0.0,6.0,1.0,0.0,6.0,8.22,5.04,0.62,0.6,0.58,7611.0,0.0,1.0,1.0,2.0,9.0,6.0,0.0,6.0,6.0,11.53,0.01,0.0,0.0,0.0,0.0,0.0,,0.0,0.0,0.0,0.0,0.01,0.0,0.0,0.0,0.0,0.0,,0.0,0.0,0.0,0.0,11.47,0.0,0.09,0.09,0.18,0.82,0.04,0.55,0.0,0.55,0.55,0.0,0.95,4.28,0.2,3.91,2.4,2.85,0.0,2.85,2.85,D,44.0,16.0,69.0,73.0,70.0,50.0,7.0,16.0,98.0,97.0,95.0
8482073,2025,Braden Schneider,NYR,D,5on5,82,85297.0,1704.0,13.4,2.0,9.0,6.0,17.0,95.0,3.47,148.0,19.0,83.0,12.0,5.0,109.0,47.67,61.5,0.44,0.46,0.45,100576.0,2.0,10.0,6.0,18.0,102.0,163.0,22.0,96.0,140.0,20.44,0.36,0.0,0.0,2.0,0.01,2.2,0.772,0.0,11.0,1.0,1.33,2.26,0.0,0.0,4.0,0.05,2.18,0.081,0.0,0.0,1.0,7.97,17.34,0.02,0.11,0.07,0.21,1.16,0.04,1.8,0.23,1.01,1.33,0.08,0.72,4.01,0.15,2.01,2.6,6.25,0.8,3.5,4.6,D,55.0,37.0,44.0,66.0,45.0,86.0,54.0,67.0,19.0,28.0,21.0
8482078,2025,Lucas Raymond,DET,L,5on5,80,68730.0,1490.0,69.48,16.0,15.0,6.0,37.0,116.0,11.38,40.0,27.0,61.0,7.0,25.0,24.0,45.13,47.91,0.49,0.51,0.51,90235.0,25.0,34.0,17.0,76.0,173.0,43.0,31.0,76.0,29.0,18.8,3.14,7.0,26.0,45.0,5.72,37.99,0.921,6.21,1.0,2.0,0.78,0.21,0.0,0.0,1.0,0.09,0.12,0.188,0.0,0.0,0.0,1.85,14.32,0.2,0.19,0.08,0.46,1.45,0.14,0.5,0.34,0.76,0.3,0.84,1.94,6.08,0.6,2.36,2.51,2.1,1.41,3.2,1.26,F,84.0,76.0,80.0,59.0,37.0,20.0,86.0,18.0,48.0,68.0,66.0
8477903,2025,Garnet Hathaway,PHI,R,5on5,66,36186.0,878.0,1.6,1.0,0.0,2.0,3.0,31.0,3.39,242.0,5.0,31.0,18.0,19.0,45.0,16.88,18.28,0.48,0.45,0.47,41194.0,1.0,0.0,2.0,3.0,34.0,252.0,9.0,35.0,58.0,10.4,0.03,0.0,0.0,0.0,0.0,0.02,1.0,0.0,1.0,0.0,0.0,1.12,0.0,0.0,3.0,0.2,0.57,0.061,0.0,0.0,3.0,7.17,9.14,0.02,0.0,0.03,0.05,0.47,0.05,3.67,0.08,0.47,0.68,0.1,0.3,3.08,0.34,1.68,1.82,24.08,0.5,3.08,4.48,F,11.0,17.0,11.0,7.0,8.0,99.0,20.0,94.0,42.0,21.0,33.0
8478859,2025,Niko Mikkola,FLA,D,5on5,68,70462.0,1518.0,17.9,3.0,3.0,5.0,11.0,59.0,3.45,99.0,13.0,65.0,17.0,12.0,63.0,46.99,48.55,0.49,0.52,0.51,83051.0,3.0,3.0,5.0,11.0,68.0,116.0,16.0,73.0,81.0,20.36,0.12,0.0,0.0,3.0,0.06,0.25,0.862,0.0,8.0,0.0,0.31,2.26,0.0,0.0,2.0,0.08,3.0,0.189,0.0,0.0,3.0,5.02,17.27,0.04,0.04,0.07,0.16,0.87,0.05,1.46,0.19,0.96,0.93,0.15,0.56,3.01,0.18,2.4,2.48,5.06,0.66,3.32,3.22,D,37.0,53.0,31.0,31.0,61.0,77.0,38.0,27.0,50.0,76.0,70.0
8479325,2025,Charlie McAvoy,BOS,D,5on5,69,72350.0,1445.0,53.87,8.0,13.0,9.0,30.0,83.0,5.99,66.0,22.0,75.0,21.0,20.0,91.0,52.35,55.66,0.48,0.49,0.5,100973.0,11.0,30.0,20.0,61.0,111.0,79.0,29.0,88.0,129.0,24.39,2.88,2.0,20.0,19.0,1.94,28.0,0.844,6.05,16.0,4.0,1.56,2.67,0.0,0.0,2.0,0.35,2.22,0.105,0.0,1.0,2.0,6.18,17.48,0.12,0.19,0.13,0.43,1.2,0.09,0.96,0.32,1.09,1.32,0.4,1.49,4.13,0.3,2.6,2.77,3.28,1.09,3.73,4.53,D,93.0,90.0,92.0,70.0,94.0,55.0,79.0,66.0,44.0,53.0,62.0
8478427,2025,Sebastian Aho,CAR,C,5on5,79,65306.0,1344.0,95.63,14.0,15.0,7.0,36.0,122.0,14.56,54.0,21.0,76.0,17.0,15.0,18.0,57.16,44.03,0.56,0.62,0.6,92963.0,27.0,32.0,21.0,80.0,195.0,63.0,31.0,109.0,23.0,19.61,2.9,6.0,22.0,39.0,6.06,29.22,0.876,5.76,3.0,1.0,1.08,1.64,2.0,5.0,18.0,2.27,5.5,0.317,2.32,0.0,6.0,5.48,13.78,0.18,0.19,0.09,0.46,1.54,0.18,0.68,0.27,0.96,0.23,0.77,1.98,6.73,0.8,3.15,2.43,2.98,1.16,4.19,0.99,F,84.0,69.0,81.0,71.0,76.0,30.0,72.0,10.0,88.0,99.0,98.0
8474037,2025,James van Riemsdyk,DET,L,5on5,72,41399.0,963.0,25.91,8.0,5.0,7.0,20.0,65.0,9.25,13.0,8.0,34.0,6.0,9.0,28.0,27.7,29.96,0.48,0.47,0.48,50770.0,15.0,8.0,8.0,31.0,99.0,15.0,11.0,39.0,28.0,11.75,1.76,7.0,10.0,29.0,7.86,20.02,0.895,4.73,0.0,2.0,1.11,,,,,,,,,,,,9.58,0.11,0.07,0.1,0.28,0.9,0.13,0.18,0.11,0.47,0.39,0.7,1.74,5.65,0.8,2.41,2.61,1.13,0.7,2.96,2.43,F,50.0,61.0,69.0,48.0,76.0,9.0,33.0,64.0,42.0,34.0,41.0
8478500,2025,Ivan Provorov,CBJ,D,5on5,82,97505.0,1737.0,40.8,8.0,7.0,7.0,22.0,130.0,5.83,27.0,24.0,102.0,13.0,7.0,99.0,71.24,65.64,0.52,0.5,0.49,122087.0,9.0,13.0,9.0,31.0,158.0,28.0,29.0,112.0,134.0,24.81,1.08,1.0,5.0,19.0,1.07,9.4,0.91,3.4,21.0,0.0,0.63,2.93,0.0,0.0,2.0,0.06,2.83,0.081,0.0,0.0,3.0,8.07,19.82,0.1,0.09,0.09,0.27,1.59,0.07,0.33,0.29,1.24,1.21,0.3,0.81,4.8,0.22,2.63,2.42,1.0,0.89,3.77,3.66,D,70.0,82.0,56.0,83.0,78.0,13.0,64.0,40.0,71.0,62.0,52.0
8481604,2025,Pavel Dorofeyev,VGK,R,5on5,82,66676.0,1355.0,76.24,15.0,11.0,6.0,32.0,140.0,14.52,26.0,13.0,55.0,11.0,8.0,26.0,47.11,37.41,0.56,0.56,0.55,86614.0,37.0,18.0,9.0,64.0,230.0,27.0,17.0,64.0,28.0,17.6,3.29,19.0,29.0,75.0,12.92,41.81,0.926,6.45,0.0,4.0,0.74,0.0,0.0,0.0,0.0,0.0,0.0,,0.0,0.0,0.0,0.0,13.55,0.18,0.13,0.07,0.39,1.71,0.18,0.32,0.16,0.67,0.32,0.81,1.73,7.56,0.78,2.54,2.02,1.4,0.7,2.97,1.4,F,74.0,73.0,69.0,85.0,72.0,12.0,33.0,24.0,88.0,91.0,89.0
8479992,2025,Michael Rasmussen,DET,C,5on5,64,40958.0,958.0,9.95,3.0,5.0,2.0,10.0,54.0,7.4,64.0,6.0,27.0,3.0,4.0,46.0,25.71,28.3,0.48,0.45,0.46,48576.0,6.0,6.0,2.0,14.0,65.0,64.0,10.0,28.0,63.0,12.65,0.21,0.0,0.0,1.0,0.05,0.33,0.767,0.0,5.0,0.0,0.44,1.35,1.0,1.0,5.0,0.84,2.25,0.188,0.69,0.0,3.0,6.75,10.67,0.05,0.08,0.03,0.16,0.84,0.12,1.0,0.09,0.42,0.72,0.26,0.88,4.75,0.65,2.26,2.49,5.63,0.53,2.37,4.04,F,24.0,23.0,22.0,26.0,47.0,53.0,22.0,92.0,42.0,21.0,25.0
8471675,2025,Sidney Crosby,PIT,C,5on5,68,61928.0,1277.0,67.35,16.0,16.0,11.0,43.0,99.0,10.75,55.0,21.0,62.0,15.0,14.0,28.0,45.78,46.48,0.5,0.5,0.51,78462.0,29.0,28.0,17.0,74.0,160.0,60.0,24.0,73.0,30.0,19.23,2.96,9.0,21.0,46.0,8.45,30.92,0.874,6.26,0.0,1.0,1.33,0.04,0.0,0.0,0.0,0.0,0.0,0.0,0.0,0.0,0.0,3.21,15.18,0.24,0.24,0.16,0.63,1.46,0.16,0.81,0.31,0.91,0.41,0.93,2.5,5.76,0.62,2.66,2.7,3.2,1.22,3.6,1.63,F,97.0,82.0,95.0,51.0,41.0,33.0,76.0,33.0,55.0,61.0,66.0
8479442,2025,Troy Stecher,TOR,D,5on5,64,64261.0,1466.0,5.95,2.0,5.0,6.0,13.0,59.0,2.59,24.0,11.0,69.0,10.0,6.0,66.0,41.97,50.73,0.45,0.45,0.45,73679.0,3.0,5.0,6.0,14.0,64.0,30.0,13.0,71.0,79.0,19.19,0.03,0.0,0.0,0.0,0.0,0.64,1.0,0.0,3.0,0.0,0.0,1.86,0.0,0.0,2.0,0.03,1.1,0.06,0.0,0.0,1.0,8.63,16.73,0.03,0.08,0.09,0.2,0.92,0.04,0.38,0.17,1.08,1.03,0.11,0.73,3.31,0.15,2.35,2.84,1.34,0.62,3.87,3.7,D,51.0,44.0,45.0,42.0,45.0,22.0,34.0,41.0,24.0,20.0,21.0
8478233,2025,Andrew Mangiapane,CHI,L,5on5,62,44096.0,959.0,13.43,7.0,5.0,2.0,14.0,53.0,7.38,65.0,8.0,35.0,11.0,13.0,26.0,25.46,29.19,0.47,0.49,0.48,46442.0,8.0,5.0,3.0,16.0,58.0,65.0,8.0,36.0,28.0,12.48,0.14,0.0,0.0,2.0,0.3,0.39,1.0,0.0,0.0,0.0,0.0,0.3,0.0,0.0,0.0,0.07,0.16,0.041,0.0,0.0,0.0,12.22,11.85,0.11,0.08,0.03,0.23,0.85,0.12,1.05,0.13,0.56,0.42,0.57,1.14,4.33,0.6,2.08,2.38,5.31,0.65,2.86,2.12,F,39.0,49.0,32.0,19.0,37.0,51.0,29.0,52.0,35.0,51.0,41.0
8481568,2025,Alex Vlasic,CHI,D,5on5,80,85063.0,1696.0,10.6,2.0,9.0,7.0,18.0,78.0,2.73,25.0,18.0,81.0,7.0,6.0,94.0,48.22,71.3,0.4,0.45,0.44,101158.0,2.0,11.0,8.0,21.0,86.0,28.0,28.0,92.0,117.0,21.07,0.08,0.0,0.0,2.0,0.06,0.13,0.812,0.0,6.0,0.0,0.27,2.72,0.0,1.0,4.0,0.07,2.01,0.067,0.28,0.0,8.0,7.73,17.72,0.02,0.11,0.09,0.22,0.98,0.03,0.31,0.22,1.01,1.18,0.08,0.76,3.3,0.12,2.04,3.02,1.06,0.76,3.43,3.98,D,59.0,37.0,50.0,42.0,27.0,15.0,49.0,51.0,10.0,20.0,16.0
8475810,2025,Bryan Rust,PIT,R,5on5,72,61982.0,1305.0,60.67,17.0,10.0,6.0,33.0,114.0,14.27,27.0,8.0,61.0,11.0,11.0,48.0,44.4,48.22,0.48,0.49,0.49,86160.0,29.0,20.0,16.0,65.0,183.0,35.0,13.0,78.0,71.0,19.94,3.13,8.0,22.0,44.0,8.98,34.61,0.885,5.85,11.0,2.0,1.19,1.53,1.0,2.0,7.0,1.09,2.34,0.18,1.09,0.0,3.0,5.81,14.35,0.24,0.14,0.08,0.46,1.58,0.2,0.38,0.11,0.85,0.67,0.99,1.92,6.62,0.83,2.58,2.8,1.57,0.46,3.54,2.79,F,84.0,86.0,79.0,69.0,80.0,14.0,18.0,76.0,42.0,51.0,49.0
8476927,2025,Teddy Blueger,VAN,C,5on5,35,29839.0,637.0,7.72,5.0,2.0,5.0,12.0,40.0,4.75,53.0,8.0,26.0,8.0,3.0,15.0,16.54,24.55,0.4,0.44,0.43,34675.0,9.0,3.0,5.0,17.0,51.0,55.0,8.0,26.0,16.0,16.51,0.12,1.0,1.0,1.0,0.71,0.82,1.0,14.88,0.0,0.0,0.0,1.78,2.0,2.0,8.0,0.35,1.5,0.172,1.93,0.0,0.0,6.96,14.21,0.14,0.06,0.14,0.34,1.14,0.14,1.51,0.23,0.74,0.43,0.6,1.45,4.83,0.57,2.0,2.96,6.39,0.97,3.14,1.81,F,65.0,54.0,52.0,27.0,30.0,58.0,59.0,39.0,10.0,16.0,12.0
8477499,2025,Rasmus Ristolainen,PHI,D,5on5,44,46380.0,1006.0,13.75,0.0,4.0,5.0,9.0,42.0,2.52,43.0,9.0,35.0,5.0,10.0,47.0,31.19,29.5,0.51,0.48,0.48,56459.0,1.0,4.0,9.0,14.0,58.0,48.0,12.0,39.0,63.0,21.39,1.25,0.0,1.0,9.0,0.44,6.79,0.947,1.09,6.0,0.0,0.41,1.61,0.0,1.0,0.0,0.0,1.52,0.181,0.85,2.0,2.0,5.83,17.57,0.0,0.09,0.11,0.2,0.95,0.06,0.98,0.2,0.8,1.07,0.0,0.7,3.26,0.2,2.42,2.29,3.34,0.7,2.72,3.65,D,51.0,16.0,42.0,39.0,70.0,55.0,44.0,40.0,66.0,44.0,42.0
8481562,2025,Domenick Fensore,CAR,D,5on5,1,1086.0,24.0,-0.7,0.0,0.0,0.0,0.0,2.0,0.04,1.0,0.0,0.0,0.0,0.0,3.0,0.17,1.44,0.11,0.28,0.27,1162.0,0.0,0.0,0.0,0.0,2.0,1.0,0.0,0.0,3.0,19.37,,,,,,,,,,,,1.08,0.0,0.0,0.0,0.0,0.0,0.0,0.0,0.0,0.0,0.55,18.1,0.0,0.0,0.0,0.0,2.0,0.04,1.0,0.0,0.0,3.0,0.0,0.0,6.63,0.13,0.56,4.77,3.31,0.0,0.0,9.94,D,7.0,16.0,7.0,97.0,33.0,55.0,7.0,99.0,0.0,2.0,1.0
8481560,2025,Arthur Kaliyev,OTT,R,5on5,2,1134.0,24.0,1.15,0.0,0.0,0.0,0.0,3.0,0.3,0.0,0.0,1.0,0.0,0.0,0.0,1.41,1.52,0.48,0.56,0.53,1273.0,0.0,0.0,1.0,1.0,4.0,0.0,0.0,2.0,0.0,10.61,1.16,0.0,1.0,1.0,0.09,0.44,1.0,25.9,0.0,0.0,0.0,,,,,,,,,,,,9.45,0.0,0.0,0.0,0.0,1.5,0.15,0.0,0.0,0.5,0.0,0.0,0.0,9.52,0.95,4.48,4.83,0.0,0.0,3.17,0.0,F,5.0,9.0,5.0,97.0,93.0,1.0,6.0,2.0,42.0,91.0,80.0
8477939,2025,William Nylander,TOR,R,5on5,65,60020.0,1241.0,63.91,17.0,18.0,9.0,44.0,104.0,10.71,11.0,25.0,56.0,7.0,9.0,20.0,42.0,46.25,0.48,0.48,0.48,75721.0,30.0,37.0,12.0,79.0,156.0,13.0,31.0,68.0,26.0,19.42,2.67,6.0,18.0,29.0,3.33,22.24,0.869,6.22,1.0,1.0,1.15,0.08,0.0,0.0,0.0,0.0,0.0,0.0,0.0,0.0,1.0,3.28,15.39,0.26,0.28,0.14,0.68,1.6,0.16,0.17,0.38,0.86,0.31,1.02,2.64,6.24,0.64,2.52,2.77,0.66,1.5,3.36,1.2,F,98.0,87.0,97.0,63.0,45.0,4.0,89.0,16.0,42.0,42.0,41.0
8482206,2025,Ethan Cardwell,SJS,R,5on5,7,4782.0,106.0,-0.35,1.0,0.0,0.0,1.0,6.0,0.9,9.0,3.0,5.0,1.0,0.0,1.0,2.54,4.99,0.34,0.43,0.38,5011.0,1.0,0.0,0.0,1.0,6.0,9.0,3.0,5.0,1.0,11.93,0.15,0.0,0.0,0.0,0.0,0.15,1.0,0.0,0.0,0.0,0.0,0.29,0.0,0.0,0.0,0.0,0.01,0.022,0.0,0.0,0.0,12.98,11.39,0.14,0.0,0.0,0.14,0.86,0.13,1.29,0.43,0.71,0.14,0.75,0.75,4.52,0.68,1.91,3.76,6.78,2.26,3.76,0.75,F,21.0,67.0,18.0,22.0,53.0,61.0,97.0,7.0,5.0,12.0,5.0
8475191,2025,Reilly Smith,VGK,R,5on5,69,50302.0,1086.0,26.59,11.0,6.0,4.0,21.0,81.0,7.86,23.0,9.0,56.0,2.0,7.0,12.0,32.56,34.21,0.49,0.51,0.51,56649.0,16.0,6.0,4.0,26.0,95.0,25.0,10.0,62.0,13.0,13.68,0.42,1.0,1.0,6.0,0.88,2.41,0.87,2.09,0.0,0.0,0.75,0.89,1.0,1.0,3.0,0.88,1.6,0.24,0.98,0.0,1.0,4.96,12.15,0.16,0.09,0.06,0.3,1.17,0.11,0.33,0.13,0.81,0.17,0.79,1.5,5.8,0.56,2.33,2.45,1.65,0.64,4.01,0.86,F,56.0,71.0,55.0,52.0,28.0,15.0,28.0,8.0,48.0,68.0,66.0
8475343,2025,Nic Dowd,VGK,C,5on5,75,53941.0,1199.0,16.19,4.0,1.0,11.0,16.0,60.0,7.64,136.0,15.0,38.0,24.0,17.0,34.0,30.73,36.31,0.46,0.49,0.49,65439.0,5.0,4.0,12.0,21.0,66.0,140.0,19.0,43.0,50.0,14.54,0.07,0.0,0.0,0.0,0.0,0.03,0.3,0.0,4.0,0.0,0.85,2.11,1.0,1.0,5.0,0.39,1.05,0.052,0.38,0.0,3.0,7.28,11.99,0.05,0.01,0.15,0.21,0.8,0.1,1.81,0.2,0.51,0.45,0.27,1.07,4.0,0.51,2.05,2.42,9.08,1.0,2.54,2.27,F,35.0,23.0,30.0,13.0,22.0,71.0,61.0,57.0,29.0,51.0,49.0
8484304,2025,Uvis Balinskis,FLA,D,5on5,54,46153.0,1006.0,16.3,2.0,4.0,3.0,9.0,48.0,2.36,68.0,15.0,29.0,13.0,10.0,34.0,28.35,34.17,0.45,0.51,0.49,53043.0,5.0,5.0,5.0,15.0,66.0,71.0,23.0,33.0,42.0,16.37,1.17,3.0,6.0,13.0,1.44,10.26,0.935,5.68,4.0,5.0,0.67,0.45,0.0,0.0,0.0,0.0,0.67,0.479,0.0,1.0,1.0,1.79,14.24,0.04,0.07,0.06,0.17,0.89,0.04,1.26,0.28,0.54,0.63,0.16,0.7,3.74,0.18,2.21,2.67,5.3,1.17,2.26,2.65,D,40.0,56.0,42.0,56.0,61.0,80.0,85.0,13.0,24.0,70.0,52.0
8485395,2025,James Hagens,BOS,C,5on5,2,1746.0,37.0,0.54,0.0,0.0,1.0,1.0,2.0,0.17,1.0,3.0,3.0,1.0,0.0,0.0,0.74,0.59,0.56,0.47,0.51,1746.0,0.0,0.0,1.0,1.0,2.0,1.0,3.0,3.0,0.0,14.55,,,,,,,,,,,,,,,,,,,,,,,14.55,0.0,0.0,0.5,0.5,1.0,0.08,0.5,1.5,1.5,0.0,0.0,2.06,4.12,0.35,1.53,1.22,2.06,6.19,6.19,0.0,F,90.0,9.0,84.0,15.0,9.0,19.0,100.0,2.0,88.0,34.0,66.0
8485402,2025,Michael Misa,SJS,C,5on5,45,30883.0,634.0,18.55,6.0,2.0,8.0,16.0,49.0,6.23,14.0,7.0,25.0,5.0,5.0,23.0,23.37,23.62,0.5,0.5,0.48,34589.0,9.0,3.0,9.0,21.0,58.0,14.0,8.0,28.0,23.0,12.81,1.16,2.0,4.0,8.0,3.29,5.52,0.882,4.6,0.0,1.0,0.85,0.01,0.0,0.0,0.0,0.0,0.0,,0.0,0.0,0.0,0.0,11.44,0.13,0.04,0.18,0.36,1.09,0.14,0.31,0.16,0.56,0.51,0.7,1.87,5.71,0.73,2.72,2.75,1.63,0.82,2.91,2.68,F,69.0,61.0,77.0,49.0,64.0,14.0,45.0,72.0,55.0,61.0,41.0
8481848,2025,Jacob Gaucher,PHI,C,5on5,4,2014.0,44.0,0.53,0.0,0.0,0.0,0.0,4.0,0.28,3.0,0.0,3.0,0.0,1.0,1.0,0.76,1.1,0.41,0.54,0.58,2114.0,0.0,0.0,0.0,0.0,4.0,3.0,0.0,3.0,1.0,8.81,0.02,0.0,0.0,0.0,0.0,0.0,,0.0,0.0,0.0,0.0,0.39,0.0,0.0,0.0,0.0,0.0,,0.0,0.0,0.0,0.0,8.39,0.0,0.0,0.0,0.0,1.0,0.07,0.75,0.0,0.75,0.25,0.0,0.0,7.15,0.5,1.36,1.97,5.36,0.0,5.36,1.79,F,5.0,9.0,5.0,80.0,21.0,51.0,6.0,38.0,12.0,85.0,95.0
8482684,2025,Luke Hughes,NJD,D,5on5,68,78199.0,1433.0,43.6,4.0,7.0,8.0,19.0,117.0,6.07,19.0,25.0,89.0,15.0,7.0,42.0,56.83,56.02,0.5,0.54,0.53,93886.0,6.0,12.0,17.0,35.0,150.0,19.0,29.0,108.0,52.0,23.01,1.91,1.0,12.0,22.0,1.47,21.27,0.95,5.54,3.0,1.0,0.52,1.22,0.0,0.0,4.0,0.06,2.15,0.175,0.0,1.0,2.0,7.3,19.17,0.06,0.1,0.12,0.28,1.72,0.09,0.28,0.37,1.31,0.62,0.18,0.87,5.39,0.28,2.62,2.58,0.87,1.15,4.1,1.93,D,73.0,60.0,61.0,89.0,92.0,11.0,83.0,4.0,59.0,87.0,82.0
8481004,2025,Josiah Slavin,CAR,L,5on5,2,1547.0,32.0,0.3,0.0,0.0,0.0,0.0,0.0,0.14,1.0,1.0,0.0,1.0,0.0,1.0,0.89,0.82,0.52,0.6,0.57,1802.0,0.0,0.0,0.0,0.0,0.0,1.0,1.0,0.0,1.0,15.02,,,,,,,,,,,,1.81,0.0,0.0,0.0,0.0,0.0,0.0,0.0,0.0,0.0,1.66,12.89,0.0,0.0,0.0,0.0,0.0,0.07,0.5,0.5,0.0,0.5,0.0,0.0,0.0,0.33,2.07,1.91,2.33,2.33,0.0,2.33,F,5.0,9.0,5.0,1.0,8.0,22.0,98.0,61.0,69.0,97.0,94.0
8480336,2025,Sean Walker,CAR,D,5on5,81,88882.0,1830.0,70.07,7.0,6.0,10.0,23.0,164.0,6.91,112.0,31.0,86.0,24.0,13.0,98.0,74.05,54.18,0.58,0.61,0.61,106007.0,9.0,10.0,12.0,31.0,179.0,141.0,33.0,96.0,125.0,21.81,0.74,0.0,1.0,7.0,0.63,5.68,0.834,1.01,9.0,1.0,1.14,1.85,0.0,0.0,3.0,0.21,3.42,0.17,0.0,0.0,1.0,6.72,18.29,0.09,0.07,0.12,0.28,2.02,0.09,1.38,0.38,1.06,1.21,0.28,0.93,6.64,0.28,3.0,2.19,4.54,1.26,3.48,3.97,D,73.0,79.0,67.0,97.0,92.0,72.0,88.0,50.0,93.0,98.0,98.0
8478452,2025,Caleb Jones,PIT,D,5on5,7,6420.0,125.0,0.38,0.0,1.0,0.0,1.0,5.0,0.21,10.0,1.0,4.0,0.0,1.0,13.0,5.11,5.81,0.47,0.42,0.44,7212.0,0.0,1.0,0.0,1.0,5.0,10.0,1.0,4.0,15.0,17.17,0.21,0.0,0.0,0.0,0.0,0.02,1.0,0.0,0.0,0.0,0.0,1.29,0.0,0.0,0.0,0.0,0.17,0.198,0.0,0.0,0.0,4.59,15.29,0.0,0.14,0.0,0.14,0.71,0.03,1.43,0.14,0.57,1.86,0.0,0.56,2.8,0.12,2.87,3.26,5.61,0.56,2.24,7.29,D,32.0,16.0,31.0,24.0,27.0,82.0,30.0,97.0,38.0,10.0,16.0
8481481,2025,Blake Lizotte,PIT,C,5on5,55,36610.0,819.0,21.33,4.0,4.0,6.0,14.0,42.0,5.57,45.0,6.0,29.0,10.0,9.0,20.0,26.77,24.72,0.52,0.53,0.53,45786.0,7.0,6.0,6.0,19.0,49.0,49.0,12.0,32.0,35.0,13.87,0.04,0.0,0.0,0.0,0.0,0.24,1.0,0.0,5.0,0.0,0.0,2.32,0.0,0.0,3.0,0.52,2.29,0.185,0.0,0.0,3.0,4.74,11.09,0.07,0.07,0.11,0.25,0.76,0.1,0.82,0.11,0.53,0.36,0.39,1.38,4.13,0.55,2.63,2.43,4.43,0.59,2.85,1.97,F,45.0,33.0,47.0,15.0,27.0,43.0,26.0,46.0,69.0,81.0,80.0
8479323,2025,Adam Fox,NYR,D,5on5,55,61553.0,1238.0,56.08,2.0,8.0,12.0,22.0,60.0,3.32,24.0,26.0,56.0,8.0,7.0,64.0,48.9,35.98,0.58,0.56,0.54,77975.0,9.0,17.0,27.0,53.0,91.0,24.0,36.0,65.0,74.0,23.63,3.23,5.0,23.0,23.0,2.25,28.66,0.9,7.78,1.0,7.0,1.08,0.71,0.0,1.0,1.0,0.02,0.77,0.141,1.54,3.0,0.0,7.25,18.65,0.04,0.15,0.22,0.4,1.09,0.06,0.44,0.47,1.02,1.16,0.12,1.29,3.51,0.19,2.86,2.1,1.4,1.52,3.28,3.74,D,92.0,47.0,88.0,48.0,65.0,24.0,95.0,42.0,93.0,92.0,87.0
8480874,2025,Adam Ginning,PHI,D,5on5,5,3945.0,86.0,-1.15,0.0,0.0,0.0,0.0,2.0,0.08,4.0,0.0,5.0,0.0,0.0,3.0,1.39,2.24,0.38,0.35,0.3,4602.0,0.0,0.0,0.0,0.0,2.0,4.0,0.0,5.0,5.0,15.34,0.01,0.0,0.0,0.0,0.0,0.0,,0.0,1.0,0.0,0.0,1.78,0.0,0.0,0.0,0.0,0.0,0.0,0.0,0.0,0.0,11.75,13.15,0.0,0.0,0.0,0.0,0.4,0.02,0.8,0.0,1.0,0.6,0.0,0.0,1.83,0.07,1.27,2.04,3.65,0.0,4.56,2.74,D,7.0,16.0,7.0,7.0,9.0,59.0,7.0,14.0,8.0,4.0,3.0
8475745,2025,Charlie Coyle,CBJ,C,5on5,82,64210.0,1406.0,58.73,11.0,19.0,10.0,40.0,102.0,15.12,97.0,23.0,46.0,7.0,18.0,34.0,49.49,41.32,0.55,0.5,0.51,89043.0,20.0,26.0,12.0,58.0,144.0,111.0,34.0,53.0,53.0,18.1,1.94,7.0,13.0,27.0,5.84,19.98,0.927,4.91,10.0,2.0,0.59,2.0,0.0,0.0,6.0,0.45,2.66,0.088,0.0,0.0,7.0,10.12,13.05,0.13,0.23,0.12,0.49,1.24,0.18,1.18,0.28,0.56,0.41,0.62,2.24,5.72,0.85,2.77,2.32,5.44,1.29,2.58,1.91,F,89.0,55.0,88.0,49.0,83.0,52.0,79.0,44.0,84.0,61.0,66.0
8476425,2025,Joseph LaBate,VAN,C,5on5,1,572.0,16.0,-0.1,0.0,0.0,0.0,0.0,2.0,0.36,6.0,0.0,0.0,0.0,0.0,2.0,0.51,0.33,0.61,0.42,0.47,572.0,0.0,0.0,0.0,0.0,2.0,6.0,0.0,0.0,2.0,9.53,,,,,,,,,,,,,,,,,,,,,,,9.53,0.0,0.0,0.0,0.0,2.0,0.36,6.0,0.0,0.0,2.0,0.0,0.0,12.59,2.27,3.21,2.08,37.76,0.0,0.0,12.59,F,5.0,9.0,5.0,100.0,100.0,100.0,6.0,100.0,97.0,9.0,33.0
8482110,2025,Dawson Mercer,NJD,C,5on5,82,70309.0,1431.0,47.6,8.0,10.0,7.0,25.0,105.0,13.67,25.0,22.0,70.0,8.0,9.0,33.0,51.0,45.95,0.53,0.53,0.53,89677.0,20.0,14.0,8.0,42.0,158.0,33.0,27.0,75.0,47.0,18.23,1.52,4.0,7.0,30.0,4.57,14.41,0.905,3.36,9.0,0.0,0.73,1.61,2.0,2.0,12.0,1.19,3.15,0.167,0.91,0.0,3.0,7.16,14.29,0.1,0.12,0.09,0.3,1.28,0.17,0.3,0.27,0.85,0.4,0.41,1.28,5.38,0.7,2.61,2.35,1.28,1.13,3.58,1.69,F,56.0,34.0,40.0,42.0,56.0,11.0,70.0,35.0,74.0,81.0,80.0
8483468,2025,Jiri Kulich,BUF,C,5on5,12,9977.0,234.0,5.18,2.0,1.0,1.0,4.0,12.0,1.23,9.0,1.0,9.0,2.0,4.0,10.0,6.47,6.94,0.48,0.5,0.49,11782.0,3.0,1.0,1.0,5.0,20.0,9.0,1.0,10.0,12.0,16.36,1.64,0.0,0.0,4.0,0.28,0.79,0.952,0.0,0.0,0.0,0.12,0.02,0.0,0.0,0.0,0.0,0.0,,0.0,0.0,0.0,0.0,13.86,0.17,0.08,0.08,0.33,1.0,0.1,0.75,0.08,0.75,0.83,0.72,1.44,4.33,0.44,2.33,2.5,3.25,0.36,3.25,3.61,F,62.0,63.0,51.0,19.0,15.0,33.0,15.0,87.0,42.0,61.0,49.0
8475461,2025,Andrew Agozzino,UTA,L,5on5,2,716.0,19.0,-0.21,0.0,0.0,0.0,0.0,0.0,0.01,4.0,1.0,1.0,0.0,1.0,1.0,0.44,0.49,0.47,0.28,0.42,736.0,0.0,0.0,0.0,0.0,0.0,4.0,1.0,1.0,1.0,6.13,,,,,,,,,,,,0.09,0.0,0.0,0.0,0.0,0.0,,0.0,0.0,0.0,0.0,5.97,0.0,0.0,0.0,0.0,0.0,0.0,2.0,0.5,0.5,0.5,0.0,0.0,0.0,0.05,2.21,2.46,20.11,5.03,5.03,5.03,F,5.0,9.0,5.0,1.0,1.0,96.0,99.0,97.0,35.0,1.0,10.0
8482094,2025,Daemon Hunt,MIN,D,5on5,32,21303.0,467.0,-1.42,0.0,2.0,3.0,5.0,17.0,0.71,21.0,2.0,13.0,3.0,3.0,38.0,11.57,15.7,0.42,0.38,0.39,23863.0,0.0,2.0,4.0,6.0,19.0,21.0,2.0,14.0,43.0,12.43,0.16,0.0,0.0,0.0,0.0,0.32,0.97,0.0,1.0,0.0,0.12,0.95,0.0,0.0,2.0,0.08,0.3,0.062,0.0,0.0,0.0,8.88,11.1,0.0,0.06,0.09,0.16,0.53,0.02,0.66,0.06,0.41,1.19,0.0,0.84,2.87,0.12,1.96,2.65,3.55,0.34,2.2,6.42,D,37.0,16.0,58.0,26.0,27.0,57.0,17.0,94.0,14.0,5.0,6.0
8482691,2025,Aatu Rty,VAN,C,5on5,66,43018.0,1035.0,12.55,4.0,6.0,4.0,14.0,60.0,7.24,159.0,8.0,28.0,10.0,6.0,14.0,25.76,33.17,0.44,0.48,0.47,47604.0,4.0,6.0,4.0,14.0,65.0,165.0,10.0,29.0,16.0,12.02,0.1,0.0,0.0,2.0,0.29,0.47,1.0,0.0,0.0,0.0,0.0,0.86,0.0,0.0,2.0,0.23,1.14,0.189,0.0,0.0,2.0,5.14,10.86,0.06,0.09,0.06,0.21,0.91,0.11,2.41,0.12,0.42,0.21,0.33,1.17,5.02,0.61,2.16,2.78,13.31,0.67,2.34,1.17,F,35.0,28.0,33.0,32.0,39.0,86.0,30.0,15.0,20.0,42.0,33.0
8481593,2025,Jayden Struble,MTL,D,5on5,59,48019.0,949.0,10.85,2.0,5.0,4.0,11.0,23.0,1.33,113.0,13.0,47.0,16.0,8.0,30.0,31.49,34.44,0.48,0.5,0.5,49624.0,2.0,5.0,5.0,12.0,26.0,115.0,13.0,52.0,32.0,14.02,0.01,0.0,0.0,0.0,0.0,0.07,1.0,0.0,0.0,0.0,0.0,0.13,0.0,0.0,0.0,0.0,0.13,0.186,0.0,0.0,0.0,4.55,13.56,0.03,0.08,0.07,0.19,0.39,0.02,1.92,0.22,0.8,0.51,0.15,0.82,1.72,0.1,2.36,2.58,8.47,0.97,3.52,2.25,D,47.0,53.0,57.0,7.0,18.0,94.0,71.0,7.0,44.0,62.0,62.0
8483466,2025,Kevin Korchinski,CHI,D,5on5,13,10442.0,232.0,0.73,0.0,1.0,1.0,2.0,7.0,0.24,4.0,2.0,13.0,2.0,0.0,13.0,5.42,7.13,0.43,0.47,0.47,10637.0,0.0,1.0,1.0,2.0,7.0,4.0,2.0,13.0,13.0,13.64,,,,,,,,,,,,0.07,0.0,0.0,0.0,0.0,0.0,0.0,0.0,0.0,0.0,34.62,13.39,0.0,0.08,0.08,0.15,0.54,0.02,0.31,0.15,1.0,1.0,0.0,0.69,2.41,0.08,1.87,2.46,1.38,0.69,4.48,4.48,D,34.0,16.0,40.0,13.0,11.0,23.0,43.0,64.0,16.0,36.0,34.0
8477511,2025,Anthony Mantha,PIT,R,5on5,81,60470.0,1220.0,56.02,25.0,11.0,11.0,47.0,112.0,12.79,52.0,17.0,72.0,19.0,17.0,37.0,45.78,44.95,0.5,0.48,0.49,73810.0,33.0,16.0,15.0,64.0,152.0,52.0,20.0,82.0,40.0,15.19,2.16,6.0,12.0,33.0,3.03,20.73,0.839,4.11,0.0,2.0,1.36,0.0,0.0,0.0,0.0,0.0,0.0,0.0,0.0,0.0,0.0,112.24,12.44,0.31,0.14,0.14,0.58,1.38,0.16,0.64,0.21,0.89,0.46,1.49,2.8,6.67,0.76,2.73,2.68,3.1,1.01,4.29,2.2,F,95.0,98.0,98.0,70.0,69.0,31.0,62.0,56.0,55.0,42.0,49.0
8480891,2025,Michael Kesselring,BUF,D,5on5,34,25279.0,559.0,3.95,0.0,0.0,2.0,2.0,45.0,1.69,25.0,7.0,38.0,16.0,7.0,34.0,17.55,17.51,0.5,0.49,0.51,27325.0,0.0,0.0,2.0,2.0,46.0,25.0,7.0,38.0,38.0,13.39,0.0,0.0,0.0,0.0,0.0,0.0,,0.0,1.0,0.0,0.0,0.75,0.0,0.0,0.0,0.0,0.41,0.136,0.0,0.0,0.0,6.13,12.39,0.0,0.0,0.06,0.06,1.32,0.05,0.74,0.21,1.12,1.0,0.0,0.28,6.41,0.24,2.5,2.49,3.56,1.0,5.41,4.84,D,16.0,16.0,16.0,96.0,84.0,58.0,74.0,72.0,59.0,53.0,70.0
8477450,2025,Jason Dickinson,EDM,C,5on5,63,49390.0,1102.0,15.03,6.0,5.0,3.0,14.0,66.0,6.52,84.0,11.0,35.0,10.0,5.0,40.0,29.82,32.6,0.48,0.48,0.49,58715.0,7.0,6.0,4.0,17.0,72.0,84.0,13.0,39.0,49.0,15.53,0.08,0.0,0.0,1.0,0.06,0.07,0.304,0.0,5.0,0.0,1.81,2.05,1.0,2.0,5.0,0.8,2.29,0.157,0.93,0.0,2.0,5.7,13.07,0.1,0.08,0.05,0.22,1.05,0.1,1.33,0.17,0.56,0.63,0.44,1.02,4.81,0.48,2.17,2.38,6.12,0.8,2.55,2.92,F,37.0,36.0,28.0,27.0,18.0,56.0,44.0,78.0,42.0,42.0,49.0
8477451,2025,Ryan Hartman,MIN,R,5on5,76,66302.0,1182.0,48.62,15.0,10.0,6.0,31.0,135.0,16.28,62.0,22.0,57.0,20.0,30.0,91.0,54.84,46.37,0.54,0.5,0.51,76356.0,23.0,14.0,6.0,43.0,167.0,64.0,23.0,66.0,95.0,16.74,1.68,6.0,8.0,26.0,3.81,13.12,0.882,3.76,0.0,1.0,0.82,0.04,0.0,0.0,0.0,0.0,0.0,0.0,0.0,0.0,0.0,0.2,14.54,0.2,0.13,0.08,0.41,1.78,0.21,0.82,0.29,0.75,1.2,0.81,1.68,7.33,0.88,2.98,2.52,3.37,1.19,3.09,4.94,F,78.0,73.0,65.0,83.0,86.0,34.0,74.0,96.0,80.0,61.0,66.0
8474578,2025,Erik Karlsson,PIT,D,5on5,75,78455.0,1436.0,71.65,10.0,13.0,9.0,32.0,112.0,5.7,16.0,28.0,84.0,10.0,8.0,48.0,57.8,56.67,0.51,0.54,0.53,106202.0,15.0,23.0,28.0,66.0,176.0,20.0,37.0,102.0,64.0,23.6,3.13,2.0,20.0,36.0,2.65,35.21,0.881,5.12,8.0,3.0,1.22,1.82,0.0,0.0,1.0,0.34,1.7,0.145,0.0,2.0,4.0,4.4,17.43,0.13,0.17,0.12,0.43,1.49,0.08,0.21,0.37,1.12,0.64,0.46,1.47,5.14,0.26,2.65,2.6,0.73,1.28,3.85,2.2,D,93.0,95.0,92.0,87.0,88.0,9.0,88.0,6.0,66.0,87.0,82.0
8484999,2025,Ilya Protas,WSH,L,5on5,4,3115.0,69.0,2.73,0.0,2.0,0.0,2.0,5.0,0.4,0.0,1.0,1.0,1.0,0.0,2.0,1.71,2.66,0.39,0.46,0.43,3814.0,1.0,2.0,1.0,4.0,7.0,0.0,1.0,1.0,2.0,15.89,2.43,1.0,1.0,2.0,0.98,1.16,0.991,6.17,0.0,0.0,0.06,,,,,,,,,,,,12.98,0.0,0.5,0.0,0.5,1.25,0.1,0.0,0.25,0.25,0.5,0.0,2.31,5.78,0.46,1.98,3.07,0.0,1.16,1.16,2.31,F,90.0,9.0,91.0,52.0,17.0,1.0,72.0,59.0,9.0,27.0,12.0
8478569,2025,Noel Acciari,PIT,C,5on5,67,43409.0,954.0,27.26,12.0,7.0,4.0,23.0,85.0,10.54,60.0,8.0,18.0,6.0,5.0,42.0,29.69,27.46,0.52,0.49,0.49,55105.0,13.0,7.0,5.0,25.0,93.0,65.0,12.0,22.0,62.0,13.71,0.04,0.0,0.0,2.0,0.29,0.53,1.0,0.0,4.0,0.0,0.0,2.45,0.0,0.0,4.0,0.23,1.17,0.053,0.0,0.0,4.0,7.69,10.8,0.18,0.1,0.06,0.34,1.27,0.16,0.9,0.12,0.27,0.63,1.0,1.91,7.05,0.87,2.46,2.28,4.98,0.66,1.49,3.48,F,65.0,86.0,79.0,79.0,85.0,48.0,30.0,86.0,69.0,51.0,49.0
8479066,2025,Ryan Lomberg,CGY,L,5on5,57,30644.0,710.0,8.24,4.0,4.0,1.0,9.0,53.0,5.01,129.0,3.0,18.0,12.0,13.0,17.0,16.83,21.86,0.44,0.48,0.49,30932.0,4.0,4.0,1.0,9.0,53.0,129.0,3.0,18.0,17.0,9.04,0.01,0.0,0.0,0.0,0.0,0.03,1.0,0.0,0.0,0.0,0.0,0.05,0.0,0.0,0.0,0.0,0.0,0.0,0.0,0.0,0.0,1.29,8.96,0.07,0.07,0.02,0.16,0.93,0.09,2.26,0.05,0.32,0.3,0.47,1.06,6.23,0.59,1.98,2.57,15.15,0.35,2.11,2.0,F,24.0,39.0,29.0,62.0,34.0,90.0,15.0,47.0,20.0,42.0,49.0
8482896,2025,Tyson Kozak,BUF,C,5on5,46,27410.0,674.0,0.97,2.0,2.0,0.0,4.0,30.0,3.19,117.0,11.0,28.0,1.0,1.0,31.0,14.53,18.99,0.43,0.42,0.42,31120.0,2.0,3.0,1.0,6.0,30.0,120.0,12.0,29.0,37.0,11.28,0.06,0.0,0.0,0.0,0.0,0.1,1.0,0.0,2.0,0.0,0.0,0.93,0.0,1.0,0.0,0.0,0.33,0.048,1.4,0.0,1.0,9.06,9.93,0.04,0.04,0.0,0.09,0.65,0.07,2.54,0.24,0.61,0.67,0.26,0.53,3.94,0.42,1.91,2.49,15.37,1.44,3.68,4.07,F,14.0,23.0,14.0,12.0,14.0,91.0,87.0,93.0,17.0,9.0,10.0
8482624,2025,Daniil Miromanov,CGY,D,5on5,1,976.0,28.0,-0.65,0.0,0.0,0.0,0.0,0.0,0.01,0.0,0.0,1.0,0.0,0.0,2.0,0.2,0.92,0.18,0.26,0.23,1069.0,0.0,0.0,0.0,0.0,0.0,0.0,0.0,1.0,2.0,17.82,,,,,,,,,,,,0.6,0.0,0.0,0.0,0.0,0.0,0.0,0.0,0.0,0.0,1.0,16.27,0.0,0.0,0.0,0.0,0.0,0.01,0.0,0.0,1.0,2.0,0.0,0.0,0.0,0.04,0.74,3.39,0.0,0.0,3.69,7.38,D,7.0,16.0,7.0,2.0,6.0,2.0,7.0,98.0,1.0,1.0,1.0
8482623,2025,Josh Dunne,BUF,C,5on5,34,18897.0,447.0,4.67,1.0,1.0,2.0,4.0,29.0,4.03,40.0,6.0,15.0,11.0,14.0,14.0,11.24,10.91,0.51,0.49,0.5,19330.0,1.0,1.0,2.0,4.0,29.0,40.0,6.0,16.0,16.0,9.48,0.03,0.0,0.0,0.0,0.0,0.0,,0.0,0.0,0.0,0.0,0.09,0.0,0.0,0.0,0.0,0.0,0.0,0.0,0.0,0.0,4.5,9.26,0.03,0.03,0.06,0.12,0.85,0.12,1.18,0.18,0.44,0.41,0.19,0.76,5.52,0.77,2.14,2.08,7.62,1.14,2.86,2.67,F,18.0,19.0,18.0,45.0,71.0,66.0,71.0,72.0,63.0,51.0,58.0
8477953,2025,Kasperi Kapanen,EDM,R,5on5,41,32360.0,641.0,13.89,7.0,8.0,1.0,16.0,60.0,5.13,72.0,5.0,24.0,6.0,3.0,15.0,18.59,20.79,0.47,0.46,0.49,35893.0,8.0,8.0,1.0,17.0,65.0,75.0,7.0,25.0,18.0,14.59,0.26,0.0,0.0,1.0,0.01,0.6,0.779,0.0,1.0,0.0,0.95,0.97,0.0,0.0,2.0,0.17,0.84,0.15,0.0,0.0,2.0,7.16,13.15,0.17,0.2,0.02,0.39,1.46,0.13,1.76,0.12,0.59,0.37,0.78,1.78,6.67,0.57,2.07,2.31,8.01,0.56,2.67,1.67,F,74.0,70.0,72.0,70.0,30.0,67.0,24.0,35.0,35.0,27.0,49.0
8483450,2025,Ryan Greene,CHI,C,5on5,80,64120.0,1374.0,13.72,8.0,10.0,4.0,22.0,82.0,10.88,47.0,14.0,43.0,6.0,13.0,34.0,42.34,60.38,0.41,0.44,0.43,80456.0,11.0,12.0,5.0,28.0,108.0,49.0,21.0,51.0,37.0,16.76,1.23,1.0,3.0,10.0,1.77,9.9,0.872,1.83,1.0,1.0,0.89,1.66,1.0,1.0,3.0,0.36,1.79,0.08,0.45,0.0,6.0,9.3,13.36,0.1,0.12,0.05,0.28,1.02,0.14,0.59,0.18,0.54,0.42,0.45,1.24,4.6,0.61,2.38,3.39,2.64,0.79,2.41,1.91,F,50.0,37.0,38.0,23.0,39.0,25.0,42.0,44.0,12.0,16.0,12.0
8484321,2025,Nikolas Matinpalo,OTT,D,5on5,50,41984.0,1051.0,2.12,0.0,3.0,0.0,3.0,36.0,1.85,49.0,10.0,35.0,8.0,4.0,46.0,28.9,24.88,0.54,0.46,0.46,46882.0,0.0,3.0,2.0,5.0,37.0,49.0,11.0,38.0,55.0,15.63,0.0,0.0,0.0,0.0,0.0,0.0,,0.0,0.0,0.0,0.0,1.43,0.0,1.0,0.0,0.0,1.07,0.118,0.84,0.0,1.0,6.74,13.99,0.0,0.06,0.0,0.06,0.72,0.04,0.98,0.2,0.7,0.92,0.0,0.26,3.09,0.16,2.48,2.13,4.2,0.86,3.0,3.94,D,16.0,16.0,16.0,35.0,51.0,66.0,60.0,50.0,80.0,28.0,27.0
8480727,2025,Zach Whitecloud,CGY,D,5on5,78,81939.0,1711.0,17.18,2.0,5.0,8.0,15.0,62.0,2.48,113.0,12.0,65.0,15.0,6.0,112.0,50.5,59.19,0.46,0.49,0.48,95082.0,2.0,6.0,9.0,17.0,67.0,124.0,15.0,73.0,140.0,20.32,0.06,0.0,0.0,1.0,0.01,0.01,0.1,0.0,4.0,0.0,1.12,2.19,0.0,0.0,3.0,0.05,2.24,0.1,0.0,0.0,3.0,7.1,17.51,0.03,0.06,0.1,0.19,0.79,0.03,1.45,0.15,0.83,1.44,0.09,0.66,2.72,0.11,2.22,2.6,4.96,0.53,2.86,4.92,D,47.0,40.0,38.0,21.0,22.0,76.0,27.0,75.0,31.0,53.0,42.0
8484287,2025,Cole McWard,NYI,D,5on5,3,2472.0,47.0,-0.93,0.0,0.0,0.0,0.0,1.0,0.02,4.0,2.0,3.0,0.0,0.0,5.0,1.15,2.34,0.33,0.32,0.38,2472.0,0.0,0.0,0.0,0.0,1.0,4.0,2.0,3.0,5.0,13.73,,,,,,,,,,,,,,,,,,,,,,,13.73,0.0,0.0,0.0,0.0,0.33,0.01,1.33,0.67,1.0,1.67,0.0,0.0,1.46,0.03,1.67,3.41,5.83,2.91,4.37,7.28,D,7.0,16.0,7.0,6.0,4.0,84.0,99.0,97.0,4.0,3.0,5.0
8481542,2025,Moritz Seider,DET,D,5on5,82,96727.0,1910.0,71.63,6.0,7.0,11.0,24.0,128.0,4.63,107.0,21.0,85.0,23.0,16.0,136.0,70.24,56.84,0.55,0.53,0.55,126279.0,10.0,26.0,24.0,60.0,187.0,128.0,29.0,99.0,180.0,25.67,3.1,2.0,25.0,34.0,1.08,37.55,0.919,5.9,25.0,4.0,0.78,1.55,0.0,0.0,4.0,0.16,1.22,0.079,0.0,3.0,2.0,6.72,19.66,0.07,0.09,0.13,0.29,1.56,0.06,1.3,0.26,1.04,1.66,0.22,0.89,4.76,0.17,2.61,2.12,3.98,0.78,3.16,5.06,D,76.0,69.0,63.0,82.0,57.0,64.0,51.0,78.0,85.0,82.0,90.0
8477810,2025,Joel Hanley,CGY,D,5on5,68,54757.0,1361.0,16.77,0.0,1.0,6.0,7.0,43.0,1.77,38.0,10.0,53.0,13.0,5.0,73.0,34.68,34.02,0.5,0.54,0.54,59853.0,0.0,1.0,6.0,7.0,43.0,42.0,10.0,53.0,90.0,14.67,0.03,0.0,0.0,0.0,0.0,0.0,,0.0,3.0,0.0,0.0,0.91,0.0,0.0,0.0,0.0,1.65,0.157,0.0,0.0,0.0,8.57,13.42,0.0,0.01,0.09,0.1,0.63,0.03,0.56,0.15,0.78,1.07,0.0,0.46,2.83,0.12,2.28,2.24,2.5,0.66,3.48,4.8,D,22.0,16.0,23.0,25.0,27.0,44.0,38.0,70.0,59.0,87.0,87.0
8479944,2025,Zachary Aston-Reese,CBJ,L,5on5,27,14594.0,338.0,3.56,1.0,3.0,1.0,5.0,16.0,2.25,76.0,2.0,10.0,6.0,6.0,15.0,7.85,9.2,0.46,0.46,0.45,15768.0,1.0,3.0,1.0,5.0,17.0,78.0,2.0,10.0,17.0,9.73,0.04,0.0,0.0,0.0,0.0,0.12,1.0,0.0,0.0,0.0,0.0,0.59,0.0,0.0,1.0,0.01,0.01,0.006,0.0,0.0,0.0,6.6,9.01,0.04,0.11,0.04,0.19,0.59,0.08,2.81,0.07,0.37,0.56,0.25,1.23,3.95,0.56,1.94,2.27,18.75,0.49,2.47,3.7,F,31.0,22.0,37.0,13.0,28.0,94.0,20.0,88.0,29.0,27.0,19.0
8483512,2025,Matt Savoie,EDM,C,5on5,82,59894.0,1281.0,37.84,9.0,8.0,8.0,25.0,113.0,15.0,14.0,25.0,47.0,6.0,9.0,34.0,43.53,44.82,0.49,0.5,0.51,72725.0,18.0,9.0,10.0,37.0,138.0,14.0,32.0,52.0,37.0,14.78,0.78,4.0,5.0,12.0,2.93,9.7,0.894,4.68,3.0,1.0,1.08,1.58,2.0,2.0,7.0,0.66,2.26,0.113,0.93,0.0,5.0,8.23,12.17,0.11,0.1,0.1,0.3,1.38,0.18,0.17,0.3,0.57,0.41,0.54,1.5,6.79,0.9,2.62,2.69,0.84,1.5,2.82,2.04,F,56.0,47.0,55.0,73.0,89.0,6.0,89.0,49.0,48.0,61.0,66.0
8481065,2025,Angus Crookshank,NJD,C,5on5,8,4129.0,90.0,-0.21,0.0,0.0,0.0,0.0,3.0,0.12,5.0,0.0,2.0,2.0,1.0,7.0,1.06,3.57,0.23,0.39,0.38,4131.0,1.0,0.0,0.0,1.0,4.0,5.0,0.0,2.0,7.0,8.61,,,,,,,,,,,,,,,,,,,,,,,8.6,0.0,0.0,0.0,0.0,0.38,0.02,0.62,0.0,0.25,0.88,0.0,0.0,2.62,0.1,0.92,3.11,4.36,0.0,1.74,6.1,F,5.0,9.0,5.0,5.0,2.0,43.0,6.0,99.0,2.0,6.0,5.0
8478911,2025,Matt Roy,WSH,D,5on5,79,82154.0,1467.0,27.7,2.0,10.0,5.0,17.0,86.0,3.03,98.0,9.0,60.0,6.0,9.0,122.0,58.3,59.05,0.5,0.5,0.51,97691.0,2.0,11.0,6.0,19.0,94.0,117.0,12.0,69.0,146.0,20.61,0.11,0.0,0.0,0.0,0.0,1.04,1.0,0.0,5.0,0.0,0.0,2.45,0.0,0.0,4.0,0.19,3.11,0.116,0.0,0.0,3.0,7.33,17.33,0.03,0.13,0.06,0.22,1.09,0.04,1.24,0.11,0.76,1.54,0.09,0.74,3.77,0.13,2.55,2.59,4.29,0.39,2.63,5.35,D,59.0,40.0,47.0,57.0,33.0,68.0,18.0,83.0,59.0,62.0,70.0
8479378,2025,Logan Stanley,BUF,D,5on5,76,66696.0,1342.0,18.47,8.0,5.0,6.0,19.0,82.0,3.95,105.0,15.0,61.0,41.0,21.0,64.0,41.06,52.34,0.44,0.47,0.46,76141.0,9.0,7.0,10.0,26.0,96.0,110.0,17.0,66.0,84.0,16.7,0.42,0.0,1.0,6.0,0.1,2.24,0.914,1.89,7.0,0.0,0.4,0.91,0.0,0.0,1.0,0.02,1.31,0.168,0.0,0.0,2.0,5.6,14.63,0.11,0.07,0.08,0.25,1.08,0.05,1.38,0.2,0.8,0.84,0.43,1.03,4.43,0.21,2.22,2.83,5.67,0.81,3.29,3.45,D,66.0,92.0,73.0,75.0,74.0,83.0,55.0,33.0,19.0,36.0,27.0
8479996,2025,Cody Glass,NJD,C,5on5,70,51015.0,1171.0,32.72,18.0,3.0,2.0,23.0,96.0,11.69,40.0,6.0,34.0,12.0,15.0,33.0,32.37,33.39,0.49,0.52,0.52,57178.0,19.0,5.0,2.0,26.0,104.0,42.0,8.0,35.0,39.0,13.61,0.37,1.0,2.0,2.0,0.87,2.28,0.934,4.67,2.0,1.0,0.37,0.7,0.0,0.0,3.0,0.32,0.57,0.094,0.0,0.0,1.0,6.71,12.15,0.26,0.04,0.03,0.33,1.37,0.17,0.57,0.09,0.49,0.47,1.27,1.62,6.77,0.82,2.28,2.36,2.82,0.42,2.4,2.33,F,62.0,96.0,63.0,73.0,79.0,28.0,17.0,61.0,48.0,74.0,73.0
8479370,2025,Tyson Jost,NSH,C,5on5,69,45066.0,939.0,14.96,6.0,2.0,5.0,13.0,87.0,8.27,65.0,22.0,31.0,13.0,15.0,25.0,27.69,33.43,0.45,0.49,0.48,51392.0,8.0,3.0,5.0,16.0,95.0,67.0,22.0,36.0,31.0,12.41,0.02,0.0,0.0,1.0,0.15,0.15,0.938,0.0,1.0,0.0,0.43,1.31,1.0,2.0,6.0,0.47,1.55,0.182,1.32,0.0,0.0,4.62,10.89,0.09,0.03,0.07,0.19,1.26,0.12,0.94,0.32,0.45,0.36,0.48,1.04,6.95,0.66,2.21,2.67,5.19,1.76,2.48,2.0,F,31.0,40.0,29.0,77.0,49.0,49.0,94.0,47.0,24.0,51.0,41.0
8471817,2025,Ryan Reaves,SJS,R,5on5,50,23281.0,538.0,-2.04,3.0,0.0,0.0,3.0,25.0,3.76,160.0,8.0,19.0,11.0,9.0,15.0,13.05,16.0,0.45,0.43,0.42,23424.0,3.0,0.0,0.0,3.0,25.0,160.0,8.0,19.0,15.0,7.81,0.02,0.0,0.0,0.0,0.0,0.03,1.0,0.0,0.0,0.0,0.0,0.01,0.0,0.0,0.0,0.0,0.0,0.0,0.0,0.0,0.0,14.09,7.76,0.06,0.0,0.0,0.06,0.5,0.08,3.2,0.16,0.38,0.3,0.46,0.46,3.87,0.58,2.02,2.47,24.74,1.24,2.94,2.32,F,12.0,38.0,12.0,12.0,32.0,99.0,78.0,60.0,24.0,12.0,10.0
8481553,2025,Bobby Brink,MIN,R,5on5,68,52560.0,1106.0,29.71,11.0,5.0,4.0,20.0,80.0,9.62,80.0,11.0,35.0,10.0,13.0,35.0,32.05,31.11,0.51,0.49,0.5,61850.0,15.0,10.0,5.0,30.0,104.0,80.0,12.0,44.0,39.0,15.16,1.92,3.0,7.0,20.0,4.4,14.59,0.897,3.21,0.0,0.0,0.77,0.02,0.0,0.0,0.0,0.0,0.0,0.0,0.0,0.0,0.0,18.64,12.88,0.16,0.07,0.06,0.29,1.18,0.14,1.18,0.16,0.51,0.51,0.75,1.37,5.48,0.66,2.2,2.13,5.48,0.75,2.4,2.4,F,53.0,67.0,46.0,44.0,49.0,52.0,39.0,64.0,63.0,51.0,58.0
8479576,2025,Vincent Desharnais,SJS,D,5on5,53,45898.0,949.0,6.4,1.0,0.0,6.0,7.0,33.0,0.99,93.0,8.0,39.0,17.0,8.0,59.0,27.46,27.45,0.5,0.48,0.47,57804.0,1.0,0.0,6.0,7.0,34.0,103.0,10.0,50.0,83.0,18.18,0.03,0.0,0.0,0.0,0.0,0.0,0.0,0.0,2.0,0.0,0.33,3.12,0.0,0.0,1.0,0.08,1.91,0.096,0.0,0.0,2.0,6.52,14.43,0.02,0.0,0.11,0.13,0.62,0.02,1.75,0.15,0.74,1.11,0.08,0.55,2.59,0.08,2.15,2.15,7.29,0.63,3.06,4.63,D,29.0,37.0,30.0,17.0,11.0,91.0,36.0,67.0,59.0,44.0,34.0
8482941,2025,Shane Lachance,NJD,L,5on5,1,445.0,10.0,-0.39,0.0,0.0,0.0,0.0,0.0,0.0,1.0,0.0,0.0,0.0,0.0,0.0,0.21,0.29,0.42,0.25,0.36,445.0,0.0,0.0,0.0,0.0,0.0,1.0,0.0,0.0,0.0,7.42,,,,,,,,,,,,,,,,,,,,,,,7.42,0.0,0.0,0.0,0.0,0.0,0.0,1.0,0.0,0.0,0.0,0.0,0.0,0.0,0.0,1.7,2.35,8.09,0.0,0.0,0.0,F,5.0,9.0,5.0,1.0,0.0,68.0,6.0,2.0,14.0,1.0,4.0
8475768,2025,Jaden Schwartz,SEA,L,5on5,50,39484.0,857.0,20.25,7.0,6.0,6.0,19.0,66.0,7.26,29.0,20.0,43.0,4.0,1.0,37.0,22.46,29.19,0.43,0.45,0.44,48422.0,11.0,8.0,7.0,26.0,82.0,32.0,25.0,47.0,42.0,16.14,1.56,2.0,3.0,11.0,2.95,9.37,0.962,2.31,4.0,1.0,0.29,0.79,0.0,0.0,2.0,0.3,0.3,0.053,0.0,0.0,2.0,8.07,13.16,0.14,0.12,0.12,0.38,1.32,0.15,0.58,0.4,0.86,0.74,0.64,1.73,6.02,0.66,2.05,2.66,2.64,1.82,3.92,3.37,F,72.0,57.0,69.0,58.0,49.0,25.0,95.0,84.0,17.0,21.0,15.0
8474141,2025,Patrick Kane,DET,R,5on5,67,55681.0,1177.0,52.13,12.0,12.0,7.0,31.0,119.0,10.68,20.0,8.0,59.0,8.0,5.0,22.0,41.99,38.02,0.52,0.5,0.53,71135.0,16.0,23.0,18.0,57.0,169.0,21.0,9.0,67.0,24.0,17.7,3.04,0.0,15.0,33.0,3.23,28.83,0.921,4.41,0.0,1.0,0.72,0.01,0.0,0.0,0.0,0.0,0.0,,0.0,0.0,0.0,0.0,13.85,0.18,0.18,0.1,0.46,1.78,0.16,0.3,0.12,0.88,0.33,0.78,2.0,7.69,0.69,2.71,2.46,1.29,0.52,3.81,1.42,F,84.0,70.0,81.0,86.0,55.0,11.0,22.0,25.0,69.0,61.0,80.0
8481719,2025,Max Crozier,TBL,D,5on5,35,30398.0,610.0,14.4,1.0,4.0,4.0,9.0,44.0,1.81,35.0,5.0,21.0,11.0,5.0,29.0,22.54,19.2,0.54,0.54,0.54,33624.0,1.0,4.0,5.0,10.0,46.0,39.0,5.0,21.0,31.0,16.01,0.02,0.0,0.0,0.0,0.0,0.0,0.0,0.0,0.0,0.0,2.88,1.23,0.0,1.0,1.0,0.02,0.67,0.11,1.4,0.0,0.0,7.6,14.48,0.03,0.11,0.11,0.26,1.26,0.05,1.0,0.14,0.6,0.83,0.12,1.07,5.21,0.21,2.67,2.27,4.15,0.59,2.49,3.43,D,68.0,47.0,76.0,87.0,74.0,65.0,31.0,32.0,80.0,87.0,87.0
8482131,2025,Donovan Sebrango,FLA,D,5on5,42,35911.0,779.0,6.47,0.0,5.0,3.0,8.0,30.0,1.14,75.0,5.0,27.0,18.0,10.0,28.0,23.79,29.32,0.45,0.49,0.49,38062.0,0.0,5.0,3.0,8.0,33.0,77.0,5.0,27.0,32.0,15.1,0.03,0.0,0.0,0.0,0.0,0.09,1.0,0.0,0.0,0.0,0.0,0.72,0.0,0.0,3.0,0.26,0.91,0.298,0.0,0.0,0.0,4.23,14.25,0.0,0.12,0.07,0.19,0.71,0.03,1.79,0.12,0.64,0.67,0.0,0.8,3.01,0.11,2.38,2.94,7.52,0.5,2.71,2.81,D,47.0,16.0,54.0,31.0,22.0,92.0,24.0,15.0,24.0,53.0,52.0
8475760,2025,Nick Bjugstad,NJD,C,5on5,61,36709.0,840.0,6.16,5.0,2.0,1.0,8.0,68.0,6.74,108.0,9.0,21.0,13.0,10.0,27.0,22.54,25.68,0.47,0.45,0.46,40031.0,6.0,2.0,1.0,9.0,77.0,108.0,10.0,23.0,33.0,10.94,0.07,0.0,0.0,0.0,0.01,0.01,1.0,0.0,1.0,0.0,0.0,0.71,1.0,1.0,9.0,0.7,1.31,0.259,1.39,0.0,1.0,5.21,10.03,0.08,0.03,0.02,0.13,1.11,0.11,1.77,0.15,0.34,0.44,0.49,0.78,6.67,0.66,2.21,2.52,10.59,0.88,2.06,2.65,F,19.0,41.0,19.0,70.0,49.0,77.0,49.0,71.0,35.0,21.0,25.0
8482132,2025,Brett Berard,NYR,L,5on5,13,8200.0,196.0,-0.55,0.0,0.0,0.0,0.0,10.0,1.69,17.0,1.0,9.0,2.0,0.0,9.0,5.15,5.84,0.47,0.45,0.47,8223.0,0.0,0.0,0.0,0.0,10.0,17.0,1.0,9.0,9.0,10.54,0.0,0.0,0.0,0.0,0.0,0.0,,0.0,0.0,0.0,0.0,,,,,,,,,,,,10.51,0.0,0.0,0.0,0.0,0.77,0.13,1.31,0.08,0.69,0.69,0.0,0.0,4.39,0.74,2.26,2.56,7.46,0.44,3.95,3.95,F,5.0,9.0,5.0,19.0,66.0,65.0,17.0,91.0,35.0,21.0,33.0
8480291,2025,Skyler Brind'Amour,CAR,C,5on5,4,2927.0,63.0,0.61,0.0,0.0,0.0,0.0,2.0,0.13,5.0,0.0,2.0,1.0,0.0,0.0,1.24,1.82,0.41,0.6,0.47,3604.0,0.0,0.0,0.0,0.0,2.0,5.0,0.0,2.0,0.0,15.02,0.21,0.0,0.0,0.0,0.0,0.0,,0.0,0.0,0.0,0.0,2.0,0.0,0.0,0.0,0.0,0.07,0.2,0.0,0.0,0.0,2.1,12.2,0.0,0.0,0.0,0.0,0.5,0.03,1.25,0.0,0.5,0.0,0.0,0.0,2.46,0.16,1.53,2.24,6.15,0.0,2.46,0.0,F,5.0,9.0,5.0,4.0,3.0,56.0,6.0,2.0,12.0,97.0,33.0
8483686,2025,Adam Engstrom,MTL,D,5on5,15,11312.0,241.0,2.02,0.0,0.0,0.0,0.0,11.0,0.57,7.0,2.0,7.0,4.0,1.0,8.0,7.27,8.04,0.47,0.51,0.51,11747.0,0.0,0.0,1.0,1.0,11.0,7.0,2.0,7.0,8.0,13.05,0.23,0.0,0.0,0.0,0.0,0.0,,0.0,0.0,0.0,0.0,0.09,0.0,0.0,0.0,0.0,0.0,0.0,0.0,0.0,0.0,34.63,12.57,0.0,0.0,0.0,0.0,0.73,0.04,0.47,0.13,0.47,0.53,0.0,0.0,3.5,0.18,2.31,2.56,2.23,0.64,2.23,2.55,D,7.0,16.0,7.0,48.0,61.0,41.0,37.0,11.0,38.0,70.0,70.0
8478873,2025,Troy Terry,ANA,R,5on5,61,49612.0,1045.0,60.56,11.0,10.0,10.0,31.0,103.0,11.88,2.0,23.0,41.0,6.0,11.0,12.0,40.9,33.67,0.55,0.54,0.55,67151.0,19.0,24.0,14.0,57.0,161.0,2.0,25.0,49.0,16.0,18.35,2.98,1.0,10.0,27.0,3.91,22.52,0.866,3.3,1.0,1.0,1.15,0.88,2.0,4.0,13.0,1.26,1.95,0.207,4.49,0.0,0.0,8.4,13.56,0.18,0.16,0.16,0.51,1.69,0.19,0.03,0.38,0.67,0.2,0.8,2.25,7.47,0.86,2.97,2.44,0.15,1.67,2.98,0.87,F,91.0,72.0,89.0,84.0,84.0,3.0,93.0,8.0,84.0,85.0,89.0
8484984,2025,Ivan Demidov,MTL,R,5on5,82,57341.0,1206.0,45.23,12.0,15.0,11.0,38.0,81.0,8.47,27.0,19.0,57.0,11.0,16.0,22.0,38.02,42.35,0.47,0.45,0.47,76248.0,19.0,26.0,17.0,62.0,127.0,28.0,22.0,72.0,26.0,15.5,2.86,6.0,17.0,31.0,5.41,31.09,0.934,4.35,0.0,0.0,0.56,0.01,0.0,0.0,0.0,0.0,0.0,,0.0,0.0,0.0,0.0,11.65,0.15,0.18,0.13,0.46,0.99,0.1,0.33,0.23,0.7,0.27,0.75,2.39,5.09,0.53,2.39,2.66,1.7,1.19,3.58,1.38,F,84.0,67.0,93.0,34.0,24.0,16.0,74.0,23.0,35.0,21.0,33.0
8483491,2025,Ivan Miroshnichenko,WSH,L,5on5,13,7517.0,173.0,2.75,2.0,1.0,0.0,3.0,12.0,1.64,19.0,0.0,5.0,1.0,2.0,6.0,4.71,3.61,0.57,0.46,0.48,7520.0,2.0,1.0,0.0,3.0,12.0,19.0,0.0,5.0,6.0,9.64,,,,,,,,,,,,,,,,,,,,,,,9.64,0.15,0.08,0.0,0.23,0.92,0.13,1.46,0.0,0.38,0.46,0.96,1.44,5.75,0.79,2.26,1.73,9.1,0.0,2.39,2.87,F,39.0,84.0,51.0,51.0,73.0,72.0,6.0,77.0,92.0,27.0,41.0
8485511,2025,Quinn Hutson,EDM,R,5on5,4,1919.0,49.0,0.02,1.0,0.0,0.0,1.0,3.0,0.22,0.0,0.0,3.0,0.0,0.0,1.0,0.83,2.13,0.28,0.38,0.32,1919.0,1.0,0.0,0.0,1.0,3.0,0.0,0.0,3.0,1.0,8.0,,,,,,,,,,,,,,,,,,,,,,,8.0,0.25,0.0,0.0,0.25,0.75,0.06,0.0,0.0,0.75,0.25,1.88,1.88,5.63,0.41,1.56,4.0,0.0,0.0,5.63,1.88,F,45.0,100.0,77.0,47.0,13.0,1.0,6.0,43.0,3.0,5.0,2.0
8476473,2025,Connor Murphy,EDM,D,5on5,80,69752.0,1509.0,11.75,5.0,3.0,6.0,14.0,68.0,2.69,78.0,13.0,61.0,24.0,14.0,105.0,38.95,44.0,0.47,0.45,0.47,84194.0,5.0,3.0,9.0,17.0,70.0,90.0,17.0,65.0,138.0,17.54,0.03,0.0,0.0,0.0,0.0,0.05,0.278,0.0,6.0,0.0,3.27,2.61,0.0,1.0,2.0,0.05,3.75,0.14,0.29,0.0,4.0,6.6,14.53,0.06,0.04,0.08,0.18,0.85,0.03,0.98,0.16,0.76,1.31,0.26,0.72,3.51,0.14,2.01,2.27,4.03,0.67,3.15,5.42,D,44.0,75.0,44.0,48.0,39.0,65.0,41.0,83.0,38.0,20.0,34.0
8482124,2025,Quinton Byfield,LAK,R,5on5,79,71641.0,1469.0,57.51,15.0,8.0,4.0,27.0,131.0,14.13,64.0,31.0,61.0,20.0,23.0,36.0,50.99,44.54,0.53,0.53,0.53,94915.0,24.0,16.0,9.0,49.0,181.0,66.0,37.0,74.0,44.0,20.02,2.05,4.0,10.0,28.0,2.73,14.49,0.857,3.7,2.0,0.0,0.89,1.89,0.0,1.0,7.0,0.51,1.61,0.065,0.4,0.0,6.0,9.39,15.11,0.19,0.1,0.05,0.34,1.66,0.18,0.81,0.39,0.77,0.46,0.75,1.36,6.58,0.71,2.56,2.24,3.22,1.56,3.07,1.81,F,65.0,67.0,45.0,69.0,58.0,33.0,91.0,39.0,74.0,81.0,80.0
8481527,2025,Kaedan Korczak,VGK,D,5on5,78,71541.0,1530.0,23.2,3.0,6.0,6.0,15.0,59.0,2.54,99.0,10.0,90.0,13.0,7.0,89.0,49.14,39.44,0.55,0.52,0.52,74731.0,3.0,7.0,6.0,16.0,60.0,102.0,11.0,90.0,95.0,15.97,0.04,0.0,0.0,0.0,0.0,0.13,0.929,0.0,0.0,0.0,0.18,0.42,0.0,0.0,0.0,0.15,0.94,0.211,0.0,1.0,1.0,6.52,15.29,0.04,0.08,0.08,0.19,0.76,0.03,1.27,0.13,1.15,1.14,0.15,0.75,2.97,0.13,2.47,1.98,4.98,0.5,4.53,4.48,D,47.0,53.0,48.0,30.0,33.0,76.0,24.0,64.0,85.0,76.0,77.0
8477365,2025,Connor Clifton,PIT,D,5on5,50,43770.0,812.0,6.88,2.0,2.0,2.0,6.0,34.0,1.57,158.0,12.0,32.0,18.0,4.0,66.0,33.97,27.14,0.56,0.48,0.5,50297.0,2.0,2.0,2.0,6.0,35.0,180.0,13.0,40.0,84.0,16.77,0.01,0.0,0.0,0.0,0.0,0.0,,0.0,7.0,0.0,0.0,1.92,0.0,0.0,1.0,0.09,1.51,0.091,0.0,0.0,1.0,9.5,14.59,0.04,0.04,0.04,0.12,0.68,0.03,3.16,0.24,0.64,1.32,0.16,0.49,2.8,0.13,2.79,2.23,13.0,0.99,2.63,5.43,D,27.0,56.0,27.0,24.0,33.0,98.0,73.0,84.0,88.0,44.0,62.0
8478468,2025,Jeremy Lauzon,VGK,D,5on5,68,61359.0,1400.0,17.08,1.0,3.0,7.0,11.0,69.0,3.41,238.0,10.0,45.0,29.0,24.0,75.0,41.93,36.81,0.53,0.5,0.51,70098.0,1.0,5.0,7.0,13.0,73.0,251.0,11.0,45.0,97.0,17.18,0.02,0.0,0.0,0.0,0.0,0.0,,0.0,1.0,0.0,0.0,1.8,0.0,0.0,2.0,0.07,2.08,0.158,0.0,0.0,1.0,5.43,15.04,0.01,0.04,0.1,0.16,1.01,0.05,3.5,0.15,0.66,1.1,0.06,0.65,4.05,0.2,2.46,2.16,13.96,0.59,2.64,4.4,D,37.0,34.0,37.0,67.0,70.0,99.0,31.0,61.0,76.0,62.0,70.0
8480012,2025,Elias Pettersson,VAN,C,5on5,74,61000.0,1323.0,36.96,10.0,6.0,5.0,21.0,79.0,10.4,64.0,26.0,52.0,8.0,20.0,92.0,39.68,47.8,0.45,0.45,0.46,84189.0,15.0,20.0,16.0,51.0,132.0,67.0,31.0,68.0,108.0,18.96,2.94,4.0,22.0,29.0,3.37,31.25,0.91,6.06,5.0,0.0,0.85,0.82,1.0,1.0,3.0,0.18,0.41,0.051,0.99,2.0,3.0,7.53,13.74,0.14,0.08,0.07,0.28,1.07,0.14,0.86,0.35,0.7,1.24,0.59,1.24,4.66,0.61,2.34,2.82,3.78,1.53,3.07,5.43,F,50.0,52.0,38.0,24.0,39.0,37.0,90.0,98.0,24.0,21.0,25.0
8482873,2025,Topias Vilen,NJD,D,5on5,2,1836.0,33.0,0.4,0.0,0.0,0.0,0.0,0.0,0.0,0.0,0.0,1.0,0.0,0.0,1.0,1.14,1.05,0.52,0.54,0.44,1855.0,0.0,0.0,0.0,0.0,0.0,0.0,0.0,1.0,1.0,15.46,,,,,,,,,,,,0.14,0.0,0.0,0.0,0.0,0.0,0.0,0.0,0.0,0.0,4.24,15.3,0.0,0.0,0.0,0.0,0.0,0.0,0.0,0.0,0.5,0.5,0.0,0.0,0.0,0.0,2.24,2.06,0.0,0.0,1.96,1.96,D,7.0,16.0,7.0,2.0,2.0,2.0,7.0,5.0,71.0,87.0,16.0
8474151,2025,Ryan McDonagh,TBL,D,5on5,48,44288.0,923.0,22.53,6.0,6.0,5.0,17.0,38.0,2.82,17.0,9.0,37.0,3.0,3.0,47.0,32.7,26.51,0.55,0.5,0.51,55458.0,6.0,9.0,6.0,21.0,39.0,19.0,14.0,47.0,76.0,19.26,0.12,0.0,0.0,0.0,0.0,0.15,0.75,0.0,9.0,0.0,0.52,2.83,0.0,0.0,1.0,0.01,1.34,0.073,0.0,0.0,4.0,7.53,15.38,0.12,0.12,0.1,0.35,0.79,0.06,0.35,0.19,0.77,0.98,0.49,1.38,3.09,0.23,2.66,2.15,1.38,0.73,3.01,3.82,D,85.0,96.0,90.0,35.0,81.0,23.0,46.0,46.0,85.0,62.0,70.0
8478173,2025,Hayden Hodgson,OTT,R,5on5,10,4188.0,106.0,-0.3,0.0,0.0,0.0,0.0,4.0,0.53,29.0,1.0,3.0,4.0,2.0,0.0,3.13,3.53,0.47,0.5,0.45,4215.0,0.0,0.0,0.0,0.0,4.0,29.0,1.0,3.0,0.0,7.02,0.01,0.0,0.0,0.0,0.0,0.0,,0.0,0.0,0.0,0.0,,,,,,,,,,,,6.98,0.0,0.0,0.0,0.0,0.4,0.05,2.9,0.1,0.3,0.0,0.0,0.0,3.44,0.46,2.69,3.03,24.93,0.86,2.58,0.0,F,5.0,9.0,5.0,8.0,17.0,99.0,47.0,2.0,35.0,61.0,19.0
8480069,2025,Cale Makar,COL,D,5on5,75,79999.0,1540.0,92.98,13.0,18.0,8.0,39.0,132.0,7.29,28.0,33.0,66.0,12.0,21.0,84.0,68.64,54.64,0.56,0.55,0.54,111814.0,20.0,33.0,26.0,79.0,199.0,35.0,40.0,86.0,118.0,24.85,3.93,3.0,25.0,48.0,5.37,39.33,0.926,5.09,15.0,2.0,0.64,1.91,0.0,0.0,6.0,0.61,2.27,0.141,0.0,3.0,2.0,5.78,17.78,0.17,0.24,0.11,0.52,1.76,0.1,0.37,0.44,0.88,1.12,0.59,1.76,5.94,0.33,3.09,2.46,1.26,1.49,2.97,3.78,D,97.0,98.0,95.0,94.0,96.0,21.0,94.0,43.0,88.0,90.0,87.0
8482731,2025,Tyson Hinds,ANA,D,5on5,6,5367.0,111.0,3.63,0.0,0.0,0.0,0.0,9.0,0.31,6.0,1.0,5.0,1.0,1.0,9.0,6.23,3.07,0.67,0.64,0.63,5622.0,0.0,0.0,0.0,0.0,9.0,6.0,1.0,5.0,10.0,15.62,,,,,,,,,,,,0.71,0.0,0.0,0.0,0.0,0.0,0.0,0.0,0.0,0.0,8.33,14.91,0.0,0.0,0.0,0.0,1.5,0.05,1.0,0.17,0.83,1.5,0.0,0.0,6.04,0.21,4.18,2.06,4.02,0.67,3.35,6.04,D,7.0,16.0,7.0,95.0,74.0,64.0,41.0,94.0,99.0,99.0,98.0
8476880,2025,Tom Wilson,WSH,R,5on5,72,58622.0,1252.0,64.74,17.0,9.0,11.0,37.0,95.0,10.3,162.0,16.0,69.0,28.0,20.0,38.0,46.26,38.69,0.54,0.54,0.56,84079.0,30.0,17.0,15.0,62.0,153.0,179.0,18.0,84.0,53.0,19.46,2.63,7.0,11.0,37.0,6.6,21.96,0.849,3.48,6.0,0.0,1.24,2.05,1.0,1.0,9.0,1.31,2.26,0.089,0.41,1.0,1.0,9.37,13.57,0.24,0.12,0.15,0.51,1.32,0.14,2.25,0.22,0.96,0.53,1.04,2.27,5.83,0.63,2.84,2.38,9.95,0.98,4.24,2.33,F,91.0,88.0,90.0,53.0,43.0,75.0,60.0,61.0,80.0,85.0,92.0
8484392,2025,Felix Unger Sorum,CAR,R,5on5,1,826.0,15.0,0.7,0.0,1.0,0.0,1.0,0.0,0.13,0.0,0.0,3.0,0.0,0.0,1.0,0.24,0.29,0.46,0.38,0.5,875.0,0.0,1.0,0.0,1.0,0.0,0.0,0.0,3.0,1.0,14.58,0.78,0.0,0.0,0.0,0.0,0.0,,0.0,0.0,0.0,0.0,0.03,0.0,0.0,0.0,0.0,0.0,,0.0,0.0,0.0,0.0,13.77,0.0,1.0,0.0,1.0,0.0,0.13,0.0,0.0,3.0,1.0,0.0,4.36,0.0,0.57,1.05,1.26,0.0,0.0,13.08,4.36,F,100.0,9.0,100.0,1.0,30.0,1.0,6.0,94.0,29.0,5.0,58.0
8476885,2025,Jacob Trouba,ANA,D,5on5,81,89361.0,1839.0,47.25,8.0,9.0,9.0,26.0,139.0,5.17,126.0,17.0,78.0,14.0,7.0,123.0,68.41,67.27,0.5,0.52,0.52,110940.0,10.0,14.0,11.0,35.0,166.0,143.0,22.0,89.0,149.0,22.83,0.66,0.0,1.0,11.0,0.55,4.27,0.868,1.13,12.0,0.0,0.73,2.94,0.0,1.0,4.0,0.34,5.79,0.138,0.25,1.0,2.0,9.11,18.39,0.1,0.11,0.11,0.32,1.72,0.06,1.56,0.21,0.96,1.52,0.32,1.05,5.6,0.21,2.76,2.71,5.08,0.68,3.14,4.96,D,81.0,83.0,75.0,91.0,74.0,77.0,42.0,76.0,59.0,76.0,77.0
8475151,2025,Kyle Palmieri,NYI,C,5on5,25,19253.0,401.0,17.43,3.0,2.0,5.0,10.0,30.0,2.64,17.0,4.0,12.0,4.0,4.0,8.0,11.71,14.3,0.45,0.5,0.49,28315.0,6.0,5.0,7.0,18.0,71.0,19.0,8.0,18.0,9.0,18.88,3.45,1.0,5.0,27.0,4.07,10.76,0.859,3.48,0.0,0.0,1.23,1.68,1.0,1.0,6.0,0.18,0.3,0.048,1.43,0.0,2.0,8.57,12.84,0.12,0.08,0.2,0.4,1.2,0.11,0.68,0.16,0.48,0.32,0.56,1.87,5.61,0.49,2.19,2.67,3.18,0.75,2.24,1.5,F,76.0,48.0,77.0,46.0,20.0,33.0,39.0,28.0,24.0,61.0,49.0
8475714,2025,Calle Jarnkrok,TOR,C,5on5,56,31365.0,736.0,-1.54,5.0,2.0,0.0,7.0,39.0,3.11,33.0,4.0,18.0,3.0,3.0,7.0,14.37,21.03,0.41,0.4,0.41,39780.0,6.0,2.0,0.0,8.0,45.0,33.0,4.0,19.0,11.0,11.84,0.24,0.0,0.0,2.0,0.51,2.03,0.944,0.0,2.0,0.0,0.54,2.06,0.0,0.0,2.0,0.3,0.6,0.035,0.0,0.0,0.0,8.58,9.33,0.09,0.04,0.0,0.12,0.7,0.06,0.59,0.07,0.32,0.12,0.57,0.8,4.48,0.36,1.65,2.41,3.79,0.46,2.07,0.8,F,18.0,49.0,20.0,21.0,10.0,37.0,18.0,7.0,12.0,7.0,8.0
8476988,2025,Matt Benning,TOR,D,5on5,1,741.0,20.0,-0.1,0.0,0.0,0.0,0.0,0.0,0.0,0.0,0.0,1.0,0.0,0.0,3.0,0.4,0.15,0.72,0.39,0.46,746.0,0.0,0.0,0.0,0.0,0.0,0.0,0.0,1.0,3.0,12.43,,,,,,,,,,,,0.08,0.0,0.0,0.0,0.0,0.0,,0.0,0.0,0.0,0.0,12.35,0.0,0.0,0.0,0.0,0.0,0.0,0.0,0.0,1.0,3.0,0.0,0.0,0.0,0.0,1.94,0.73,0.0,0.0,4.86,14.57,D,7.0,16.0,7.0,2.0,2.0,2.0,7.0,100.0,99.0,6.0,27.0
8477993,2025,Justin Kirkland,CGY,C,5on5,20,9859.0,238.0,3.03,1.0,1.0,0.0,2.0,9.0,1.35,29.0,2.0,13.0,1.0,0.0,8.0,6.12,5.33,0.53,0.51,0.53,11787.0,1.0,1.0,0.0,2.0,11.0,29.0,3.0,14.0,10.0,9.82,0.02,0.0,0.0,0.0,0.0,0.0,,0.0,0.0,0.0,0.0,1.56,0.0,0.0,2.0,0.12,0.24,0.082,0.0,0.0,1.0,5.17,8.22,0.05,0.05,0.0,0.1,0.45,0.07,1.45,0.1,0.65,0.4,0.37,0.73,3.29,0.49,2.23,1.95,10.59,0.73,4.75,2.92,F,15.0,31.0,17.0,8.0,20.0,77.0,36.0,78.0,74.0,68.0,80.0
8482726,2025,Samuel Helenius,LAK,C,5on5,53,25167.0,577.0,7.41,5.0,1.0,3.0,9.0,38.0,4.05,144.0,4.0,14.0,10.0,12.0,17.0,14.42,12.9,0.53,0.48,0.49,25375.0,5.0,1.0,3.0,9.0,38.0,144.0,4.0,14.0,17.0,7.98,0.02,0.0,0.0,0.0,0.0,0.0,,0.0,0.0,0.0,0.0,0.01,0.0,0.0,0.0,0.0,0.0,0.0,0.0,0.0,0.0,8.73,7.91,0.09,0.02,0.06,0.17,0.72,0.08,2.72,0.08,0.26,0.32,0.72,1.29,5.44,0.58,2.06,1.85,20.6,0.57,2.0,2.43,F,26.0,63.0,41.0,43.0,32.0,96.0,25.0,64.0,74.0,42.0,49.0
8476460,2025,Mark Scheifele,WPG,C,5on5,82,82459.0,1455.0,83.54,25.0,27.0,13.0,65.0,104.0,14.55,27.0,29.0,100.0,12.0,24.0,43.0,58.35,63.17,0.48,0.49,0.49,105800.0,36.0,42.0,25.0,103.0,175.0,32.0,31.0,129.0,47.0,21.5,3.07,7.0,21.0,39.0,4.84,35.15,0.905,5.01,0.0,0.0,0.88,0.28,0.0,1.0,2.0,0.73,1.42,0.467,2.57,0.0,1.0,4.16,16.76,0.3,0.33,0.16,0.79,1.27,0.18,0.33,0.35,1.22,0.52,1.09,2.84,4.54,0.64,2.55,2.76,1.18,1.27,4.37,1.88,F,99.0,92.0,98.0,23.0,45.0,10.0,79.0,43.0,42.0,51.0,49.0
8476461,2025,Sean Couturier,PHI,C,5on5,78,60728.0,1330.0,33.66,10.0,6.0,10.0,26.0,85.0,10.86,94.0,23.0,63.0,14.0,11.0,31.0,41.12,35.18,0.54,0.5,0.51,77929.0,12.0,9.0,15.0,36.0,119.0,100.0,31.0,68.0,42.0,16.65,0.82,0.0,1.0,13.0,0.89,6.41,0.897,0.94,6.0,1.0,0.7,2.31,0.0,0.0,13.0,1.1,2.74,0.104,0.0,0.0,7.0,7.9,12.98,0.13,0.08,0.13,0.33,1.09,0.14,1.21,0.29,0.81,0.4,0.59,1.54,5.04,0.64,2.44,2.09,5.57,1.36,3.73,1.84,F,62.0,52.0,58.0,33.0,45.0,52.0,83.0,41.0,80.0,61.0,66.0
8479318,2025,Auston Matthews,TOR,C,5on5,60,57048.0,1165.0,53.61,17.0,9.0,4.0,30.0,160.0,17.49,37.0,26.0,43.0,7.0,10.0,64.0,38.67,43.74,0.47,0.46,0.47,74894.0,27.0,15.0,11.0,53.0,227.0,42.0,30.0,51.0,81.0,20.8,2.62,5.0,12.0,40.0,4.74,19.31,0.891,4.58,9.0,3.0,0.9,1.11,0.0,0.0,6.0,0.41,0.78,0.101,0.0,0.0,1.0,6.25,15.85,0.28,0.15,0.07,0.5,2.67,0.29,0.62,0.43,0.72,1.07,1.07,1.89,10.1,1.1,2.44,2.76,2.33,1.64,2.71,4.04,F,90.0,90.0,78.0,98.0,97.0,22.0,92.0,92.0,35.0,27.0,33.0
8477401,2025,John Hayden,SEA,C,5on5,3,1621.0,38.0,-0.78,0.0,0.0,0.0,0.0,2.0,0.18,7.0,1.0,2.0,1.0,0.0,2.0,0.37,1.02,0.27,0.33,0.35,1814.0,0.0,0.0,0.0,0.0,2.0,7.0,1.0,2.0,2.0,10.08,,,,,,,,,,,,1.07,0.0,0.0,0.0,0.0,0.04,1.0,0.0,0.0,0.0,0.0,9.01,0.0,0.0,0.0,0.0,0.67,0.06,2.33,0.33,0.67,0.67,0.0,0.0,4.44,0.4,0.82,2.27,15.55,2.22,4.44,4.44,F,5.0,9.0,5.0,20.0,13.0,91.0,97.0,94.0,3.0,2.0,3.0
8482093,2025,Seth Jarvis,CAR,C,5on5,71,56685.0,1167.0,83.75,17.0,5.0,7.0,29.0,143.0,15.39,76.0,30.0,45.0,5.0,15.0,18.0,45.36,37.58,0.55,0.6,0.6,80427.0,32.0,19.0,15.0,66.0,224.0,81.0,41.0,57.0,27.0,18.88,2.87,5.0,18.0,44.0,5.34,27.36,0.887,5.3,6.0,3.0,1.03,1.53,3.0,5.0,15.0,2.45,5.16,0.362,2.76,1.0,7.0,5.03,13.31,0.24,0.07,0.1,0.41,2.01,0.22,1.07,0.42,0.63,0.25,1.08,1.84,9.08,0.98,2.88,2.39,4.83,1.91,2.86,1.14,F,78.0,91.0,75.0,96.0,94.0,47.0,96.0,14.0,84.0,97.0,98.0
8480448,2025,Parker Kelly,COL,C,5on5,82,51343.0,1189.0,48.32,19.0,6.0,7.0,32.0,91.0,10.18,171.0,11.0,40.0,14.0,15.0,46.0,36.23,27.84,0.57,0.57,0.56,62497.0,21.0,6.0,8.0,35.0,104.0,177.0,15.0,48.0,58.0,12.7,0.03,0.0,0.0,1.0,0.01,0.09,0.75,0.0,3.0,0.0,0.65,2.07,1.0,1.0,10.0,1.2,2.38,0.083,0.35,0.0,3.0,9.26,10.44,0.23,0.07,0.09,0.39,1.11,0.12,2.09,0.13,0.49,0.56,1.33,2.24,6.38,0.71,2.54,1.95,11.99,0.77,2.8,3.23,F,74.0,97.0,88.0,66.0,58.0,83.0,40.0,83.0,92.0,93.0,92.0
8477404,2025,Jake Guentzel,TBL,C,5on5,81,67935.0,1360.0,88.66,21.0,17.0,9.0,47.0,130.0,16.96,37.0,14.0,51.0,13.0,20.0,31.0,51.56,45.83,0.53,0.53,0.52,98395.0,38.0,29.0,21.0,88.0,220.0,39.0,23.0,73.0,41.0,20.25,3.89,8.0,28.0,56.0,8.07,40.18,0.921,5.33,7.0,1.0,0.65,1.26,2.0,2.0,12.0,1.23,2.27,0.154,1.17,0.0,5.0,7.33,13.98,0.26,0.21,0.11,0.58,1.6,0.21,0.46,0.17,0.63,0.38,1.11,2.49,6.89,0.9,2.73,2.43,1.96,0.74,2.7,1.64,F,95.0,92.0,95.0,76.0,89.0,18.0,37.0,34.0,74.0,81.0,73.0
8482095,2025,Tyler Kleven,OTT,D,5on5,70,64441.0,1506.0,28.75,3.0,11.0,2.0,16.0,80.0,2.7,121.0,27.0,76.0,17.0,8.0,79.0,44.12,38.01,0.54,0.53,0.54,72865.0,3.0,13.0,2.0,18.0,90.0,126.0,30.0,82.0,94.0,17.35,0.11,0.0,0.0,3.0,0.06,1.08,0.991,0.0,4.0,0.0,0.08,1.49,0.0,2.0,7.0,0.14,2.7,0.224,1.15,0.0,2.0,5.4,15.34,0.04,0.16,0.03,0.23,1.14,0.04,1.73,0.39,1.09,1.13,0.17,0.89,4.47,0.15,2.46,2.12,6.76,1.51,4.25,4.41,D,62.0,57.0,63.0,77.0,45.0,90.0,94.0,62.0,80.0,82.0,87.0
8479393,2025,Noah Gregor,FLA,L,5on5,37,19811.0,474.0,6.07,4.0,3.0,0.0,7.0,38.0,3.41,36.0,5.0,10.0,5.0,4.0,10.0,9.94,14.79,0.4,0.46,0.46,21223.0,4.0,5.0,0.0,9.0,42.0,37.0,5.0,11.0,11.0,9.56,0.2,0.0,1.0,1.0,0.07,0.26,0.591,7.93,1.0,0.0,1.43,0.29,0.0,0.0,1.0,0.02,0.09,0.138,0.0,0.0,0.0,3.11,8.92,0.11,0.08,0.0,0.19,1.03,0.09,0.97,0.14,0.27,0.27,0.73,1.27,6.91,0.62,1.81,2.69,6.54,0.91,1.82,1.82,F,31.0,64.0,40.0,76.0,41.0,59.0,52.0,40.0,10.0,27.0,25.0
8482655,2025,J.J. Moser,TBL,D,5on5,79,85929.0,1648.0,55.33,7.0,4.0,13.0,24.0,107.0,5.74,53.0,18.0,67.0,19.0,23.0,60.0,70.28,56.11,0.56,0.57,0.56,102250.0,7.0,7.0,15.0,29.0,111.0,61.0,22.0,80.0,91.0,21.57,0.08,0.0,1.0,0.0,0.0,0.41,1.0,9.16,12.0,0.0,0.0,2.42,0.0,2.0,1.0,0.01,2.07,0.078,0.63,1.0,3.0,7.72,18.13,0.09,0.05,0.16,0.3,1.35,0.07,0.67,0.23,0.85,0.76,0.29,1.01,4.48,0.24,2.94,2.35,2.22,0.75,2.81,2.51,D,78.0,80.0,71.0,78.0,84.0,40.0,48.0,10.0,88.0,94.0,92.0
8477960,2025,Adrian Kempe,LAK,R,5on5,81,71991.0,1457.0,74.74,25.0,12.0,8.0,45.0,158.0,13.94,118.0,22.0,54.0,20.0,13.0,32.0,44.93,49.48,0.48,0.52,0.52,93826.0,36.0,23.0,14.0,73.0,226.0,127.0,24.0,67.0,39.0,19.31,2.86,2.0,9.0,38.0,3.7,22.0,0.828,2.33,2.0,0.0,1.18,0.53,0.0,1.0,5.0,0.71,1.17,0.205,1.39,0.0,0.0,6.29,14.81,0.31,0.15,0.1,0.56,1.95,0.17,1.46,0.27,0.67,0.4,1.25,2.25,7.9,0.7,2.25,2.47,5.9,1.1,2.7,1.6,F,94.0,96.0,89.0,90.0,56.0,55.0,68.0,32.0,42.0,74.0,73.0
8484801,2025,Macklin Celebrini,SJS,C,5on5,82,80795.0,1462.0,104.42,26.0,25.0,11.0,62.0,167.0,16.15,47.0,36.0,116.0,18.0,28.0,49.0,57.99,59.02,0.5,0.49,0.49,104874.0,45.0,46.0,24.0,115.0,287.0,53.0,41.0,150.0,53.0,21.32,3.48,7.0,28.0,64.0,6.1,39.55,0.896,5.89,0.0,0.0,0.97,0.17,0.0,0.0,2.0,0.2,0.55,0.244,0.0,0.0,2.0,7.2,16.42,0.32,0.3,0.13,0.76,2.04,0.2,0.57,0.44,1.41,0.6,1.16,2.76,7.44,0.72,2.58,2.63,2.09,1.6,5.17,2.18,F,99.0,94.0,98.0,83.0,61.0,20.0,92.0,54.0,55.0,51.0,49.0
8479398,2025,Samuel Girard,PIT,D,5on5,60,60622.0,1141.0,27.07,3.0,5.0,9.0,17.0,39.0,2.15,18.0,11.0,51.0,10.0,4.0,49.0,46.72,38.09,0.55,0.54,0.53,65161.0,3.0,6.0,10.0,19.0,41.0,21.0,11.0,54.0,58.0,18.1,0.07,0.0,0.0,0.0,0.0,0.53,0.768,0.0,2.0,0.0,2.28,0.88,0.0,0.0,0.0,0.0,0.96,0.186,0.0,0.0,0.0,4.8,16.84,0.05,0.08,0.15,0.28,0.65,0.04,0.3,0.18,0.85,0.82,0.18,1.01,2.32,0.13,2.77,2.26,1.07,0.65,3.03,2.91,D,73.0,60.0,71.0,11.0,33.0,16.0,38.0,18.0,85.0,87.0,82.0
8483425,2025,Lian Bichsel,DAL,D,5on5,50,43487.0,865.0,5.53,4.0,2.0,2.0,8.0,26.0,1.22,131.0,12.0,36.0,17.0,12.0,37.0,25.51,28.77,0.47,0.46,0.46,47000.0,4.0,2.0,2.0,8.0,27.0,139.0,14.0,38.0,42.0,15.67,0.01,0.0,0.0,0.0,0.0,0.0,,0.0,0.0,0.0,0.0,0.92,0.0,0.0,1.0,0.01,0.19,0.05,0.0,0.0,1.0,4.68,14.5,0.08,0.04,0.04,0.16,0.52,0.02,2.62,0.24,0.72,0.74,0.33,0.66,2.15,0.1,2.11,2.38,10.84,0.99,2.98,3.06,D,37.0,84.0,38.0,9.0,18.0,97.0,73.0,23.0,38.0,28.0,27.0
8475231,2025,Casey Cizikas,NYI,C,5on5,81,49013.0,1145.0,19.6,7.0,7.0,0.0,14.0,70.0,10.96,153.0,9.0,44.0,9.0,3.0,43.0,30.73,28.98,0.51,0.49,0.5,57192.0,10.0,8.0,0.0,18.0,80.0,153.0,10.0,49.0,57.0,11.77,0.04,0.0,0.0,0.0,0.0,0.74,1.0,0.0,3.0,0.0,0.0,1.41,1.0,2.0,8.0,1.01,2.38,0.152,1.05,0.0,1.0,6.97,10.08,0.09,0.09,0.0,0.17,0.86,0.14,1.89,0.11,0.54,0.53,0.51,1.03,5.14,0.81,2.26,2.13,11.24,0.66,3.23,3.16,F,26.0,43.0,28.0,35.0,77.0,80.0,30.0,81.0,63.0,51.0,58.0
8476878,2025,Zemgus Girgensons,TBL,C,5on5,74,55919.0,1250.0,21.94,8.0,4.0,6.0,18.0,85.0,11.65,193.0,5.0,35.0,13.0,10.0,39.0,34.54,34.9,0.5,0.5,0.5,65568.0,9.0,4.0,7.0,20.0,89.0,195.0,6.0,42.0,44.0,14.77,0.04,0.0,0.0,0.0,0.01,0.08,1.0,0.0,1.0,0.0,0.0,1.85,0.0,0.0,1.0,0.06,0.57,0.033,0.0,0.0,1.0,7.42,12.59,0.11,0.05,0.08,0.24,1.15,0.16,2.61,0.07,0.47,0.53,0.52,1.16,5.47,0.75,2.22,2.25,12.43,0.32,2.25,2.51,F,41.0,44.0,33.0,44.0,68.0,84.0,14.0,68.0,55.0,61.0,58.0
8476874,2025,Olli Mtt,CGY,D,5on5,43,40076.0,845.0,13.5,2.0,7.0,6.0,15.0,33.0,1.87,3.0,12.0,46.0,1.0,3.0,56.0,26.21,27.64,0.49,0.49,0.5,44411.0,2.0,7.0,6.0,15.0,34.0,3.0,13.0,50.0,62.0,17.21,0.04,0.0,0.0,0.0,0.0,0.06,1.0,0.0,2.0,0.0,0.0,1.19,0.0,0.0,1.0,0.04,1.7,0.243,0.0,0.0,0.0,6.23,15.53,0.05,0.16,0.14,0.35,0.77,0.04,0.07,0.28,1.07,1.3,0.18,1.35,2.96,0.17,2.35,2.48,0.27,1.08,4.13,5.03,D,85.0,60.0,90.0,30.0,57.0,5.0,78.0,77.0,50.0,53.0,62.0
8484762,2025,Beckett Sennecke,ANA,R,5on5,82,70279.0,1480.0,61.91,20.0,11.0,8.0,39.0,148.0,20.15,95.0,19.0,80.0,25.0,26.0,22.0,61.49,53.74,0.53,0.52,0.52,85830.0,23.0,21.0,16.0,60.0,198.0,97.0,26.0,96.0,24.0,17.45,2.25,1.0,13.0,31.0,6.27,25.06,0.864,4.22,0.0,1.0,1.28,0.04,0.0,0.0,0.0,0.0,0.0,,0.0,0.0,0.0,0.0,14.28,0.24,0.13,0.1,0.48,1.8,0.25,1.16,0.23,0.98,0.27,1.02,2.0,7.58,1.03,3.15,2.75,4.87,0.97,4.1,1.13,F,88.0,87.0,81.0,85.0,96.0,47.0,59.0,13.0,74.0,74.0,73.0
8478891,2025,Mason Appleton,DET,C,5on5,65,46367.0,1011.0,10.33,5.0,5.0,2.0,12.0,58.0,5.01,86.0,1.0,21.0,12.0,11.0,20.0,26.31,33.42,0.44,0.47,0.46,52744.0,6.0,5.0,3.0,14.0,63.0,89.0,1.0,22.0,29.0,13.52,0.08,0.0,0.0,0.0,0.0,0.0,,0.0,2.0,0.0,0.0,1.22,0.0,1.0,4.0,0.45,1.23,0.112,0.75,0.0,0.0,7.38,11.89,0.08,0.08,0.03,0.18,0.89,0.08,1.32,0.02,0.32,0.31,0.39,0.93,4.5,0.39,2.04,2.59,6.68,0.08,1.63,1.55,F,29.0,33.0,25.0,22.0,12.0,60.0,12.0,30.0,20.0,34.0,25.0
8482172,2025,Landon Slaggert,CHI,L,5on5,52,29606.0,686.0,3.97,3.0,1.0,3.0,7.0,41.0,5.39,74.0,2.0,11.0,3.0,8.0,22.0,15.08,21.82,0.41,0.43,0.43,32852.0,3.0,1.0,3.0,7.0,45.0,76.0,4.0,11.0,24.0,10.53,0.01,0.0,0.0,0.0,0.0,0.01,1.0,0.0,0.0,0.0,0.0,1.0,0.0,0.0,4.0,0.32,0.55,0.072,0.0,0.0,2.0,8.21,9.49,0.06,0.02,0.06,0.13,0.79,0.1,1.42,0.04,0.21,0.42,0.36,0.85,4.99,0.66,1.83,2.65,9.0,0.24,1.34,2.68,F,19.0,30.0,21.0,31.0,49.0,71.0,13.0,72.0,12.0,12.0,12.0
8484144,2025,Connor Bedard,CHI,C,5on5,68,66831.0,1326.0,54.22,17.0,20.0,7.0,44.0,144.0,15.24,29.0,23.0,61.0,21.0,26.0,24.0,44.42,62.91,0.41,0.44,0.44,85229.0,30.0,32.0,11.0,73.0,223.0,30.0,27.0,85.0,27.0,20.89,3.35,6.0,16.0,47.0,5.24,25.38,0.883,4.22,0.0,3.0,0.89,0.02,0.0,0.0,0.0,0.0,0.0,,0.0,0.0,0.0,0.0,16.38,0.25,0.29,0.1,0.65,2.12,0.22,0.43,0.34,0.9,0.35,0.92,2.37,7.76,0.82,2.39,3.39,1.56,1.24,3.29,1.29,F,97.0,81.0,92.0,87.0,79.0,13.0,78.0,19.0,12.0,16.0,15.0
8479420,2025,Tage Thompson,BUF,C,5on5,81,71878.0,1583.0,81.82,31.0,12.0,3.0,46.0,185.0,17.97,80.0,21.0,58.0,12.0,21.0,41.0,52.03,52.39,0.5,0.5,0.5,93524.0,40.0,28.0,13.0,81.0,272.0,85.0,28.0,69.0,48.0,19.24,3.31,6.0,24.0,63.0,8.62,32.64,0.875,5.37,0.0,5.0,1.04,0.04,0.0,0.0,0.0,0.0,0.16,0.64,0.0,0.0,0.0,1.6,14.79,0.38,0.15,0.04,0.57,2.28,0.22,0.99,0.26,0.72,0.51,1.55,2.3,9.27,0.9,2.61,2.62,4.01,1.05,2.9,2.05,F,94.0,98.0,91.0,97.0,89.0,40.0,65.0,49.0,55.0,61.0,58.0
8482859,2025,Zack Ostapchuk,SJS,C,5on5,59,31147.0,749.0,3.75,4.0,2.0,0.0,6.0,41.0,4.53,139.0,5.0,18.0,12.0,15.0,22.0,15.94,19.05,0.46,0.44,0.45,35734.0,4.0,2.0,1.0,7.0,44.0,140.0,8.0,20.0,29.0,10.09,0.03,0.0,0.0,1.0,0.01,0.03,0.065,0.0,1.0,0.0,12.59,1.14,0.0,0.0,2.0,0.72,0.99,0.091,0.0,0.0,3.0,8.78,8.8,0.07,0.03,0.0,0.1,0.69,0.08,2.36,0.08,0.31,0.37,0.46,0.69,4.74,0.52,1.84,2.2,16.07,0.58,2.08,2.54,F,15.0,38.0,16.0,25.0,23.0,92.0,25.0,69.0,29.0,16.0,19.0
8482142,2025,Jamie Drysdale,PHI,D,5on5,78,85986.0,1814.0,26.93,3.0,3.0,12.0,18.0,76.0,4.14,14.0,13.0,45.0,8.0,7.0,82.0,56.34,53.58,0.51,0.48,0.48,100872.0,8.0,6.0,18.0,32.0,101.0,16.0,17.0,54.0,94.0,21.55,2.21,1.0,9.0,18.0,1.38,22.34,0.926,3.13,1.0,2.0,0.62,0.13,0.0,0.0,0.0,0.0,0.0,0.0,0.0,0.0,0.0,10.53,18.37,0.04,0.04,0.15,0.23,0.97,0.05,0.18,0.17,0.58,1.05,0.13,0.75,3.18,0.17,2.36,2.24,0.59,0.54,1.88,3.43,D,62.0,49.0,48.0,36.0,57.0,7.0,28.0,32.0,66.0,44.0,42.0
8482451,2025,Mikael Pyyhtia,CBJ,L,5on5,5,2964.0,64.0,2.1,1.0,0.0,0.0,1.0,6.0,0.69,1.0,1.0,1.0,0.0,0.0,2.0,2.11,1.47,0.59,0.59,0.59,3078.0,1.0,0.0,0.0,1.0,6.0,1.0,1.0,1.0,2.0,10.26,,,,,,,,,,,,0.38,0.0,0.0,0.0,0.0,0.0,0.0,0.0,0.0,0.0,29.05,9.88,0.2,0.0,0.0,0.2,1.2,0.14,0.2,0.2,0.2,0.4,1.21,1.21,7.29,0.84,2.56,1.79,1.21,1.21,1.21,2.43,F,33.0,95.0,35.0,82.0,82.0,10.0,75.0,64.0,96.0,96.0,97.0
8476459,2025,Mika Zibanejad,NYR,C,5on5,81,71871.0,1569.0,71.21,16.0,15.0,6.0,37.0,142.0,13.4,102.0,27.0,81.0,7.0,7.0,35.0,46.11,45.09,0.51,0.49,0.49,101562.0,34.0,29.0,15.0,78.0,215.0,105.0,34.0,112.0,50.0,20.9,3.12,16.0,31.0,53.0,12.03,41.62,0.898,7.37,8.0,3.0,1.13,1.73,1.0,1.0,5.0,0.36,1.02,0.059,0.43,1.0,4.0,6.96,14.79,0.2,0.19,0.07,0.46,1.75,0.17,1.26,0.33,1.0,0.43,0.8,1.85,7.11,0.67,2.31,2.26,5.11,1.35,4.06,1.75,F,84.0,72.0,75.0,79.0,51.0,49.0,82.0,37.0,63.0,51.0,49.0
8482145,2025,Mavrik Bourque,DAL,C,5on5,82,68526.0,1336.0,45.61,16.0,9.0,7.0,32.0,130.0,14.52,77.0,15.0,49.0,7.0,13.0,20.0,51.45,42.43,0.55,0.52,0.52,76194.0,20.0,13.0,8.0,41.0,147.0,78.0,15.0,51.0,21.0,15.49,1.08,1.0,5.0,11.0,0.9,9.57,0.889,3.4,1.0,0.0,0.81,0.19,0.0,0.0,0.0,0.0,0.07,0.024,0.0,0.0,0.0,10.86,13.93,0.2,0.11,0.09,0.39,1.59,0.18,0.94,0.18,0.6,0.24,0.84,1.68,6.83,0.76,2.7,2.23,4.05,0.79,2.57,1.05,F,74.0,76.0,65.0,74.0,69.0,40.0,42.0,11.0,84.0,74.0,73.0
8482146,2025,Luke Evangelista,NSH,R,5on5,81,67668.0,1333.0,70.09,9.0,18.0,6.0,33.0,133.0,12.78,21.0,25.0,48.0,9.0,20.0,18.0,55.37,45.24,0.55,0.57,0.55,80785.0,12.0,27.0,17.0,56.0,176.0,21.0,25.0,58.0,21.0,16.62,2.09,1.0,17.0,28.0,2.32,20.55,0.867,6.01,0.0,0.0,1.11,0.01,0.0,0.0,0.0,0.0,0.0,0.0,0.0,0.0,0.0,28.38,13.92,0.11,0.22,0.07,0.41,1.64,0.16,0.26,0.31,0.59,0.22,0.48,1.76,7.08,0.68,2.95,2.41,1.12,1.33,2.55,0.96,F,78.0,40.0,71.0,79.0,53.0,9.0,81.0,9.0,84.0,93.0,89.0
8484794,2025,Michael Brandsegg-Nygrd,DET,R,5on5,14,9546.0,214.0,4.03,0.0,0.0,1.0,1.0,17.0,1.53,41.0,5.0,11.0,1.0,2.0,3.0,6.21,4.67,0.57,0.58,0.6,10514.0,0.0,0.0,1.0,1.0,19.0,43.0,5.0,12.0,3.0,12.52,1.02,0.0,0.0,1.0,0.05,0.74,0.974,0.0,0.0,0.0,0.08,,,,,,,,,,,,11.36,0.0,0.0,0.07,0.07,1.21,0.11,2.93,0.36,0.79,0.21,0.0,0.38,6.41,0.58,2.34,1.76,15.46,1.89,4.15,1.13,F,12.0,9.0,11.0,66.0,32.0,91.0,95.0,13.0,92.0,95.0,98.0
8480459,2025,Pius Suter,STL,C,5on5,64,48686.0,1080.0,26.75,9.0,4.0,7.0,20.0,80.0,11.09,37.0,5.0,31.0,7.0,5.0,18.0,34.51,34.8,0.5,0.49,0.49,61032.0,13.0,7.0,9.0,29.0,95.0,41.0,13.0,34.0,24.0,15.89,1.1,1.0,4.0,5.0,0.93,6.21,0.864,3.41,4.0,0.0,0.83,1.66,1.0,2.0,6.0,0.66,1.18,0.123,1.13,0.0,6.0,4.77,12.68,0.14,0.06,0.11,0.31,1.25,0.17,0.58,0.08,0.48,0.28,0.67,1.48,5.92,0.82,2.55,2.57,2.74,0.37,2.29,1.33,F,58.0,59.0,54.0,56.0,79.0,27.0,16.0,20.0,55.0,51.0,49.0
8478402,2025,Connor McDavid,EDM,C,5on5,82,85156.0,1529.0,135.83,25.0,19.0,14.0,58.0,183.0,21.72,34.0,25.0,109.0,19.0,42.0,27.0,80.04,62.4,0.56,0.54,0.54,113127.0,48.0,57.0,33.0,138.0,307.0,40.0,32.0,134.0,30.0,22.99,3.45,12.0,51.0,75.0,11.46,48.27,0.913,10.81,1.0,2.0,0.97,1.02,1.0,1.0,11.0,0.95,1.98,0.21,0.72,0.0,1.0,5.37,17.31,0.3,0.23,0.17,0.71,2.23,0.26,0.41,0.3,1.33,0.33,1.06,2.45,7.74,0.92,3.38,2.64,1.44,1.06,4.61,1.14,F,99.0,90.0,94.0,87.0,91.0,13.0,66.0,14.0,88.0,85.0,85.0
8481077,2025,John Leonard,DET,L,5on5,11,6746.0,161.0,2.73,2.0,0.0,0.0,2.0,11.0,1.45,12.0,2.0,9.0,0.0,1.0,9.0,4.56,4.33,0.51,0.45,0.46,7591.0,2.0,2.0,0.0,4.0,11.0,12.0,2.0,13.0,9.0,11.5,1.17,0.0,2.0,0.0,0.18,1.36,0.739,9.33,0.0,0.0,2.24,,,,,,,,,,,,10.22,0.18,0.0,0.0,0.18,1.0,0.13,1.09,0.18,0.82,0.82,1.07,1.07,5.87,0.77,2.43,2.31,6.4,1.07,4.8,4.8,F,29.0,90.0,30.0,54.0,71.0,58.0,67.0,96.0,63.0,21.0,25.0
8473422,2025,Nick Foligno,MIN,L,5on5,53,32531.0,708.0,13.67,4.0,4.0,3.0,11.0,40.0,4.47,123.0,7.0,26.0,15.0,15.0,31.0,19.83,20.11,0.5,0.48,0.49,40265.0,4.0,7.0,4.0,15.0,48.0,125.0,7.0,30.0,33.0,12.66,0.99,0.0,2.0,5.0,0.37,3.71,0.918,2.28,1.0,0.0,0.38,1.17,0.0,1.0,3.0,0.04,0.66,0.083,0.97,0.0,0.0,7.07,10.23,0.08,0.08,0.06,0.21,0.75,0.08,2.32,0.13,0.49,0.58,0.44,1.22,4.43,0.49,2.19,2.23,13.61,0.77,2.88,3.43,F,35.0,36.0,36.0,20.0,20.0,87.0,40.0,85.0,55.0,42.0,49.0
8482785,2025,Justin Robidas,CAR,C,5on5,2,1282.0,29.0,1.3,0.0,1.0,0.0,1.0,2.0,0.09,3.0,0.0,1.0,0.0,1.0,1.0,0.48,0.35,0.57,0.56,0.54,1282.0,0.0,1.0,0.0,1.0,2.0,3.0,0.0,1.0,1.0,10.68,,,,,,,,,,,,,,,,,,,,,,,10.68,0.0,0.5,0.0,0.5,1.0,0.04,1.5,0.0,0.5,0.5,0.0,2.81,5.62,0.25,1.35,0.98,8.42,0.0,2.81,2.81,F,90.0,9.0,98.0,47.0,6.0,70.0,6.0,76.0,92.0,91.0,85.0
8477220,2025,Nate Schmidt,UTA,D,5on5,82,82049.0,1875.0,42.1,4.0,8.0,9.0,21.0,75.0,3.58,70.0,12.0,63.0,10.0,10.0,66.0,64.85,51.98,0.56,0.55,0.55,96916.0,5.0,8.0,9.0,22.0,86.0,78.0,14.0,75.0,95.0,19.7,0.58,0.0,0.0,7.0,0.45,1.79,0.713,0.0,13.0,0.0,0.91,1.86,0.0,0.0,2.0,0.16,1.32,0.073,0.0,1.0,2.0,6.61,16.68,0.05,0.1,0.11,0.26,0.91,0.04,0.85,0.15,0.77,0.8,0.18,0.92,3.29,0.16,2.85,2.28,3.07,0.53,2.76,2.9,D,68.0,60.0,66.0,41.0,51.0,52.0,27.0,18.0,88.0,90.0,90.0
8482511,2025,Mason Lohrei,BOS,D,5on5,73,65822.0,1361.0,24.0,5.0,8.0,7.0,20.0,56.0,3.68,30.0,14.0,85.0,10.0,5.0,86.0,41.81,50.48,0.45,0.48,0.47,74045.0,7.0,10.0,9.0,26.0,72.0,30.0,20.0,93.0,93.0,16.91,1.31,2.0,5.0,14.0,1.25,12.09,0.901,3.14,3.0,4.0,0.84,0.14,0.0,0.0,1.0,0.01,0.25,0.17,0.0,0.0,1.0,7.38,15.03,0.07,0.11,0.1,0.27,0.77,0.05,0.41,0.19,1.16,1.18,0.27,1.09,3.06,0.2,2.29,2.76,1.64,0.77,4.65,4.7,D,70.0,77.0,78.0,33.0,70.0,30.0,50.0,68.0,24.0,44.0,34.0
8482665,2025,Matty Beniers,SEA,C,5on5,82,74641.0,1533.0,43.66,14.0,11.0,10.0,35.0,96.0,12.36,29.0,14.0,72.0,7.0,18.0,60.0,43.93,49.3,0.47,0.47,0.47,94841.0,20.0,19.0,11.0,50.0,149.0,31.0,21.0,82.0,69.0,19.28,2.53,4.0,8.0,38.0,5.71,24.65,0.891,2.31,1.0,5.0,0.87,0.52,0.0,0.0,1.0,0.09,0.28,0.074,0.0,1.0,1.0,4.89,15.17,0.17,0.13,0.12,0.43,1.17,0.15,0.35,0.17,0.88,0.73,0.68,1.69,4.63,0.6,2.12,2.38,1.4,0.68,3.47,2.89,F,81.0,60.0,66.0,24.0,37.0,12.0,31.0,78.0,35.0,34.0,33.0
8482067,2025,Connor Mackey,NYR,D,5on5,3,2243.0,49.0,-0.3,0.0,0.0,0.0,0.0,2.0,0.12,2.0,0.0,3.0,2.0,0.0,2.0,0.94,1.2,0.44,0.51,0.5,2301.0,0.0,0.0,0.0,0.0,2.0,2.0,0.0,3.0,2.0,12.78,,,,,,,,,,,,0.19,0.0,0.0,0.0,0.0,0.0,0.0,0.0,0.0,0.0,7.2,12.46,0.0,0.0,0.0,0.0,0.67,0.04,0.67,0.0,1.0,0.67,0.0,0.0,3.21,0.19,1.51,1.93,3.21,0.0,4.81,3.21,D,7.0,16.0,7.0,37.0,65.0,54.0,7.0,27.0,19.0,70.0,62.0
8479942,2025,Dominik Shine,DET,R,5on5,18,7247.0,175.0,0.76,2.0,0.0,0.0,2.0,12.0,1.28,14.0,5.0,8.0,2.0,3.0,5.0,3.56,6.29,0.36,0.38,0.39,7490.0,3.0,0.0,0.0,3.0,13.0,14.0,6.0,8.0,6.0,6.94,0.04,0.0,0.0,0.0,0.0,0.0,,0.0,0.0,0.0,0.0,0.11,0.0,0.0,0.0,0.0,0.0,0.0,0.0,0.0,0.0,14.82,6.71,0.11,0.0,0.0,0.11,0.67,0.07,0.78,0.28,0.44,0.28,0.99,0.99,5.96,0.64,1.77,3.12,6.95,2.48,3.97,2.48,F,16.0,86.0,27.0,57.0,45.0,62.0,98.0,66.0,6.0,5.0,6.0
8482663,2025,Dylan Duke,TBL,L,5on5,1,521.0,13.0,-0.28,0.0,0.0,0.0,0.0,1.0,0.03,0.0,1.0,1.0,0.0,0.0,0.0,0.19,1.03,0.15,0.36,0.25,562.0,0.0,0.0,0.0,0.0,1.0,0.0,1.0,1.0,0.0,9.37,0.68,0.0,0.0,0.0,0.0,0.0,,0.0,0.0,0.0,0.0,,,,,,,,,,,,8.68,0.0,0.0,0.0,0.0,1.0,0.03,0.0,1.0,1.0,0.0,0.0,0.0,6.91,0.21,1.31,7.12,0.0,6.91,6.91,0.0,F,5.0,9.0,5.0,76.0,4.0,1.0,100.0,2.0,1.0,4.0,1.0
8482775,2025,Oliver Kapanen,MTL,C,5on5,82,56818.0,1179.0,25.97,19.0,5.0,7.0,31.0,107.0,13.13,31.0,12.0,32.0,10.0,7.0,43.0,36.8,48.25,0.43,0.43,0.44,71215.0,22.0,8.0,7.0,37.0,131.0,32.0,14.0,38.0,68.0,14.47,0.94,1.0,1.0,13.0,2.56,8.37,0.864,0.78,19.0,0.0,1.03,1.54,1.0,3.0,4.0,0.09,1.65,0.099,1.42,0.0,1.0,7.11,11.55,0.23,0.06,0.09,0.38,1.3,0.16,0.38,0.15,0.39,0.52,1.2,1.96,6.78,0.83,2.33,3.06,1.96,0.76,2.03,2.72,F,72.0,95.0,80.0,73.0,80.0,18.0,40.0,74.0,17.0,12.0,15.0
8484227,2025,Will Smith,SJS,C,5on5,69,58930.0,1155.0,52.97,15.0,16.0,6.0,37.0,111.0,12.19,15.0,14.0,76.0,4.0,10.0,11.0,40.97,44.54,0.48,0.49,0.49,75278.0,24.0,20.0,15.0,59.0,166.0,16.0,14.0,83.0,12.0,18.18,3.11,7.0,13.0,44.0,5.57,28.09,0.874,3.63,0.0,0.0,1.13,0.05,0.0,0.0,0.0,0.35,0.49,0.925,0.0,1.0,0.0,0.66,14.23,0.22,0.23,0.09,0.54,1.61,0.18,0.22,0.2,1.1,0.16,0.92,2.26,6.78,0.74,2.5,2.72,0.92,0.86,4.64,0.67,F,93.0,81.0,89.0,73.0,66.0,7.0,47.0,5.0,42.0,51.0,49.0
8478438,2025,Tommy Novak,PIT,C,5on5,82,62784.0,1315.0,41.73,10.0,15.0,8.0,33.0,107.0,13.78,12.0,26.0,47.0,11.0,7.0,34.0,52.73,43.73,0.55,0.51,0.52,70264.0,16.0,17.0,9.0,42.0,130.0,12.0,28.0,54.0,34.0,14.28,1.13,5.0,7.0,15.0,2.58,9.25,0.759,4.53,0.0,1.0,1.9,0.01,0.0,0.0,0.0,0.0,0.01,0.5,0.0,0.0,0.0,1.03,12.76,0.12,0.18,0.1,0.4,1.3,0.17,0.15,0.32,0.57,0.41,0.57,1.89,6.14,0.79,3.02,2.51,0.69,1.49,2.69,1.95,F,76.0,49.0,78.0,60.0,73.0,5.0,89.0,46.0,84.0,68.0,73.0
8476448,2025,William Karlsson,VGK,C,5on5,14,10127.0,204.0,7.79,1.0,1.0,0.0,2.0,24.0,2.06,3.0,1.0,10.0,2.0,1.0,10.0,6.14,6.19,0.5,0.51,0.53,12723.0,4.0,2.0,1.0,7.0,30.0,3.0,3.0,11.0,13.0,15.15,0.94,1.0,1.0,2.0,0.26,1.1,0.866,4.54,2.0,0.0,0.77,1.3,1.0,1.0,1.0,0.25,0.37,0.214,3.29,0.0,0.0,4.47,12.06,0.07,0.07,0.0,0.14,1.71,0.15,0.21,0.07,0.71,0.71,0.36,0.71,8.53,0.73,2.18,2.2,1.07,0.36,3.55,3.55,F,21.0,30.0,17.0,93.0,64.0,8.0,15.0,86.0,55.0,68.0,80.0
8483485,2025,Denton Mateychuk,CBJ,D,5on5,75,74445.0,1374.0,38.15,12.0,8.0,7.0,27.0,80.0,4.67,23.0,13.0,74.0,4.0,8.0,70.0,57.15,50.38,0.53,0.51,0.52,86335.0,13.0,11.0,7.0,31.0,88.0,26.0,15.0,80.0,92.0,19.19,0.52,1.0,3.0,4.0,0.45,6.69,0.846,4.62,6.0,0.0,1.88,1.51,0.0,0.0,1.0,0.22,1.32,0.061,0.0,0.0,1.0,10.74,16.54,0.16,0.11,0.09,0.36,1.07,0.06,0.31,0.17,0.99,0.93,0.58,1.31,3.87,0.23,2.76,2.44,1.11,0.63,3.58,3.39,D,87.0,98.0,89.0,61.0,81.0,18.0,36.0,31.0,76.0,70.0,77.0
8482149,2025,Cole Perfetti,WPG,C,5on5,68,51587.0,1059.0,35.71,5.0,9.0,7.0,21.0,102.0,10.23,51.0,19.0,49.0,10.0,7.0,29.0,32.55,29.71,0.52,0.53,0.52,63745.0,12.0,13.0,7.0,32.0,136.0,54.0,21.0,55.0,33.0,15.62,2.17,3.0,6.0,24.0,6.75,19.21,0.902,2.43,0.0,1.0,0.85,0.0,0.0,0.0,0.0,0.0,0.0,,0.0,0.0,0.0,0.0,12.64,0.07,0.13,0.1,0.31,1.5,0.15,0.75,0.28,0.72,0.43,0.35,1.47,7.12,0.71,2.27,2.07,3.56,1.33,3.42,2.02,F,58.0,29.0,53.0,80.0,58.0,36.0,81.0,48.0,69.0,81.0,73.0
8482679,2025,Matt Coronato,CGY,R,5on5,80,63494.0,1411.0,42.22,10.0,6.0,10.0,26.0,151.0,14.05,22.0,17.0,46.0,11.0,12.0,21.0,43.93,53.95,0.45,0.49,0.48,79928.0,18.0,15.0,12.0,45.0,197.0,23.0,19.0,56.0,23.0,16.65,2.61,6.0,11.0,38.0,5.87,19.91,0.821,3.16,0.0,1.0,1.25,0.02,0.0,0.0,0.0,0.0,0.0,0.0,0.0,0.0,0.0,0.33,13.23,0.12,0.08,0.12,0.32,1.89,0.18,0.28,0.21,0.57,0.26,0.57,1.47,8.56,0.8,2.49,3.06,1.25,0.96,2.61,1.19,F,60.0,49.0,53.0,94.0,76.0,10.0,57.0,15.0,24.0,51.0,41.0
8481592,2025,Jakob Pelletier,TBL,L,5on5,5,2609.0,69.0,0.52,0.0,0.0,0.0,0.0,3.0,0.4,8.0,0.0,4.0,0.0,0.0,3.0,0.9,1.23,0.42,0.53,0.52,2803.0,0.0,0.0,0.0,0.0,4.0,8.0,0.0,4.0,3.0,9.34,0.49,0.0,0.0,1.0,0.35,0.35,0.946,0.0,0.0,0.0,0.49,,,,,,,,,,,,8.7,0.0,0.0,0.0,0.0,0.6,0.08,1.6,0.0,0.8,0.6,0.0,0.0,4.14,0.55,1.24,1.7,11.04,0.0,5.52,4.14,F,5.0,9.0,5.0,15.0,27.0,79.0,6.0,93.0,14.0,81.0,73.0
8481598,2025,Philip Broberg,STL,D,5on5,81,91128.0,1813.0,28.4,4.0,11.0,11.0,26.0,78.0,5.32,28.0,21.0,97.0,7.0,16.0,75.0,61.01,60.7,0.5,0.47,0.48,113518.0,6.0,14.0,14.0,34.0,98.0,35.0,26.0,111.0,98.0,23.36,1.18,2.0,5.0,12.0,1.05,8.84,0.893,3.14,7.0,3.0,0.67,2.38,0.0,0.0,5.0,0.21,1.94,0.09,0.0,1.0,2.0,6.08,18.75,0.05,0.14,0.14,0.32,0.96,0.07,0.35,0.26,1.2,0.93,0.16,1.03,3.08,0.21,2.41,2.4,1.11,0.83,3.83,2.96,D,81.0,56.0,73.0,34.0,74.0,18.0,58.0,20.0,59.0,36.0,42.0
8480995,2025,Pontus Holmberg,TBL,R,5on5,70,53924.0,1182.0,31.63,9.0,6.0,5.0,20.0,87.0,11.65,65.0,12.0,45.0,14.0,24.0,30.0,37.35,28.34,0.57,0.54,0.54,56065.0,11.0,6.0,5.0,22.0,91.0,66.0,12.0,46.0,31.0,13.35,0.14,0.0,0.0,1.0,0.12,0.29,0.829,0.0,0.0,0.0,0.37,0.18,0.0,0.0,0.0,0.0,0.0,0.0,0.0,0.0,0.0,3.34,12.84,0.13,0.09,0.07,0.29,1.24,0.17,0.93,0.17,0.64,0.43,0.6,1.34,5.81,0.78,2.49,1.89,4.34,0.8,3.0,2.0,F,53.0,54.0,45.0,53.0,72.0,43.0,44.0,47.0,92.0,85.0,85.0
8482070,2025,Mitchell Chaffee,TBL,R,5on5,11,5730.0,131.0,1.88,0.0,0.0,1.0,1.0,9.0,1.04,29.0,0.0,7.0,2.0,2.0,5.0,5.11,3.05,0.63,0.54,0.53,6310.0,0.0,0.0,1.0,1.0,9.0,29.0,0.0,7.0,5.0,9.56,0.77,0.0,0.0,0.0,0.0,1.11,0.965,0.0,0.0,0.0,0.28,0.07,0.0,0.0,0.0,0.0,0.0,0.0,0.0,0.0,0.0,2.51,8.68,0.0,0.0,0.09,0.09,0.82,0.09,2.64,0.0,0.64,0.45,0.0,0.63,5.65,0.65,3.21,1.92,18.22,0.0,4.4,3.14,F,14.0,9.0,15.0,48.0,47.0,93.0,6.0,81.0,99.0,85.0,80.0
8475218,2025,Mattias Ekholm,EDM,D,5on5,82,86210.0,1676.0,59.77,5.0,12.0,16.0,33.0,117.0,6.42,60.0,23.0,89.0,15.0,8.0,93.0,79.29,60.08,0.57,0.56,0.56,101216.0,6.0,14.0,21.0,41.0,131.0,65.0,25.0,101.0,125.0,20.57,0.45,0.0,1.0,1.0,0.08,3.18,0.916,1.61,19.0,1.0,0.47,1.62,0.0,0.0,7.0,0.33,2.4,0.095,0.0,0.0,1.0,10.35,17.52,0.06,0.15,0.2,0.4,1.43,0.08,0.73,0.28,1.09,1.13,0.21,1.38,4.89,0.27,3.31,2.51,2.51,0.96,3.72,3.88,D,92.0,67.0,90.0,84.0,90.0,45.0,70.0,49.0,91.0,92.0,92.0
8486169,2025,Jake Livanavage,PIT,D,5on5,1,1202.0,21.0,-0.75,0.0,0.0,0.0,0.0,0.0,0.0,0.0,0.0,1.0,0.0,0.0,1.0,0.89,1.25,0.42,0.3,0.31,1514.0,0.0,0.0,0.0,0.0,0.0,0.0,0.0,1.0,1.0,25.23,2.87,0.0,0.0,0.0,0.0,0.01,1.0,0.0,0.0,0.0,0.0,,,,,,,,,,,,20.03,0.0,0.0,0.0,0.0,0.0,0.0,0.0,0.0,1.0,1.0,0.0,0.0,0.0,0.0,2.67,3.74,0.0,0.0,3.0,3.0,D,7.0,16.0,7.0,2.0,2.0,2.0,7.0,21.0,14.0,3.0,3.0
8476854,2025,Hampus Lindholm,BOS,D,5on5,67,66611.0,1364.0,29.25,4.0,9.0,7.0,20.0,72.0,2.9,9.0,16.0,66.0,19.0,10.0,77.0,44.76,46.07,0.49,0.51,0.51,86925.0,5.0,11.0,10.0,26.0,100.0,12.0,25.0,80.0,103.0,21.62,1.4,1.0,4.0,18.0,0.72,9.14,0.897,2.55,9.0,2.0,0.67,2.57,0.0,0.0,1.0,0.01,1.08,0.053,0.0,2.0,4.0,6.72,16.57,0.06,0.13,0.1,0.3,1.07,0.04,0.13,0.24,0.99,1.15,0.22,1.08,3.89,0.16,2.42,2.49,0.49,0.86,3.57,4.16,D,78.0,69.0,77.0,62.0,51.0,6.0,60.0,57.0,50.0,70.0,70.0
8485414,2025,Ben Kindel,PIT,C,5on5,77,56159.0,1143.0,43.4,11.0,8.0,3.0,22.0,107.0,11.74,28.0,21.0,73.0,7.0,13.0,48.0,41.83,39.76,0.51,0.52,0.53,69592.0,17.0,14.0,4.0,35.0,151.0,30.0,25.0,83.0,58.0,15.06,1.77,4.0,10.0,22.0,5.15,16.19,0.847,4.41,6.0,1.0,1.29,0.62,0.0,1.0,3.0,0.33,0.94,0.225,1.25,0.0,1.0,4.05,12.16,0.14,0.1,0.04,0.29,1.39,0.15,0.36,0.27,0.95,0.62,0.71,1.41,6.86,0.75,2.68,2.55,1.79,1.35,4.68,3.08,F,53.0,62.0,49.0,75.0,68.0,16.0,82.0,80.0,63.0,74.0,80.0
8479520,2025,Brandon Duhaime,WSH,L,5on5,82,48268.0,1208.0,5.95,3.0,1.0,3.0,7.0,59.0,7.78,156.0,7.0,27.0,27.0,22.0,44.0,29.52,30.4,0.49,0.46,0.47,54458.0,4.0,2.0,3.0,9.0,64.0,159.0,7.0,29.0,57.0,11.07,0.06,0.0,0.0,3.0,0.83,0.84,0.933,0.0,3.0,0.0,0.79,1.07,1.0,1.0,2.0,0.08,0.73,0.053,0.69,0.0,0.0,8.99,9.81,0.04,0.01,0.04,0.09,0.72,0.09,1.9,0.09,0.33,0.54,0.22,0.52,4.4,0.58,2.2,2.27,11.64,0.52,2.01,3.28,F,14.0,21.0,14.0,20.0,32.0,81.0,22.0,83.0,48.0,27.0,33.0
8479324,2025,Ryan Lindgren,SEA,D,5on5,76,70177.0,1462.0,0.09,2.0,2.0,3.0,7.0,45.0,3.0,41.0,15.0,66.0,21.0,8.0,83.0,39.13,51.77,0.43,0.45,0.44,83624.0,2.0,4.0,3.0,9.0,48.0,47.0,16.0,78.0,118.0,18.34,0.05,0.0,0.0,0.0,0.0,0.19,0.731,0.0,13.0,0.0,1.15,2.42,0.0,0.0,2.0,0.02,1.11,0.048,0.0,0.0,1.0,7.25,15.39,0.03,0.03,0.04,0.09,0.59,0.04,0.54,0.2,0.87,1.09,0.1,0.36,2.31,0.15,2.01,2.66,2.1,0.77,3.39,4.26,D,20.0,42.0,18.0,11.0,45.0,38.0,50.0,59.0,16.0,20.0,16.0
8477478,2025,William Carrier,CAR,L,5on5,70,44442.0,1067.0,34.46,7.0,8.0,3.0,18.0,80.0,9.85,172.0,13.0,18.0,9.0,14.0,17.0,33.94,24.35,0.58,0.6,0.59,45166.0,7.0,8.0,3.0,18.0,80.0,172.0,15.0,19.0,18.0,10.75,0.03,0.0,0.0,0.0,0.09,0.99,1.0,0.0,0.0,0.0,0.0,0.04,0.0,0.0,0.0,0.01,0.31,0.348,0.0,0.0,1.0,11.23,10.58,0.1,0.11,0.04,0.26,1.14,0.14,2.46,0.19,0.26,0.24,0.57,1.46,6.48,0.8,2.75,1.97,13.93,1.05,1.46,1.38,F,47.0,49.0,52.0,68.0,76.0,88.0,65.0,23.0,94.0,97.0,97.0
8481605,2025,Jackson LaCombe,ANA,D,5on5,82,90442.0,1824.0,67.52,5.0,14.0,10.0,29.0,106.0,6.86,64.0,37.0,94.0,7.0,13.0,96.0,71.29,62.92,0.53,0.54,0.54,119300.0,10.0,29.0,19.0,58.0,157.0,74.0,52.0,110.0,128.0,24.25,3.08,3.0,15.0,34.0,2.51,34.07,0.899,3.57,15.0,5.0,0.91,1.57,1.0,2.0,5.0,1.54,4.23,0.177,0.93,1.0,3.0,9.15,18.38,0.06,0.17,0.12,0.35,1.29,0.08,0.78,0.45,1.15,1.17,0.2,1.15,4.22,0.27,2.84,2.5,2.55,1.47,3.74,3.82,D,85.0,65.0,82.0,71.0,90.0,45.0,93.0,46.0,76.0,87.0,87.0
8483678,2025,Elias Pettersson,VAN,D,5on5,70,57389.0,1288.0,0.2,3.0,1.0,6.0,10.0,42.0,1.76,126.0,11.0,66.0,12.0,14.0,78.0,32.44,49.22,0.4,0.43,0.44,62911.0,3.0,1.0,6.0,10.0,46.0,136.0,14.0,68.0,85.0,14.98,0.04,0.0,0.0,1.0,0.04,0.05,1.0,0.0,2.0,0.0,0.0,1.13,0.0,0.0,3.0,0.18,1.61,0.14,0.0,0.0,3.0,7.5,13.66,0.04,0.01,0.09,0.14,0.6,0.03,1.8,0.16,0.94,1.11,0.19,0.63,2.63,0.11,2.03,3.09,7.9,0.69,4.14,4.89,D,32.0,62.0,36.0,19.0,22.0,93.0,43.0,74.0,10.0,13.0,16.0
8482929,2025,Emil Lilleberg,TBL,D,5on5,50,45712.0,984.0,16.18,4.0,3.0,5.0,12.0,43.0,2.47,83.0,5.0,41.0,25.0,16.0,39.0,32.1,30.59,0.51,0.52,0.51,51924.0,4.0,3.0,5.0,12.0,43.0,96.0,6.0,42.0,45.0,17.31,0.04,0.0,0.0,0.0,0.0,0.02,0.167,0.0,0.0,0.0,3.36,1.56,0.0,0.0,0.0,0.08,1.13,0.106,0.0,0.0,1.0,7.38,15.24,0.08,0.06,0.1,0.24,0.86,0.05,1.66,0.1,0.82,0.78,0.32,0.95,3.39,0.19,2.53,2.41,6.54,0.39,3.23,3.07,D,64.0,83.0,69.0,45.0,65.0,89.0,18.0,24.0,66.0,76.0,70.0
8479999,2025,Casey Mittelstadt,BOS,C,5on5,71,55249.0,1121.0,39.56,13.0,10.0,7.0,30.0,66.0,7.83,22.0,10.0,65.0,5.0,12.0,21.0,38.36,39.65,0.49,0.51,0.51,64592.0,15.0,15.0,12.0,42.0,80.0,23.0,12.0,74.0,21.0,15.16,1.66,2.0,7.0,13.0,2.52,14.49,0.9,3.56,0.0,1.0,0.82,0.01,0.0,0.0,0.0,0.0,0.0,0.0,0.0,0.0,0.0,1.33,12.97,0.18,0.14,0.1,0.42,0.93,0.11,0.31,0.14,0.92,0.3,0.85,1.95,4.3,0.51,2.5,2.58,1.43,0.65,4.24,1.37,F,80.0,76.0,80.0,18.0,22.0,12.0,29.0,22.0,48.0,68.0,66.0
8482153,2025,Brendan Brisson,NYR,C,5on5,3,1771.0,38.0,0.95,0.0,0.0,1.0,1.0,2.0,0.54,1.0,1.0,1.0,0.0,0.0,1.0,0.98,0.74,0.57,0.58,0.66,1906.0,0.0,0.0,1.0,1.0,2.0,1.0,1.0,1.0,1.0,10.59,0.68,0.0,0.0,0.0,0.0,0.0,,0.0,0.0,0.0,0.0,,,,,,,,,,,,9.84,0.0,0.0,0.33,0.33,0.67,0.18,0.33,0.33,0.33,0.33,0.0,2.03,4.07,1.1,1.99,1.5,2.03,2.03,2.03,2.03,F,62.0,9.0,83.0,14.0,97.0,19.0,97.0,49.0,92.0,95.0,100.0
8486056,2025,Tyson Gross,CGY,C,5on5,6,3447.0,86.0,-0.57,0.0,0.0,0.0,0.0,3.0,0.2,4.0,1.0,2.0,1.0,0.0,5.0,1.3,3.84,0.25,0.33,0.33,3969.0,1.0,0.0,0.0,1.0,5.0,4.0,1.0,2.0,5.0,11.02,0.0,0.0,0.0,0.0,0.0,0.0,,0.0,0.0,0.0,0.0,0.93,0.0,0.0,1.0,0.43,0.5,0.943,0.0,0.0,0.0,0.32,9.57,0.0,0.0,0.0,0.0,0.5,0.03,0.67,0.17,0.33,0.83,0.0,0.0,3.13,0.21,1.36,4.01,4.18,1.04,2.09,5.22,F,5.0,9.0,5.0,7.0,4.0,40.0,65.0,97.0,2.0,2.0,3.0
8481567,2025,Henry Thrun,TOR,D,5on5,4,3457.0,76.0,-0.45,0.0,0.0,0.0,0.0,4.0,0.08,3.0,0.0,1.0,0.0,0.0,4.0,1.4,2.68,0.34,0.41,0.43,3567.0,0.0,0.0,0.0,0.0,4.0,3.0,0.0,1.0,4.0,14.86,,,,,,,,,,,,0.41,0.0,0.0,0.0,0.0,0.05,0.714,0.0,0.0,0.0,0.73,14.4,0.0,0.0,0.0,0.0,1.0,0.02,0.75,0.0,0.25,1.0,0.0,0.0,4.17,0.08,1.46,2.79,3.12,0.0,1.04,4.17,D,7.0,16.0,7.0,71.0,11.0,53.0,7.0,58.0,5.0,8.0,12.0
8481563,2025,Drew Helleson,ANA,D,5on5,60,54332.0,1214.0,12.58,2.0,4.0,6.0,12.0,37.0,1.53,57.0,23.0,41.0,10.0,3.0,68.0,36.86,42.25,0.47,0.49,0.49,61073.0,2.0,5.0,8.0,15.0,39.0,63.0,25.0,43.0,79.0,16.96,0.08,0.0,0.0,0.0,0.0,0.01,0.2,0.0,1.0,0.0,0.47,1.4,0.0,2.0,1.0,0.03,1.12,0.123,1.43,0.0,0.0,5.69,15.09,0.03,0.07,0.1,0.2,0.62,0.03,0.95,0.38,0.68,1.13,0.13,0.8,2.45,0.1,2.44,2.8,3.78,1.52,2.72,4.51,D,51.0,49.0,54.0,14.0,18.0,61.0,95.0,66.0,38.0,53.0,52.0
8484911,2025,Collin Graf,SJS,R,5on5,81,63250.0,1235.0,33.32,16.0,8.0,8.0,32.0,102.0,14.72,82.0,26.0,50.0,6.0,11.0,33.0,43.37,44.14,0.5,0.44,0.44,79912.0,21.0,14.0,11.0,46.0,119.0,88.0,34.0,55.0,48.0,16.44,0.47,0.0,1.0,3.0,0.36,3.0,0.822,1.56,8.0,0.0,1.02,2.41,2.0,3.0,9.0,1.37,2.79,0.116,0.92,0.0,8.0,6.52,13.01,0.2,0.1,0.1,0.4,1.26,0.18,1.01,0.32,0.62,0.41,0.91,1.82,5.81,0.84,2.47,2.51,4.67,1.48,2.85,1.88,F,76.0,80.0,74.0,53.0,82.0,45.0,88.0,43.0,55.0,16.0,15.0
8482201,2025,Gage Goncalves,TBL,C,5on5,74,51735.0,1104.0,36.89,11.0,6.0,12.0,29.0,65.0,7.95,84.0,17.0,55.0,14.0,14.0,29.0,37.95,29.03,0.57,0.53,0.52,58116.0,11.0,9.0,13.0,33.0,77.0,85.0,18.0,58.0,29.0,13.09,0.88,0.0,2.0,6.0,0.54,3.97,0.82,1.85,0.0,0.0,0.8,0.21,0.0,0.0,1.0,0.12,0.16,0.091,0.0,0.0,1.0,6.19,11.65,0.15,0.08,0.16,0.39,0.88,0.11,1.14,0.23,0.74,0.39,0.77,2.02,4.52,0.55,2.64,2.02,5.85,1.18,3.83,2.02,F,74.0,69.0,82.0,22.0,27.0,55.0,73.0,48.0,92.0,81.0,73.0
8483472,2025,Maveric Lamoureux,UTA,D,5on5,5,4392.0,97.0,1.3,0.0,1.0,0.0,1.0,4.0,0.14,11.0,2.0,4.0,1.0,0.0,9.0,2.25,3.64,0.38,0.46,0.48,4396.0,0.0,1.0,0.0,1.0,4.0,11.0,2.0,4.0,9.0,14.65,,,,,,,,,,,,,,,,,,,,,,,14.64,0.0,0.2,0.0,0.2,0.8,0.03,2.2,0.4,0.8,1.8,0.0,0.82,3.28,0.11,1.84,2.98,9.02,1.64,3.28,7.38,D,51.0,16.0,57.0,40.0,22.0,95.0,95.0,98.0,8.0,28.0,42.0
8480865,2025,Noah Dobson,MTL,D,5on5,80,85338.0,1653.0,45.4,9.0,13.0,13.0,35.0,118.0,5.51,54.0,29.0,81.0,15.0,12.0,143.0,58.28,68.42,0.46,0.47,0.49,107922.0,12.0,18.0,17.0,47.0,158.0,62.0,36.0,95.0,188.0,22.48,1.36,2.0,4.0,24.0,1.08,11.27,0.893,2.2,18.0,4.0,0.74,1.94,0.0,0.0,5.0,0.28,2.13,0.115,0.0,8.0,2.0,6.31,17.78,0.11,0.16,0.16,0.44,1.48,0.07,0.68,0.36,1.01,1.79,0.38,1.48,4.98,0.23,2.46,2.89,2.28,1.22,3.42,6.03,D,94.0,89.0,92.0,85.0,81.0,42.0,86.0,93.0,31.0,36.0,52.0
8480001,2025,Urho Vaakanainen,NYR,D,5on5,34,26951.0,595.0,6.53,0.0,2.0,4.0,6.0,22.0,0.97,11.0,5.0,22.0,7.0,3.0,23.0,15.79,17.5,0.47,0.5,0.49,28265.0,0.0,2.0,4.0,6.0,23.0,11.0,5.0,22.0,26.0,13.86,0.01,0.0,0.0,0.0,0.0,0.0,,0.0,0.0,0.0,0.0,0.52,0.0,0.0,0.0,0.0,0.05,0.023,0.0,0.0,0.0,7.33,13.21,0.0,0.06,0.12,0.18,0.65,0.03,0.32,0.15,0.65,0.68,0.0,0.8,2.94,0.13,2.11,2.34,1.47,0.67,2.94,3.07,D,44.0,16.0,54.0,29.0,33.0,26.0,41.0,24.0,38.0,62.0,52.0
8482209,2025,Rory Kerins,CGY,C,5on5,4,3189.0,66.0,-0.53,0.0,0.0,0.0,0.0,1.0,0.37,3.0,1.0,2.0,1.0,0.0,5.0,1.91,2.48,0.44,0.46,0.44,3599.0,0.0,0.0,0.0,0.0,1.0,3.0,1.0,2.0,5.0,15.0,1.6,0.0,0.0,0.0,0.0,0.1,0.476,0.0,0.0,0.0,1.03,0.05,0.0,0.0,0.0,0.0,0.0,0.0,0.0,0.0,0.0,110.77,13.29,0.0,0.0,0.0,0.0,0.25,0.09,0.75,0.25,0.5,1.25,0.0,0.0,1.13,0.42,2.16,2.8,3.39,1.13,2.26,5.64,F,5.0,9.0,5.0,3.0,14.0,35.0,70.0,98.0,20.0,27.0,15.0
8481013,2025,Jonatan Berggren,STL,R,5on5,51,38021.0,813.0,22.81,4.0,7.0,7.0,18.0,49.0,5.02,41.0,7.0,38.0,5.0,12.0,14.0,23.16,24.34,0.49,0.52,0.5,42295.0,8.0,7.0,7.0,22.0,58.0,41.0,8.0,41.0,14.0,13.82,1.13,3.0,3.0,6.0,1.06,3.44,0.691,3.14,0.0,1.0,1.61,0.01,0.0,0.0,0.0,0.0,0.0,,0.0,0.0,0.0,0.0,12.43,0.08,0.14,0.14,0.35,0.96,0.1,0.8,0.14,0.75,0.27,0.38,1.7,4.64,0.48,2.19,2.3,3.88,0.66,3.6,1.33,F,67.0,32.0,67.0,24.0,18.0,38.0,30.0,20.0,48.0,74.0,58.0
8480007,2025,Jonas Rondbjerg,VGK,R,5on5,4,2800.0,65.0,0.75,0.0,1.0,0.0,1.0,6.0,0.92,0.0,1.0,0.0,0.0,0.0,0.0,2.31,1.5,0.61,0.49,0.48,2899.0,0.0,1.0,0.0,1.0,6.0,0.0,1.0,0.0,0.0,12.08,,,,,,,,,,,,0.41,0.0,0.0,0.0,0.0,0.0,0.0,0.0,0.0,0.0,2.55,11.67,0.0,0.25,0.0,0.25,1.5,0.23,0.0,0.25,0.0,0.0,0.0,1.29,7.71,1.18,2.97,1.93,0.0,1.29,0.0,0.0,F,45.0,9.0,41.0,87.0,98.0,1.0,79.0,2.0,97.0,51.0,41.0
8482807,2025,Ethan Del Mastro,CHI,D,5on5,18,14110.0,303.0,-0.82,0.0,1.0,0.0,1.0,17.0,0.46,15.0,5.0,15.0,4.0,3.0,19.0,6.25,12.2,0.34,0.45,0.45,15202.0,0.0,1.0,0.0,1.0,17.0,17.0,5.0,15.0,19.0,14.08,0.0,0.0,0.0,0.0,0.0,0.0,,0.0,0.0,0.0,0.0,0.83,0.0,0.0,0.0,0.0,0.11,0.048,0.0,0.0,0.0,8.83,13.06,0.0,0.06,0.0,0.06,0.94,0.03,0.83,0.28,0.83,1.06,0.0,0.26,4.34,0.12,1.59,3.11,3.83,1.28,3.83,4.85,D,16.0,16.0,16.0,74.0,27.0,62.0,88.0,72.0,5.0,20.0,21.0
8478454,2025,Noah Juulsen,PHI,D,5on5,52,38187.0,941.0,5.35,1.0,2.0,6.0,9.0,24.0,1.1,98.0,10.0,50.0,6.0,5.0,41.0,21.86,24.23,0.47,0.45,0.46,43106.0,1.0,3.0,6.0,10.0,26.0,104.0,10.0,53.0,44.0,13.82,0.01,0.0,0.0,0.0,0.0,0.0,,0.0,0.0,0.0,0.0,1.44,0.0,0.0,1.0,0.11,0.61,0.076,0.0,0.0,0.0,5.97,12.24,0.02,0.04,0.12,0.17,0.46,0.02,1.88,0.19,0.96,0.79,0.09,0.85,2.26,0.1,2.06,2.28,9.24,0.94,4.71,3.87,D,40.0,40.0,59.0,10.0,18.0,96.0,68.0,48.0,38.0,20.0,27.0
8482953,2025,Taylor Makar,COL,L,5on5,12,4471.0,113.0,0.36,0.0,0.0,0.0,0.0,7.0,0.73,17.0,1.0,1.0,2.0,0.0,1.0,2.45,3.47,0.41,0.51,0.49,4471.0,0.0,0.0,0.0,0.0,7.0,17.0,1.0,1.0,1.0,6.21,,,,,,,,,,,,,,,,,,,,,,,6.21,0.0,0.0,0.0,0.0,0.58,0.06,1.42,0.08,0.08,0.08,0.0,0.0,5.64,0.59,1.97,2.79,13.69,0.81,0.81,0.81,F,5.0,9.0,5.0,47.0,34.0,87.0,45.0,7.0,12.0,68.0,49.0
8479985,2025,Cale Fleury,SEA,D,5on5,23,20819.0,420.0,0.05,1.0,2.0,0.0,3.0,22.0,0.87,47.0,3.0,18.0,2.0,3.0,34.0,11.38,13.88,0.45,0.41,0.44,22488.0,1.0,2.0,0.0,3.0,22.0,50.0,4.0,20.0,34.0,16.3,0.24,0.0,0.0,0.0,0.0,0.76,0.962,0.0,0.0,1.0,0.33,0.68,0.0,0.0,0.0,0.0,0.02,0.019,0.0,0.0,0.0,3.91,15.09,0.04,0.09,0.0,0.13,0.96,0.04,2.04,0.13,0.78,1.48,0.17,0.52,3.8,0.15,1.97,2.4,8.13,0.52,3.11,5.88,D,29.0,57.0,28.0,58.0,45.0,93.0,25.0,92.0,24.0,8.0,16.0
8479981,2025,Jonah Gadjovich,FLA,L,5on5,10,4728.0,109.0,2.4,0.0,3.0,0.0,3.0,8.0,0.47,29.0,3.0,3.0,2.0,1.0,3.0,2.27,1.92,0.54,0.46,0.42,4766.0,0.0,3.0,0.0,3.0,8.0,30.0,3.0,3.0,3.0,7.94,0.04,0.0,0.0,0.0,0.0,0.1,1.0,0.0,0.0,0.0,0.0,,,,,,,,,,,,7.88,0.0,0.3,0.0,0.3,0.8,0.05,2.9,0.3,0.3,0.3,0.0,2.28,6.09,0.36,1.73,1.46,22.08,2.28,2.28,2.28,F,56.0,9.0,90.0,59.0,10.0,98.0,97.0,58.0,80.0,27.0,10.0
8473419,2025,Brad Marchand,FLA,L,5on5,52,37854.0,862.0,47.79,17.0,5.0,4.0,26.0,87.0,9.83,33.0,9.0,41.0,13.0,22.0,13.0,31.02,34.1,0.48,0.5,0.48,55333.0,27.0,14.0,13.0,54.0,138.0,36.0,15.0,56.0,16.0,17.73,3.57,6.0,20.0,30.0,4.98,29.49,0.93,6.46,1.0,2.0,0.71,0.97,0.0,0.0,6.0,0.82,1.58,0.216,0.0,1.0,3.0,6.81,12.13,0.33,0.1,0.08,0.5,1.67,0.19,0.63,0.17,0.79,0.25,1.62,2.47,8.27,0.93,2.95,3.24,3.14,0.86,3.9,1.24,F,90.0,99.0,94.0,92.0,92.0,31.0,47.0,17.0,42.0,61.0,41.0
8474590,2025,John Carlson,ANA,D,5on5,71,72646.0,1373.0,67.49,7.0,15.0,11.0,33.0,112.0,6.09,21.0,35.0,100.0,15.0,4.0,76.0,60.45,52.94,0.53,0.55,0.54,98663.0,14.0,23.0,23.0,60.0,154.0,26.0,45.0,118.0,106.0,23.16,2.45,1.0,9.0,13.0,1.14,22.97,0.875,3.1,15.0,4.0,1.13,2.21,0.0,0.0,6.0,0.43,1.67,0.069,0.0,3.0,0.0,8.65,17.05,0.1,0.21,0.15,0.46,1.58,0.09,0.3,0.49,1.41,1.07,0.35,1.64,5.55,0.3,3.0,2.62,1.04,1.73,4.96,3.77,D,95.0,86.0,94.0,90.0,94.0,15.0,96.0,43.0,76.0,90.0,87.0
8482111,2025,Justin Barron,NSH,D,5on5,52,41785.0,904.0,10.82,0.0,2.0,7.0,9.0,31.0,2.74,32.0,3.0,50.0,7.0,2.0,56.0,28.7,29.1,0.5,0.51,0.5,44461.0,0.0,2.0,7.0,9.0,31.0,37.0,4.0,52.0,60.0,14.25,0.24,0.0,0.0,0.0,0.04,0.68,0.708,0.0,1.0,0.0,1.32,0.33,0.0,0.0,0.0,0.0,0.13,0.049,0.0,0.0,1.0,8.65,13.39,0.0,0.04,0.13,0.17,0.6,0.05,0.62,0.06,0.96,1.08,0.0,0.78,2.67,0.24,2.47,2.51,2.76,0.26,4.31,4.82,D,40.0,16.0,51.0,20.0,84.0,48.0,15.0,71.0,59.0,70.0,62.0
8480879,2025,Jacob Bernard-Docker,DET,D,5on5,63,50051.0,1094.0,2.18,1.0,2.0,2.0,5.0,41.0,1.55,62.0,7.0,40.0,11.0,6.0,74.0,29.16,33.18,0.47,0.45,0.46,55983.0,1.0,2.0,2.0,5.0,41.0,66.0,8.0,41.0,87.0,14.81,0.02,0.0,0.0,0.0,0.0,0.0,,0.0,4.0,0.0,0.0,1.4,0.0,0.0,0.0,0.0,1.2,0.093,0.0,0.0,1.0,7.94,13.24,0.02,0.03,0.03,0.08,0.65,0.02,0.98,0.11,0.63,1.17,0.07,0.36,2.95,0.11,2.1,2.39,4.46,0.5,2.88,5.32,D,18.0,34.0,18.0,29.0,22.0,71.0,24.0,82.0,38.0,20.0,27.0
8483505,2025,Matthew Poitras,BOS,C,5on5,3,2029.0,45.0,1.81,1.0,0.0,0.0,1.0,8.0,0.5,0.0,0.0,1.0,2.0,3.0,1.0,1.12,2.04,0.35,0.52,0.5,2181.0,1.0,0.0,0.0,1.0,8.0,0.0,0.0,1.0,2.0,12.12,0.84,0.0,0.0,0.0,0.0,0.01,1.0,0.0,0.0,0.0,0.0,,,,,,,,,,,,11.27,0.33,0.0,0.0,0.33,2.67,0.17,0.0,0.0,0.33,0.33,1.77,1.77,14.19,0.89,1.99,3.62,0.0,0.0,1.77,1.77,F,62.0,99.0,71.0,100.0,88.0,1.0,6.0,37.0,5.0,74.0,58.0
8475188,2025,Brayden McNabb,VGK,D,5on5,63,65609.0,1429.0,26.87,4.0,3.0,3.0,10.0,74.0,3.51,82.0,14.0,44.0,11.0,9.0,106.0,48.1,39.81,0.55,0.53,0.54,77578.0,5.0,3.0,4.0,12.0,81.0,110.0,16.0,50.0,142.0,20.52,0.07,0.0,0.0,1.0,0.26,0.61,0.984,0.0,3.0,0.0,0.13,2.31,0.0,0.0,4.0,0.31,2.28,0.136,0.0,0.0,2.0,5.98,17.36,0.06,0.05,0.05,0.16,1.17,0.06,1.3,0.22,0.7,1.68,0.22,0.55,4.06,0.19,2.64,2.18,4.5,0.77,2.41,5.82,D,37.0,69.0,30.0,68.0,65.0,71.0,50.0,91.0,85.0,82.0,87.0
8482055,2025,Drew O'Connor,VAN,L,5on5,82,62936.0,1315.0,26.02,13.0,9.0,2.0,24.0,110.0,14.91,73.0,18.0,58.0,17.0,13.0,24.0,40.98,47.04,0.47,0.48,0.48,71778.0,17.0,10.0,2.0,29.0,136.0,77.0,23.0,62.0,26.0,14.59,0.36,0.0,0.0,4.0,0.59,2.26,0.873,0.0,0.0,0.0,0.67,1.01,2.0,3.0,13.0,0.77,1.7,0.113,2.17,0.0,4.0,9.67,12.79,0.16,0.11,0.02,0.29,1.34,0.18,0.89,0.22,0.71,0.29,0.74,1.37,6.29,0.85,2.34,2.69,4.18,1.03,3.32,1.37,F,53.0,66.0,46.0,64.0,83.0,40.0,64.0,22.0,35.0,42.0,41.0
8483464,2025,Marco Kasper,DET,C,5on5,81,58266.0,1258.0,23.31,7.0,6.0,2.0,15.0,114.0,13.06,183.0,12.0,50.0,9.0,12.0,45.0,40.41,39.93,0.5,0.5,0.51,67041.0,9.0,8.0,2.0,19.0,131.0,186.0,14.0,55.0,51.0,13.79,0.75,1.0,2.0,11.0,1.18,5.1,0.843,1.97,3.0,0.0,0.94,0.75,0.0,1.0,2.0,0.31,0.64,0.056,0.99,0.0,2.0,10.71,11.99,0.09,0.07,0.02,0.19,1.41,0.16,2.26,0.15,0.62,0.56,0.43,0.93,7.04,0.81,2.5,2.47,11.31,0.74,3.09,2.78,F,31.0,36.0,25.0,79.0,77.0,80.0,37.0,75.0,55.0,61.0,66.0
8483465,2025,Joakim Kemell,NSH,R,5on5,16,8837.0,187.0,0.44,1.0,2.0,0.0,3.0,11.0,0.94,25.0,3.0,5.0,0.0,2.0,7.0,4.88,5.9,0.45,0.39,0.38,9994.0,1.0,2.0,0.0,3.0,12.0,25.0,4.0,5.0,9.0,10.41,0.58,0.0,0.0,0.0,0.0,0.18,0.327,0.0,1.0,0.0,2.39,0.57,0.0,0.0,1.0,0.2,0.77,0.332,0.0,1.0,1.0,10.13,9.21,0.06,0.12,0.0,0.19,0.69,0.06,1.56,0.19,0.31,0.44,0.41,1.22,4.48,0.38,1.99,2.4,10.18,1.22,2.04,2.85,F,31.0,34.0,36.0,21.0,11.0,76.0,76.0,77.0,24.0,6.0,5.0
8479345,2025,Jakob Chychrun,WSH,D,5on5,80,90353.0,1545.0,71.63,15.0,12.0,11.0,38.0,144.0,8.46,57.0,30.0,90.0,23.0,15.0,98.0,72.22,67.09,0.52,0.52,0.52,112036.0,26.0,13.0,21.0,60.0,221.0,58.0,40.0,105.0,114.0,23.34,2.82,7.0,17.0,50.0,6.03,29.37,0.868,4.52,1.0,8.0,1.18,0.38,0.0,0.0,0.0,0.0,0.07,0.031,0.0,3.0,0.0,4.4,18.82,0.19,0.15,0.14,0.48,1.8,0.11,0.71,0.38,1.12,1.23,0.6,1.51,5.74,0.34,2.88,2.67,2.27,1.2,3.59,3.9,D,96.0,98.0,93.0,93.0,97.0,41.0,85.0,50.0,71.0,76.0,77.0
8478967,2025,Lane Pederson,PHI,C,5on5,5,2623.0,58.0,-0.91,0.0,0.0,0.0,0.0,0.0,0.16,16.0,1.0,6.0,0.0,0.0,3.0,0.5,1.73,0.22,0.34,0.29,2659.0,0.0,0.0,0.0,0.0,0.0,16.0,1.0,6.0,3.0,8.86,,,,,,,,,,,,,,,,,,,,,,,8.74,0.0,0.0,0.0,0.0,0.0,0.03,3.2,0.2,1.2,0.6,0.0,0.0,0.0,0.22,0.69,2.37,21.96,1.37,8.23,4.12,F,5.0,9.0,5.0,1.0,5.0,97.0,84.0,93.0,1.0,3.0,2.0
8479644,2025,Matt Luff,STL,R,5on5,5,2696.0,67.0,0.78,1.0,0.0,0.0,1.0,5.0,0.4,8.0,2.0,0.0,0.0,0.0,4.0,1.29,1.62,0.44,0.47,0.46,2740.0,1.0,0.0,0.0,1.0,5.0,8.0,2.0,0.0,4.0,9.13,0.15,0.0,0.0,0.0,0.0,0.0,,0.0,0.0,0.0,0.0,,,,,,,,,,,,8.99,0.2,0.0,0.0,0.2,1.0,0.08,1.6,0.4,0.0,0.8,1.34,1.34,6.68,0.53,1.72,2.16,10.68,2.67,0.0,5.34,F,33.0,97.0,45.0,71.0,24.0,78.0,99.0,98.0,20.0,34.0,25.0
8482747,2025,Brennan Othmann,CGY,L,5on5,19,10947.0,273.0,-0.61,2.0,0.0,0.0,2.0,15.0,2.05,43.0,2.0,4.0,4.0,7.0,7.0,6.76,10.59,0.39,0.4,0.39,11402.0,2.0,1.0,0.0,3.0,15.0,44.0,2.0,5.0,8.0,10.0,0.27,0.0,1.0,0.0,0.0,0.18,1.0,11.73,0.0,0.0,0.0,0.03,0.0,0.0,0.0,0.0,0.0,0.0,0.0,0.0,0.0,62.0,9.6,0.11,0.0,0.0,0.11,0.79,0.11,2.26,0.11,0.21,0.37,0.66,0.66,4.93,0.67,2.22,3.48,14.14,0.66,1.32,2.3,F,16.0,58.0,15.0,30.0,51.0,88.0,30.0,58.0,9.0,7.0,6.0
8479671,2025,Mathieu Olivier,CBJ,R,5on5,61,47673.0,1014.0,30.78,12.0,5.0,4.0,21.0,90.0,11.83,206.0,12.0,23.0,19.0,18.0,31.0,37.77,30.13,0.56,0.51,0.53,52076.0,15.0,6.0,5.0,26.0,94.0,209.0,12.0,23.0,42.0,14.23,0.03,0.0,0.0,0.0,0.0,0.24,0.889,0.0,2.0,0.0,1.05,0.82,0.0,0.0,1.0,0.07,0.32,0.044,0.0,0.0,0.0,8.32,13.03,0.2,0.08,0.07,0.34,1.48,0.19,3.38,0.2,0.38,0.51,0.91,1.59,6.8,0.89,2.85,2.28,15.56,0.91,1.74,2.34,F,65.0,80.0,61.0,74.0,88.0,91.0,52.0,62.0,88.0,68.0,80.0
8484242,2025,Brayden Yager,WPG,C,5on5,3,1572.0,37.0,-0.42,0.0,0.0,0.0,0.0,1.0,0.05,0.0,0.0,1.0,1.0,0.0,0.0,1.07,0.91,0.54,0.42,0.46,1978.0,0.0,0.0,0.0,0.0,2.0,0.0,0.0,1.0,0.0,10.99,,,,,,,,,,,,1.81,0.0,0.0,1.0,0.07,0.27,0.38,0.0,0.0,0.0,4.87,8.73,0.0,0.0,0.0,0.0,0.33,0.02,0.0,0.0,0.33,0.0,0.0,0.0,2.29,0.11,2.45,2.08,0.0,0.0,2.29,0.0,F,5.0,9.0,5.0,4.0,2.0,1.0,6.0,2.0,80.0,9.0,25.0
8483455,2025,Isaac Howard,EDM,L,5on5,29,17074.0,361.0,2.0,2.0,2.0,1.0,5.0,36.0,4.05,7.0,2.0,17.0,5.0,3.0,5.0,9.18,11.74,0.44,0.44,0.46,17941.0,2.0,2.0,1.0,5.0,36.0,7.0,2.0,17.0,5.0,10.31,0.45,0.0,0.0,0.0,0.02,0.38,0.704,0.0,0.0,0.0,0.74,,,,,,,,,,,,9.81,0.07,0.07,0.03,0.17,1.24,0.14,0.24,0.07,0.59,0.17,0.42,1.05,7.59,0.85,1.94,2.48,1.48,0.42,3.58,1.05,F,26.0,35.0,29.0,85.0,83.0,13.0,17.0,11.0,20.0,16.0,25.0
8480802,2025,Ryan McLeod,BUF,C,5on5,81,62011.0,1416.0,46.7,7.0,18.0,9.0,34.0,61.0,5.96,14.0,23.0,78.0,6.0,5.0,26.0,49.03,46.79,0.51,0.5,0.51,85592.0,14.0,26.0,14.0,54.0,90.0,16.0,37.0,97.0,34.0,17.61,1.55,0.0,7.0,10.0,1.02,9.76,0.863,3.34,6.0,0.0,0.74,2.3,4.0,5.0,9.0,1.35,2.73,0.098,1.61,0.0,12.0,8.1,12.76,0.09,0.22,0.11,0.42,0.75,0.07,0.17,0.28,0.96,0.32,0.41,1.97,3.54,0.35,2.85,2.72,0.81,1.34,4.53,1.51,F,80.0,34.0,80.0,9.0,9.0,6.0,82.0,28.0,63.0,61.0,66.0
8480801,2025,Brady Tkachuk,OTT,L,5on5,60,45550.0,1190.0,72.24,11.0,11.0,9.0,31.0,146.0,15.1,153.0,13.0,29.0,18.0,23.0,19.0,43.97,27.22,0.62,0.58,0.59,61057.0,22.0,26.0,11.0,59.0,221.0,162.0,14.0,40.0,19.0,16.96,3.17,4.0,19.0,47.0,7.65,26.82,0.955,6.0,0.0,0.0,0.4,0.06,1.0,1.0,1.0,0.15,0.2,0.455,17.39,0.0,0.0,4.17,12.65,0.18,0.18,0.15,0.52,2.43,0.25,2.55,0.22,0.48,0.32,0.87,2.45,11.54,1.19,3.48,2.15,12.09,1.03,2.29,1.5,F,92.0,77.0,94.0,99.0,98.0,83.0,64.0,28.0,98.0,95.0,97.0
8480043,2025,Timothy Liljegren,WSH,D,5on5,47,46332.0,914.0,2.55,1.0,5.0,3.0,9.0,37.0,1.82,38.0,7.0,43.0,13.0,6.0,68.0,30.54,33.56,0.48,0.43,0.42,55982.0,1.0,7.0,3.0,11.0,40.0,38.0,9.0,50.0,90.0,19.85,0.76,0.0,2.0,3.0,0.12,2.4,0.738,3.34,10.0,0.0,1.42,2.12,0.0,0.0,0.0,0.03,1.69,0.103,0.0,1.0,1.0,8.89,16.43,0.02,0.11,0.06,0.19,0.79,0.04,0.81,0.15,0.91,1.45,0.08,0.7,2.87,0.14,2.37,2.61,2.95,0.54,3.34,5.28,D,47.0,37.0,42.0,26.0,39.0,51.0,28.0,81.0,44.0,13.0,10.0
8477956,2025,David Pastrnak,BOS,R,5on5,77,73573.0,1398.0,91.22,16.0,32.0,6.0,54.0,170.0,14.8,75.0,26.0,110.0,20.0,27.0,30.0,49.85,54.57,0.48,0.49,0.49,95429.0,29.0,57.0,14.0,100.0,261.0,86.0,32.0,134.0,32.0,20.66,3.45,7.0,28.0,60.0,7.65,36.35,0.845,6.33,0.0,3.0,1.5,0.03,0.0,0.0,0.0,0.0,0.0,,0.0,0.0,0.0,0.0,15.92,0.21,0.42,0.08,0.7,2.21,0.19,0.97,0.34,1.43,0.39,0.78,2.64,8.32,0.72,2.44,2.67,3.67,1.27,5.38,1.47,F,99.0,70.0,97.0,93.0,61.0,37.0,79.0,27.0,42.0,51.0,49.0
8476826,2025,Yanni Gourde,TBL,C,5on5,82,67897.0,1390.0,31.01,8.0,10.0,5.0,23.0,100.0,12.2,109.0,21.0,67.0,21.0,20.0,20.0,44.77,39.07,0.53,0.52,0.52,80520.0,9.0,14.0,5.0,28.0,114.0,115.0,26.0,77.0,31.0,16.37,0.18,0.0,0.0,2.0,0.3,0.49,0.754,0.0,2.0,0.0,0.67,1.95,0.0,0.0,9.0,0.48,1.24,0.072,0.0,0.0,5.0,5.99,13.8,0.1,0.12,0.06,0.28,1.22,0.15,1.33,0.26,0.82,0.24,0.42,1.22,5.3,0.65,2.37,2.07,5.78,1.11,3.55,1.06,F,50.0,35.0,36.0,40.0,47.0,54.0,69.0,12.0,74.0,74.0,73.0
8480289,2025,Morgan Barron,WPG,C,5on5,65,41115.0,950.0,21.52,9.0,5.0,6.0,20.0,78.0,8.72,124.0,14.0,32.0,12.0,11.0,25.0,26.45,28.86,0.48,0.47,0.48,49920.0,11.0,6.0,6.0,23.0,93.0,132.0,17.0,33.0,40.0,12.8,0.03,0.0,0.0,0.0,0.0,0.0,,0.0,4.0,0.0,0.0,1.71,2.0,2.0,11.0,1.43,2.74,0.152,1.08,0.0,3.0,8.29,10.54,0.14,0.08,0.09,0.31,1.2,0.13,1.91,0.22,0.49,0.38,0.79,1.75,6.83,0.76,2.32,2.53,10.86,1.23,2.8,2.19,F,58.0,71.0,70.0,74.0,69.0,78.0,77.0,55.0,42.0,34.0,41.0
8481540,2025,Cole Caufield,MTL,R,5on5,81,67334.0,1409.0,94.29,33.0,11.0,5.0,49.0,165.0,18.07,48.0,18.0,48.0,7.0,15.0,18.0,53.59,46.19,0.54,0.53,0.55,88372.0,51.0,23.0,14.0,88.0,258.0,50.0,22.0,56.0,21.0,18.18,3.2,10.0,27.0,57.0,9.6,36.4,0.932,6.25,0.0,1.0,0.61,0.0,0.0,0.0,0.0,0.0,0.0,,0.0,0.0,0.0,0.0,13.85,0.41,0.14,0.06,0.6,2.04,0.22,0.59,0.22,0.59,0.22,1.76,2.62,8.82,0.97,2.87,2.47,2.57,0.96,2.57,0.96,F,96.0,99.0,96.0,95.0,94.0,24.0,57.0,9.0,80.0,81.0,89.0
8481546,2025,Cam York,PHI,D,5on5,74,77149.0,1705.0,22.33,3.0,6.0,7.0,16.0,53.0,4.36,22.0,16.0,57.0,13.0,6.0,103.0,43.77,47.48,0.48,0.46,0.48,100059.0,4.0,11.0,11.0,26.0,89.0,24.0,20.0,67.0,145.0,22.54,1.6,0.0,6.0,20.0,1.1,13.56,0.887,3.04,27.0,2.0,0.88,2.68,0.0,0.0,7.0,0.75,3.1,0.113,0.0,2.0,0.0,7.39,17.38,0.04,0.08,0.09,0.22,0.72,0.06,0.3,0.22,0.77,1.39,0.14,0.75,2.47,0.2,2.04,2.22,1.03,0.75,2.66,4.81,D,59.0,51.0,48.0,15.0,70.0,14.0,48.0,71.0,44.0,28.0,42.0
8483510,2025,Elias Salomonsson,WPG,D,5on5,32,30062.0,656.0,7.23,1.0,1.0,2.0,4.0,32.0,1.68,45.0,2.0,30.0,5.0,1.0,19.0,21.67,20.93,0.51,0.51,0.5,34488.0,1.0,2.0,2.0,5.0,37.0,50.0,2.0,35.0,27.0,17.96,0.35,0.0,1.0,1.0,0.02,0.76,1.0,5.37,2.0,0.0,0.0,0.71,0.0,0.0,1.0,0.09,0.73,0.219,0.0,0.0,0.0,6.88,15.66,0.03,0.03,0.06,0.12,1.0,0.05,1.41,0.06,0.94,0.59,0.12,0.48,3.83,0.2,2.6,2.51,5.39,0.24,3.59,2.28,D,27.0,47.0,26.0,60.0,70.0,81.0,15.0,8.0,66.0,70.0,62.0
8484759,2025,Carter Yakemchuk,OTT,D,5on5,4,3032.0,79.0,0.88,1.0,0.0,0.0,1.0,5.0,0.28,0.0,1.0,7.0,0.0,0.0,4.0,2.05,2.9,0.41,0.43,0.44,3488.0,1.0,0.0,1.0,2.0,5.0,0.0,1.0,7.0,4.0,14.53,1.71,0.0,1.0,0.0,0.04,0.76,1.0,8.78,0.0,0.0,0.0,0.01,0.0,0.0,0.0,0.0,0.0,,0.0,0.0,0.0,0.0,12.63,0.25,0.0,0.0,0.25,1.25,0.07,0.0,0.25,1.75,1.0,1.19,1.19,5.94,0.33,2.43,3.44,0.0,1.19,8.31,4.75,D,66.0,99.0,84.0,94.0,96.0,2.0,85.0,69.0,12.0,13.0,16.0
8484203,2025,Bradly Nadeau,CAR,L,5on5,12,8128.0,173.0,4.22,2.0,0.0,0.0,2.0,9.0,1.99,21.0,0.0,7.0,0.0,1.0,5.0,4.83,6.52,0.43,0.52,0.51,9332.0,3.0,0.0,0.0,3.0,12.0,21.0,0.0,8.0,5.0,12.96,1.12,1.0,1.0,1.0,0.67,1.89,1.0,4.47,0.0,0.0,0.0,0.24,0.0,0.0,0.0,0.0,0.07,0.292,0.0,0.0,0.0,3.5,11.29,0.17,0.0,0.0,0.17,0.75,0.17,1.75,0.0,0.58,0.42,0.89,0.89,3.99,0.88,2.14,2.89,9.3,0.0,3.1,2.21,F,26.0,79.0,22.0,13.0,86.0,73.0,6.0,56.0,17.0,74.0,66.0
8480074,2025,Alexandre Texier,MTL,L,5on5,51,37333.0,756.0,23.75,8.0,4.0,7.0,19.0,67.0,7.24,65.0,6.0,22.0,7.0,8.0,14.0,27.15,27.23,0.5,0.52,0.51,41781.0,8.0,6.0,7.0,21.0,74.0,65.0,6.0,23.0,15.0,13.65,0.97,0.0,1.0,6.0,0.19,3.27,0.886,1.21,1.0,0.0,0.51,0.23,0.0,0.0,0.0,0.0,0.22,0.185,0.0,0.0,0.0,4.99,12.2,0.16,0.08,0.14,0.37,1.31,0.14,1.27,0.12,0.43,0.27,0.77,1.83,6.46,0.7,2.62,2.63,6.27,0.58,2.12,1.35,F,70.0,69.0,74.0,67.0,56.0,57.0,25.0,21.0,55.0,74.0,66.0
8483699,2025,Angus Booth,LAK,D,5on5,1,738.0,20.0,0.53,1.0,0.0,0.0,1.0,1.0,0.09,2.0,0.0,1.0,0.0,0.0,1.0,0.43,0.52,0.45,0.29,0.38,738.0,1.0,0.0,0.0,1.0,1.0,2.0,0.0,1.0,1.0,12.3,,,,,,,,,,,,,,,,,,,,,,,12.3,1.0,0.0,0.0,1.0,1.0,0.09,2.0,0.0,1.0,1.0,4.88,4.88,4.88,0.44,2.1,2.54,9.76,0.0,4.88,4.88,D,100.0,100.0,100.0,84.0,99.0,97.0,7.0,73.0,24.0,2.0,5.0
