playerId,season,name,team,position,situation,games_played,icetime,shifts,gameScore,I_F_goals,I_F_primaryAssists,I_F_secondaryAssists,I_F_points,I_F_shotsOnGoal,I_F_xGoals,I_F_hits,I_F_takeaways,I_F_giveaways,penalties,penaltiesDrawn,shotsBlockedByPlayer,OnIce_F_xGoals,OnIce_A_xGoals,onIce_xGoalsPercentage,onIce_corsiPercentage,onIce_fenwickPercentage
8478043,2025,Sam Lafferty,CHI,C,5on5,29,14856.0,351.0,0.83,1.0,0.0,1.0,2.0,9.0,0.85,35.0,2.0,15.0,2.0,1.0,5.0,5.44,8.32,0.4,0.47,0.45
8484262,2025,Travis Mitchell,NYI,D,5on5,9,6152.0,142.0,-0.7,1.0,0.0,0.0,1.0,4.0,0.38,13.0,0.0,5.0,3.0,2.0,6.0,2.68,4.12,0.39,0.39,0.4
8475790,2025,Erik Gudbranson,CBJ,D,5on5,37,32374.0,656.0,-1.55,1.0,2.0,0.0,3.0,32.0,1.04,38.0,6.0,29.0,7.0,5.0,50.0,16.49,25.85,0.39,0.41,0.41
8478975,2025,Mason Marchment,CBJ,L,5on5,68,59536.0,1197.0,44.55,14.0,13.0,8.0,35.0,94.0,11.98,77.0,26.0,78.0,19.0,17.0,27.0,43.83,37.34,0.54,0.51,0.51
8480196,2025,Jacob Bryson,WPG,D,5on5,50,31545.0,742.0,4.45,2.0,4.0,2.0,8.0,21.0,1.05,13.0,5.0,17.0,5.0,4.0,26.0,21.07,21.3,0.5,0.47,0.46
8478970,2025,Jalen Chatfield,CAR,D,5on5,72,73949.0,1520.0,40.7,2.0,6.0,8.0,16.0,87.0,4.05,29.0,22.0,62.0,7.0,2.0,44.0,55.79,52.22,0.52,0.58,0.57
8475798,2025,Mikael Granlund,ANA,C,5on5,58,46674.0,989.0,41.23,8.0,6.0,8.0,22.0,68.0,8.44,26.0,16.0,37.0,5.0,10.0,34.0,39.31,32.36,0.55,0.52,0.53
8481557,2025,Matt Boldy,MIN,L,5on5,76,64687.0,1170.0,87.86,22.0,11.0,7.0,40.0,161.0,16.01,57.0,20.0,64.0,9.0,20.0,42.0,47.38,42.95,0.52,0.51,0.52
8477503,2025,Max Domi,TOR,C,5on5,80,62271.0,1336.0,19.56,7.0,11.0,4.0,22.0,86.0,6.86,35.0,24.0,78.0,26.0,18.0,32.0,39.37,50.78,0.44,0.45,0.45
8478474,2025,Lawson Crouse,UTA,L,5on5,81,60476.0,1417.0,52.33,20.0,13.0,4.0,37.0,117.0,16.19,198.0,13.0,44.0,12.0,9.0,36.0,47.43,43.04,0.52,0.53,0.53
8477429,2025,Andrew Copp,DET,C,5on5,79,62192.0,1342.0,41.41,4.0,10.0,12.0,26.0,90.0,12.61,43.0,18.0,66.0,10.0,11.0,47.0,41.66,40.46,0.51,0.5,0.51
8478476,2025,Kyle Capobianco,DAL,D,5on5,33,23072.0,511.0,5.6,2.0,1.0,2.0,5.0,17.0,0.84,12.0,8.0,19.0,4.0,3.0,26.0,15.67,15.3,0.51,0.49,0.5
8481655,2025,Cole Schwindt,FLA,R,5on5,29,15535.0,365.0,7.18,5.0,2.0,0.0,7.0,23.0,3.16,38.0,3.0,8.0,1.0,1.0,10.0,10.36,8.06,0.56,0.49,0.5
8477426,2025,Nick Paul,TBL,L,5on5,51,35302.0,737.0,16.43,6.0,2.0,4.0,12.0,57.0,7.04,74.0,9.0,30.0,8.0,8.0,19.0,21.12,21.22,0.5,0.51,0.5
8480355,2025,Mark Kastelic,BOS,C,5on5,82,50907.0,1150.0,23.32,10.0,6.0,1.0,17.0,83.0,12.54,213.0,20.0,34.0,33.0,29.0,53.0,32.03,40.08,0.44,0.48,0.47
8484860,2025,Matvei Gridin,CGY,R,5on5,37,28583.0,626.0,12.64,5.0,4.0,2.0,11.0,53.0,5.55,11.0,7.0,36.0,1.0,5.0,28.0,16.57,22.9,0.42,0.43,0.43
8482634,2025,Alex Steeves,BOS,C,5on5,43,26787.0,586.0,16.06,6.0,2.0,3.0,11.0,46.0,5.26,140.0,7.0,19.0,8.0,8.0,24.0,18.07,17.74,0.5,0.49,0.5
8477940,2025,Nikolaj Ehlers,CAR,L,5on5,82,64050.0,1328.0,89.31,15.0,12.0,7.0,34.0,145.0,11.86,18.0,20.0,73.0,6.0,15.0,20.0,52.93,39.24,0.57,0.61,0.61
8477942,2025,Kevin Fiala,LAK,L,5on5,56,50356.0,977.0,45.06,14.0,5.0,0.0,19.0,102.0,10.62,28.0,12.0,59.0,15.0,17.0,21.0,33.09,28.52,0.54,0.54,0.53
8480813,2025,Joe Veleno,MTL,C,5on5,61,37355.0,790.0,4.2,2.0,0.0,3.0,5.0,43.0,3.87,159.0,7.0,19.0,8.0,7.0,27.0,20.58,23.93,0.46,0.48,0.48
8475842,2025,Sam Carrick,BUF,C,5on5,73,41072.0,976.0,15.79,8.0,3.0,2.0,13.0,68.0,7.87,105.0,10.0,27.0,19.0,15.0,33.0,25.62,27.49,0.48,0.48,0.47
8477946,2025,Dylan Larkin,DET,C,5on5,74,63909.0,1367.0,66.28,9.0,11.0,5.0,25.0,125.0,11.7,46.0,10.0,55.0,12.0,19.0,26.0,40.39,45.24,0.47,0.5,0.5
8480817,2025,K'Andre Miller,CAR,D,5on5,72,81433.0,1619.0,65.16,6.0,8.0,9.0,23.0,109.0,5.09,91.0,37.0,69.0,25.0,11.0,65.0,66.9,49.71,0.57,0.62,0.62
8477948,2025,Travis Sanheim,PHI,D,5on5,81,92608.0,1934.0,35.87,6.0,10.0,11.0,27.0,74.0,5.73,44.0,23.0,91.0,8.0,11.0,114.0,61.43,56.82,0.52,0.48,0.5
8477949,2025,Alex Tuch,BUF,R,5on5,79,66578.0,1459.0,69.72,20.0,13.0,14.0,47.0,142.0,13.88,68.0,27.0,50.0,17.0,9.0,57.0,49.21,46.37,0.51,0.51,0.52
8475413,2025,Justin Dowling,NYR,C,5on5,2,863.0,24.0,-0.48,0.0,0.0,0.0,0.0,1.0,0.13,3.0,0.0,0.0,0.0,0.0,1.0,0.31,0.88,0.26,0.33,0.35
8477073,2025,Kurtis MacDermid,OTT,L,5on5,19,4752.0,149.0,-2.1,0.0,1.0,0.0,1.0,4.0,0.18,18.0,0.0,2.0,9.0,7.0,6.0,1.92,4.13,0.32,0.34,0.37
8483525,2025,Danila Yurov,MIN,R,5on5,73,53832.0,1043.0,18.0,11.0,5.0,8.0,24.0,76.0,11.76,59.0,16.0,42.0,13.0,12.0,43.0,34.28,35.29,0.49,0.47,0.48
8483524,2025,Shane Wright,SEA,C,5on5,74,52891.0,1189.0,22.21,8.0,7.0,3.0,18.0,77.0,11.25,51.0,11.0,63.0,5.0,4.0,57.0,37.14,33.6,0.53,0.46,0.48
8480950,2025,Ilya Lyubushkin,DAL,D,5on5,53,44783.0,943.0,1.82,1.0,4.0,4.0,9.0,31.0,1.46,61.0,8.0,43.0,13.0,6.0,75.0,24.79,29.34,0.46,0.43,0.44
8482165,2025,Yan Kuznetsov,CGY,D,5on5,57,60299.0,1407.0,10.2,3.0,3.0,2.0,8.0,60.0,1.96,74.0,6.0,58.0,8.0,1.0,87.0,41.85,48.58,0.46,0.48,0.49
8475786,2025,Zach Hyman,EDM,L,5on5,58,53615.0,1061.0,54.02,14.0,8.0,5.0,27.0,108.0,18.38,51.0,5.0,21.0,11.0,11.0,14.0,53.17,41.3,0.56,0.52,0.53
8477845,2025,Trevor van Riemsdyk,WSH,D,5on5,68,58169.0,1161.0,13.1,3.0,3.0,8.0,14.0,41.0,3.5,12.0,14.0,45.0,8.0,6.0,79.0,43.2,42.33,0.51,0.48,0.49
8484388,2025,Daniil But,UTA,L,5on5,29,19158.0,422.0,12.16,2.0,2.0,0.0,4.0,36.0,5.4,15.0,4.0,18.0,4.0,4.0,17.0,16.72,11.03,0.6,0.55,0.54
8474090,2025,Brendan Smith,CBJ,D,5on5,15,9287.0,214.0,0.95,0.0,1.0,1.0,2.0,10.0,0.31,11.0,5.0,14.0,4.0,2.0,9.0,5.11,6.26,0.45,0.46,0.44
8481524,2025,Bowen Byram,BUF,D,5on5,82,89561.0,1745.0,38.27,8.0,12.0,10.0,30.0,83.0,7.06,45.0,17.0,71.0,16.0,13.0,77.0,62.11,65.6,0.49,0.49,0.5
8484873,2025,Cole Hutson,WSH,D,5on5,14,12230.0,239.0,7.45,1.0,2.0,0.0,3.0,16.0,1.07,15.0,8.0,13.0,4.0,2.0,6.0,8.46,8.72,0.49,0.48,0.49
8476479,2025,Phillip Danault,MTL,C,5on5,75,55866.0,1143.0,21.23,4.0,5.0,1.0,10.0,77.0,7.63,59.0,12.0,43.0,10.0,12.0,29.0,33.3,40.7,0.45,0.5,0.5
8481528,2025,Dylan Cozens,OTT,C,5on5,82,64131.0,1573.0,70.6,13.0,7.0,8.0,28.0,137.0,17.77,199.0,18.0,43.0,22.0,21.0,23.0,54.07,34.93,0.61,0.57,0.57
8478462,2025,Nicolas Roy,COL,C,5on5,74,52494.0,1138.0,19.83,6.0,9.0,4.0,19.0,54.0,7.34,70.0,19.0,59.0,8.0,9.0,30.0,31.37,37.34,0.46,0.47,0.46
8475857,2025,Kevin Gravel,NSH,D,5on5,1,952.0,19.0,-0.53,0.0,0.0,0.0,0.0,1.0,0.01,1.0,0.0,1.0,0.0,0.0,3.0,0.26,0.9,0.22,0.24,0.29
8483433,2025,Jack Devine,FLA,R,5on5,6,3001.0,74.0,0.15,0.0,0.0,0.0,0.0,5.0,0.53,4.0,0.0,2.0,1.0,1.0,0.0,1.27,1.48,0.46,0.52,0.52
8476887,2025,Filip Forsberg,NSH,L,5on5,82,72644.0,1538.0,79.33,23.0,11.0,6.0,40.0,169.0,16.08,119.0,37.0,81.0,14.0,19.0,32.0,49.96,54.22,0.48,0.52,0.5
8484779,2025,Jett Luchanko,PHI,C,5on5,4,2128.0,44.0,-0.46,0.0,0.0,0.0,0.0,1.0,0.13,2.0,0.0,1.0,1.0,1.0,3.0,0.79,1.41,0.36,0.44,0.48
8483731,2025,Alex Bump,PHI,L,5on5,17,11750.0,274.0,6.6,4.0,0.0,4.0,8.0,20.0,2.09,16.0,3.0,12.0,0.0,1.0,6.0,6.02,7.57,0.44,0.45,0.45
8482245,2025,Artem Zub,OTT,D,5on5,81,82670.0,1860.0,33.35,5.0,13.0,8.0,26.0,91.0,3.55,61.0,21.0,67.0,22.0,5.0,92.0,56.15,47.09,0.54,0.51,0.53
8484240,2025,Tom Willander,VAN,D,5on5,70,62466.0,1349.0,4.33,3.0,4.0,5.0,12.0,50.0,2.16,30.0,11.0,50.0,9.0,6.0,72.0,33.21,49.61,0.4,0.43,0.42
8484160,2025,Nate Danielson,DET,C,5on5,28,16035.0,380.0,5.17,2.0,1.0,1.0,4.0,25.0,2.94,8.0,7.0,17.0,2.0,2.0,9.0,11.44,11.87,0.49,0.48,0.49
8484901,2025,Jacob Quillan,TOR,C,5on5,23,12052.0,275.0,-0.61,1.0,1.0,1.0,3.0,12.0,1.13,44.0,6.0,12.0,1.0,3.0,9.0,5.18,8.79,0.37,0.39,0.38
8481532,2025,Alex Turcotte,LAK,C,5on5,62,38636.0,866.0,21.76,3.0,4.0,7.0,14.0,65.0,9.84,50.0,14.0,24.0,9.0,10.0,33.0,32.13,24.47,0.57,0.55,0.55
8483039,2025,Tristen Nielsen,COL,C,5on5,4,1513.0,38.0,1.22,0.0,1.0,0.0,1.0,3.0,0.19,9.0,0.0,2.0,0.0,0.0,1.0,0.46,0.34,0.58,0.53,0.58
8482174,2025,William Villeneuve,TOR,D,5on5,3,3119.0,66.0,0.4,0.0,0.0,0.0,0.0,2.0,0.07,1.0,1.0,1.0,0.0,1.0,5.0,1.36,2.06,0.4,0.46,0.49
8477402,2025,Pavel Buchnevich,STL,L,5on5,81,64171.0,1387.0,44.09,13.0,9.0,5.0,27.0,101.0,11.6,28.0,20.0,53.0,9.0,8.0,26.0,45.69,47.2,0.49,0.5,0.49
8478416,2025,Erik Cernak,TBL,D,5on5,61,52703.0,1209.0,11.28,3.0,3.0,4.0,10.0,50.0,2.37,97.0,12.0,47.0,20.0,5.0,62.0,35.85,30.92,0.54,0.49,0.49
8484471,2025,Emmitt Finnie,DET,C,5on5,82,64501.0,1388.0,31.72,8.0,8.0,4.0,20.0,100.0,14.3,131.0,19.0,67.0,3.0,19.0,37.0,42.51,44.82,0.49,0.49,0.49
8480075,2025,Cameron Crotty,OTT,D,5on5,6,4865.0,117.0,1.02,0.0,0.0,1.0,1.0,5.0,0.14,1.0,2.0,3.0,0.0,0.0,2.0,4.53,2.42,0.65,0.5,0.49
8483709,2025,Abram Wiebe,CGY,D,5on5,4,2881.0,69.0,-0.95,0.0,0.0,0.0,0.0,0.0,0.02,2.0,0.0,2.0,1.0,0.0,1.0,1.4,3.63,0.28,0.41,0.38
8480245,2025,Olle Lycksell,OTT,R,5on5,7,4143.0,95.0,1.07,1.0,0.0,1.0,2.0,7.0,0.68,4.0,1.0,1.0,0.0,1.0,4.0,1.95,2.38,0.45,0.44,0.42
8483546,2025,Marshall Rifai,TOR,D,5on5,1,580.0,14.0,-0.17,0.0,0.0,0.0,0.0,1.0,0.01,0.0,0.0,1.0,0.0,0.0,1.0,0.21,0.63,0.25,0.38,0.29
8478831,2025,Kevin Stenlund,UTA,C,5on5,80,52495.0,1277.0,12.9,2.0,3.0,4.0,9.0,53.0,5.71,37.0,8.0,36.0,10.0,9.0,40.0,26.02,35.99,0.42,0.47,0.47
8481178,2025,Egor Zamula,CBJ,D,5on5,33,24786.0,527.0,4.55,0.0,2.0,1.0,3.0,18.0,0.5,7.0,6.0,27.0,2.0,0.0,40.0,13.91,16.52,0.46,0.48,0.48
8484255,2025,Jason Polin,COL,R,5on5,4,1819.0,46.0,0.9,0.0,0.0,0.0,0.0,0.0,0.19,11.0,0.0,0.0,0.0,0.0,3.0,1.02,0.23,0.81,0.63,0.66
8477989,2025,Christian Dvorak,PHI,C,5on5,80,67478.0,1438.0,43.51,12.0,14.0,7.0,33.0,107.0,15.14,35.0,15.0,52.0,11.0,10.0,41.0,45.96,50.18,0.48,0.46,0.46
8481477,2025,Nico Sturm,MIN,C,5on5,49,26580.0,593.0,4.5,3.0,1.0,3.0,7.0,29.0,4.53,54.0,5.0,18.0,8.0,0.0,17.0,17.89,17.16,0.51,0.44,0.47
8478398,2025,Kyle Connor,WPG,L,5on5,82,79538.0,1445.0,83.49,25.0,19.0,11.0,55.0,193.0,18.37,34.0,16.0,53.0,8.0,15.0,16.0,54.98,59.22,0.48,0.49,0.49
8476453,2025,Nikita Kucherov,TBL,R,5on5,76,68276.0,1406.0,127.56,25.0,25.0,19.0,69.0,149.0,15.26,31.0,18.0,76.0,13.0,20.0,26.0,63.51,49.16,0.56,0.56,0.56
8482705,2025,Cole Sillinger,CBJ,C,5on5,81,66081.0,1391.0,33.0,5.0,9.0,10.0,24.0,116.0,11.4,107.0,25.0,56.0,17.0,7.0,35.0,47.86,43.73,0.52,0.5,0.5
8481581,2025,Thomas Harley,DAL,D,5on5,70,80998.0,1438.0,32.77,3.0,10.0,11.0,24.0,92.0,4.73,35.0,32.0,72.0,12.0,3.0,119.0,56.69,58.56,0.49,0.48,0.47
8483490,2025,Pavel Mintyukov,ANA,D,5on5,73,66200.0,1477.0,24.72,7.0,2.0,8.0,17.0,68.0,4.9,33.0,14.0,58.0,7.0,12.0,82.0,49.74,50.6,0.5,0.49,0.5
8477494,2025,Jonathan Drouin,STL,L,5on5,64,50934.0,1064.0,25.06,3.0,8.0,2.0,13.0,70.0,8.01,15.0,13.0,32.0,3.0,9.0,27.0,32.06,37.56,0.46,0.51,0.51
8481186,2025,Logan O'Connor,COL,R,5on5,13,7771.0,174.0,4.46,0.0,1.0,1.0,2.0,11.0,0.71,11.0,3.0,5.0,1.0,4.0,3.0,4.75,4.35,0.52,0.57,0.58
8475287,2025,Erik Haula,NSH,L,5on5,81,60854.0,1345.0,28.86,9.0,3.0,8.0,20.0,97.0,11.51,112.0,11.0,46.0,24.0,7.0,43.0,41.34,45.71,0.47,0.49,0.47
8485391,2025,Anton Frondell,CHI,C,5on5,12,9728.0,198.0,5.68,3.0,3.0,1.0,7.0,25.0,1.9,8.0,2.0,9.0,2.0,1.0,13.0,6.32,11.66,0.35,0.4,0.4
8473533,2025,Jordan Staal,CAR,C,5on5,75,57013.0,1296.0,53.69,14.0,9.0,4.0,27.0,82.0,13.09,160.0,13.0,42.0,5.0,10.0,36.0,44.34,37.34,0.54,0.59,0.58
8475763,2025,Kevin Hayes,PIT,R,5on5,28,18841.0,403.0,10.21,4.0,4.0,0.0,8.0,41.0,3.94,31.0,3.0,18.0,4.0,1.0,9.0,13.98,11.22,0.55,0.52,0.52
8478439,2025,Travis Konecny,PHI,R,5on5,77,67057.0,1425.0,55.09,20.0,13.0,9.0,42.0,120.0,10.78,99.0,13.0,86.0,19.0,17.0,29.0,46.0,49.88,0.48,0.47,0.47
8481518,2025,Nolan Foote,FLA,L,5on5,12,7479.0,172.0,0.88,1.0,0.0,0.0,1.0,13.0,1.9,27.0,2.0,2.0,3.0,1.0,4.0,4.6,5.68,0.45,0.49,0.48
8481754,2025,Nikita Nesterenko,ANA,C,5on5,29,19336.0,446.0,8.02,1.0,5.0,2.0,8.0,27.0,3.22,53.0,1.0,13.0,3.0,4.0,7.0,13.36,11.45,0.54,0.49,0.51
8480796,2025,Martin Fehrvry,WSH,D,5on5,81,76955.0,1475.0,24.88,5.0,5.0,12.0,22.0,69.0,4.1,100.0,10.0,49.0,10.0,11.0,120.0,53.87,57.77,0.48,0.47,0.49
8475848,2025,Brendan Gallagher,MTL,R,5on5,77,49643.0,1081.0,27.14,5.0,4.0,9.0,18.0,109.0,12.23,98.0,9.0,31.0,17.0,18.0,20.0,35.47,37.29,0.49,0.51,0.51
8477149,2025,Scott Sabourin,TBL,R,5on5,26,12378.0,295.0,2.55,1.0,3.0,1.0,5.0,11.0,2.29,62.0,1.0,10.0,17.0,10.0,11.0,8.78,7.39,0.54,0.46,0.47
8481591,2025,Sam Poulin,PIT,R,5on5,2,1589.0,29.0,0.07,0.0,0.0,0.0,0.0,1.0,0.21,2.0,1.0,1.0,0.0,0.0,2.0,0.81,0.76,0.52,0.54,0.65
8476525,2025,Colin Miller,WPG,D,5on5,18,14130.0,302.0,0.9,0.0,1.0,0.0,1.0,15.0,0.54,28.0,4.0,13.0,3.0,5.0,13.0,7.93,12.05,0.4,0.46,0.45
8478483,2025,Mitch Marner,VGK,R,5on5,81,68739.0,1383.0,82.46,18.0,21.0,10.0,49.0,111.0,11.54,23.0,27.0,76.0,7.0,17.0,35.0,50.28,40.01,0.56,0.55,0.55
8485388,2025,Victor Eklund,NYI,R,5on5,1,735.0,16.0,0.6,0.0,0.0,0.0,0.0,2.0,0.05,2.0,0.0,0.0,0.0,0.0,0.0,0.47,0.28,0.62,0.53,0.5
8486166,2025,Viking Gustafsson-Nyberg,MIN,D,5on5,2,1994.0,39.0,-0.1,0.0,0.0,0.0,0.0,0.0,0.0,2.0,1.0,1.0,0.0,0.0,1.0,1.27,1.54,0.45,0.42,0.41
8484150,2025,Hunter Brzustewicz,CGY,D,5on5,34,30191.0,674.0,7.42,2.0,0.0,4.0,6.0,29.0,1.33,24.0,4.0,25.0,2.0,3.0,20.0,17.98,20.14,0.47,0.49,0.48
8478211,2025,Dryden Hunt,CGY,L,5on5,3,1608.0,35.0,-0.3,0.0,0.0,0.0,0.0,4.0,0.57,9.0,0.0,3.0,1.0,1.0,4.0,1.12,0.72,0.61,0.43,0.5
8478420,2025,Mikko Rantanen,DAL,R,5on5,64,58597.0,1207.0,58.02,16.0,13.0,8.0,37.0,86.0,10.29,44.0,22.0,64.0,29.0,32.0,25.0,40.69,38.84,0.51,0.45,0.47
8478421,2025,A.J. Greer,FLA,L,5on5,78,54429.0,1229.0,40.28,14.0,10.0,4.0,28.0,95.0,12.7,202.0,9.0,51.0,34.0,27.0,28.0,37.93,34.06,0.53,0.55,0.54
8477952,2025,Robby Fabbri,MIN,C,5on5,21,14220.0,313.0,2.96,2.0,3.0,0.0,5.0,29.0,3.48,43.0,0.0,7.0,7.0,3.0,9.0,8.15,9.16,0.47,0.45,0.47
8484230,2025,Otto Stenberg,STL,C,5on5,32,23240.0,531.0,8.02,3.0,3.0,3.0,9.0,28.0,4.68,47.0,4.0,14.0,1.0,2.0,15.0,13.24,15.41,0.46,0.47,0.46
8483526,2025,Danil Zhilkin,WPG,C,5on5,6,2440.0,59.0,0.03,0.0,1.0,0.0,1.0,4.0,0.35,5.0,0.0,1.0,0.0,0.0,4.0,0.9,1.59,0.36,0.25,0.31
8480192,2025,Johnathan Kovacevic,NJD,D,5on5,34,32622.0,611.0,8.0,0.0,2.0,4.0,6.0,30.0,1.65,52.0,8.0,25.0,11.0,4.0,33.0,23.22,24.63,0.49,0.51,0.51
8480027,2025,Jason Robertson,DAL,L,5on5,82,75650.0,1476.0,96.81,25.0,12.0,9.0,46.0,202.0,20.23,44.0,21.0,91.0,13.0,19.0,26.0,60.46,48.92,0.55,0.51,0.51
8481600,2025,Tobias Bjornfot,FLA,D,5on5,19,15087.0,321.0,4.8,2.0,1.0,1.0,4.0,12.0,0.72,13.0,2.0,9.0,1.0,0.0,20.0,9.58,8.78,0.52,0.5,0.49
8482162,2025,Roby Jarventie,EDM,L,5on5,3,1441.0,40.0,0.3,0.0,0.0,0.0,0.0,2.0,0.17,1.0,0.0,0.0,0.0,0.0,4.0,0.78,0.21,0.79,0.53,0.63
8478508,2025,Yakov Trenin,MIN,C,5on5,82,57522.0,1082.0,17.32,6.0,12.0,5.0,23.0,92.0,12.96,399.0,21.0,59.0,15.0,10.0,31.0,42.04,40.03,0.51,0.45,0.47
8482802,2025,Carter Mazur,DET,L,5on5,8,5073.0,121.0,-0.44,0.0,0.0,0.0,0.0,3.0,0.24,10.0,0.0,3.0,0.0,1.0,6.0,2.92,4.21,0.41,0.46,0.46
8480220,2025,Noah Cates,PHI,L,5on5,82,59608.0,1405.0,42.34,11.0,11.0,7.0,29.0,93.0,11.94,94.0,23.0,33.0,12.0,10.0,44.0,33.86,32.18,0.51,0.48,0.49
8483570,2025,Ben Meyers,SEA,C,5on5,52,31913.0,755.0,10.21,7.0,5.0,3.0,15.0,58.0,7.26,65.0,10.0,27.0,5.0,7.0,11.0,22.59,21.02,0.52,0.45,0.46
8481569,2025,Marshall Warren,NYI,D,5on5,8,5371.0,130.0,2.88,0.0,2.0,1.0,3.0,7.0,0.29,7.0,1.0,7.0,2.0,2.0,5.0,3.93,3.74,0.51,0.51,0.49
8478104,2025,Sammy Blais,MTL,L,5on5,21,10506.0,239.0,7.04,3.0,3.0,2.0,8.0,18.0,2.17,78.0,4.0,2.0,5.0,4.0,11.0,7.11,6.59,0.52,0.48,0.52
8476925,2025,Colton Sissons,VGK,C,5on5,66,41213.0,957.0,13.0,6.0,2.0,1.0,9.0,67.0,9.07,92.0,12.0,27.0,10.0,9.0,39.0,25.32,23.76,0.52,0.48,0.49
8480144,2025,David Kampf,WSH,C,5on5,40,30945.0,673.0,5.45,2.0,3.0,1.0,6.0,34.0,3.9,45.0,6.0,16.0,5.0,5.0,21.0,18.54,20.87,0.47,0.49,0.49
8476921,2025,Jordan Martinook,CAR,L,5on5,77,56898.0,1300.0,48.54,8.0,8.0,7.0,23.0,93.0,11.71,107.0,11.0,40.0,15.0,14.0,34.0,44.68,36.29,0.55,0.6,0.58
8478136,2025,Jake Middleton,MIN,D,5on5,75,68224.0,1365.0,10.4,2.0,7.0,5.0,14.0,59.0,3.23,82.0,9.0,43.0,20.0,13.0,89.0,47.7,46.06,0.51,0.46,0.47
8483771,2025,Sandis Vilmanis,FLA,L,5on5,19,11235.0,252.0,6.4,3.0,0.0,2.0,5.0,15.0,1.87,36.0,5.0,10.0,2.0,5.0,5.0,7.63,5.94,0.56,0.54,0.53
8481732,2025,Andre Lee,LAK,L,5on5,7,4312.0,91.0,2.38,1.0,1.0,0.0,2.0,5.0,0.48,17.0,3.0,2.0,0.0,0.0,3.0,2.49,2.2,0.53,0.56,0.51
8480853,2025,Liam Foudy,NYI,C,5on5,1,677.0,14.0,-0.09,0.0,0.0,0.0,0.0,1.0,0.03,1.0,0.0,1.0,0.0,0.0,1.0,0.04,0.46,0.08,0.38,0.18
8476624,2025,Barclay Goodrow,SJS,C,5on5,82,45400.0,1047.0,2.47,4.0,3.0,2.0,9.0,54.0,7.46,140.0,6.0,36.0,14.0,10.0,47.0,24.22,30.04,0.45,0.42,0.42
8483760,2025,Hunter McDonald,PHI,D,5on5,1,756.0,24.0,0.7,0.0,0.0,1.0,1.0,0.0,0.0,4.0,0.0,0.0,2.0,1.0,0.0,0.33,0.36,0.48,0.48,0.47
8476372,2025,Nick Seeler,PHI,D,5on5,80,73187.0,1682.0,15.3,3.0,2.0,1.0,6.0,85.0,3.52,119.0,10.0,49.0,16.0,12.0,119.0,48.65,46.97,0.51,0.48,0.5
8482107,2025,Mike Benning,FLA,D,5on5,18,16726.0,342.0,6.03,2.0,2.0,1.0,5.0,12.0,1.03,4.0,5.0,16.0,1.0,0.0,16.0,11.51,15.02,0.43,0.51,0.5
8481237,2025,Kyle MacLean,NYI,C,5on5,59,36344.0,801.0,5.05,2.0,2.0,3.0,7.0,43.0,5.68,121.0,8.0,29.0,12.0,11.0,22.0,22.92,24.19,0.49,0.47,0.49
8477447,2025,Shea Theodore,VGK,D,5on5,70,79342.0,1661.0,52.1,7.0,8.0,13.0,28.0,109.0,5.48,2.0,19.0,82.0,10.0,8.0,61.0,59.12,45.99,0.56,0.54,0.55
8477446,2025,Michael McCarron,MIN,C,5on5,79,53851.0,1160.0,17.52,6.0,4.0,4.0,14.0,102.0,11.83,198.0,19.0,35.0,29.0,23.0,60.0,34.9,35.3,0.5,0.48,0.49
8483930,2025,Ivan Ivan,COL,C,5on5,9,3964.0,98.0,0.91,0.0,1.0,0.0,1.0,4.0,0.15,3.0,0.0,3.0,1.0,0.0,1.0,2.39,1.91,0.56,0.49,0.53
8474568,2025,Luke Schenn,BUF,D,5on5,50,34995.0,769.0,-0.48,1.0,3.0,3.0,7.0,32.0,0.85,143.0,4.0,43.0,13.0,7.0,43.0,16.41,27.61,0.37,0.43,0.41
8476278,2025,Colin Blackwell,DAL,C,5on5,70,40899.0,921.0,12.99,4.0,7.0,3.0,14.0,56.0,6.45,109.0,11.0,25.0,13.0,16.0,30.0,21.37,25.37,0.46,0.47,0.47
8474612,2025,Travis Hamonic,DET,D,5on5,26,19611.0,461.0,-0.77,0.0,1.0,1.0,2.0,18.0,0.5,30.0,6.0,17.0,10.0,4.0,33.0,11.63,13.5,0.46,0.46,0.46
8480870,2025,Bo Groulx,TOR,C,5on5,13,9359.0,195.0,0.19,2.0,2.0,0.0,4.0,12.0,1.11,32.0,0.0,11.0,0.0,1.0,4.0,4.52,10.4,0.3,0.33,0.32
8482652,2025,Walker Duehr,WPG,R,5on5,3,1105.0,31.0,0.09,0.0,0.0,0.0,0.0,2.0,0.28,6.0,2.0,1.0,0.0,0.0,1.0,0.97,0.91,0.52,0.46,0.42
8482751,2025,Ryan Winterton,SEA,C,5on5,68,44662.0,1031.0,14.26,4.0,11.0,3.0,18.0,85.0,9.11,71.0,19.0,33.0,6.0,13.0,29.0,29.28,29.06,0.5,0.44,0.45
8475279,2025,Ben Chiarot,DET,D,5on5,82,89473.0,1838.0,9.28,5.0,4.0,5.0,14.0,97.0,4.16,160.0,23.0,68.0,28.0,9.0,133.0,57.29,69.56,0.45,0.46,0.46
8475184,2025,Chris Kreider,ANA,L,5on5,75,56980.0,1311.0,55.56,8.0,10.0,6.0,24.0,87.0,12.08,67.0,13.0,59.0,13.0,4.0,15.0,47.64,39.8,0.54,0.56,0.56
8483500,2025,Noah Ostlund,BUF,C,5on5,60,44014.0,1009.0,27.24,9.0,7.0,5.0,21.0,53.0,5.42,5.0,17.0,31.0,6.0,8.0,26.0,30.09,27.69,0.52,0.51,0.53
8483460,2025,David Jiricek,PHI,D,5on5,26,17859.0,381.0,-1.2,0.0,0.0,0.0,0.0,15.0,0.47,8.0,3.0,23.0,8.0,2.0,16.0,12.08,16.13,0.43,0.46,0.46
8478904,2025,Steven Lorentz,TOR,C,5on5,71,40623.0,940.0,10.24,5.0,5.0,5.0,15.0,61.0,7.56,150.0,8.0,27.0,2.0,3.0,40.0,22.71,25.82,0.47,0.43,0.44
8479343,2025,Clayton Keller,UTA,R,5on5,82,73525.0,1634.0,96.84,14.0,27.0,8.0,49.0,158.0,14.65,6.0,21.0,82.0,15.0,24.0,28.0,56.86,45.09,0.56,0.56,0.57
8477508,2025,Curtis Lazar,EDM,C,5on5,45,22519.0,569.0,5.0,4.0,2.0,0.0,6.0,30.0,4.46,94.0,3.0,9.0,4.0,3.0,18.0,14.02,14.83,0.49,0.46,0.45
8480893,2025,Kirill Marchenko,CBJ,R,5on5,76,68879.0,1384.0,71.25,17.0,11.0,8.0,36.0,141.0,15.35,58.0,40.0,82.0,15.0,16.0,34.0,54.04,50.87,0.52,0.52,0.52
8481032,2025,Paul Cotter,NJD,L,5on5,79,49217.0,1069.0,4.52,5.0,2.0,2.0,9.0,55.0,7.74,190.0,6.0,26.0,6.0,18.0,22.0,26.41,37.59,0.41,0.44,0.44
8478444,2025,Brock Boeser,VAN,R,5on5,75,62373.0,1269.0,31.23,10.0,10.0,1.0,21.0,101.0,10.48,51.0,14.0,45.0,4.0,6.0,22.0,34.94,51.11,0.41,0.44,0.43
8478445,2025,Mathew Barzal,NYI,C,5on5,81,76400.0,1445.0,70.27,12.0,14.0,8.0,34.0,120.0,12.91,27.0,37.0,74.0,17.0,26.0,45.0,62.09,56.54,0.52,0.52,0.52
8479772,2025,Zack MacEwen,NJD,R,5on5,3,1128.0,26.0,1.03,0.0,0.0,0.0,0.0,3.0,0.24,6.0,1.0,2.0,0.0,0.0,1.0,0.5,0.14,0.78,0.75,0.79
8482740,2025,Wyatt Johnston,DAL,C,5on5,82,74712.0,1493.0,68.4,16.0,12.0,8.0,36.0,113.0,15.63,52.0,19.0,54.0,12.0,16.0,47.0,55.43,54.86,0.5,0.46,0.46
8478443,2025,Brandon Carlo,TOR,D,5on5,55,52908.0,1291.0,-0.45,0.0,0.0,5.0,5.0,53.0,1.6,54.0,6.0,46.0,15.0,5.0,70.0,34.94,42.58,0.45,0.43,0.44
8482749,2025,Joshua Roy,MTL,R,5on5,3,1741.0,33.0,0.35,0.0,0.0,0.0,0.0,2.0,0.1,6.0,0.0,3.0,1.0,0.0,0.0,1.0,1.07,0.48,0.57,0.56
8476419,2025,Jean-Gabriel Pageau,NYI,C,5on5,74,54002.0,1178.0,28.36,12.0,6.0,7.0,25.0,63.0,9.19,103.0,12.0,44.0,2.0,2.0,37.0,37.12,43.7,0.46,0.46,0.47
8482100,2025,Alexander Nikishin,CAR,D,5on5,81,73712.0,1532.0,57.1,4.0,6.0,7.0,17.0,91.0,5.14,130.0,23.0,72.0,13.0,7.0,77.0,63.83,50.5,0.56,0.58,0.57
8482117,2025,Lukas Reichel,BOS,L,5on5,29,20287.0,437.0,4.25,3.0,3.0,2.0,8.0,23.0,2.96,9.0,5.0,19.0,3.0,1.0,15.0,13.32,15.83,0.46,0.45,0.44
8483516,2025,Jimmy Snuggerud,STL,R,5on5,70,58599.0,1274.0,47.48,15.0,12.0,10.0,37.0,126.0,14.04,68.0,20.0,52.0,9.0,12.0,35.0,43.56,44.73,0.49,0.48,0.47
8484994,2025,Igor Chernyshov,SJS,L,5on5,28,23107.0,444.0,19.4,6.0,7.0,1.0,14.0,40.0,5.84,17.0,4.0,24.0,3.0,3.0,12.0,19.2,17.98,0.52,0.52,0.53
8483756,2025,Jared Wright,LAK,R,5on5,23,15617.0,375.0,6.74,0.0,4.0,0.0,4.0,30.0,3.58,27.0,4.0,7.0,2.0,2.0,18.0,12.98,8.3,0.61,0.51,0.53
8477500,2025,Bo Horvat,NYI,C,5on5,68,56257.0,1166.0,64.44,18.0,6.0,4.0,28.0,141.0,13.59,49.0,16.0,50.0,11.0,10.0,28.0,43.51,44.38,0.49,0.53,0.52
8477501,2025,Valeri Nichushkin,COL,R,5on5,72,58291.0,1236.0,63.75,12.0,9.0,15.0,36.0,127.0,14.57,52.0,15.0,45.0,6.0,14.0,16.0,52.36,35.67,0.59,0.58,0.57
8481028,2025,Martin Pospisil,CGY,C,5on5,22,12908.0,325.0,2.56,1.0,1.0,1.0,3.0,19.0,1.83,83.0,3.0,5.0,7.0,8.0,6.0,6.74,10.09,0.4,0.48,0.47
8477505,2025,Alexander Wennberg,SJS,C,5on5,80,67621.0,1373.0,44.63,8.0,14.0,8.0,30.0,59.0,6.64,23.0,28.0,47.0,4.0,14.0,70.0,39.79,44.08,0.47,0.48,0.48
8483808,2025,Andrei Kuzmenko,LAK,L,5on5,52,36399.0,701.0,27.17,5.0,2.0,4.0,11.0,43.0,5.71,18.0,7.0,39.0,7.0,13.0,14.0,26.71,22.95,0.54,0.53,0.52
8475799,2025,Nino Niederreiter,WPG,R,5on5,61,43863.0,944.0,19.82,6.0,5.0,1.0,12.0,70.0,10.56,69.0,9.0,34.0,8.0,10.0,19.0,30.38,28.85,0.51,0.51,0.51
8482733,2025,Logan Mailloux,STL,D,5on5,67,60417.0,1259.0,11.22,4.0,2.0,2.0,8.0,75.0,3.22,92.0,17.0,66.0,21.0,13.0,50.0,37.41,43.74,0.46,0.48,0.47
8478366,2025,Frank Vatrano,ANA,R,5on5,50,30333.0,697.0,8.46,4.0,2.0,1.0,7.0,71.0,6.1,80.0,4.0,16.0,11.0,9.0,20.0,18.45,25.59,0.42,0.48,0.47
8482737,2025,Zachary Bolduc,MTL,R,5on5,78,55310.0,1120.0,29.77,8.0,8.0,7.0,23.0,80.0,10.9,162.0,18.0,59.0,13.0,19.0,42.0,38.19,38.16,0.5,0.49,0.5
8477369,2025,Carson Soucy,NYI,D,5on5,76,67135.0,1522.0,6.05,4.0,3.0,4.0,11.0,60.0,3.15,90.0,19.0,76.0,18.0,2.0,73.0,40.92,47.92,0.46,0.46,0.46
8481656,2025,Aliaksei Protas,WSH,L,5on5,76,68099.0,1395.0,61.76,17.0,14.0,5.0,36.0,126.0,15.98,31.0,20.0,76.0,10.0,15.0,25.0,51.99,51.24,0.5,0.54,0.55
8477947,2025,Sonny Milano,WSH,L,5on5,31,14560.0,327.0,10.09,4.0,4.0,0.0,8.0,29.0,3.11,7.0,4.0,15.0,2.0,2.0,3.0,11.8,10.55,0.53,0.52,0.53
8476292,2025,Ondrej Palat,NYI,L,5on5,80,55325.0,1284.0,17.85,4.0,4.0,3.0,11.0,74.0,8.83,127.0,12.0,38.0,5.0,14.0,65.0,35.47,38.03,0.48,0.49,0.5
8482460,2025,Matt Rempe,NYR,C,5on5,26,12851.0,295.0,1.86,1.0,0.0,0.0,1.0,15.0,2.56,85.0,2.0,5.0,4.0,3.0,6.0,8.02,7.64,0.51,0.51,0.48
8477070,2025,Liam O'Brien,UTA,C,5on5,38,20618.0,518.0,3.91,3.0,1.0,0.0,4.0,34.0,5.05,115.0,1.0,11.0,7.0,6.0,14.0,11.85,14.62,0.45,0.48,0.48
8481711,2025,Matias Maccelli,TOR,L,5on5,71,53053.0,1133.0,27.29,12.0,10.0,9.0,31.0,70.0,8.45,24.0,14.0,62.0,7.0,6.0,16.0,36.23,37.7,0.49,0.47,0.48
8481712,2025,Matj  Blmel,BOS,R,5on5,4,2218.0,43.0,-0.31,0.0,0.0,0.0,0.0,2.0,0.23,2.0,0.0,2.0,0.0,0.0,2.0,1.01,1.65,0.38,0.44,0.47
8476897,2025,Oskar Sundqvist,STL,C,5on5,52,31806.0,776.0,1.24,5.0,7.0,4.0,16.0,26.0,2.5,63.0,9.0,21.0,12.0,7.0,19.0,13.92,23.02,0.38,0.38,0.4
8475168,2025,Matt Duchene,DAL,C,5on5,57,45656.0,916.0,33.3,7.0,10.0,2.0,19.0,53.0,6.36,29.0,9.0,52.0,4.0,8.0,21.0,27.68,32.11,0.46,0.45,0.45
8475169,2025,Evander Kane,VAN,L,5on5,71,60821.0,1214.0,27.23,9.0,12.0,2.0,23.0,137.0,13.13,109.0,17.0,69.0,24.0,21.0,25.0,43.7,53.82,0.45,0.47,0.47
8476892,2025,Colton Parayko,STL,D,5on5,77,87021.0,1789.0,19.12,4.0,6.0,8.0,18.0,99.0,4.53,85.0,28.0,78.0,8.0,12.0,139.0,58.23,54.5,0.52,0.47,0.48
8481609,2025,Vladislav Kolyachonok,BOS,D,5on5,13,9524.0,208.0,3.4,1.0,0.0,2.0,3.0,11.0,0.63,5.0,2.0,4.0,2.0,3.0,13.0,6.4,5.4,0.54,0.48,0.47
8483890,2025,Braeden Bowman,VGK,R,5on5,54,40850.0,882.0,21.26,6.0,9.0,7.0,22.0,61.0,9.84,19.0,14.0,21.0,5.0,3.0,24.0,29.55,24.92,0.54,0.5,0.5
8476480,2025,Vladislav Namestnikov,WPG,C,5on5,60,40711.0,895.0,15.34,4.0,4.0,2.0,10.0,54.0,6.11,71.0,10.0,38.0,6.0,6.0,31.0,25.93,25.87,0.5,0.5,0.5
8479402,2025,Jake Bean,CGY,D,5on5,16,14540.0,348.0,5.35,1.0,1.0,0.0,2.0,16.0,0.49,3.0,5.0,15.0,3.0,0.0,27.0,11.62,8.21,0.59,0.55,0.58
8480188,2025,Fabian Zetterlund,OTT,L,5on5,82,56459.0,1421.0,41.08,12.0,9.0,4.0,25.0,109.0,11.82,153.0,18.0,33.0,7.0,17.0,30.0,43.42,35.59,0.55,0.53,0.53
8478542,2025,Evan Rodrigues,FLA,C,5on5,69,55124.0,1153.0,39.93,9.0,5.0,7.0,21.0,121.0,9.95,61.0,27.0,44.0,16.0,15.0,21.0,40.73,35.8,0.53,0.55,0.54
8482720,2025,Matthew Knies,TOR,L,5on5,79,66750.0,1362.0,38.96,10.0,17.0,11.0,38.0,80.0,11.05,145.0,19.0,56.0,13.0,16.0,25.0,40.27,54.1,0.43,0.42,0.43
8480434,2025,Sean Durzi,UTA,D,5on5,60,61502.0,1331.0,34.05,4.0,8.0,10.0,22.0,67.0,3.43,39.0,10.0,54.0,13.0,8.0,83.0,48.3,44.54,0.52,0.54,0.53
8482088,2025,Justin Sourdif,WSH,C,5on5,78,61738.0,1319.0,39.04,10.0,9.0,9.0,28.0,87.0,10.76,92.0,19.0,50.0,14.0,24.0,37.0,45.89,41.23,0.53,0.51,0.51
8476474,2025,Stefan Noesen,NJD,R,5on5,38,22537.0,546.0,4.89,2.0,2.0,0.0,4.0,38.0,3.68,33.0,3.0,19.0,12.0,6.0,13.0,13.24,16.7,0.44,0.47,0.45
8481056,2025,Spencer Stastney,EDM,D,5on5,66,54387.0,1237.0,14.95,2.0,5.0,2.0,9.0,53.0,1.67,11.0,14.0,58.0,10.0,9.0,49.0,36.56,38.09,0.49,0.51,0.51
8482087,2025,Kaiden Guhle,MTL,D,5on5,39,39764.0,760.0,7.3,2.0,4.0,5.0,11.0,40.0,1.99,72.0,19.0,34.0,14.0,11.0,51.0,25.49,29.64,0.46,0.45,0.47
8481219,2025,Jonathan Aspirot,BOS,D,5on5,61,56588.0,1185.0,15.42,3.0,2.0,6.0,11.0,45.0,2.52,82.0,10.0,55.0,16.0,8.0,75.0,41.07,40.48,0.5,0.48,0.49
8484428,2025,Charles Alexis Legault,CAR,D,5on5,12,9367.0,220.0,4.7,0.0,0.0,1.0,1.0,10.0,0.46,12.0,7.0,13.0,6.0,3.0,8.0,6.67,6.99,0.49,0.57,0.56
8484186,2025,Ryan Leonard,WSH,R,5on5,75,52995.0,1179.0,41.09,16.0,11.0,4.0,31.0,114.0,10.79,122.0,12.0,64.0,18.0,30.0,25.0,35.61,42.88,0.45,0.46,0.47
8482479,2025,Trevor Kuntar,BUF,C,5on5,1,312.0,8.0,-0.65,0.0,0.0,0.0,0.0,0.0,0.0,1.0,0.0,0.0,0.0,0.0,0.0,0.04,1.03,0.04,0.14,0.08
8474150,2025,Mikael Backlund,CGY,C,5on5,82,67248.0,1490.0,45.84,11.0,15.0,3.0,29.0,136.0,13.47,20.0,29.0,77.0,7.0,6.0,24.0,43.22,48.99,0.47,0.5,0.5
8484185,2025,Nick Lardis,CHI,L,5on5,41,26964.0,616.0,10.68,8.0,2.0,1.0,11.0,43.0,5.66,56.0,4.0,17.0,5.0,5.0,10.0,14.69,21.7,0.4,0.47,0.46
8477979,2025,Nicolas Aube-Kubel,MIN,R,5on5,6,3992.0,82.0,0.72,0.0,1.0,0.0,1.0,5.0,0.68,7.0,2.0,1.0,3.0,1.0,5.0,2.91,2.82,0.51,0.45,0.46
8482470,2025,Ilya Solovyov,PIT,D,5on5,30,22391.0,484.0,11.17,1.0,3.0,4.0,8.0,23.0,0.91,33.0,5.0,19.0,8.0,1.0,31.0,19.64,13.46,0.59,0.55,0.58
8478424,2025,Jansen Harkins,ANA,C,5on5,44,24303.0,590.0,8.72,3.0,5.0,0.0,8.0,37.0,4.87,113.0,6.0,27.0,6.0,13.0,22.0,15.85,17.04,0.48,0.49,0.49
8475754,2025,Brock Nelson,COL,C,5on5,81,66879.0,1447.0,82.21,20.0,8.0,10.0,38.0,133.0,18.82,34.0,15.0,52.0,17.0,15.0,50.0,64.42,41.77,0.61,0.57,0.57
8476882,2025,Teuvo Teravainen,CHI,C,5on5,74,54614.0,1153.0,23.64,6.0,4.0,3.0,13.0,55.0,4.5,19.0,20.0,59.0,2.0,5.0,22.0,30.12,43.78,0.41,0.47,0.46
8483435,2025,Jorian Donovan,OTT,D,5on5,2,837.0,19.0,-0.73,0.0,0.0,0.0,0.0,1.0,0.01,2.0,0.0,1.0,0.0,0.0,1.0,0.33,0.66,0.33,0.23,0.16
8474013,2025,Ian Cole,UTA,D,5on5,82,72826.0,1657.0,26.6,3.0,7.0,7.0,17.0,58.0,3.9,61.0,12.0,83.0,20.0,9.0,111.0,50.81,44.89,0.53,0.5,0.52
8483467,2025,Kirill Kudryavtsev,VAN,D,5on5,3,2737.0,58.0,1.3,0.0,1.0,1.0,2.0,4.0,0.14,1.0,0.0,1.0,0.0,0.0,1.0,1.98,2.07,0.49,0.42,0.45
8484241,2025,Matthew Wood,NSH,R,5on5,71,44931.0,925.0,29.75,12.0,8.0,1.0,21.0,75.0,8.73,53.0,9.0,35.0,7.0,13.0,25.0,30.73,34.67,0.47,0.49,0.47
8482090,2025,Jack Finley,STL,C,5on5,44,22997.0,579.0,2.72,2.0,0.0,1.0,3.0,24.0,3.18,75.0,1.0,11.0,13.0,5.0,9.0,13.18,14.12,0.48,0.48,0.46
8478062,2025,Dysin Mayo,CBJ,D,5on5,3,1508.0,37.0,2.13,0.0,0.0,1.0,1.0,5.0,0.09,0.0,0.0,0.0,0.0,0.0,1.0,1.42,0.95,0.6,0.71,0.71
8482671,2025,Owen Power,BUF,D,5on5,81,87577.0,1706.0,37.75,7.0,4.0,14.0,25.0,108.0,5.11,26.0,20.0,70.0,8.0,6.0,79.0,62.52,65.1,0.49,0.52,0.51
8482993,2025,Avery Hayes,PIT,R,5on5,16,10273.0,215.0,4.5,5.0,0.0,0.0,5.0,25.0,2.71,23.0,4.0,8.0,3.0,4.0,9.0,7.62,6.65,0.53,0.45,0.45
8482157,2025,Will Cuylle,NYR,L,5on5,82,65108.0,1475.0,39.2,10.0,12.0,2.0,24.0,110.0,12.82,287.0,7.0,46.0,27.0,16.0,56.0,38.41,42.55,0.47,0.49,0.47
8476468,2025,J.T. Miller,NYR,C,5on5,68,58505.0,1340.0,45.59,8.0,10.0,7.0,25.0,93.0,11.65,117.0,9.0,66.0,11.0,7.0,27.0,42.22,38.7,0.52,0.49,0.49
8482159,2025,Tyson Foerster,PHI,R,5on5,29,23481.0,517.0,16.17,10.0,1.0,1.0,12.0,43.0,3.99,25.0,9.0,15.0,5.0,2.0,21.0,14.52,12.93,0.53,0.46,0.49
8479705,2025,Jeffrey Viel,ANA,L,5on5,45,31215.0,709.0,15.12,3.0,4.0,2.0,9.0,58.0,7.62,120.0,8.0,28.0,24.0,17.0,20.0,27.08,24.72,0.52,0.54,0.55
8481043,2025,Cole Koepke,WPG,L,5on5,66,33690.0,791.0,16.23,7.0,5.0,4.0,16.0,72.0,7.74,176.0,11.0,25.0,2.0,4.0,12.0,20.49,26.22,0.44,0.47,0.47
8480839,2025,Rasmus Dahlin,BUF,D,5on5,77,87644.0,1771.0,74.57,10.0,19.0,16.0,45.0,131.0,8.36,54.0,20.0,97.0,30.0,22.0,64.0,67.76,58.19,0.54,0.52,0.52
8479390,2025,Taylor Raddysh,NYR,R,5on5,68,43211.0,966.0,14.88,8.0,6.0,3.0,17.0,45.0,6.0,48.0,11.0,22.0,6.0,3.0,33.0,24.06,28.98,0.45,0.47,0.46
8477488,2025,Brett Pesce,NJD,D,5on5,37,37950.0,750.0,12.72,1.0,4.0,2.0,7.0,45.0,2.27,10.0,12.0,20.0,3.0,4.0,54.0,26.96,27.96,0.49,0.52,0.52
8480831,2025,Alec Regula,EDM,D,5on5,29,23506.0,480.0,-0.5,0.0,1.0,2.0,3.0,18.0,0.67,14.0,7.0,26.0,10.0,2.0,39.0,17.1,16.13,0.51,0.47,0.49
8476875,2025,Mike Matheson,MTL,D,5on5,78,88264.0,1639.0,29.25,5.0,10.0,14.0,29.0,99.0,4.13,49.0,19.0,83.0,14.0,12.0,98.0,57.5,71.14,0.45,0.46,0.47
8476905,2025,Chandler Stephenson,SEA,C,5on5,80,67419.0,1494.0,20.08,8.0,10.0,7.0,25.0,54.0,4.38,17.0,22.0,54.0,6.0,11.0,41.0,32.22,57.05,0.36,0.4,0.4
8477987,2025,Ryan Donato,CHI,C,5on5,81,62731.0,1305.0,23.76,12.0,9.0,5.0,26.0,89.0,11.12,75.0,26.0,47.0,15.0,20.0,21.0,36.87,47.39,0.44,0.47,0.46
8479542,2025,Brandon Hagel,TBL,L,5on5,71,60536.0,1213.0,92.49,23.0,18.0,8.0,49.0,146.0,18.58,37.0,20.0,56.0,23.0,24.0,23.0,61.17,40.64,0.6,0.58,0.58
8480326,2025,Sheldon Dries,DET,C,5on5,5,1865.0,46.0,-0.73,0.0,0.0,0.0,0.0,2.0,0.19,7.0,3.0,1.0,0.0,1.0,3.0,0.52,1.69,0.24,0.28,0.31
8479421,2025,Jacob Moverare,LAK,D,5on5,15,7880.0,170.0,2.92,0.0,0.0,0.0,0.0,7.0,0.14,3.0,2.0,6.0,0.0,0.0,12.0,6.84,4.42,0.61,0.58,0.59
8476455,2025,Gabriel Landeskog,COL,L,5on5,60,48171.0,1039.0,46.29,11.0,4.0,9.0,24.0,108.0,13.01,80.0,13.0,39.0,20.0,12.0,32.0,42.86,33.1,0.56,0.56,0.55
8482703,2025,Colton Dach,EDM,C,5on5,61,38767.0,888.0,9.91,4.0,4.0,3.0,11.0,54.0,6.91,219.0,14.0,28.0,15.0,15.0,27.0,21.12,26.89,0.44,0.47,0.47
8478403,2025,Jack Eichel,VGK,C,5on5,74,67512.0,1311.0,93.35,21.0,16.0,10.0,47.0,173.0,14.91,31.0,18.0,96.0,7.0,16.0,31.0,55.04,39.41,0.58,0.54,0.55
8477346,2025,MacKenzie Weegar,UTA,D,5on5,79,84813.0,1978.0,36.85,4.0,10.0,7.0,21.0,121.0,4.09,148.0,27.0,111.0,20.0,5.0,152.0,57.61,63.79,0.47,0.52,0.52
8483499,2025,Liam Ohgren,VAN,L,5on5,69,50222.0,1066.0,7.55,8.0,6.0,3.0,17.0,84.0,6.76,69.0,13.0,40.0,1.0,7.0,37.0,23.48,41.15,0.36,0.42,0.4
8479387,2025,Keaton Middleton,COL,D,5on5,3,1881.0,36.0,0.1,0.0,0.0,1.0,1.0,0.0,0.0,6.0,0.0,1.0,2.0,1.0,1.0,0.74,1.96,0.27,0.45,0.31
8476907,2025,Mackenzie MacEachern,VAN,L,5on5,8,4846.0,122.0,2.5,1.0,3.0,0.0,4.0,6.0,0.61,10.0,1.0,3.0,1.0,1.0,6.0,2.13,3.78,0.36,0.43,0.41
8475324,2025,Nick Jensen,OTT,D,5on5,61,57526.0,1328.0,12.85,4.0,5.0,8.0,17.0,33.0,1.91,35.0,10.0,48.0,3.0,3.0,62.0,40.93,39.21,0.51,0.48,0.48
8477495,2025,Seth Jones,FLA,D,5on5,52,52657.0,1095.0,32.9,1.0,5.0,7.0,13.0,49.0,2.1,40.0,9.0,43.0,6.0,6.0,44.0,38.35,37.69,0.5,0.51,0.51
8482516,2025,Matthew Kessel,STL,D,5on5,29,20785.0,461.0,2.8,2.0,1.0,0.0,3.0,20.0,0.95,21.0,1.0,15.0,5.0,4.0,24.0,10.97,13.53,0.45,0.46,0.47
8482667,2025,William Eklund,SJS,L,5on5,78,67925.0,1311.0,51.13,11.0,12.0,8.0,31.0,128.0,13.66,70.0,14.0,58.0,13.0,21.0,48.0,47.4,49.57,0.49,0.5,0.49
8474641,2025,Adam Henrique,EDM,C,5on5,65,42166.0,923.0,16.32,2.0,7.0,0.0,9.0,75.0,7.55,33.0,13.0,33.0,6.0,3.0,66.0,24.51,25.03,0.49,0.48,0.5
8482062,2025,Cole Smith,VGK,R,5on5,63,41873.0,942.0,13.54,4.0,1.0,1.0,6.0,57.0,8.54,161.0,10.0,20.0,16.0,11.0,14.0,27.15,26.08,0.51,0.52,0.52
8480849,2025,Barrett Hayton,UTA,C,5on5,67,50301.0,1166.0,33.03,3.0,5.0,6.0,14.0,92.0,12.01,30.0,10.0,38.0,17.0,14.0,26.0,39.02,29.96,0.57,0.54,0.54
8470621,2025,Corey Perry,TBL,R,5on5,72,46777.0,969.0,36.1,9.0,7.0,5.0,21.0,76.0,8.09,30.0,5.0,37.0,21.0,19.0,18.0,29.62,29.88,0.5,0.5,0.49
8478498,2025,Jake DeBrusk,VAN,L,5on5,81,59681.0,1340.0,35.33,3.0,7.0,5.0,15.0,121.0,12.79,60.0,9.0,41.0,5.0,4.0,31.0,38.06,44.97,0.46,0.45,0.45
8480842,2025,Filip Hallander,PIT,C,5on5,13,9182.0,197.0,4.68,0.0,2.0,1.0,3.0,21.0,3.26,3.0,2.0,12.0,1.0,3.0,5.0,8.31,8.16,0.5,0.48,0.46
8477839,2025,Conor Sheary,NYR,L,5on5,62,46840.0,1038.0,20.24,6.0,4.0,5.0,15.0,68.0,8.43,22.0,17.0,41.0,7.0,11.0,30.0,32.1,30.67,0.51,0.5,0.49
8480058,2025,Pierre-Olivier Joseph,VAN,D,5on5,31,23495.0,564.0,3.55,1.0,2.0,3.0,6.0,22.0,1.05,18.0,9.0,23.0,4.0,1.0,27.0,16.29,16.34,0.5,0.49,0.5
8484221,2025,Calum Ritchie,NYI,C,5on5,65,41814.0,920.0,19.28,8.0,6.0,2.0,16.0,55.0,7.22,17.0,9.0,47.0,9.0,7.0,33.0,26.54,33.25,0.44,0.45,0.45
8481068,2025,Yegor Sharangovich,CGY,C,5on5,78,60017.0,1264.0,29.77,9.0,6.0,4.0,19.0,105.0,10.3,19.0,15.0,50.0,4.0,8.0,27.0,39.39,47.35,0.45,0.49,0.49
8483487,2025,Rutger McGroarty,PIT,R,5on5,24,16311.0,356.0,10.92,3.0,1.0,2.0,6.0,36.0,4.15,26.0,4.0,14.0,2.0,7.0,8.0,11.57,10.01,0.54,0.57,0.57
8482673,2025,Xavier Bourgault,OTT,R,5on5,2,715.0,18.0,0.38,0.0,0.0,0.0,0.0,3.0,0.41,3.0,0.0,1.0,0.0,0.0,0.0,1.08,0.52,0.68,0.63,0.6
8476454,2025,Ryan Nugent-Hopkins,EDM,C,5on5,72,57941.0,1183.0,46.03,8.0,10.0,4.0,22.0,84.0,9.51,22.0,12.0,33.0,8.0,5.0,23.0,47.37,42.21,0.53,0.49,0.49
8480797,2025,Joel Farabee,CGY,L,5on5,82,65084.0,1417.0,39.8,14.0,8.0,6.0,28.0,114.0,12.63,48.0,20.0,61.0,9.0,13.0,39.0,46.21,45.8,0.5,0.5,0.5
8479336,2025,Carl Grundstrom,PHI,R,5on5,47,30871.0,688.0,11.59,8.0,0.0,3.0,11.0,51.0,6.29,139.0,7.0,20.0,8.0,7.0,20.0,17.05,18.85,0.47,0.46,0.46
8476456,2025,Jonathan Huberdeau,CGY,L,5on5,50,40047.0,915.0,27.7,6.0,8.0,2.0,16.0,57.0,7.5,26.0,6.0,46.0,13.0,13.0,23.0,28.94,27.61,0.51,0.53,0.52
8481596,2025,Shane Pinto,OTT,C,5on5,72,58932.0,1389.0,46.95,12.0,10.0,7.0,29.0,107.0,14.44,84.0,17.0,42.0,16.0,14.0,38.0,43.85,33.22,0.57,0.5,0.52
8481006,2025,Tyler Tucker,STL,D,5on5,69,54489.0,1191.0,18.15,3.0,6.0,8.0,17.0,67.0,3.44,98.0,13.0,57.0,23.0,21.0,44.0,37.43,35.8,0.51,0.51,0.5
8470613,2025,Brent Burns,COL,D,5on5,82,76599.0,1639.0,59.7,12.0,13.0,9.0,34.0,158.0,6.12,19.0,14.0,83.0,14.0,7.0,68.0,67.06,51.48,0.57,0.56,0.55
8476399,2025,Blake Coleman,CGY,L,5on5,69,54878.0,1233.0,43.31,16.0,8.0,4.0,28.0,140.0,13.58,144.0,18.0,54.0,19.0,15.0,34.0,38.64,36.61,0.51,0.52,0.52
8481599,2025,Victor Soderstrom,BOS,D,5on5,8,6508.0,132.0,0.75,0.0,0.0,1.0,1.0,8.0,0.2,1.0,2.0,11.0,0.0,0.0,10.0,3.85,5.01,0.43,0.43,0.44
8476393,2025,Nick Cousins,OTT,C,5on5,81,54959.0,1390.0,27.26,9.0,6.0,8.0,23.0,79.0,9.79,169.0,17.0,47.0,28.0,22.0,41.0,38.5,30.39,0.56,0.52,0.53
8484153,2025,Leo Carlsson,ANA,C,5on5,70,58715.0,1249.0,75.32,18.0,9.0,6.0,33.0,127.0,14.09,13.0,25.0,59.0,6.0,20.0,25.0,49.84,40.8,0.55,0.56,0.56
8476856,2025,Mathew Dumba,PIT,D,5on5,11,9705.0,192.0,1.03,1.0,1.0,1.0,3.0,7.0,0.34,16.0,6.0,8.0,4.0,2.0,10.0,5.54,6.64,0.45,0.46,0.48
8484136,2025,Max Sasson,VAN,C,5on5,66,43373.0,1018.0,15.49,12.0,3.0,1.0,16.0,57.0,6.18,29.0,11.0,37.0,13.0,7.0,33.0,25.68,33.95,0.43,0.49,0.48
8477476,2025,Artturi Lehkonen,COL,L,5on5,70,60825.0,1240.0,63.51,18.0,15.0,7.0,40.0,121.0,18.72,40.0,12.0,44.0,8.0,9.0,28.0,57.53,42.9,0.57,0.55,0.54
8484168,2025,Oscar Fisker Molgaard,SEA,C,5on5,13,7149.0,172.0,2.77,0.0,1.0,1.0,2.0,6.0,0.76,9.0,1.0,8.0,1.0,1.0,8.0,4.41,3.32,0.57,0.52,0.53
8478854,2025,Ryan Shea,PIT,D,5on5,80,76570.0,1411.0,35.4,6.0,19.0,8.0,33.0,69.0,3.59,32.0,20.0,47.0,6.0,8.0,75.0,60.73,56.26,0.52,0.49,0.5
8478502,2025,Dennis Gilbert,OTT,D,5on5,8,5962.0,144.0,1.0,0.0,0.0,1.0,1.0,2.0,0.07,10.0,0.0,6.0,1.0,0.0,12.0,5.17,3.26,0.61,0.49,0.55
8478507,2025,John Marino,UTA,D,5on5,80,85876.0,1899.0,46.22,2.0,12.0,15.0,29.0,50.0,2.97,26.0,21.0,83.0,7.0,8.0,62.0,62.84,53.53,0.54,0.54,0.53
8483675,2025,Kenny Connors,LAK,C,5on5,2,992.0,24.0,0.29,0.0,0.0,0.0,0.0,5.0,0.4,3.0,0.0,1.0,0.0,0.0,1.0,1.38,0.83,0.62,0.48,0.55
8477573,2025,Nathan Walker,STL,L,5on5,46,29686.0,680.0,5.57,4.0,4.0,3.0,11.0,38.0,5.14,179.0,2.0,25.0,11.0,7.0,30.0,16.73,19.37,0.46,0.45,0.47
8483676,2025,Stephen Halliday,OTT,C,5on5,30,11772.0,325.0,13.4,4.0,2.0,2.0,8.0,28.0,2.45,30.0,2.0,11.0,1.0,2.0,8.0,8.04,6.55,0.55,0.57,0.55
8482166,2025,Shakir Mukhamadullin,SJS,D,5on5,50,46355.0,910.0,6.17,5.0,3.0,4.0,12.0,49.0,1.76,35.0,6.0,60.0,11.0,4.0,53.0,27.0,31.97,0.46,0.45,0.45
8480028,2025,Morgan Frost,CGY,C,5on5,82,60429.0,1399.0,41.29,12.0,8.0,5.0,25.0,100.0,9.58,53.0,17.0,43.0,9.0,13.0,37.0,39.95,42.27,0.49,0.49,0.49
8480806,2025,Isac Lundestrm,CBJ,C,5on5,68,43394.0,997.0,7.69,4.0,2.0,5.0,11.0,43.0,3.86,34.0,6.0,37.0,1.0,5.0,30.0,21.74,26.93,0.45,0.45,0.45
8475753,2025,Justin Faulk,DET,D,5on5,78,83715.0,1733.0,33.55,13.0,7.0,5.0,25.0,108.0,5.07,66.0,22.0,58.0,16.0,5.0,116.0,49.12,58.89,0.45,0.47,0.47
8475752,2025,Tyler Pitlick,MIN,C,5on5,32,14809.0,321.0,-1.38,2.0,0.0,0.0,2.0,26.0,2.49,78.0,5.0,8.0,2.0,2.0,19.0,8.8,10.15,0.46,0.4,0.41
8477498,2025,Darnell Nurse,EDM,D,5on5,82,92697.0,1789.0,27.95,7.0,8.0,6.0,21.0,151.0,5.85,129.0,18.0,83.0,25.0,15.0,124.0,64.5,63.25,0.5,0.48,0.49
8476438,2025,Brandon Saad,VGK,L,5on5,49,36121.0,785.0,13.77,3.0,4.0,2.0,9.0,73.0,9.14,11.0,10.0,29.0,6.0,4.0,16.0,27.21,22.52,0.55,0.52,0.53
8482766,2025,William Stromgren,CGY,L,5on5,3,1304.0,32.0,-0.3,0.0,0.0,0.0,0.0,2.0,0.3,0.0,0.0,0.0,0.0,2.0,0.0,0.53,1.29,0.29,0.35,0.4
8481564,2025,Ryan Johnson,BUF,D,5on5,3,1567.0,32.0,-0.5,0.0,0.0,0.0,0.0,0.0,0.03,2.0,2.0,2.0,1.0,0.0,3.0,1.61,1.21,0.57,0.41,0.44
8482762,2025,Simon Edvinsson,DET,D,5on5,72,84758.0,1663.0,32.8,5.0,7.0,6.0,18.0,77.0,4.46,92.0,23.0,78.0,25.0,13.0,116.0,59.93,56.86,0.51,0.52,0.53
8484142,2025,Denver Barkey,PHI,C,5on5,43,30050.0,663.0,15.53,4.0,8.0,1.0,13.0,33.0,3.93,42.0,8.0,26.0,6.0,8.0,18.0,19.98,16.78,0.54,0.49,0.53
8480980,2025,Connor Dewar,PIT,C,5on5,78,51501.0,1145.0,35.54,9.0,7.0,6.0,22.0,90.0,9.88,127.0,7.0,27.0,8.0,15.0,26.0,35.72,34.44,0.51,0.51,0.51
8477931,2025,Tomas Nosek,FLA,L,5on5,21,14768.0,315.0,1.38,1.0,0.0,2.0,3.0,7.0,1.41,46.0,2.0,13.0,1.0,1.0,9.0,7.3,12.89,0.36,0.48,0.45
8484149,2025,Gavin Brindley,COL,C,5on5,56,28362.0,626.0,19.12,5.0,3.0,4.0,12.0,51.0,5.97,37.0,5.0,14.0,3.0,9.0,14.0,19.51,20.83,0.48,0.54,0.53
8483573,2025,Ethen Frank,WSH,R,5on5,62,39583.0,916.0,23.23,8.0,6.0,3.0,17.0,74.0,9.24,49.0,8.0,25.0,6.0,10.0,44.0,29.88,28.77,0.51,0.47,0.48
8474567,2025,Zach Bogosian,MIN,D,5on5,41,33358.0,665.0,4.59,2.0,3.0,1.0,6.0,30.0,1.11,47.0,10.0,32.0,9.0,4.0,34.0,21.88,24.63,0.47,0.46,0.46
8479351,2025,Sam Steel,DAL,C,5on5,73,57692.0,1186.0,25.18,9.0,8.0,10.0,27.0,69.0,9.1,77.0,15.0,39.0,11.0,15.0,23.0,38.13,37.87,0.5,0.46,0.47
8478020,2025,Michael Amadio,OTT,R,5on5,81,69501.0,1634.0,36.95,14.0,8.0,7.0,29.0,89.0,11.98,102.0,29.0,56.0,7.0,17.0,47.0,48.67,39.08,0.55,0.51,0.53
8479359,2025,Beck Malenstyn,BUF,L,5on5,81,45294.0,1094.0,14.1,6.0,4.0,1.0,11.0,67.0,7.83,270.0,8.0,32.0,10.0,18.0,49.0,25.24,29.09,0.46,0.46,0.47
8474600,2025,Roman Josi,NSH,D,5on5,68,78250.0,1510.0,54.53,7.0,10.0,8.0,25.0,119.0,6.49,22.0,18.0,63.0,12.0,16.0,78.0,54.85,57.02,0.49,0.5,0.49
8483669,2025,Adam Sykora,NYR,L,5on5,11,7238.0,161.0,3.93,3.0,0.0,1.0,4.0,15.0,1.83,20.0,2.0,3.0,1.0,3.0,10.0,3.72,5.22,0.42,0.46,0.46
8481547,2025,Simon Lundmark,TBL,D,5on5,1,1005.0,24.0,0.23,0.0,0.0,0.0,0.0,1.0,0.01,2.0,0.0,0.0,0.0,1.0,2.0,0.38,0.53,0.42,0.41,0.45
8482525,2025,Ryan Tverberg,TOR,C,5on5,2,1184.0,27.0,-0.02,0.0,0.0,0.0,0.0,1.0,0.08,3.0,0.0,1.0,1.0,1.0,1.0,0.47,0.67,0.41,0.4,0.43
8480039,2025,Martin Necas,COL,C,5on5,78,77827.0,1517.0,111.17,25.0,21.0,15.0,61.0,134.0,14.85,79.0,17.0,93.0,13.0,27.0,23.0,70.38,55.85,0.56,0.56,0.54
8479983,2025,Mario Ferraro,SJS,D,5on5,82,84195.0,1574.0,16.55,6.0,9.0,5.0,20.0,88.0,3.56,122.0,30.0,78.0,16.0,10.0,105.0,49.86,59.51,0.46,0.45,0.46
8479980,2025,Nicolas Hague,NSH,D,5on5,62,63190.0,1258.0,13.65,3.0,4.0,6.0,13.0,52.0,2.48,74.0,15.0,42.0,17.0,6.0,50.0,45.46,46.43,0.49,0.5,0.48
8478458,2025,Jack Roslovic,EDM,C,5on5,69,58992.0,1193.0,42.99,15.0,6.0,7.0,28.0,125.0,13.38,44.0,13.0,59.0,6.0,14.0,27.0,43.34,42.93,0.5,0.53,0.52
8482758,2025,Ville Koivunen,PIT,R,5on5,39,27087.0,565.0,12.52,1.0,1.0,1.0,3.0,33.0,4.38,5.0,11.0,18.0,5.0,4.0,14.0,20.46,16.04,0.56,0.57,0.56
8476429,2025,Scott Mayfield,NYI,D,5on5,80,69890.0,1540.0,5.98,2.0,4.0,9.0,15.0,67.0,2.75,72.0,16.0,64.0,24.0,18.0,69.0,43.2,50.11,0.46,0.45,0.47
8482118,2025,Sam Colangelo,ANA,R,5on5,9,5126.0,129.0,-0.52,1.0,0.0,0.0,1.0,7.0,0.54,11.0,1.0,8.0,2.0,0.0,1.0,2.29,4.1,0.36,0.43,0.38
8482408,2025,Jeff Malott,LAK,L,5on5,58,30326.0,694.0,12.99,3.0,5.0,1.0,9.0,53.0,8.93,166.0,8.0,18.0,13.0,11.0,27.0,23.86,18.58,0.56,0.53,0.54
8475181,2025,Nick Leddy,SJS,D,5on5,32,31223.0,574.0,1.1,0.0,2.0,3.0,5.0,13.0,0.71,6.0,4.0,20.0,3.0,0.0,36.0,17.7,23.46,0.43,0.45,0.44
8483503,2025,Owen Pickering,PIT,D,5on5,4,2893.0,69.0,-0.72,0.0,0.0,0.0,0.0,1.0,0.02,1.0,1.0,4.0,1.0,0.0,2.0,1.83,2.54,0.42,0.47,0.46
8483463,2025,Aleksanteri Kaskimaki,STL,C,5on5,5,2957.0,71.0,-0.7,0.0,0.0,0.0,0.0,5.0,0.16,2.0,0.0,2.0,0.0,1.0,3.0,1.06,2.88,0.27,0.44,0.46
8474574,2025,Tyler Myers,DAL,D,5on5,73,71696.0,1463.0,6.95,1.0,3.0,5.0,9.0,83.0,4.12,60.0,18.0,76.0,25.0,15.0,96.0,46.51,55.57,0.46,0.47,0.47
8474679,2025,Gustav Nyquist,WPG,R,5on5,51,30449.0,685.0,9.48,1.0,2.0,4.0,7.0,46.0,4.49,27.0,10.0,22.0,5.0,4.0,18.0,19.2,22.82,0.46,0.47,0.47
8478057,2025,Dakota Joshua,TOR,C,5on5,55,37181.0,864.0,11.47,10.0,5.0,2.0,17.0,46.0,6.73,192.0,6.0,17.0,14.0,16.0,27.0,22.69,26.15,0.46,0.44,0.44
8477456,2025,J.T. Compher,DET,L,5on5,82,63266.0,1390.0,21.1,11.0,11.0,4.0,26.0,77.0,10.33,19.0,10.0,40.0,12.0,20.0,41.0,41.2,47.28,0.47,0.46,0.47
8483712,2025,Ludvig Jansson,FLA,D,5on5,4,3705.0,78.0,0.23,0.0,0.0,0.0,0.0,3.0,0.09,0.0,1.0,4.0,0.0,0.0,4.0,2.55,3.15,0.45,0.42,0.43
8482745,2025,Mason McTavish,ANA,C,5on5,75,56850.0,1196.0,44.33,8.0,11.0,6.0,25.0,106.0,14.7,88.0,14.0,46.0,17.0,16.0,30.0,49.33,46.56,0.51,0.53,0.52
8479675,2025,Trevor Moore,LAK,L,5on5,69,57195.0,1199.0,43.82,10.0,9.0,8.0,27.0,127.0,11.57,52.0,19.0,50.0,3.0,5.0,32.0,41.25,35.32,0.54,0.55,0.54
8480281,2025,Alexey Toropchenko,STL,R,5on5,65,39585.0,958.0,3.72,3.0,4.0,1.0,8.0,62.0,6.63,129.0,5.0,29.0,6.0,6.0,48.0,18.45,26.19,0.41,0.41,0.42
8476822,2025,Luke Glendening,PHI,C,5on5,70,36567.0,942.0,1.17,2.0,5.0,1.0,8.0,49.0,5.89,94.0,6.0,11.0,4.0,3.0,38.0,18.12,28.0,0.39,0.41,0.42
8480807,2025,Mattias Samuelsson,BUF,D,5on5,78,88625.0,1736.0,39.37,10.0,8.0,13.0,31.0,98.0,5.34,93.0,15.0,69.0,13.0,9.0,109.0,62.57,62.01,0.5,0.48,0.48
8482109,2025,Alexis Lafrenire,NYR,L,5on5,82,71378.0,1563.0,60.3,14.0,10.0,11.0,35.0,124.0,15.51,83.0,21.0,44.0,8.0,15.0,42.0,48.05,43.39,0.53,0.52,0.52
8480871,2025,Adam Boqvist,NYI,D,5on5,28,20517.0,464.0,-2.33,0.0,0.0,3.0,3.0,14.0,0.58,11.0,5.0,9.0,4.0,0.0,23.0,13.85,17.56,0.44,0.42,0.42
8480049,2025,Dylan Samberg,WPG,D,5on5,66,72995.0,1496.0,21.4,0.0,2.0,7.0,9.0,75.0,2.86,45.0,22.0,58.0,6.0,5.0,83.0,47.29,46.61,0.5,0.51,0.52
8482103,2025,Ozzy Wiesblatt,NSH,C,5on5,40,22652.0,489.0,3.15,1.0,3.0,1.0,5.0,24.0,2.8,98.0,7.0,15.0,16.0,12.0,17.0,14.22,16.47,0.46,0.48,0.45
8482187,2025,Ronan Seeley,CAR,D,5on5,1,827.0,17.0,0.25,0.0,0.0,0.0,0.0,0.0,0.0,0.0,0.0,1.0,0.0,0.0,2.0,0.46,0.55,0.46,0.5,0.56
8483690,2025,Noah Laba,NYR,C,5on5,74,51510.0,1155.0,17.58,5.0,7.0,6.0,18.0,58.0,8.17,106.0,9.0,36.0,13.0,11.0,34.0,29.9,35.72,0.46,0.46,0.46
8483752,2025,Dominic James,TBL,C,5on5,43,28784.0,589.0,20.17,7.0,7.0,1.0,15.0,53.0,5.14,58.0,13.0,39.0,3.0,11.0,12.0,19.75,17.32,0.53,0.54,0.51
8483395,2025,Arshdeep Bains,VAN,L,5on5,28,14558.0,343.0,2.85,1.0,2.0,1.0,4.0,17.0,2.55,22.0,6.0,11.0,6.0,0.0,3.0,10.39,10.21,0.5,0.48,0.49
8477504,2025,Josh Morrissey,WPG,D,5on5,77,91680.0,1830.0,54.1,11.0,15.0,8.0,34.0,105.0,4.71,29.0,16.0,78.0,11.0,10.0,98.0,62.83,60.42,0.51,0.5,0.5
8481024,2025,Linus Karlsson,VAN,C,5on5,79,51179.0,1199.0,31.69,13.0,8.0,8.0,29.0,92.0,13.52,83.0,14.0,46.0,7.0,21.0,20.0,36.8,37.34,0.5,0.5,0.5
8479293,2025,Brandon Tanev,UTA,L,5on5,56,30532.0,798.0,2.82,0.0,2.0,1.0,3.0,42.0,4.97,153.0,7.0,35.0,14.0,17.0,32.0,17.38,22.2,0.44,0.48,0.48
8481554,2025,Kaapo Kakko,SEA,R,5on5,65,49167.0,1139.0,30.77,10.0,13.0,8.0,31.0,70.0,7.42,29.0,18.0,41.0,7.0,7.0,12.0,32.08,34.45,0.48,0.47,0.47
8477425,2025,Miles Wood,CBJ,L,5on5,54,35221.0,784.0,9.4,7.0,2.0,3.0,12.0,68.0,8.55,62.0,4.0,34.0,12.0,13.0,18.0,23.32,26.74,0.47,0.46,0.44
8475149,2025,Marcus Johansson,MIN,L,5on5,75,58715.0,1128.0,46.53,10.0,15.0,8.0,33.0,86.0,7.86,32.0,18.0,44.0,5.0,9.0,17.0,43.11,37.18,0.54,0.5,0.51
8475253,2025,Garrett Wilson,PHI,L,5on5,3,1562.0,39.0,-0.32,0.0,0.0,0.0,0.0,3.0,0.21,6.0,1.0,1.0,1.0,1.0,0.0,0.82,1.05,0.44,0.34,0.37
8483609,2025,Adam Klapka,CGY,R,5on5,79,47508.0,1099.0,14.12,5.0,7.0,4.0,16.0,78.0,7.75,287.0,13.0,34.0,31.0,17.0,50.0,29.08,34.46,0.46,0.48,0.47
8483444,2025,Nathan Gaucher,ANA,C,5on5,3,1393.0,35.0,-0.01,0.0,0.0,0.0,0.0,2.0,0.06,6.0,1.0,1.0,0.0,1.0,1.0,0.73,1.66,0.3,0.46,0.53
8483448,2025,Isaiah George,NYI,D,5on5,4,3069.0,70.0,-0.25,0.0,1.0,0.0,1.0,2.0,0.05,1.0,2.0,2.0,0.0,0.0,3.0,1.03,2.19,0.32,0.33,0.37
8480426,2025,Charle-Edouard D'Astous,TBL,D,5on5,70,69542.0,1400.0,32.85,6.0,8.0,13.0,27.0,70.0,4.15,86.0,17.0,60.0,35.0,17.0,69.0,52.26,42.24,0.55,0.53,0.52
8484210,2025,Gabe Perreault,NYR,R,5on5,49,42263.0,898.0,22.88,8.0,7.0,4.0,19.0,61.0,9.33,25.0,8.0,35.0,5.0,3.0,21.0,27.77,29.84,0.48,0.48,0.46
8483687,2025,Marek Alscher,FLA,D,5on5,4,4430.0,93.0,3.8,0.0,2.0,1.0,3.0,6.0,0.3,3.0,1.0,3.0,0.0,1.0,4.0,2.93,2.7,0.52,0.53,0.53
8479977,2025,Kailer Yamamoto,UTA,R,5on5,59,39665.0,915.0,27.06,13.0,7.0,3.0,23.0,58.0,8.04,47.0,17.0,24.0,6.0,10.0,20.0,27.48,22.39,0.55,0.53,0.53
8475167,2025,Victor Hedman,TBL,D,5on5,33,27466.0,582.0,18.6,1.0,5.0,4.0,10.0,29.0,1.19,18.0,5.0,30.0,4.0,4.0,33.0,19.28,20.54,0.48,0.51,0.49
8485512,2025,Tim Washe,ANA,C,5on5,39,23314.0,576.0,5.95,2.0,2.0,1.0,5.0,30.0,4.69,84.0,9.0,11.0,7.0,6.0,18.0,14.46,16.59,0.47,0.49,0.5
8475784,2025,Jeff Skinner,SJS,L,5on5,32,20065.0,442.0,9.7,4.0,2.0,3.0,9.0,44.0,4.24,17.0,5.0,24.0,7.0,14.0,11.0,12.73,15.77,0.45,0.44,0.42
8479407,2025,Jesper Bratt,NJD,L,5on5,82,69712.0,1510.0,75.3,12.0,16.0,7.0,35.0,134.0,13.36,67.0,20.0,77.0,5.0,12.0,20.0,58.75,47.45,0.55,0.56,0.55
8482964,2025,Arber Xhekaj,MTL,D,5on5,65,42974.0,872.0,1.4,1.0,2.0,1.0,4.0,39.0,1.58,175.0,2.0,34.0,31.0,17.0,41.0,22.97,30.42,0.43,0.47,0.48
8480185,2025,Eetu Luostarinen,FLA,C,5on5,73,57568.0,1269.0,39.11,9.0,10.0,8.0,27.0,80.0,9.15,111.0,14.0,40.0,13.0,20.0,40.0,39.97,37.37,0.52,0.53,0.52
8481523,2025,Kirby Dach,MTL,C,5on5,37,26672.0,546.0,13.42,8.0,1.0,4.0,13.0,45.0,4.56,53.0,9.0,16.0,14.0,16.0,29.0,16.0,19.21,0.45,0.47,0.48
8481522,2025,Peyton Krebs,BUF,C,5on5,82,64402.0,1444.0,34.31,7.0,15.0,8.0,30.0,85.0,8.76,198.0,20.0,57.0,21.0,24.0,40.0,43.16,44.76,0.49,0.49,0.49
8479718,2025,Alex Barr-Boulet,COL,C,5on5,2,834.0,22.0,1.22,0.0,0.0,1.0,1.0,0.0,0.08,3.0,0.0,0.0,0.0,0.0,0.0,0.46,0.15,0.76,0.76,0.75
8483398,2025,Declan Carlile,TBL,D,5on5,42,33890.0,723.0,6.22,1.0,0.0,1.0,2.0,30.0,1.53,50.0,5.0,22.0,12.0,12.0,34.0,20.04,20.56,0.49,0.49,0.47
8482874,2025,Jacob Melanson,SEA,R,5on5,36,20200.0,479.0,4.73,2.0,1.0,2.0,5.0,33.0,4.92,187.0,4.0,15.0,7.0,9.0,13.0,13.39,12.48,0.52,0.49,0.5
8482715,2025,Ryan Ufko,NSH,D,5on5,18,13109.0,272.0,5.08,2.0,1.0,5.0,8.0,8.0,0.44,10.0,1.0,10.0,3.0,0.0,12.0,6.54,11.06,0.37,0.44,0.42
8481641,2025,Joel Kiviranta,COL,L,5on5,51,27858.0,692.0,19.08,3.0,2.0,4.0,9.0,48.0,5.52,61.0,6.0,16.0,4.0,3.0,13.0,20.82,13.91,0.6,0.59,0.58
8485493,2025,David Tomasek,EDM,R,5on5,22,11756.0,263.0,3.86,3.0,0.0,0.0,3.0,21.0,2.03,17.0,3.0,11.0,5.0,2.0,6.0,6.78,8.15,0.45,0.47,0.48
8481721,2025,Arseny Gritsyuk,NJD,R,5on5,66,53881.0,1114.0,47.52,11.0,11.0,4.0,26.0,131.0,8.56,57.0,23.0,42.0,12.0,9.0,17.0,39.35,34.47,0.53,0.58,0.58
8483630,2025,Pavol Regenda,SJS,L,5on5,24,16549.0,359.0,10.35,5.0,1.0,0.0,6.0,31.0,5.04,57.0,3.0,12.0,5.0,5.0,6.0,12.62,12.83,0.5,0.5,0.48
8482475,2025,Egor Chinakhov,PIT,R,5on5,72,51303.0,1105.0,41.67,19.0,8.0,7.0,34.0,120.0,11.75,45.0,8.0,34.0,4.0,12.0,28.0,37.16,37.06,0.5,0.49,0.49
8481726,2025,Adam Edstrom,NYR,C,5on5,35,19619.0,476.0,5.1,3.0,2.0,0.0,5.0,31.0,4.25,65.0,5.0,17.0,1.0,2.0,22.0,12.56,14.8,0.46,0.47,0.46
8484783,2025,Artyom Levshunov,CHI,D,5on5,67,62755.0,1237.0,8.58,1.0,5.0,5.0,11.0,60.0,2.94,83.0,14.0,77.0,17.0,6.0,60.0,39.8,56.59,0.41,0.45,0.43
8473512,2025,Claude Giroux,OTT,R,5on5,82,59207.0,1519.0,56.64,9.0,9.0,10.0,28.0,101.0,10.06,64.0,20.0,38.0,10.0,12.0,20.0,45.35,33.32,0.58,0.54,0.56
8483431,2025,Logan Cooley,UTA,C,5on5,54,44535.0,942.0,41.7,14.0,8.0,6.0,28.0,71.0,9.89,52.0,22.0,51.0,12.0,14.0,27.0,36.89,33.29,0.53,0.51,0.51
8475220,2025,Marcus Foligno,MIN,L,5on5,56,37381.0,736.0,12.4,5.0,2.0,3.0,10.0,57.0,7.07,178.0,11.0,29.0,18.0,11.0,35.0,27.15,23.66,0.53,0.49,0.51
8483733,2025,Nikita Grebenkin,PHI,R,5on5,55,36054.0,801.0,10.47,3.0,6.0,4.0,13.0,30.0,2.76,86.0,13.0,35.0,10.0,15.0,16.0,19.88,23.98,0.45,0.48,0.47
8481624,2025,Ilya Mikheyev,CHI,R,5on5,76,65975.0,1320.0,25.58,15.0,9.0,5.0,29.0,99.0,12.1,26.0,10.0,50.0,6.0,11.0,13.0,38.44,54.04,0.42,0.45,0.44
8481806,2025,Louis Crevier,CHI,D,5on5,77,68684.0,1517.0,17.63,6.0,9.0,7.0,22.0,106.0,4.43,104.0,12.0,59.0,25.0,6.0,77.0,41.34,58.81,0.41,0.46,0.46
8482742,2025,Zachary L'Heureux,NSH,L,5on5,25,16581.0,360.0,5.74,4.0,0.0,0.0,4.0,25.0,3.92,63.0,5.0,15.0,4.0,5.0,12.0,11.04,10.46,0.51,0.47,0.47
8481161,2025,Jake Christiansen,CBJ,D,5on5,40,23594.0,495.0,3.75,0.0,2.0,1.0,3.0,26.0,0.88,30.0,2.0,13.0,3.0,1.0,20.0,16.69,17.22,0.49,0.5,0.5
8480145,2025,Neal Pionk,WPG,D,5on5,51,54546.0,1131.0,16.53,2.0,3.0,5.0,10.0,67.0,1.75,97.0,11.0,49.0,11.0,6.0,58.0,34.02,40.72,0.46,0.49,0.49
8476981,2025,Josh Anderson,MTL,R,5on5,72,48753.0,1032.0,19.85,10.0,3.0,4.0,17.0,69.0,9.82,122.0,5.0,38.0,29.0,25.0,32.0,29.31,37.85,0.44,0.48,0.47
8477998,2025,Warren Foegele,OTT,L,5on5,68,48667.0,1072.0,18.15,11.0,1.0,3.0,15.0,92.0,11.5,74.0,13.0,62.0,7.0,7.0,18.0,31.4,30.53,0.51,0.48,0.48
8476463,2025,Jonas Brodin,MIN,D,5on5,62,65947.0,1273.0,25.6,4.0,9.0,4.0,17.0,73.0,2.57,8.0,12.0,40.0,8.0,11.0,105.0,46.81,38.67,0.55,0.49,0.51
8481535,2025,Nils Hoglander,VAN,L,5on5,38,25305.0,562.0,5.83,2.0,2.0,1.0,5.0,34.0,3.28,52.0,5.0,25.0,4.0,6.0,8.0,15.56,18.01,0.46,0.5,0.47
8482155,2025,Alex Laferriere,LAK,R,5on5,82,70982.0,1425.0,58.05,16.0,8.0,10.0,34.0,161.0,17.18,233.0,17.0,76.0,7.0,13.0,35.0,47.65,44.31,0.52,0.54,0.52
8482092,2025,Ridly Greig,OTT,C,5on5,77,60518.0,1514.0,42.04,10.0,10.0,8.0,28.0,107.0,13.84,88.0,11.0,44.0,23.0,25.0,39.0,44.68,38.0,0.54,0.52,0.53
8476469,2025,Joel Armia,LAK,R,5on5,67,47038.0,1019.0,23.77,7.0,9.0,2.0,18.0,69.0,6.15,66.0,23.0,42.0,12.0,6.0,36.0,27.51,28.85,0.49,0.49,0.5
8480078,2025,Filip Chytil,VAN,C,5on5,12,9261.0,192.0,2.53,3.0,0.0,0.0,3.0,20.0,2.64,3.0,4.0,11.0,3.0,0.0,3.0,6.68,6.78,0.5,0.48,0.47
8477938,2025,Haydn Fleury,WPG,D,5on5,38,26748.0,570.0,-3.27,2.0,0.0,1.0,3.0,21.0,1.12,49.0,8.0,25.0,6.0,0.0,42.0,13.49,22.2,0.38,0.42,0.41
8480830,2025,Andrei Svechnikov,CAR,R,5on5,79,62879.0,1365.0,85.66,15.0,13.0,5.0,33.0,141.0,16.36,145.0,21.0,78.0,32.0,17.0,16.0,56.89,45.81,0.55,0.61,0.6
8477964,2025,Ivan Barbashev,VGK,L,5on5,82,73619.0,1457.0,62.55,20.0,20.0,14.0,54.0,116.0,14.58,136.0,14.0,84.0,7.0,18.0,36.0,58.42,45.76,0.56,0.52,0.54
8480835,2025,Jack Drury,COL,C,5on5,82,59038.0,1322.0,47.69,8.0,9.0,6.0,23.0,85.0,10.32,46.0,17.0,37.0,12.0,10.0,38.0,42.05,30.94,0.58,0.58,0.58
8484768,2025,Zayne Parekh,CGY,D,5on5,37,31352.0,699.0,10.63,1.0,2.0,0.0,3.0,28.0,1.89,13.0,7.0,59.0,4.0,8.0,25.0,19.46,22.68,0.46,0.49,0.48
8476871,2025,Tanner Pearson,BUF,L,5on5,56,31786.0,776.0,11.04,6.0,5.0,3.0,14.0,46.0,5.13,70.0,3.0,27.0,11.0,5.0,22.0,20.33,23.39,0.46,0.46,0.47
8477416,2025,Oliver Bjorkstrand,TBL,R,5on5,80,49330.0,1058.0,34.43,3.0,11.0,4.0,18.0,80.0,8.38,81.0,11.0,35.0,4.0,11.0,35.0,30.26,30.86,0.5,0.5,0.49
8477986,2025,Brandon Montour,SEA,D,5on5,64,74104.0,1286.0,31.1,6.0,6.0,6.0,18.0,127.0,5.59,66.0,31.0,86.0,15.0,12.0,64.0,46.16,48.66,0.49,0.48,0.48
8475718,2025,Justin Holl,STL,D,5on5,9,8096.0,162.0,3.13,1.0,0.0,0.0,1.0,7.0,0.32,5.0,4.0,3.0,3.0,2.0,5.0,6.12,4.4,0.58,0.53,0.49
8480762,2025,Eric Robinson,CAR,L,5on5,67,41127.0,901.0,31.09,12.0,4.0,1.0,17.0,78.0,10.08,88.0,9.0,27.0,4.0,6.0,12.0,34.42,25.67,0.57,0.58,0.57
8477021,2025,Alexander Kerfoot,UTA,C,5on5,34,21547.0,539.0,12.9,6.0,3.0,2.0,11.0,24.0,1.83,29.0,3.0,24.0,7.0,4.0,23.0,11.74,12.31,0.49,0.52,0.51
8484797,2025,Konsta Helenius,BUF,C,5on5,9,6313.0,133.0,6.18,1.0,3.0,0.0,4.0,15.0,0.98,10.0,1.0,5.0,0.0,2.0,3.0,5.33,3.75,0.59,0.59,0.58
8476458,2025,Ryan Strome,CGY,C,5on5,52,36363.0,822.0,17.84,6.0,6.0,6.0,18.0,53.0,6.93,22.0,7.0,38.0,13.0,9.0,15.0,26.82,25.64,0.51,0.51,0.5
8484305,2025,Zach Metsa,BUF,D,5on5,43,27037.0,557.0,6.4,2.0,0.0,4.0,6.0,22.0,1.1,5.0,5.0,27.0,4.0,3.0,28.0,16.59,19.09,0.46,0.46,0.47
8484798,2025,Zeev Buium,VAN,D,5on5,76,75276.0,1447.0,16.48,3.0,5.0,5.0,13.0,53.0,3.16,26.0,14.0,76.0,12.0,14.0,49.0,48.26,58.01,0.45,0.47,0.46
8484800,2025,Berkly Catton,SEA,C,5on5,66,47139.0,1064.0,13.57,6.0,1.0,7.0,14.0,68.0,8.9,8.0,16.0,36.0,11.0,13.0,30.0,31.97,33.45,0.49,0.47,0.49
8478407,2025,Vince Dunn,SEA,D,5on5,81,87561.0,1706.0,33.73,9.0,5.0,7.0,21.0,121.0,5.5,26.0,23.0,79.0,24.0,16.0,74.0,53.9,64.8,0.45,0.46,0.46
8484793,2025,Sacha Boisvert,CHI,C,5on5,7,3871.0,90.0,0.99,1.0,1.0,0.0,2.0,6.0,0.49,9.0,0.0,4.0,3.0,3.0,1.0,1.87,2.51,0.43,0.43,0.43
8482781,2025,Carson Lambos,MIN,D,5on5,1,542.0,15.0,0.47,0.0,0.0,0.0,0.0,1.0,0.06,0.0,0.0,2.0,0.0,0.0,1.0,0.41,0.14,0.75,0.61,0.75
8482787,2025,Nikita Chibrikov,WPG,R,5on5,11,5960.0,143.0,0.03,0.0,0.0,0.0,0.0,9.0,1.15,16.0,2.0,8.0,6.0,4.0,5.0,2.08,3.1,0.4,0.46,0.46
8473986,2025,Alex Killorn,ANA,L,5on5,82,62042.0,1309.0,39.64,11.0,6.0,6.0,23.0,118.0,12.13,67.0,17.0,50.0,13.0,15.0,22.0,50.02,44.08,0.53,0.53,0.52
8481582,2025,Nicholas Robertson,TOR,L,5on5,78,52896.0,1136.0,22.87,14.0,7.0,6.0,27.0,114.0,12.48,73.0,20.0,62.0,5.0,8.0,36.0,34.21,41.65,0.45,0.44,0.45
8480003,2025,Jesper Boqvist,FLA,C,5on5,73,46233.0,1102.0,10.87,4.0,3.0,5.0,12.0,58.0,6.15,138.0,8.0,53.0,8.0,14.0,31.0,27.6,31.5,0.47,0.48,0.48
8482660,2025,Kent Johnson,CBJ,C,5on5,76,51859.0,1085.0,26.69,5.0,6.0,7.0,18.0,90.0,8.56,15.0,11.0,39.0,9.0,5.0,33.0,35.35,35.44,0.5,0.52,0.5
8483493,2025,Frank Nazar,CHI,C,5on5,65,52292.0,1079.0,30.69,10.0,10.0,7.0,27.0,89.0,9.8,32.0,22.0,58.0,9.0,19.0,36.0,32.21,44.14,0.42,0.45,0.45
8483495,2025,Simon Nemec,NJD,D,5on5,68,71970.0,1300.0,26.48,5.0,6.0,5.0,16.0,79.0,4.01,23.0,22.0,77.0,12.0,8.0,98.0,46.25,51.69,0.47,0.5,0.49
8483497,2025,Jani Nyman,SEA,R,5on5,28,16153.0,374.0,5.71,3.0,2.0,0.0,5.0,28.0,3.24,23.0,1.0,13.0,3.0,7.0,6.0,11.47,11.87,0.49,0.46,0.47
8482666,2025,Scott Morrow,NYR,D,5on5,29,24459.0,523.0,6.8,0.0,1.0,2.0,3.0,19.0,0.61,11.0,5.0,17.0,1.0,0.0,28.0,17.12,18.52,0.48,0.51,0.49
8478493,2025,Joel Eriksson Ek,MIN,C,5on5,70,55452.0,1070.0,53.12,10.0,6.0,11.0,27.0,118.0,10.89,95.0,14.0,28.0,10.0,14.0,22.0,37.63,36.79,0.51,0.5,0.5
8478888,2025,Cameron Hughes,DAL,C,5on5,3,1317.0,29.0,0.85,1.0,0.0,0.0,1.0,2.0,0.27,3.0,0.0,1.0,0.0,1.0,2.0,0.56,0.62,0.47,0.32,0.35
8476869,2025,Brady Skjei,NSH,D,5on5,82,87456.0,1754.0,21.82,2.0,9.0,6.0,17.0,88.0,3.85,60.0,18.0,102.0,15.0,5.0,58.0,60.81,63.08,0.49,0.48,0.47
8477919,2025,Frederick Gaudreau,SEA,C,5on5,68,55004.0,1224.0,7.66,5.0,8.0,6.0,19.0,59.0,6.04,32.0,20.0,36.0,4.0,6.0,42.0,27.34,41.65,0.4,0.41,0.42
8480848,2025,Ty Dellandrea,SJS,C,5on5,46,31038.0,662.0,0.16,1.0,6.0,2.0,9.0,46.0,5.9,126.0,6.0,24.0,10.0,15.0,28.0,16.06,25.7,0.38,0.39,0.37
8475208,2025,Brian Dumoulin,LAK,D,5on5,82,78268.0,1506.0,21.78,2.0,7.0,7.0,16.0,55.0,2.44,32.0,17.0,89.0,11.0,6.0,79.0,50.29,50.0,0.5,0.51,0.51
8479941,2025,Justin Danforth,BUF,R,5on5,4,2078.0,54.0,-0.82,0.0,0.0,0.0,0.0,2.0,0.1,3.0,0.0,2.0,1.0,0.0,2.0,0.43,1.54,0.22,0.38,0.33
8477463,2025,Steven Santini,TBL,D,5on5,12,7305.0,160.0,0.65,0.0,1.0,0.0,1.0,4.0,0.23,9.0,0.0,7.0,1.0,0.0,7.0,3.39,3.98,0.46,0.46,0.42
8475455,2025,Brenden Dillon,NJD,D,5on5,82,75706.0,1508.0,13.28,3.0,4.0,6.0,13.0,55.0,1.8,178.0,8.0,52.0,28.0,11.0,81.0,49.58,50.38,0.5,0.5,0.5
8479339,2025,Patrik Laine,MTL,L,5on5,5,2963.0,57.0,-0.34,0.0,1.0,0.0,1.0,1.0,0.16,2.0,0.0,1.0,1.0,1.0,0.0,0.91,1.43,0.39,0.34,0.28
8471214,2025,Alex Ovechkin,WSH,L,5on5,82,60360.0,1380.0,65.2,19.0,13.0,4.0,36.0,138.0,16.29,125.0,9.0,46.0,13.0,5.0,14.0,47.69,45.14,0.51,0.5,0.5
8482175,2025,JJ Peterka,UTA,R,5on5,82,67443.0,1463.0,54.47,20.0,8.0,11.0,39.0,135.0,11.6,16.0,18.0,76.0,12.0,13.0,18.0,49.14,44.2,0.53,0.53,0.53
8482809,2025,Jackson Blake,CAR,R,5on5,81,67139.0,1289.0,74.7,14.0,12.0,7.0,33.0,128.0,19.82,13.0,23.0,78.0,18.0,17.0,33.0,61.36,43.76,0.58,0.6,0.59
8482177,2025,Marat Khusnutdinov,BOS,C,5on5,77,57263.0,1212.0,28.87,10.0,6.0,10.0,26.0,66.0,8.76,40.0,17.0,43.0,8.0,15.0,35.0,35.9,41.69,0.46,0.48,0.47
8476441,2025,Joel Edmundson,LAK,D,5on5,82,75698.0,1592.0,31.1,2.0,5.0,11.0,18.0,99.0,5.13,85.0,9.0,72.0,10.0,8.0,94.0,49.44,50.12,0.5,0.51,0.52
8479337,2025,Alex DeBrincat,DET,R,5on5,82,70069.0,1456.0,87.36,17.0,14.0,14.0,45.0,188.0,17.21,36.0,37.0,72.0,8.0,11.0,35.0,52.67,46.53,0.53,0.51,0.54
8483489,2025,Fraser Minten,BOS,C,5on5,82,62185.0,1280.0,38.44,13.0,7.0,7.0,27.0,90.0,10.88,137.0,21.0,36.0,10.0,11.0,43.0,43.13,42.99,0.5,0.5,0.51
8483565,2025,Nick Blankenburg,COL,D,5on5,61,49982.0,1063.0,30.13,4.0,6.0,4.0,14.0,51.0,3.63,49.0,11.0,44.0,3.0,8.0,52.0,39.79,32.42,0.55,0.53,0.52
8475722,2025,Jason Zucker,BUF,L,5on5,62,44603.0,1018.0,41.57,14.0,6.0,8.0,28.0,93.0,13.24,57.0,8.0,58.0,9.0,12.0,19.0,35.41,35.4,0.5,0.49,0.49
8476917,2025,Adam Pelech,NYI,D,5on5,82,86497.0,1852.0,32.35,3.0,6.0,4.0,13.0,115.0,5.46,62.0,23.0,60.0,24.0,10.0,97.0,65.7,59.24,0.53,0.53,0.53
8484821,2025,Sam Morton,CGY,C,5on5,3,1447.0,31.0,0.21,0.0,0.0,0.0,0.0,3.0,0.99,9.0,1.0,2.0,0.0,1.0,1.0,1.19,0.71,0.62,0.47,0.45
8480014,2025,Gabriel Vilardi,WPG,C,5on5,82,72501.0,1425.0,60.28,16.0,12.0,15.0,43.0,101.0,14.22,20.0,12.0,55.0,9.0,30.0,31.0,52.35,54.27,0.49,0.49,0.49
8481617,2025,Vasily Podkolzin,EDM,R,5on5,82,68903.0,1417.0,47.65,17.0,9.0,7.0,33.0,119.0,13.03,237.0,15.0,51.0,14.0,15.0,48.0,50.26,46.82,0.52,0.53,0.54
8483766,2025,David Spacek,MIN,D,5on5,2,1272.0,29.0,-1.65,0.0,0.0,0.0,0.0,0.0,0.0,1.0,0.0,1.0,0.0,0.0,2.0,0.37,1.11,0.25,0.19,0.27
8480855,2025,Jack McBain,UTA,C,5on5,75,52694.0,1250.0,32.92,7.0,9.0,6.0,22.0,99.0,14.53,265.0,6.0,48.0,25.0,17.0,30.0,44.04,39.81,0.53,0.53,0.52
8479525,2025,Ross Colton,COL,C,5on5,73,50594.0,1169.0,47.52,7.0,10.0,5.0,22.0,142.0,15.43,155.0,19.0,49.0,4.0,14.0,25.0,46.78,32.57,0.59,0.59,0.59
8481014,2025,Alexander Romanov,NYI,D,5on5,15,14821.0,291.0,-1.28,0.0,0.0,0.0,0.0,17.0,0.56,29.0,3.0,17.0,3.0,3.0,24.0,8.04,16.14,0.33,0.42,0.42
8477479,2025,Tyler Bertuzzi,CHI,L,5on5,78,68304.0,1353.0,49.06,20.0,8.0,7.0,35.0,111.0,16.06,49.0,21.0,66.0,11.0,16.0,21.0,49.34,56.34,0.47,0.47,0.47
8478851,2025,Alexandre Carrier,MTL,D,5on5,73,67411.0,1406.0,21.55,7.0,7.0,7.0,21.0,52.0,2.8,31.0,25.0,43.0,15.0,8.0,113.0,47.21,49.31,0.49,0.48,0.49
8477951,2025,Nick Schmaltz,UTA,C,5on5,82,70536.0,1546.0,84.67,19.0,14.0,10.0,43.0,133.0,13.8,18.0,38.0,82.0,11.0,18.0,44.0,51.57,43.37,0.54,0.56,0.56
8482168,2025,Maxim Groshev,TBL,D,5on5,2,1377.0,29.0,-0.22,0.0,0.0,1.0,1.0,1.0,0.01,0.0,0.0,1.0,0.0,0.0,1.0,0.91,2.7,0.25,0.3,0.32
8480800,2025,Quinn Hughes,MIN,D,5on5,74,98762.0,1573.0,79.17,4.0,16.0,15.0,35.0,130.0,5.99,6.0,28.0,94.0,14.0,29.0,77.0,78.7,69.0,0.53,0.53,0.53
8480021,2025,Jack Studnicka,FLA,C,5on5,19,7854.0,209.0,-0.99,0.0,0.0,0.0,0.0,15.0,0.84,19.0,3.0,4.0,2.0,2.0,6.0,2.98,6.9,0.3,0.44,0.42
8479619,2025,Michael Carcone,UTA,L,5on5,79,55042.0,1284.0,49.14,12.0,7.0,7.0,26.0,129.0,12.62,147.0,16.0,43.0,6.0,14.0,15.0,46.25,36.23,0.56,0.58,0.56
8479998,2025,Mikey Anderson,LAK,D,5on5,80,85110.0,1598.0,27.32,3.0,9.0,6.0,18.0,59.0,3.82,105.0,13.0,50.0,8.0,14.0,110.0,57.89,53.79,0.52,0.5,0.5
8481491,2025,Noah Philp,CAR,C,5on5,17,9455.0,207.0,0.2,2.0,0.0,1.0,3.0,13.0,0.94,30.0,5.0,7.0,2.0,1.0,2.0,3.39,6.57,0.34,0.41,0.42
8484406,2025,Ty Mueller,VAN,C,5on5,6,3884.0,86.0,0.69,1.0,0.0,0.0,1.0,2.0,0.54,5.0,1.0,3.0,1.0,0.0,4.0,2.34,2.76,0.46,0.46,0.44
8479388,2025,Riley Stillman,EDM,D,5on5,4,2877.0,73.0,-0.28,0.0,0.0,0.0,0.0,1.0,0.31,7.0,0.0,2.0,0.0,0.0,4.0,1.79,2.7,0.4,0.41,0.38
8483553,2025,Marc Gatcomb,NYI,C,5on5,49,29378.0,676.0,8.6,3.0,1.0,3.0,7.0,53.0,5.28,190.0,6.0,12.0,5.0,3.0,24.0,18.94,16.15,0.54,0.49,0.51
8481093,2025,Rafael Harvey-Pinard,PIT,L,5on5,1,661.0,16.0,0.45,0.0,0.0,0.0,0.0,2.0,0.3,0.0,0.0,1.0,0.0,1.0,0.0,0.42,0.55,0.43,0.5,0.5
8482765,2025,Isak Rosen,WPG,R,5on5,37,21697.0,501.0,7.21,5.0,2.0,0.0,7.0,27.0,3.26,17.0,5.0,16.0,0.0,3.0,20.0,12.24,14.44,0.46,0.44,0.46
8475690,2025,Chris Tanev,TOR,D,5on5,11,9902.0,252.0,2.2,0.0,1.0,1.0,2.0,8.0,0.16,2.0,4.0,7.0,0.0,2.0,13.0,5.16,6.02,0.46,0.46,0.48
8478133,2025,Jake Evans,MTL,C,5on5,68,48372.0,1008.0,19.81,6.0,5.0,6.0,17.0,54.0,8.58,88.0,8.0,43.0,6.0,9.0,35.0,28.31,33.83,0.46,0.46,0.46
8484933,2025,Mikulas Hovorka,FLA,D,5on5,4,3275.0,74.0,0.43,0.0,0.0,1.0,1.0,3.0,0.53,2.0,0.0,6.0,0.0,1.0,2.0,1.64,1.86,0.47,0.45,0.44
8477496,2025,Elias Lindholm,BOS,C,5on5,69,54959.0,1134.0,37.23,8.0,6.0,7.0,21.0,75.0,9.88,33.0,8.0,44.0,13.0,7.0,46.0,37.26,42.72,0.47,0.47,0.46
8480002,2025,Nico Hischier,NJD,C,5on5,82,73675.0,1551.0,75.11,12.0,11.0,7.0,30.0,118.0,14.84,56.0,19.0,62.0,10.0,18.0,50.0,59.77,49.01,0.55,0.54,0.53
8482077,2025,Dylan Holloway,STL,L,5on5,59,52917.0,1086.0,51.58,13.0,10.0,14.0,37.0,120.0,11.99,123.0,11.0,31.0,7.0,12.0,38.0,41.31,35.44,0.54,0.5,0.5
8477933,2025,Sam Reinhart,FLA,C,5on5,64,53854.0,1131.0,57.05,8.0,6.0,7.0,21.0,71.0,10.48,50.0,13.0,39.0,3.0,5.0,23.0,35.29,33.95,0.51,0.51,0.51
8485405,2025,Brady Martin,NSH,C,5on5,3,1776.0,34.0,0.54,0.0,1.0,0.0,1.0,2.0,0.09,0.0,0.0,3.0,0.0,0.0,2.0,0.95,0.93,0.5,0.43,0.46
8485406,2025,Porter Martone,PHI,R,5on5,9,7701.0,163.0,9.99,1.0,3.0,0.0,4.0,23.0,1.55,15.0,0.0,3.0,2.0,1.0,2.0,4.25,4.2,0.5,0.51,0.52
8474564,2025,Steven Stamkos,NSH,C,5on5,82,67069.0,1441.0,63.81,18.0,6.0,6.0,30.0,117.0,14.96,80.0,23.0,56.0,19.0,14.0,27.0,50.96,44.73,0.53,0.5,0.49
8474563,2025,Drew Doughty,LAK,D,5on5,72,82953.0,1524.0,35.03,4.0,6.0,3.0,13.0,78.0,2.43,47.0,14.0,73.0,17.0,5.0,61.0,58.17,47.05,0.55,0.54,0.53
8477444,2025,Andre Burakovsky,CHI,L,5on5,74,61014.0,1263.0,18.75,7.0,5.0,10.0,22.0,67.0,9.31,17.0,23.0,56.0,5.0,8.0,34.0,40.6,54.47,0.43,0.46,0.45
8478413,2025,Jordan Greenway,BUF,L,5on5,40,25117.0,627.0,-0.67,1.0,2.0,3.0,6.0,32.0,2.96,48.0,6.0,18.0,12.0,8.0,18.0,13.52,16.53,0.45,0.43,0.45
8477018,2025,Ben Hutton,VGK,D,5on5,55,46921.0,998.0,18.82,6.0,3.0,6.0,15.0,70.0,2.54,28.0,18.0,42.0,8.0,9.0,54.0,34.27,29.26,0.54,0.5,0.51
8480036,2025,Miro Heiskanen,DAL,D,5on5,77,82466.0,1565.0,58.05,3.0,11.0,13.0,27.0,99.0,4.9,14.0,22.0,80.0,14.0,11.0,99.0,56.54,46.43,0.55,0.5,0.51
8480035,2025,Henri Jokiharju,BOS,D,5on5,41,39228.0,826.0,14.85,2.0,6.0,5.0,13.0,33.0,1.41,25.0,6.0,45.0,7.0,3.0,31.0,28.72,30.07,0.49,0.5,0.51
8479661,2025,Tanner Jeannot,BOS,L,5on5,77,51304.0,1083.0,20.33,6.0,8.0,6.0,20.0,72.0,10.71,236.0,6.0,42.0,19.0,17.0,47.0,34.92,39.74,0.47,0.49,0.49
8482482,2025,Adam Wilsby,NSH,D,5on5,58,53892.0,1138.0,16.42,0.0,5.0,7.0,12.0,54.0,3.48,25.0,13.0,47.0,13.0,5.0,42.0,35.6,38.45,0.48,0.51,0.49
8478109,2025,Victor Olofsson,CGY,L,5on5,78,53059.0,1211.0,42.94,10.0,5.0,8.0,23.0,103.0,10.72,17.0,14.0,57.0,2.0,5.0,18.0,39.08,34.1,0.53,0.55,0.55
8481122,2025,Simon Benoit,TOR,D,5on5,73,66573.0,1620.0,-11.9,0.0,1.0,4.0,5.0,56.0,2.47,179.0,11.0,63.0,16.0,12.0,94.0,36.22,52.63,0.41,0.4,0.41
8480876,2025,Curtis Douglas,VAN,C,5on5,43,17300.0,431.0,4.47,1.0,3.0,0.0,4.0,29.0,4.22,64.0,6.0,18.0,20.0,12.0,12.0,12.84,9.13,0.58,0.51,0.55
8483696,2025,Cole O'Hara,NSH,R,5on5,1,661.0,14.0,0.47,0.0,1.0,0.0,1.0,1.0,0.06,2.0,1.0,2.0,0.0,0.0,0.0,0.16,0.28,0.37,0.29,0.17
8476931,2025,Jake McCabe,TOR,D,5on5,80,88870.0,2005.0,11.87,5.0,9.0,8.0,22.0,68.0,3.48,95.0,23.0,76.0,22.0,8.0,134.0,53.33,63.23,0.46,0.44,0.44
8482113,2025,Anton Lundell,FLA,C,5on5,64,51502.0,1128.0,45.45,11.0,4.0,6.0,21.0,92.0,10.77,68.0,11.0,51.0,14.0,17.0,26.0,33.22,34.64,0.49,0.52,0.51
8476422,2025,Mike Reilly,CAR,D,5on5,42,34122.0,799.0,23.27,0.0,4.0,4.0,8.0,55.0,1.75,16.0,7.0,22.0,11.0,6.0,34.0,30.88,22.29,0.58,0.6,0.59
8482698,2025,Tristan Broz,PIT,C,5on5,1,690.0,15.0,-0.4,0.0,0.0,0.0,0.0,2.0,0.08,0.0,0.0,1.0,0.0,0.0,0.0,0.14,0.5,0.22,0.32,0.25
8483506,2025,Sam Rinzel,CHI,D,5on5,53,49320.0,975.0,7.45,4.0,5.0,2.0,11.0,64.0,2.81,45.0,13.0,58.0,12.0,3.0,62.0,29.86,40.4,0.42,0.45,0.45
8475462,2025,Radko Gudas,ANA,D,5on5,56,48289.0,1041.0,19.63,2.0,5.0,5.0,12.0,60.0,1.86,154.0,7.0,39.0,17.0,9.0,77.0,39.64,33.41,0.54,0.52,0.52
8478055,2025,Gustav Forsling,FLA,D,5on5,80,87530.0,1758.0,37.55,2.0,10.0,12.0,24.0,98.0,3.71,44.0,19.0,51.0,16.0,6.0,58.0,65.16,59.93,0.52,0.53,0.53
8474586,2025,Jordan Eberle,SEA,R,5on5,80,71131.0,1513.0,50.92,16.0,11.0,5.0,32.0,113.0,13.26,53.0,20.0,48.0,10.0,10.0,41.0,42.68,47.09,0.48,0.48,0.48
8481517,2025,Brett Leason,WSH,R,5on5,6,2970.0,68.0,0.61,0.0,0.0,0.0,0.0,0.0,0.05,10.0,0.0,1.0,0.0,0.0,0.0,1.62,1.59,0.5,0.62,0.59
8485467,2025,Luke Haymes,TOR,C,5on5,4,2845.0,61.0,0.33,0.0,0.0,1.0,1.0,3.0,0.28,3.0,0.0,1.0,1.0,0.0,1.0,1.59,1.82,0.47,0.5,0.55
8478449,2025,Roope Hintz,DAL,C,5on5,53,41110.0,902.0,44.78,4.0,10.0,4.0,18.0,77.0,9.42,57.0,4.0,36.0,8.0,10.0,16.0,29.46,23.03,0.56,0.5,0.51
8481133,2025,Cole Reinhardt,FLA,L,5on5,59,36987.0,805.0,9.55,9.0,4.0,2.0,15.0,48.0,5.76,129.0,3.0,28.0,9.0,12.0,15.0,18.94,25.59,0.43,0.44,0.44
8482126,2025,Emil Andrae,PHI,D,5on5,61,53152.0,1168.0,16.21,2.0,8.0,2.0,12.0,31.0,2.59,67.0,6.0,45.0,10.0,11.0,56.0,35.1,31.51,0.53,0.5,0.49
8483457,2025,Lane Hutson,MTL,D,5on5,82,92824.0,1703.0,80.7,7.0,20.0,19.0,46.0,92.0,6.65,28.0,34.0,75.0,14.0,16.0,113.0,70.83,60.3,0.54,0.53,0.54
8477950,2025,Tony DeAngelo,NYI,D,5on5,76,76829.0,1552.0,41.8,4.0,11.0,7.0,22.0,127.0,6.01,33.0,20.0,83.0,15.0,7.0,64.0,54.53,61.18,0.47,0.52,0.52
8478147,2025,Bokondji Imama,PIT,L,5on5,2,917.0,20.0,0.5,0.0,0.0,0.0,0.0,2.0,0.26,3.0,0.0,2.0,1.0,1.0,0.0,0.77,0.31,0.71,0.61,0.6
8477955,2025,Jared McCann,SEA,L,5on5,52,39687.0,938.0,38.69,8.0,10.0,3.0,21.0,63.0,6.66,33.0,11.0,49.0,4.0,13.0,18.0,29.63,25.69,0.54,0.49,0.5
8473994,2025,Jamie Benn,DAL,L,5on5,60,40856.0,953.0,23.97,12.0,8.0,7.0,27.0,64.0,8.51,77.0,9.0,31.0,20.0,7.0,21.0,25.23,28.63,0.47,0.45,0.47
8483515,2025,Juraj Slafkovsk,MTL,L,5on5,82,69516.0,1376.0,67.57,11.0,18.0,10.0,39.0,111.0,12.8,104.0,9.0,66.0,18.0,12.0,74.0,50.3,54.14,0.48,0.49,0.51
8481789,2025,Tye Kartye,NYR,L,5on5,64,40238.0,940.0,17.94,7.0,8.0,5.0,20.0,54.0,5.68,171.0,15.0,27.0,10.0,13.0,32.0,21.65,27.3,0.44,0.48,0.47
8475170,2025,Brayden Schenn,NYI,C,5on5,80,65755.0,1393.0,29.61,11.0,10.0,4.0,25.0,82.0,13.06,177.0,16.0,44.0,19.0,16.0,36.0,45.35,46.8,0.49,0.47,0.47
8483397,2025,Marc McLaughlin,NJD,C,5on5,7,3425.0,73.0,-1.69,0.0,0.0,0.0,0.0,0.0,0.16,4.0,1.0,1.0,0.0,0.0,2.0,1.01,3.04,0.25,0.35,0.35
8475794,2025,Tyler Seguin,DAL,C,5on5,27,22171.0,457.0,12.9,6.0,4.0,1.0,11.0,19.0,2.43,18.0,3.0,18.0,1.0,2.0,6.0,11.97,14.89,0.45,0.45,0.44
8477507,2025,Nikita Zadorov,BOS,D,5on5,81,84318.0,1720.0,21.93,2.0,9.0,8.0,19.0,93.0,3.39,173.0,25.0,87.0,44.0,22.0,84.0,54.6,65.44,0.45,0.48,0.48
8479372,2025,Joshua Mahura,SEA,D,5on5,23,19194.0,418.0,-0.22,0.0,0.0,2.0,2.0,14.0,0.6,26.0,2.0,13.0,3.0,0.0,24.0,8.89,11.85,0.43,0.41,0.42
8481556,2025,John Beecher,CGY,C,5on5,35,18327.0,439.0,2.81,2.0,1.0,2.0,5.0,32.0,2.97,22.0,5.0,14.0,3.0,4.0,23.0,9.68,16.43,0.37,0.42,0.42
8478472,2025,Mathieu Joseph,LAK,R,5on5,51,33967.0,780.0,10.3,1.0,2.0,6.0,9.0,35.0,4.71,113.0,13.0,24.0,3.0,11.0,27.0,18.59,18.85,0.5,0.49,0.5
8481572,2025,Ville Heinola,WPG,D,5on5,5,3828.0,86.0,1.57,0.0,0.0,0.0,0.0,6.0,0.51,6.0,1.0,3.0,1.0,1.0,3.0,3.51,2.2,0.61,0.57,0.57
8480113,2025,Alex Iafallo,WPG,L,5on5,79,60620.0,1267.0,27.96,10.0,4.0,6.0,20.0,85.0,10.31,116.0,9.0,23.0,5.0,5.0,51.0,34.06,42.02,0.45,0.49,0.48
8482861,2025,Vincent Iorio,NYR,D,5on5,27,23020.0,460.0,-0.27,0.0,1.0,2.0,3.0,15.0,0.63,15.0,7.0,25.0,6.0,1.0,35.0,14.2,19.95,0.42,0.45,0.44
8484829,2025,Justin Hryckowian,DAL,C,5on5,81,54260.0,1150.0,27.33,12.0,8.0,5.0,25.0,73.0,10.43,118.0,24.0,21.0,16.0,17.0,37.0,36.13,33.11,0.52,0.48,0.49
8483447,2025,Conor Geekie,TBL,C,5on5,14,7992.0,187.0,0.78,1.0,1.0,1.0,3.0,10.0,0.92,33.0,3.0,10.0,4.0,1.0,6.0,3.62,6.78,0.35,0.44,0.41
8483445,2025,Cutter Gauthier,ANA,L,5on5,76,61305.0,1309.0,81.29,25.0,10.0,6.0,41.0,194.0,16.84,60.0,14.0,63.0,12.0,17.0,13.0,51.45,47.01,0.52,0.55,0.54
8481716,2025,Dmitri Voronkov,CBJ,L,5on5,63,43789.0,994.0,35.12,9.0,9.0,4.0,22.0,77.0,10.15,103.0,9.0,32.0,21.0,6.0,27.0,36.81,29.16,0.56,0.53,0.53
8475765,2025,Vladimir Tarasenko,MIN,R,5on5,75,54784.0,1093.0,36.29,16.0,9.0,4.0,29.0,103.0,11.57,60.0,11.0,58.0,5.0,11.0,32.0,38.3,40.0,0.49,0.44,0.46
8478874,2025,Adam Gaudette,SJS,R,5on5,66,41005.0,917.0,17.57,12.0,2.0,3.0,17.0,83.0,9.14,52.0,13.0,24.0,10.0,6.0,32.0,24.34,27.63,0.47,0.44,0.44
8485366,2025,Matthew Schaefer,NYI,D,5on5,82,92306.0,1831.0,66.32,10.0,11.0,8.0,29.0,141.0,7.91,39.0,25.0,71.0,18.0,33.0,81.0,70.16,67.62,0.51,0.5,0.5
8476958,2025,Jaccob Slavin,CAR,D,5on5,39,40461.0,788.0,22.73,0.0,1.0,3.0,4.0,57.0,1.89,3.0,25.0,29.0,1.0,1.0,33.0,30.8,24.68,0.56,0.59,0.58
8481575,2025,Lassi Thomson,OTT,D,5on5,11,8470.0,201.0,4.72,0.0,1.0,1.0,2.0,9.0,0.34,5.0,3.0,5.0,0.0,2.0,8.0,7.63,4.63,0.62,0.52,0.53
8484839,2025,Harrison Brunicke,PIT,D,5on5,9,8165.0,162.0,0.9,1.0,0.0,0.0,1.0,8.0,0.42,4.0,1.0,14.0,3.0,2.0,13.0,6.89,6.31,0.52,0.49,0.49
8484197,2025,Oliver Moore,CHI,C,5on5,50,33675.0,772.0,12.39,3.0,3.0,8.0,14.0,47.0,5.71,24.0,12.0,33.0,7.0,8.0,12.0,20.66,22.76,0.48,0.47,0.47
8475314,2025,Anders Lee,NYI,L,5on5,82,63301.0,1325.0,51.12,9.0,13.0,7.0,29.0,141.0,21.03,89.0,10.0,55.0,13.0,18.0,34.0,53.05,50.09,0.51,0.52,0.51
8474716,2025,Jared Spurgeon,MIN,D,5on5,79,75676.0,1542.0,23.95,2.0,5.0,5.0,12.0,77.0,4.07,76.0,14.0,52.0,5.0,6.0,109.0,50.7,46.98,0.52,0.48,0.5
8479400,2025,Pierre-Luc Dubois,WSH,C,5on5,29,23146.0,511.0,15.34,2.0,4.0,5.0,11.0,29.0,3.47,21.0,5.0,20.0,3.0,10.0,10.0,16.53,16.28,0.5,0.47,0.49
8479362,2025,Riley Tufte,BOS,L,5on5,4,2493.0,50.0,0.25,0.0,0.0,0.0,0.0,2.0,0.14,7.0,0.0,1.0,0.0,0.0,1.0,1.75,1.94,0.47,0.43,0.49
8484177,2025,Lenni Hameenaho,NJD,R,5on5,33,22822.0,522.0,8.93,2.0,5.0,1.0,8.0,45.0,4.3,18.0,6.0,12.0,6.0,7.0,16.0,13.82,15.24,0.48,0.49,0.51
8482125,2025,Alexander Holtz,VGK,R,5on5,28,18353.0,397.0,5.57,3.0,2.0,4.0,9.0,28.0,4.34,29.0,1.0,18.0,2.0,1.0,11.0,11.6,11.49,0.5,0.46,0.46
8482122,2025,Brock Faber,MIN,D,5on5,80,97822.0,1717.0,54.67,12.0,10.0,9.0,31.0,147.0,6.45,29.0,34.0,82.0,11.0,8.0,121.0,75.92,66.05,0.53,0.5,0.51
8478460,2025,Zach Werenski,CBJ,D,5on5,75,95620.0,1649.0,92.55,17.0,13.0,17.0,47.0,189.0,8.86,27.0,27.0,107.0,9.0,9.0,78.0,77.58,62.87,0.55,0.54,0.53
8480828,2025,Michael Callahan,BOS,D,5on5,5,3513.0,81.0,1.27,0.0,0.0,0.0,0.0,3.0,0.12,2.0,2.0,3.0,0.0,0.0,8.0,2.52,1.7,0.6,0.58,0.65
8480748,2025,Kiefer Sherwood,SJS,L,5on5,72,58167.0,1176.0,45.74,13.0,4.0,4.0,21.0,131.0,12.88,323.0,21.0,67.0,16.0,20.0,23.0,39.7,41.72,0.49,0.54,0.54
8484509,2025,Josh Samanski,EDM,C,5on5,24,14481.0,361.0,4.11,2.0,1.0,1.0,4.0,10.0,1.23,27.0,6.0,10.0,3.0,1.0,14.0,7.95,6.53,0.55,0.5,0.51
8480064,2025,Josh Norris,BUF,C,5on5,44,31463.0,758.0,33.42,8.0,8.0,4.0,20.0,44.0,5.16,23.0,6.0,13.0,7.0,7.0,26.0,23.73,21.31,0.53,0.51,0.54
8482641,2025,Matt Kiersted,MIN,D,5on5,6,4820.0,102.0,0.15,0.0,0.0,0.0,0.0,4.0,0.04,0.0,0.0,8.0,0.0,0.0,6.0,2.31,4.76,0.33,0.41,0.41
8476872,2025,Scott Laughton,LAK,C,5on5,64,44427.0,1080.0,15.71,10.0,4.0,1.0,15.0,80.0,8.13,115.0,9.0,55.0,13.0,12.0,29.0,27.7,27.67,0.5,0.44,0.46
8475158,2025,Ryan O'Reilly,NSH,C,5on5,81,71020.0,1450.0,73.61,17.0,15.0,10.0,42.0,103.0,15.15,16.0,37.0,40.0,8.0,9.0,46.0,53.69,50.08,0.52,0.52,0.5
8476881,2025,Tomas Hertl,VGK,C,5on5,82,62335.0,1335.0,69.85,5.0,9.0,8.0,22.0,117.0,15.31,109.0,16.0,45.0,11.0,19.0,43.0,45.75,34.89,0.57,0.56,0.55
8478864,2025,Kirill Kaprizov,MIN,L,5on5,78,80699.0,1414.0,88.76,18.0,12.0,10.0,40.0,160.0,15.32,50.0,18.0,92.0,11.0,15.0,23.0,59.9,51.78,0.54,0.51,0.51
8481070,2025,Hugh McGing,STL,L,5on5,3,1839.0,48.0,1.38,1.0,1.0,0.0,2.0,4.0,0.33,0.0,1.0,2.0,0.0,0.0,2.0,0.74,1.83,0.29,0.41,0.41
8473604,2025,Jonathan Toews,WPG,C,5on5,82,57903.0,1275.0,24.26,5.0,9.0,5.0,19.0,79.0,8.59,16.0,16.0,57.0,18.0,6.0,32.0,35.17,39.04,0.47,0.48,0.47
8476967,2025,Brett Kulak,COL,D,5on5,83,84577.0,1569.0,13.22,1.0,5.0,5.0,11.0,91.0,3.16,17.0,14.0,60.0,18.0,3.0,89.0,51.42,59.57,0.46,0.49,0.49
8484169,2025,Drew Fortescue,NYR,D,5on5,9,7874.0,156.0,0.92,0.0,1.0,1.0,2.0,3.0,0.16,6.0,0.0,5.0,2.0,0.0,7.0,4.67,5.21,0.47,0.45,0.45
8479414,2025,Nathan Bastian,DAL,R,5on5,36,18564.0,424.0,5.8,6.0,1.0,0.0,7.0,25.0,3.57,85.0,1.0,11.0,9.0,4.0,7.0,11.11,10.85,0.51,0.47,0.49
8484164,2025,Dalibor Dvorsky,STL,R,5on5,71,51946.0,1166.0,15.13,7.0,3.0,4.0,14.0,67.0,7.12,76.0,8.0,44.0,9.0,5.0,23.0,29.11,36.03,0.45,0.47,0.47
8477527,2025,Ross Johnston,ANA,L,5on5,62,35803.0,835.0,9.12,3.0,6.0,5.0,14.0,33.0,4.37,192.0,5.0,34.0,22.0,11.0,15.0,21.55,24.6,0.47,0.48,0.48
8481533,2025,Trevor Zegras,PHI,C,5on5,81,72968.0,1484.0,58.9,14.0,18.0,6.0,38.0,109.0,12.77,40.0,21.0,72.0,22.0,16.0,27.0,56.49,46.02,0.55,0.5,0.5
8475906,2025,John Klingberg,SJS,D,5on5,56,56543.0,1071.0,22.43,3.0,3.0,10.0,16.0,48.0,2.42,45.0,11.0,67.0,11.0,7.0,57.0,42.19,43.56,0.49,0.49,0.47
8479316,2025,Luke Kunin,FLA,C,5on5,62,31998.0,751.0,7.7,4.0,6.0,0.0,10.0,45.0,5.64,122.0,3.0,21.0,8.0,8.0,38.0,17.46,22.1,0.44,0.45,0.46
8479314,2025,Matthew Tkachuk,FLA,L,5on5,31,25272.0,548.0,34.56,7.0,6.0,3.0,16.0,48.0,6.45,27.0,5.0,27.0,14.0,14.0,4.0,21.42,17.98,0.54,0.56,0.54
8482097,2025,Jack Quinn,BUF,R,5on5,82,63321.0,1413.0,49.46,14.0,17.0,5.0,36.0,146.0,14.25,51.0,12.0,64.0,8.0,11.0,24.0,47.78,52.09,0.48,0.48,0.48
8471724,2025,Kris Letang,PIT,D,5on5,74,80176.0,1371.0,29.55,0.0,5.0,13.0,18.0,80.0,3.58,81.0,20.0,76.0,17.0,8.0,77.0,58.32,59.85,0.49,0.49,0.49
8478414,2025,Timo Meier,NJD,R,5on5,77,71555.0,1437.0,61.72,13.0,9.0,6.0,28.0,193.0,21.55,123.0,24.0,72.0,10.0,14.0,51.0,57.46,49.6,0.54,0.54,0.54
8479395,2025,Dennis Cholowski,NJD,D,5on5,17,14638.0,299.0,-0.55,0.0,0.0,2.0,2.0,11.0,0.47,3.0,5.0,18.0,1.0,0.0,17.0,7.5,9.54,0.44,0.45,0.47
8484806,2025,Sam Dickinson,SJS,D,5on5,72,65589.0,1226.0,10.7,1.0,4.0,6.0,11.0,68.0,3.96,68.0,17.0,76.0,9.0,5.0,65.0,43.93,48.26,0.48,0.48,0.47
8480834,2025,Ty Emberson,EDM,D,5on5,72,61068.0,1304.0,9.05,2.0,3.0,7.0,12.0,45.0,1.3,106.0,12.0,52.0,9.0,3.0,87.0,36.61,38.32,0.49,0.46,0.48
8483424,2025,Owen Beck,MTL,C,5on5,15,8267.0,185.0,3.21,1.0,0.0,0.0,1.0,11.0,1.63,24.0,2.0,10.0,3.0,3.0,8.0,4.96,5.26,0.49,0.52,0.54
8482259,2025,Bobby McMann,SEA,C,5on5,78,66961.0,1392.0,39.67,18.0,10.0,5.0,33.0,152.0,12.52,161.0,18.0,40.0,12.0,9.0,25.0,40.59,48.83,0.45,0.47,0.46
8473507,2025,Jeff Petry,MIN,D,5on5,67,52865.0,1149.0,12.7,0.0,5.0,2.0,7.0,48.0,2.28,61.0,9.0,51.0,11.0,2.0,56.0,38.01,33.06,0.53,0.52,0.52
8471685,2025,Anze Kopitar,LAK,C,5on5,67,58531.0,1167.0,44.83,7.0,10.0,6.0,23.0,70.0,10.06,30.0,20.0,41.0,3.0,7.0,49.0,36.83,35.99,0.51,0.52,0.52
8483429,2025,Seamus Casey,NJD,D,5on5,2,2140.0,48.0,0.1,0.0,0.0,0.0,0.0,4.0,0.14,0.0,2.0,3.0,0.0,0.0,1.0,0.68,1.27,0.35,0.53,0.43
8474189,2025,Lars Eller,OTT,C,5on5,68,40827.0,1022.0,15.27,4.0,7.0,3.0,14.0,62.0,6.16,47.0,10.0,33.0,4.0,8.0,31.0,23.45,25.33,0.48,0.47,0.47
8479543,2025,Michael Pezzetta,TOR,L,5on5,9,3457.0,88.0,-2.02,0.0,0.0,0.0,0.0,2.0,0.41,30.0,0.0,3.0,6.0,2.0,3.0,1.82,1.96,0.48,0.38,0.41
8484258,2025,Sam Malinski,COL,D,5on5,82,80085.0,1601.0,73.45,8.0,18.0,12.0,38.0,158.0,5.93,42.0,21.0,72.0,10.0,4.0,85.0,70.02,46.86,0.6,0.59,0.59
8480084,2025,Nick DeSimone,UTA,D,5on5,40,33243.0,756.0,13.43,2.0,2.0,4.0,8.0,34.0,1.9,19.0,5.0,32.0,5.0,2.0,31.0,23.56,18.9,0.55,0.54,0.54
8476994,2025,Vinnie Hinostroza,FLA,C,5on5,65,40191.0,818.0,8.25,6.0,3.0,6.0,15.0,58.0,5.98,41.0,19.0,48.0,9.0,11.0,26.0,22.64,37.97,0.37,0.44,0.42
8482858,2025,Ryker Evans,SEA,D,5on5,67,64282.0,1172.0,9.5,7.0,3.0,2.0,12.0,42.0,1.8,47.0,7.0,46.0,18.0,9.0,68.0,40.7,42.64,0.49,0.45,0.46
8477419,2025,Mason Geertsen,BUF,L,5on5,5,1232.0,33.0,-0.42,0.0,0.0,0.0,0.0,1.0,0.01,8.0,0.0,0.0,1.0,0.0,0.0,0.39,0.65,0.37,0.44,0.48
8478409,2025,Anthony Richard,PHI,C,5on5,1,428.0,10.0,-0.05,0.0,0.0,0.0,0.0,0.0,0.0,0.0,0.0,0.0,0.0,0.0,0.0,0.14,0.33,0.29,0.44,0.43
8478399,2025,Jonas Siegenthaler,NJD,D,5on5,82,84436.0,1681.0,17.1,0.0,2.0,9.0,11.0,58.0,3.39,85.0,20.0,82.0,16.0,5.0,111.0,58.54,61.28,0.49,0.5,0.51
8482702,2025,Logan Stankoven,CAR,C,5on5,81,65735.0,1265.0,69.75,15.0,7.0,9.0,31.0,137.0,17.35,50.0,26.0,39.0,6.0,14.0,22.0,60.87,43.58,0.58,0.61,0.6
8478401,2025,Pavel Zacha,BOS,C,5on5,78,57549.0,1201.0,53.77,15.0,10.0,12.0,37.0,82.0,9.36,57.0,15.0,49.0,11.0,6.0,19.0,37.81,44.05,0.46,0.48,0.49
8478397,2025,Rasmus Andersson,VGK,D,5on5,81,87411.0,2128.0,51.8,9.0,18.0,4.0,31.0,135.0,7.31,32.0,21.0,83.0,23.0,19.0,123.0,59.42,60.34,0.5,0.5,0.5
8478013,2025,Jake Walman,EDM,D,5on5,53,52815.0,1065.0,19.6,5.0,6.0,4.0,15.0,84.0,3.56,15.0,11.0,58.0,4.0,5.0,83.0,33.94,41.58,0.45,0.48,0.49
8484148,2025,Oliver Bonk,PHI,D,5on5,1,764.0,21.0,1.23,1.0,0.0,0.0,1.0,1.0,0.04,0.0,0.0,1.0,0.0,0.0,0.0,0.36,0.56,0.39,0.43,0.42
8479385,2025,Jordan Kyrou,STL,R,5on5,72,56430.0,1261.0,54.42,12.0,12.0,5.0,29.0,134.0,12.55,11.0,18.0,46.0,4.0,7.0,25.0,45.36,31.53,0.59,0.55,0.55
8476906,2025,Shayne Gostisbehere,CAR,D,5on5,55,51125.0,1051.0,62.4,6.0,11.0,9.0,26.0,81.0,3.98,29.0,14.0,40.0,6.0,9.0,51.0,43.74,32.87,0.57,0.6,0.59
8479026,2025,Philippe Myers,TOR,D,5on5,39,31389.0,733.0,-3.5,0.0,1.0,1.0,2.0,37.0,1.3,52.0,4.0,34.0,11.0,1.0,44.0,16.94,23.05,0.42,0.42,0.43
8476389,2025,Vincent Trocheck,NYR,C,5on5,67,58903.0,1256.0,46.06,11.0,11.0,5.0,27.0,66.0,7.71,185.0,20.0,60.0,19.0,14.0,40.0,34.48,45.44,0.43,0.5,0.47
8477492,2025,Nathan MacKinnon,COL,C,5on5,80,81319.0,1596.0,148.48,31.0,29.0,15.0,75.0,221.0,21.04,55.0,20.0,129.0,11.0,20.0,27.0,79.73,58.77,0.58,0.58,0.56
8483476,2025,Jonathan Lekkerimki,VAN,R,5on5,13,7634.0,166.0,-0.4,2.0,0.0,1.0,3.0,8.0,0.52,10.0,1.0,6.0,0.0,2.0,5.0,1.9,6.86,0.22,0.34,0.33
8476867,2025,Brendan Gaunce,CBJ,C,5on5,25,14881.0,336.0,6.68,0.0,3.0,1.0,4.0,24.0,2.25,44.0,6.0,5.0,6.0,2.0,14.0,7.95,9.63,0.45,0.5,0.5
8482167,2025,Bogdan Trineyev,WSH,R,5on5,2,1235.0,29.0,0.63,0.0,0.0,0.0,0.0,1.0,0.14,1.0,1.0,1.0,0.0,0.0,2.0,0.61,0.47,0.57,0.62,0.66
8478434,2025,Keegan Kolesar,VGK,R,5on5,82,53050.0,1270.0,14.91,6.0,8.0,2.0,16.0,66.0,6.92,269.0,4.0,37.0,15.0,11.0,42.0,32.05,33.15,0.49,0.49,0.5
8484387,2025,Matvei Michkov,PHI,R,5on5,81,59403.0,1381.0,46.57,12.0,13.0,7.0,32.0,126.0,11.14,31.0,20.0,76.0,31.0,17.0,19.0,39.6,34.48,0.53,0.5,0.51
8476312,2025,Josh Manson,COL,D,5on5,79,72950.0,1602.0,53.7,4.0,13.0,12.0,29.0,120.0,6.04,148.0,22.0,79.0,32.0,15.0,77.0,60.87,45.56,0.57,0.57,0.57
8484220,2025,David Reinbacher,MTL,D,5on5,2,1475.0,34.0,1.02,0.0,0.0,1.0,1.0,3.0,0.1,1.0,0.0,2.0,0.0,0.0,2.0,0.71,0.82,0.47,0.5,0.46
8477034,2025,Jaycob Megna,VGK,D,5on5,4,2489.0,53.0,-1.02,0.0,0.0,0.0,0.0,1.0,0.02,6.0,0.0,2.0,1.0,0.0,1.0,1.31,2.47,0.35,0.46,0.44
8482178,2025,Ian Moore,ANA,D,5on5,67,50729.0,1201.0,16.73,4.0,3.0,3.0,10.0,64.0,5.1,40.0,20.0,40.0,12.0,4.0,72.0,36.61,31.73,0.54,0.52,0.52
8482947,2025,Zakhar Bardakov,COL,C,5on5,60,25382.0,602.0,14.82,1.0,4.0,5.0,10.0,35.0,3.97,50.0,7.0,27.0,7.0,10.0,20.0,16.68,14.21,0.54,0.55,0.56
8480798,2025,Philipp Kurashev,SJS,C,5on5,43,32987.0,669.0,15.44,6.0,8.0,3.0,17.0,48.0,4.06,39.0,7.0,30.0,8.0,7.0,11.0,18.56,23.74,0.44,0.46,0.43
8476391,2025,T.J. Tynan,COL,C,5on5,1,493.0,12.0,-0.2,0.0,0.0,0.0,0.0,1.0,0.13,0.0,0.0,0.0,0.0,0.0,0.0,0.2,0.97,0.17,0.35,0.26
8483841,2025,Xavier Parent,NJD,C,5on5,5,2566.0,56.0,-1.25,0.0,0.0,0.0,0.0,2.0,0.22,7.0,1.0,1.0,1.0,0.0,1.0,0.83,2.84,0.23,0.39,0.38
8480018,2025,Nick Suzuki,MTL,C,5on5,82,74904.0,1443.0,96.25,12.0,24.0,9.0,45.0,108.0,12.74,57.0,22.0,54.0,6.0,6.0,49.0,57.02,51.51,0.53,0.53,0.55
8481618,2025,Alex Newhook,MTL,C,5on5,42,30172.0,592.0,19.45,10.0,8.0,2.0,20.0,42.0,4.92,47.0,1.0,11.0,5.0,6.0,15.0,17.47,22.98,0.43,0.44,0.44
8483567,2025,Georgii Merkulov,BOS,C,5on5,1,635.0,14.0,-0.35,0.0,0.0,0.0,0.0,0.0,0.01,0.0,0.0,0.0,0.0,0.0,0.0,0.6,0.48,0.56,0.41,0.39
8481594,2025,Nathan Lgar,NJD,R,5on5,1,495.0,10.0,-0.46,0.0,0.0,0.0,0.0,0.0,0.0,2.0,0.0,0.0,0.0,0.0,1.0,0.06,0.46,0.11,0.22,0.22
8480015,2025,Owen Tippett,PHI,R,5on5,81,65349.0,1453.0,55.0,19.0,11.0,7.0,37.0,157.0,15.99,151.0,23.0,74.0,9.0,17.0,46.0,47.79,39.83,0.55,0.5,0.51
8471215,2025,Evgeni Malkin,PIT,C,5on5,56,46155.0,953.0,51.58,12.0,15.0,5.0,32.0,94.0,10.43,21.0,25.0,74.0,22.0,15.0,15.0,37.68,37.29,0.5,0.48,0.49
8474102,2025,David Perron,DET,L,5on5,65,44602.0,1086.0,28.59,10.0,6.0,4.0,20.0,67.0,7.46,85.0,12.0,30.0,14.0,14.0,23.0,29.09,21.94,0.57,0.51,0.53
8484152,2025,Luca Cagnoni,SJS,D,5on5,3,2689.0,49.0,-0.05,0.0,0.0,0.0,0.0,4.0,0.31,5.0,1.0,1.0,1.0,1.0,3.0,1.3,1.36,0.49,0.43,0.43
8483406,2025,Taylor Ward,LAK,R,5on5,36,19093.0,443.0,7.93,3.0,2.0,2.0,7.0,34.0,4.02,37.0,2.0,19.0,2.0,3.0,9.0,12.27,10.83,0.53,0.5,0.5
8476853,2025,Morgan Rielly,TOR,D,5on5,78,81681.0,1923.0,32.43,10.0,5.0,11.0,26.0,104.0,5.71,32.0,18.0,81.0,14.0,7.0,97.0,58.72,61.13,0.49,0.48,0.48
8482079,2025,Marco Rossi,VAN,C,5on5,50,41321.0,807.0,24.16,9.0,5.0,5.0,19.0,48.0,7.04,47.0,14.0,33.0,4.0,8.0,26.0,25.3,31.99,0.44,0.46,0.45
8483768,2025,Victor Mancini,VAN,D,5on5,24,18966.0,385.0,-4.8,0.0,3.0,0.0,3.0,12.0,0.34,27.0,0.0,14.0,2.0,1.0,26.0,9.52,17.1,0.36,0.38,0.37
8484135,2025,Parker Ford,WPG,C,5on5,15,8048.0,175.0,-0.01,0.0,1.0,0.0,1.0,9.0,1.19,27.0,1.0,1.0,2.0,1.0,11.0,3.91,7.35,0.35,0.43,0.44
8479291,2025,Kevin Rooney,UTA,C,5on5,1,584.0,14.0,1.03,1.0,0.0,0.0,1.0,1.0,0.13,0.0,0.0,1.0,0.0,0.0,0.0,0.2,0.22,0.48,0.57,0.55
8476902,2025,Esa Lindell,DAL,D,5on5,82,87528.0,1627.0,34.83,5.0,8.0,10.0,23.0,66.0,3.3,27.0,20.0,97.0,9.0,5.0,133.0,60.44,50.28,0.55,0.48,0.5
8484234,2025,Aydar Suniev,CGY,L,5on5,6,3584.0,85.0,1.27,0.0,1.0,0.0,1.0,7.0,0.64,2.0,2.0,2.0,1.0,1.0,3.0,1.48,2.08,0.42,0.46,0.43
8478856,2025,Conor Garland,CBJ,R,5on5,71,55970.0,1141.0,28.53,8.0,9.0,3.0,20.0,93.0,8.74,41.0,23.0,63.0,13.0,15.0,28.0,39.6,45.55,0.47,0.47,0.47
8481606,2025,Jordan Spence,OTT,D,5on5,73,73169.0,1617.0,55.1,7.0,6.0,13.0,26.0,93.0,5.37,54.0,14.0,64.0,10.0,0.0,56.0,63.03,39.39,0.62,0.6,0.61
8478038,2025,Devon Toews,COL,D,5on5,68,72869.0,1447.0,49.38,2.0,8.0,11.0,21.0,90.0,5.34,22.0,23.0,53.0,14.0,6.0,62.0,66.33,48.37,0.58,0.57,0.56
8480023,2025,Robert Thomas,STL,C,5on5,64,55044.0,1173.0,59.17,16.0,15.0,10.0,41.0,73.0,9.12,8.0,26.0,78.0,11.0,7.0,29.0,42.95,35.62,0.55,0.52,0.51
8481601,2025,Simon Holmstrom,NYI,R,5on5,79,59218.0,1260.0,38.46,12.0,6.0,7.0,25.0,71.0,8.98,14.0,16.0,40.0,6.0,15.0,31.0,39.8,43.93,0.48,0.49,0.49
8482192,2025,Isaak Phillips,WPG,D,5on5,3,1706.0,40.0,-0.28,0.0,0.0,0.0,0.0,3.0,0.04,3.0,0.0,2.0,1.0,1.0,1.0,0.27,0.55,0.33,0.37,0.3
8485385,2025,Braeden Cootes,VAN,C,5on5,3,1735.0,40.0,-1.63,0.0,0.0,0.0,0.0,0.0,0.0,3.0,0.0,4.0,0.0,0.0,1.0,0.3,2.53,0.11,0.27,0.29
8476539,2025,Jonathan Marchessault,NSH,R,5on5,62,49312.0,1032.0,23.98,7.0,10.0,5.0,22.0,80.0,7.19,66.0,12.0,58.0,6.0,7.0,7.0,31.81,42.07,0.43,0.46,0.44
8482768,2025,Fedor Svechkov,NSH,C,5on5,70,47034.0,936.0,16.71,3.0,7.0,6.0,16.0,64.0,7.06,59.0,19.0,46.0,10.0,12.0,27.0,30.53,32.26,0.49,0.5,0.48
8475755,2025,Alexander Petrovic,DAL,D,5on5,54,47710.0,959.0,5.73,2.0,5.0,3.0,10.0,57.0,1.97,83.0,8.0,44.0,11.0,3.0,72.0,29.89,34.84,0.46,0.44,0.44
8477320,2025,Anton Blidh,NYR,L,5on5,4,1849.0,47.0,0.35,0.0,0.0,1.0,1.0,4.0,0.3,10.0,0.0,1.0,0.0,0.0,0.0,0.9,0.87,0.51,0.38,0.44
8476432,2025,Boone Jenner,CBJ,C,5on5,67,53615.0,1114.0,41.9,11.0,15.0,6.0,32.0,114.0,14.58,141.0,11.0,49.0,16.0,11.0,55.0,41.5,40.77,0.5,0.51,0.5
8476923,2025,Damon Severson,CBJ,D,5on5,71,79660.0,1448.0,43.02,6.0,9.0,11.0,26.0,74.0,4.94,38.0,24.0,79.0,18.0,6.0,80.0,65.26,50.16,0.57,0.54,0.54
8484158,2025,Easton Cowan,TOR,R,5on5,66,50650.0,1036.0,21.41,8.0,8.0,4.0,20.0,79.0,7.09,72.0,12.0,66.0,15.0,18.0,31.0,32.94,40.56,0.45,0.45,0.44
8485251,2025,Kai Uchacz,VGK,C,5on5,3,2073.0,47.0,-0.32,0.0,0.0,0.0,0.0,2.0,0.13,7.0,0.0,1.0,1.0,1.0,3.0,1.12,0.87,0.56,0.41,0.5
8480860,2025,Kevin Bahl,CGY,D,5on5,76,82244.0,1906.0,9.12,4.0,3.0,8.0,15.0,52.0,2.24,101.0,31.0,80.0,19.0,11.0,71.0,51.33,67.32,0.43,0.47,0.46
8483471,2025,Brad Lambert,WPG,C,5on5,25,14110.0,317.0,4.07,3.0,2.0,0.0,5.0,23.0,1.93,22.0,2.0,14.0,3.0,3.0,6.0,8.63,10.93,0.44,0.46,0.47
8477932,2025,Aaron Ekblad,FLA,D,5on5,72,72167.0,1544.0,32.07,2.0,7.0,7.0,16.0,73.0,3.16,65.0,15.0,51.0,23.0,12.0,75.0,51.99,52.58,0.5,0.52,0.51
8477935,2025,Sam Bennett,FLA,C,5on5,76,61794.0,1323.0,60.97,18.0,12.0,7.0,37.0,137.0,16.61,107.0,18.0,60.0,21.0,11.0,31.0,48.71,48.79,0.5,0.53,0.51
8477934,2025,Leon Draisaitl,EDM,C,5on5,65,63941.0,1218.0,90.48,16.0,19.0,8.0,43.0,98.0,11.12,31.0,25.0,83.0,11.0,11.0,13.0,51.57,44.04,0.54,0.53,0.54
8479353,2025,Brett Howden,VGK,C,5on5,58,44973.0,985.0,20.78,12.0,3.0,3.0,18.0,56.0,7.72,97.0,12.0,41.0,19.0,16.0,15.0,30.86,26.87,0.53,0.5,0.51
8476374,2025,Sean Kuraly,BOS,C,5on5,82,51438.0,1072.0,26.14,5.0,10.0,5.0,20.0,96.0,8.2,84.0,10.0,47.0,6.0,4.0,31.0,33.61,39.07,0.46,0.51,0.51
8478840,2025,Will Borgen,NYR,D,5on5,75,69963.0,1587.0,10.23,4.0,4.0,5.0,13.0,65.0,1.87,99.0,17.0,57.0,17.0,11.0,81.0,40.25,46.89,0.46,0.46,0.46
8478450,2025,Parker Wotherspoon,PIT,D,5on5,80,83290.0,1495.0,36.55,2.0,10.0,13.0,25.0,59.0,2.11,136.0,23.0,110.0,16.0,12.0,87.0,58.94,59.92,0.5,0.52,0.51
8480887,2025,Jordan Harris,BOS,D,5on5,8,6728.0,140.0,4.15,1.0,1.0,1.0,3.0,11.0,0.48,2.0,1.0,6.0,0.0,0.0,4.0,4.01,3.54,0.53,0.55,0.57
8482803,2025,Olen Zellweger,ANA,D,5on5,76,67801.0,1446.0,35.92,5.0,7.0,5.0,17.0,103.0,6.27,26.0,15.0,60.0,15.0,16.0,75.0,54.97,49.28,0.53,0.53,0.53
8479591,2025,Michael Eyssimont,BOS,C,5on5,56,33908.0,767.0,22.82,7.0,3.0,3.0,13.0,99.0,7.06,52.0,2.0,36.0,13.0,15.0,21.0,22.91,23.95,0.49,0.51,0.51
8478519,2025,Anthony Cirelli,TBL,C,5on5,71,53476.0,1143.0,62.19,15.0,8.0,10.0,33.0,88.0,14.13,43.0,17.0,40.0,14.0,13.0,27.0,49.69,38.29,0.56,0.56,0.55
8479987,2025,Morgan Geekie,BOS,C,5on5,81,66805.0,1322.0,61.18,23.0,9.0,6.0,38.0,115.0,12.79,104.0,17.0,67.0,9.0,16.0,29.0,43.62,50.59,0.46,0.48,0.48
8479982,2025,Conor Timmins,BUF,D,5on5,39,35702.0,796.0,4.0,0.0,1.0,7.0,8.0,42.0,1.28,27.0,5.0,41.0,8.0,6.0,55.0,23.69,27.2,0.47,0.44,0.46
8477015,2025,Connor Brown,NJD,R,5on5,75,61654.0,1232.0,41.75,9.0,9.0,8.0,26.0,84.0,10.95,24.0,12.0,50.0,3.0,6.0,22.0,40.12,43.04,0.48,0.51,0.51
8481534,2025,Raphael Lavoie,VGK,C,5on5,1,514.0,12.0,0.19,0.0,0.0,0.0,0.0,0.0,0.05,1.0,0.0,1.0,0.0,0.0,0.0,0.26,0.51,0.34,0.61,0.42
8480873,2025,Rasmus Sandin,WSH,D,5on5,73,71683.0,1296.0,26.0,5.0,12.0,9.0,26.0,80.0,3.71,76.0,22.0,74.0,6.0,3.0,102.0,46.8,48.81,0.49,0.48,0.49
8482116,2025,Tim Sttzle,OTT,C,5on5,80,66606.0,1527.0,85.13,17.0,15.0,10.0,42.0,112.0,14.73,108.0,21.0,69.0,17.0,27.0,37.0,49.49,44.77,0.53,0.54,0.54
8481577,2025,Philip Tomasino,PIT,R,5on5,9,6380.0,124.0,0.38,0.0,0.0,1.0,1.0,9.0,1.29,11.0,0.0,3.0,0.0,0.0,7.0,3.29,3.77,0.47,0.45,0.44
8480878,2025,Nils Lundkvist,DAL,D,5on5,52,49497.0,1019.0,12.55,3.0,4.0,4.0,11.0,44.0,1.83,26.0,7.0,48.0,8.0,5.0,46.0,34.25,31.93,0.52,0.49,0.49
8482699,2025,Dylan Guenther,UTA,R,5on5,79,62435.0,1407.0,78.49,28.0,13.0,2.0,43.0,167.0,17.62,62.0,14.0,61.0,14.0,10.0,24.0,49.68,46.47,0.52,0.53,0.53
8482713,2025,Mackie Samoskevich,FLA,R,5on5,77,55815.0,1249.0,50.9,8.0,10.0,3.0,21.0,121.0,14.11,133.0,9.0,43.0,15.0,28.0,32.0,44.41,37.47,0.54,0.57,0.56
8482496,2025,Nils Aman,VAN,C,5on5,2,1039.0,23.0,-0.28,0.0,0.0,0.0,0.0,1.0,0.06,2.0,0.0,1.0,0.0,0.0,1.0,0.65,0.4,0.62,0.39,0.6
8481030,2025,Jack St. Ivany,PIT,D,5on5,20,17853.0,332.0,5.48,0.0,3.0,4.0,7.0,14.0,0.77,47.0,4.0,22.0,3.0,0.0,22.0,11.93,12.45,0.49,0.48,0.48
8477454,2025,Adam Erne,DAL,L,5on5,45,26734.0,623.0,6.77,6.0,0.0,2.0,8.0,43.0,5.52,141.0,7.0,16.0,8.0,9.0,20.0,15.19,15.43,0.5,0.45,0.45
8480208,2025,Drake Batherson,OTT,R,5on5,79,63181.0,1549.0,72.64,19.0,9.0,9.0,37.0,117.0,13.31,116.0,17.0,44.0,12.0,18.0,22.0,47.18,37.83,0.56,0.55,0.55
8478440,2025,Dylan Strome,WSH,C,5on5,80,66892.0,1392.0,53.03,11.0,10.0,8.0,29.0,92.0,11.03,8.0,17.0,58.0,14.0,9.0,49.0,51.92,52.13,0.5,0.49,0.49
8475726,2025,Tyler Toffoli,SJS,C,5on5,79,55087.0,1230.0,43.1,11.0,11.0,9.0,31.0,107.0,10.01,46.0,14.0,51.0,3.0,5.0,26.0,36.63,38.1,0.49,0.47,0.47
8480803,2025,Evan Bouchard,EDM,D,5on5,82,89797.0,1699.0,101.13,9.0,19.0,18.0,46.0,139.0,7.12,28.0,22.0,95.0,13.0,13.0,73.0,81.16,62.97,0.56,0.55,0.56
8483452,2025,Hunter Haight,MIN,C,5on5,9,5548.0,117.0,1.1,1.0,1.0,0.0,2.0,12.0,1.9,10.0,1.0,4.0,2.0,1.0,2.0,4.88,4.57,0.52,0.47,0.49
8482105,2025,Jake Sanderson,OTT,D,5on5,67,69905.0,1587.0,67.08,8.0,10.0,7.0,25.0,90.0,4.67,20.0,24.0,65.0,4.0,9.0,79.0,52.67,38.36,0.58,0.56,0.58
8481704,2025,Juuso Parssinen,NYR,C,5on5,20,10526.0,258.0,2.01,2.0,0.0,1.0,3.0,16.0,1.5,28.0,3.0,9.0,5.0,3.0,9.0,3.9,5.8,0.4,0.43,0.4
8477380,2025,Jonny Brodzinski,NYR,C,5on5,55,34598.0,783.0,13.87,6.0,4.0,4.0,14.0,57.0,6.98,46.0,12.0,19.0,6.0,8.0,19.0,22.62,25.89,0.47,0.47,0.47
8475179,2025,Dmitry Kulikov,FLA,D,5on5,19,18257.0,380.0,2.38,0.0,0.0,0.0,0.0,14.0,0.46,20.0,4.0,17.0,5.0,1.0,11.0,11.58,14.17,0.45,0.52,0.5
8483513,2025,Reid Schaefer,NSH,L,5on5,47,26762.0,601.0,2.26,6.0,1.0,1.0,8.0,39.0,4.06,108.0,4.0,18.0,7.0,8.0,30.0,14.24,19.64,0.42,0.43,0.41
8475172,2025,Nazem Kadri,COL,C,5on5,77,68009.0,1429.0,57.16,11.0,10.0,8.0,29.0,153.0,14.94,46.0,15.0,59.0,9.0,25.0,27.0,51.98,50.96,0.51,0.53,0.51
8475171,2025,Oliver Ekman-Larsson,TOR,D,5on5,78,83279.0,1939.0,25.95,8.0,8.0,9.0,25.0,87.0,4.4,82.0,13.0,99.0,28.0,15.0,62.0,53.77,61.99,0.46,0.47,0.47
8478042,2025,Viktor Arvidsson,BOS,L,5on5,69,49935.0,1057.0,55.93,18.0,12.0,12.0,42.0,138.0,14.43,23.0,14.0,52.0,8.0,13.0,32.0,35.67,37.25,0.49,0.5,0.51
8481525,2025,Matthew Robertson,NYR,D,5on5,72,67363.0,1452.0,16.63,5.0,5.0,7.0,17.0,77.0,2.94,96.0,9.0,50.0,18.0,4.0,60.0,42.1,44.25,0.49,0.49,0.49
8477506,2025,Ryan Pulock,NYI,D,5on5,76,77967.0,1751.0,24.13,3.0,9.0,11.0,23.0,84.0,3.01,49.0,25.0,67.0,7.0,2.0,107.0,51.93,58.81,0.47,0.47,0.48
8478047,2025,Michael Bunting,DAL,L,5on5,74,54396.0,1135.0,37.25,8.0,12.0,2.0,22.0,105.0,12.55,44.0,12.0,51.0,10.0,25.0,25.0,42.54,39.23,0.52,0.52,0.5
8479371,2025,Dante Fabbro,CBJ,D,5on5,74,65498.0,1286.0,9.35,4.0,5.0,1.0,10.0,64.0,1.87,58.0,18.0,56.0,15.0,12.0,101.0,45.1,47.15,0.49,0.47,0.47
8475795,2025,Dylan McIlrath,WSH,D,5on5,13,7105.0,158.0,-0.82,0.0,0.0,0.0,0.0,4.0,0.17,26.0,0.0,7.0,2.0,2.0,9.0,3.62,3.44,0.51,0.42,0.43
8482804,2025,Ty Murchison,PHI,D,5on5,3,2525.0,57.0,0.07,0.0,0.0,0.0,0.0,1.0,0.02,5.0,0.0,3.0,0.0,0.0,1.0,1.26,0.81,0.61,0.45,0.5
8482730,2025,Brandt Clarke,LAK,D,5on5,82,83367.0,1647.0,62.47,4.0,18.0,3.0,25.0,116.0,4.72,27.0,23.0,86.0,25.0,16.0,170.0,59.9,50.35,0.54,0.54,0.56
8476979,2025,Erik Gustafsson,DET,D,5on5,2,1888.0,39.0,-0.42,0.0,0.0,0.0,0.0,2.0,0.03,2.0,1.0,2.0,1.0,0.0,1.0,1.29,2.06,0.39,0.46,0.47
8481559,2025,Jack Hughes,NJD,C,5on5,61,62302.0,1132.0,82.35,18.0,10.0,7.0,35.0,157.0,15.26,2.0,26.0,98.0,4.0,15.0,28.0,49.76,42.1,0.54,0.56,0.55
8476331,2025,Dylan DeMelo,WPG,D,5on5,82,89791.0,1874.0,21.45,3.0,4.0,9.0,16.0,69.0,2.75,105.0,22.0,78.0,19.0,12.0,88.0,62.71,59.97,0.51,0.5,0.51
8475791,2025,Taylor Hall,CAR,L,5on5,80,60730.0,1247.0,66.84,14.0,14.0,9.0,37.0,109.0,13.24,49.0,20.0,60.0,15.0,23.0,30.0,55.61,41.22,0.57,0.6,0.58
8475762,2025,Derek Forbort,VAN,D,5on5,2,1293.0,29.0,-0.53,0.0,0.0,0.0,0.0,1.0,0.07,2.0,0.0,5.0,1.0,0.0,2.0,0.38,1.54,0.2,0.26,0.28
8481715,2025,Hunter Skinner,STL,D,5on5,1,645.0,16.0,0.0,0.0,0.0,0.0,0.0,0.0,0.0,4.0,0.0,0.0,0.0,0.0,1.0,0.27,0.47,0.36,0.36,0.36
8474149,2025,Evgenii Dadonov,NJD,L,5on5,24,14236.0,323.0,-1.28,1.0,0.0,0.0,1.0,20.0,1.48,7.0,2.0,15.0,1.0,4.0,12.0,6.82,13.21,0.34,0.42,0.41
8475764,2025,Cam Fowler,STL,D,5on5,82,86895.0,1796.0,25.07,3.0,7.0,8.0,18.0,72.0,3.14,9.0,17.0,54.0,7.0,3.0,54.0,58.5,63.43,0.48,0.49,0.48
8483728,2025,Jared Davidson,MTL,C,5on5,10,5218.0,117.0,-0.34,0.0,0.0,1.0,1.0,9.0,1.13,18.0,1.0,5.0,5.0,2.0,1.0,2.88,3.19,0.47,0.47,0.46
8476891,2025,Matt Grzelcyk,CHI,D,5on5,68,61869.0,1324.0,8.7,0.0,6.0,1.0,7.0,60.0,1.62,25.0,19.0,41.0,10.0,4.0,51.0,41.77,49.34,0.46,0.47,0.47
8484214,2025,Luca Pinelli,CBJ,C,5on5,3,2268.0,47.0,0.7,0.0,0.0,0.0,0.0,4.0,0.32,2.0,0.0,2.0,0.0,0.0,1.0,2.1,2.18,0.49,0.53,0.52
8475166,2025,John Tavares,TOR,C,5on5,82,71025.0,1501.0,60.8,15.0,10.0,14.0,39.0,121.0,17.87,66.0,16.0,63.0,11.0,15.0,22.0,49.93,50.49,0.5,0.48,0.48
8476483,2025,Rickard Rakell,PIT,R,5on5,60,51154.0,1046.0,49.37,13.0,8.0,5.0,26.0,107.0,14.34,62.0,20.0,45.0,3.0,8.0,40.0,38.11,39.04,0.49,0.5,0.5
8476952,2025,Dominic Toninato,CHI,C,5on5,8,4341.0,104.0,1.94,0.0,1.0,0.0,1.0,8.0,0.88,12.0,2.0,2.0,3.0,1.0,1.0,2.07,2.15,0.49,0.57,0.55
8477971,2025,Andreas Englund,NSH,D,5on5,3,1584.0,37.0,0.85,0.0,0.0,0.0,0.0,2.0,0.07,4.0,0.0,2.0,1.0,1.0,1.0,1.6,0.85,0.65,0.68,0.68
8479368,2025,Max Jones,EDM,L,5on5,21,10503.0,267.0,6.85,3.0,2.0,0.0,5.0,22.0,2.14,56.0,5.0,8.0,2.0,3.0,3.0,6.61,4.73,0.58,0.53,0.55
8479369,2025,Andrew Peeke,BOS,D,5on5,77,76317.0,1555.0,14.4,4.0,3.0,6.0,13.0,75.0,2.57,102.0,7.0,56.0,10.0,6.0,113.0,44.9,59.2,0.43,0.48,0.48
8484529,2025,Connor Clattenburg,EDM,C,5on5,5,2129.0,49.0,0.88,1.0,0.0,0.0,1.0,3.0,0.87,17.0,0.0,4.0,5.0,4.0,3.0,1.75,0.91,0.66,0.46,0.49
8479365,2025,Trent Frederic,EDM,C,5on5,74,48266.0,1072.0,6.14,4.0,2.0,1.0,7.0,77.0,9.87,191.0,9.0,35.0,12.0,16.0,22.0,31.76,30.42,0.51,0.47,0.49
8482089,2025,Jake Neighbours,STL,L,5on5,69,52390.0,1191.0,31.3,13.0,8.0,6.0,27.0,71.0,10.5,146.0,13.0,38.0,19.0,15.0,34.0,34.88,32.47,0.52,0.49,0.49
8475913,2025,Mark Stone,VGK,R,5on5,60,49601.0,1002.0,75.89,14.0,12.0,7.0,33.0,81.0,10.89,28.0,24.0,60.0,3.0,13.0,35.0,38.13,26.13,0.59,0.56,0.57
8478469,2025,Thomas Chabot,OTT,D,5on5,57,60496.0,1246.0,38.02,4.0,9.0,4.0,17.0,69.0,3.31,32.0,19.0,54.0,10.0,6.0,86.0,45.98,39.72,0.54,0.52,0.53
8477435,2025,Ryan Graves,PIT,D,5on5,22,19369.0,384.0,4.47,1.0,0.0,0.0,1.0,21.0,1.05,23.0,7.0,19.0,5.0,3.0,37.0,12.56,11.1,0.53,0.52,0.54
8482877,2025,Jaroslav Chmelar,NYR,R,5on5,28,15217.0,346.0,5.69,4.0,0.0,2.0,6.0,22.0,2.42,53.0,6.0,4.0,4.0,8.0,16.0,10.41,9.67,0.52,0.47,0.47
8478463,2025,Anthony Beauvillier,WSH,R,5on5,82,67939.0,1391.0,30.73,14.0,4.0,5.0,23.0,135.0,16.81,91.0,14.0,39.0,11.0,10.0,38.0,53.73,53.69,0.5,0.49,0.49
8484145,2025,Zach Benson,BUF,L,5on5,65,50381.0,1116.0,46.09,8.0,12.0,10.0,30.0,89.0,12.29,40.0,20.0,44.0,16.0,20.0,15.0,40.99,35.7,0.53,0.52,0.53
8480829,2025,Jesperi Kotkaniemi,CAR,C,5on5,42,27383.0,576.0,15.17,2.0,4.0,3.0,9.0,40.0,4.51,62.0,3.0,31.0,3.0,9.0,16.0,16.76,17.33,0.49,0.55,0.54
8484180,2025,Samuel Honzek,CGY,L,5on5,18,11622.0,292.0,6.86,1.0,0.0,2.0,3.0,21.0,2.15,34.0,1.0,9.0,1.0,2.0,5.0,7.73,5.87,0.57,0.56,0.58
8480825,2025,Patrick Giles,SJS,R,5on5,3,1525.0,35.0,0.63,0.0,0.0,1.0,1.0,2.0,0.02,3.0,0.0,1.0,0.0,0.0,2.0,0.88,1.23,0.41,0.42,0.36
8480068,2025,Ryan Poehling,ANA,C,5on5,75,53964.0,1222.0,35.63,8.0,16.0,5.0,29.0,79.0,8.5,43.0,13.0,37.0,5.0,12.0,59.0,37.72,41.32,0.48,0.49,0.49
8484938,2025,Arttu Hyry,DAL,R,5on5,20,11376.0,250.0,5.06,2.0,1.0,1.0,4.0,22.0,2.66,30.0,2.0,11.0,1.0,1.0,5.0,6.51,8.1,0.45,0.47,0.47
8478178,2025,Darren Raddysh,TBL,D,5on5,73,74931.0,1405.0,84.5,9.0,13.0,10.0,32.0,139.0,5.22,61.0,11.0,60.0,20.0,9.0,55.0,62.62,48.32,0.56,0.57,0.56
8482476,2025,Emil Heineman,NYI,L,5on5,82,66825.0,1382.0,37.99,16.0,3.0,3.0,22.0,130.0,14.58,231.0,7.0,45.0,8.0,10.0,45.0,45.07,53.64,0.46,0.5,0.49
8475692,2025,Mats Zuccarello,MIN,R,5on5,59,51644.0,944.0,46.79,7.0,15.0,9.0,31.0,80.0,9.37,15.0,10.0,49.0,9.0,12.0,23.0,39.78,33.77,0.54,0.5,0.51
8483432,2025,Luca Del Bel Belluz,CBJ,C,5on5,14,7437.0,163.0,-0.31,0.0,0.0,1.0,1.0,10.0,0.87,3.0,2.0,1.0,2.0,1.0,10.0,3.43,4.84,0.41,0.43,0.45
8476889,2025,Radek Faksa,DAL,C,5on5,58,32770.0,756.0,12.19,0.0,8.0,5.0,13.0,32.0,4.76,74.0,13.0,17.0,6.0,8.0,33.0,15.23,18.15,0.46,0.45,0.45
8483531,2025,Brian Halonen,NJD,L,5on5,15,6823.0,155.0,-0.04,1.0,0.0,1.0,2.0,7.0,0.77,28.0,3.0,5.0,3.0,1.0,2.0,2.21,4.11,0.35,0.42,0.45
8479410,2025,Mikhail Sergachev,UTA,D,5on5,78,81135.0,1779.0,60.22,5.0,7.0,14.0,26.0,98.0,4.23,32.0,26.0,81.0,20.0,11.0,82.0,59.09,59.58,0.5,0.53,0.52
8477996,2025,Juho Lammikko,NJD,C,5on5,24,14057.0,320.0,-0.99,0.0,2.0,0.0,2.0,15.0,2.36,40.0,2.0,4.0,2.0,0.0,14.0,6.86,10.02,0.41,0.42,0.42
8478550,2025,Artemi Panarin,LAK,L,5on5,78,77618.0,1589.0,88.71,21.0,15.0,16.0,52.0,134.0,11.24,11.0,19.0,85.0,9.0,17.0,14.0,53.32,49.69,0.52,0.54,0.54
8481167,2025,Brayden Pachal,CGY,D,5on5,39,30357.0,760.0,7.03,1.0,2.0,4.0,7.0,29.0,1.1,86.0,7.0,31.0,12.0,9.0,35.0,21.86,19.68,0.53,0.49,0.5
8481725,2025,Elmer Soderblom,PIT,L,5on5,59,38034.0,834.0,12.95,7.0,4.0,2.0,13.0,69.0,7.93,98.0,13.0,46.0,10.0,14.0,17.0,25.99,25.45,0.51,0.48,0.48
8484166,2025,Adam Fantilli,CBJ,C,5on5,82,76018.0,1433.0,62.81,14.0,10.0,10.0,34.0,144.0,17.48,137.0,23.0,82.0,12.0,19.0,45.0,59.66,54.49,0.52,0.52,0.52
8477851,2025,Jordan Oesterle,NSH,D,5on5,1,845.0,18.0,-0.2,0.0,0.0,0.0,0.0,0.0,0.06,1.0,0.0,0.0,0.0,0.0,2.0,0.57,0.43,0.57,0.44,0.4
8477409,2025,Carter Verhaeghe,FLA,C,5on5,77,65470.0,1373.0,62.07,16.0,13.0,9.0,38.0,128.0,13.44,61.0,21.0,52.0,9.0,10.0,21.0,51.6,49.88,0.51,0.55,0.52
8476462,2025,Dougie Hamilton,NJD,D,5on5,77,79303.0,1609.0,51.52,6.0,5.0,6.0,17.0,150.0,6.25,77.0,10.0,101.0,21.0,4.0,65.0,59.14,52.86,0.53,0.54,0.54
8484188,2025,Theo Lindstein,STL,D,5on5,17,15395.0,341.0,6.75,2.0,1.0,1.0,4.0,20.0,1.45,8.0,1.0,9.0,3.0,1.0,14.0,12.02,9.71,0.55,0.53,0.52
8482911,2025,Joel Nystrom,CAR,D,5on5,38,31455.0,731.0,21.63,1.0,7.0,2.0,10.0,40.0,1.5,8.0,3.0,30.0,3.0,1.0,17.0,31.33,19.64,0.61,0.6,0.57
8476467,2025,Jamie Oleksiak,SEA,D,5on5,78,70633.0,1377.0,11.13,5.0,2.0,6.0,13.0,75.0,3.05,100.0,16.0,65.0,14.0,6.0,83.0,39.69,45.49,0.47,0.46,0.46
8479550,2025,Tanner Laczynski,VGK,C,5on5,10,6026.0,131.0,4.33,0.0,3.0,1.0,4.0,12.0,1.39,2.0,3.0,5.0,1.0,2.0,4.0,3.13,3.52,0.47,0.49,0.49
8477407,2025,Anthony Duclair,NYI,L,5on5,62,43238.0,922.0,18.03,8.0,8.0,5.0,21.0,57.0,5.47,9.0,9.0,27.0,4.0,6.0,40.0,26.02,37.3,0.41,0.44,0.44
8477406,2025,Mattias Janmark,EDM,C,5on5,43,26388.0,578.0,2.55,1.0,1.0,4.0,6.0,23.0,3.67,10.0,5.0,14.0,5.0,4.0,11.0,16.97,18.62,0.48,0.46,0.46
8477969,2025,Marcus Pettersson,VAN,D,5on5,82,88603.0,1759.0,-0.8,2.0,3.0,10.0,15.0,60.0,2.61,72.0,13.0,76.0,22.0,8.0,102.0,49.69,64.24,0.44,0.44,0.44
8482659,2025,Josh Doan,BUF,R,5on5,82,61883.0,1449.0,56.65,15.0,12.0,6.0,33.0,131.0,17.44,74.0,44.0,52.0,10.0,21.0,30.0,50.53,43.27,0.54,0.52,0.52
8477541,2025,Dakota Mermis,TOR,D,5on5,11,8145.0,201.0,0.33,1.0,0.0,0.0,1.0,5.0,0.19,8.0,2.0,8.0,4.0,3.0,9.0,5.63,5.11,0.52,0.47,0.48
8475235,2025,Nicolas Deslauriers,CAR,L,5on5,31,15738.0,355.0,1.61,0.0,1.0,1.0,2.0,18.0,1.61,121.0,3.0,10.0,10.0,6.0,8.0,7.47,7.1,0.51,0.49,0.51
8476879,2025,Cody Ceci,LAK,D,5on5,82,74734.0,1499.0,15.18,1.0,1.0,6.0,8.0,58.0,2.52,33.0,11.0,60.0,6.0,0.0,89.0,50.43,48.0,0.51,0.51,0.5
8476873,2025,Mark Jankowski,CAR,L,5on5,68,39520.0,911.0,33.11,10.0,4.0,3.0,17.0,59.0,10.39,44.0,10.0,33.0,7.0,3.0,36.0,32.5,21.58,0.6,0.59,0.6
8485702,2025,Max Shabanov,NYI,R,5on5,44,30840.0,642.0,11.83,5.0,6.0,2.0,13.0,47.0,5.17,27.0,8.0,31.0,0.0,4.0,16.0,19.52,26.63,0.42,0.44,0.46
8479425,2025,Filip Hronek,VAN,D,5on5,82,96814.0,1823.0,43.18,2.0,9.0,10.0,21.0,98.0,4.07,105.0,30.0,92.0,14.0,7.0,77.0,64.69,74.09,0.47,0.5,0.49
8480246,2025,Nick Perbix,NSH,D,5on5,79,74232.0,1564.0,9.77,3.0,2.0,6.0,11.0,69.0,3.46,28.0,18.0,86.0,8.0,5.0,71.0,48.89,58.46,0.46,0.48,0.45
8484958,2025,Maxim Tsyplakov,NJD,R,5on5,49,26173.0,583.0,4.08,2.0,2.0,0.0,4.0,42.0,4.0,82.0,8.0,28.0,3.0,4.0,8.0,15.62,17.2,0.48,0.5,0.52
8482148,2025,Hendrix Lapierre,WSH,C,5on5,74,38277.0,854.0,20.22,4.0,5.0,6.0,15.0,52.0,8.65,49.0,7.0,32.0,8.0,8.0,22.0,30.08,24.32,0.55,0.54,0.55
8478396,2025,Noah Hanifin,VGK,D,5on5,71,82961.0,1727.0,42.37,2.0,6.0,12.0,20.0,116.0,4.03,32.0,32.0,90.0,5.0,1.0,88.0,59.7,46.99,0.56,0.54,0.54
8479638,2025,Justin Brazeau,PIT,R,5on5,64,43992.0,936.0,33.82,13.0,9.0,5.0,27.0,89.0,11.29,89.0,12.0,39.0,7.0,10.0,44.0,32.5,31.69,0.51,0.49,0.49
8479639,2025,Dylan Coghlan,VGK,D,5on5,3,2639.0,58.0,0.45,0.0,0.0,0.0,0.0,2.0,0.1,4.0,0.0,2.0,1.0,0.0,4.0,1.75,1.71,0.51,0.51,0.51
8478010,2025,Brayden Point,TBL,C,5on5,63,51738.0,1098.0,51.9,12.0,17.0,9.0,38.0,77.0,9.45,7.0,13.0,33.0,6.0,9.0,22.0,38.46,36.38,0.51,0.52,0.52
8484403,2025,Florian Xhekaj,MTL,L,5on5,5,2879.0,63.0,-0.05,0.0,1.0,0.0,1.0,4.0,0.28,9.0,0.0,4.0,2.0,1.0,4.0,0.92,1.28,0.42,0.38,0.36
8480009,2025,Eeli Tolvanen,SEA,R,5on5,78,59757.0,1356.0,22.44,5.0,7.0,4.0,16.0,93.0,9.03,176.0,16.0,43.0,11.0,9.0,67.0,29.62,44.87,0.4,0.43,0.43
8479022,2025,Rodrigo Abols,PHI,C,5on5,42,24519.0,549.0,6.36,2.0,3.0,3.0,8.0,40.0,4.54,48.0,10.0,14.0,8.0,6.0,20.0,10.42,15.33,0.4,0.44,0.44
8481580,2025,Connor McMichael,WSH,L,5on5,78,59590.0,1370.0,37.07,10.0,17.0,9.0,36.0,105.0,13.07,41.0,22.0,50.0,11.0,6.0,38.0,43.51,48.62,0.47,0.47,0.47
8479383,2025,Boris Katchouk,TBL,L,5on5,3,1877.0,41.0,0.75,0.0,0.0,0.0,0.0,0.0,0.15,5.0,0.0,0.0,0.0,0.0,2.0,2.04,0.76,0.73,0.6,0.62
8477497,2025,Sean Monahan,CBJ,C,5on5,78,59981.0,1318.0,41.84,7.0,6.0,5.0,18.0,98.0,12.0,42.0,19.0,42.0,4.0,11.0,22.0,47.88,43.89,0.52,0.52,0.51
8478046,2025,Danton Heinen,CBJ,L,5on5,46,29888.0,677.0,15.98,6.0,3.0,2.0,11.0,43.0,5.79,54.0,9.0,21.0,8.0,4.0,22.0,20.47,14.59,0.58,0.53,0.54
8481607,2025,Albert Johansson,DET,D,5on5,82,69003.0,1519.0,6.77,2.0,3.0,4.0,9.0,59.0,2.62,49.0,19.0,52.0,8.0,13.0,73.0,42.57,48.8,0.47,0.46,0.46
8475200,2025,Dmitry Orlov,SJS,D,5on5,82,85577.0,1590.0,31.47,2.0,8.0,7.0,17.0,70.0,3.07,114.0,18.0,95.0,22.0,13.0,63.0,62.24,60.76,0.51,0.51,0.49
8478882,2025,Vladislav Gavrikov,NYR,D,5on5,82,96321.0,1846.0,34.72,10.0,6.0,9.0,25.0,97.0,4.82,41.0,18.0,93.0,22.0,5.0,81.0,63.59,62.94,0.5,0.5,0.49
8480840,2025,Oskar Bck,DAL,C,5on5,72,43083.0,947.0,12.8,4.0,2.0,5.0,11.0,34.0,5.73,29.0,12.0,36.0,4.0,7.0,25.0,25.86,22.75,0.53,0.49,0.5
8479533,2025,Joona Koppanen,PIT,L,5on5,13,8174.0,186.0,0.59,0.0,0.0,1.0,1.0,7.0,0.77,11.0,3.0,4.0,1.0,1.0,3.0,5.31,6.24,0.46,0.49,0.49
8484386,2025,Dmitri Simashev,UTA,D,5on5,28,24506.0,543.0,-0.1,0.0,1.0,0.0,1.0,26.0,1.02,14.0,1.0,30.0,5.0,2.0,26.0,16.16,18.21,0.47,0.47,0.49
8480259,2025,Ben Jones,MIN,C,5on5,28,14042.0,304.0,-1.53,1.0,0.0,2.0,3.0,24.0,2.58,58.0,1.0,9.0,0.0,4.0,11.0,8.09,11.33,0.42,0.39,0.4
8484380,2025,Wilmer Skoog,FLA,C,5on5,3,2447.0,54.0,1.9,0.0,2.0,0.0,2.0,4.0,0.21,2.0,0.0,1.0,2.0,1.0,4.0,1.56,1.96,0.44,0.45,0.53
8484223,2025,Axel Sandin-Pellikka,DET,D,5on5,68,56353.0,1192.0,19.2,6.0,4.0,4.0,14.0,59.0,2.52,15.0,5.0,53.0,9.0,5.0,49.0,37.94,44.37,0.46,0.5,0.5
8483482,2025,Tristan Luneau,ANA,D,5on5,1,697.0,16.0,2.05,1.0,0.0,0.0,1.0,2.0,0.32,1.0,0.0,0.0,0.0,0.0,1.0,0.97,0.34,0.74,0.77,0.75
8482176,2025,Wyatt Kaiser,CHI,D,5on5,77,79562.0,1606.0,6.23,6.0,4.0,6.0,16.0,69.0,3.67,42.0,32.0,86.0,16.0,10.0,52.0,46.86,62.24,0.43,0.45,0.44
8476457,2025,Adam Larsson,SEA,D,5on5,82,89608.0,1684.0,13.1,7.0,10.0,8.0,25.0,101.0,3.63,106.0,15.0,48.0,21.0,2.0,133.0,55.02,69.35,0.44,0.45,0.45
8478841,2025,Colton White,NJD,D,5on5,23,16693.0,384.0,3.15,0.0,0.0,3.0,3.0,14.0,0.42,23.0,4.0,21.0,1.0,2.0,15.0,9.22,10.04,0.48,0.47,0.48
8482074,2025,Connor Zary,CGY,C,5on5,74,54902.0,1180.0,26.84,9.0,3.0,5.0,17.0,88.0,10.94,45.0,12.0,36.0,8.0,14.0,16.0,36.39,39.88,0.48,0.5,0.49
8476392,2025,Adam Lowry,WPG,C,5on5,70,52781.0,1218.0,23.99,4.0,8.0,6.0,18.0,64.0,9.64,138.0,10.0,33.0,9.0,10.0,31.0,32.41,35.61,0.48,0.51,0.51
8480990,2025,Declan Chisholm,WSH,D,5on5,26,20504.0,392.0,6.75,1.0,3.0,3.0,7.0,19.0,0.59,11.0,4.0,27.0,2.0,4.0,22.0,13.92,18.3,0.43,0.48,0.47
8482072,2025,Jack Ahcan,COL,D,5on5,11,7572.0,172.0,4.82,0.0,1.0,1.0,2.0,9.0,0.42,6.0,0.0,6.0,1.0,0.0,6.0,8.22,5.04,0.62,0.6,0.58
8482073,2025,Braden Schneider,NYR,D,5on5,82,85297.0,1704.0,13.4,2.0,9.0,6.0,17.0,95.0,3.47,148.0,19.0,83.0,12.0,5.0,109.0,47.67,61.5,0.44,0.46,0.45
8482078,2025,Lucas Raymond,DET,L,5on5,80,68730.0,1490.0,69.48,16.0,15.0,6.0,37.0,116.0,11.38,40.0,27.0,61.0,7.0,25.0,24.0,45.13,47.91,0.49,0.51,0.51
8477903,2025,Garnet Hathaway,PHI,R,5on5,66,36186.0,878.0,1.6,1.0,0.0,2.0,3.0,31.0,3.39,242.0,5.0,31.0,18.0,19.0,45.0,16.88,18.28,0.48,0.45,0.47
8478859,2025,Niko Mikkola,FLA,D,5on5,68,70462.0,1518.0,17.9,3.0,3.0,5.0,11.0,59.0,3.45,99.0,13.0,65.0,17.0,12.0,63.0,46.99,48.55,0.49,0.52,0.51
8479325,2025,Charlie McAvoy,BOS,D,5on5,69,72350.0,1445.0,53.87,8.0,13.0,9.0,30.0,83.0,5.99,66.0,22.0,75.0,21.0,20.0,91.0,52.35,55.66,0.48,0.49,0.5
8478427,2025,Sebastian Aho,CAR,C,5on5,79,65306.0,1344.0,95.63,14.0,15.0,7.0,36.0,122.0,14.56,54.0,21.0,76.0,17.0,15.0,18.0,57.16,44.03,0.56,0.62,0.6
8474037,2025,James van Riemsdyk,DET,L,5on5,72,41399.0,963.0,25.91,8.0,5.0,7.0,20.0,65.0,9.25,13.0,8.0,34.0,6.0,9.0,28.0,27.7,29.96,0.48,0.47,0.48
8478500,2025,Ivan Provorov,CBJ,D,5on5,82,97505.0,1737.0,40.8,8.0,7.0,7.0,22.0,130.0,5.83,27.0,24.0,102.0,13.0,7.0,99.0,71.24,65.64,0.52,0.5,0.49
8481604,2025,Pavel Dorofeyev,VGK,R,5on5,82,66676.0,1355.0,76.24,15.0,11.0,6.0,32.0,140.0,14.52,26.0,13.0,55.0,11.0,8.0,26.0,47.11,37.41,0.56,0.56,0.55
8479992,2025,Michael Rasmussen,DET,C,5on5,64,40958.0,958.0,9.95,3.0,5.0,2.0,10.0,54.0,7.4,64.0,6.0,27.0,3.0,4.0,46.0,25.71,28.3,0.48,0.45,0.46
8471675,2025,Sidney Crosby,PIT,C,5on5,68,61928.0,1277.0,67.35,16.0,16.0,11.0,43.0,99.0,10.75,55.0,21.0,62.0,15.0,14.0,28.0,45.78,46.48,0.5,0.5,0.51
8479442,2025,Troy Stecher,TOR,D,5on5,64,64261.0,1466.0,5.95,2.0,5.0,6.0,13.0,59.0,2.59,24.0,11.0,69.0,10.0,6.0,66.0,41.97,50.73,0.45,0.45,0.45
8478233,2025,Andrew Mangiapane,CHI,L,5on5,62,44096.0,959.0,13.43,7.0,5.0,2.0,14.0,53.0,7.38,65.0,8.0,35.0,11.0,13.0,26.0,25.46,29.19,0.47,0.49,0.48
8481568,2025,Alex Vlasic,CHI,D,5on5,80,85063.0,1696.0,10.6,2.0,9.0,7.0,18.0,78.0,2.73,25.0,18.0,81.0,7.0,6.0,94.0,48.22,71.3,0.4,0.45,0.44
8475810,2025,Bryan Rust,PIT,R,5on5,72,61982.0,1305.0,60.67,17.0,10.0,6.0,33.0,114.0,14.27,27.0,8.0,61.0,11.0,11.0,48.0,44.4,48.22,0.48,0.49,0.49
8476927,2025,Teddy Blueger,VAN,C,5on5,35,29839.0,637.0,7.72,5.0,2.0,5.0,12.0,40.0,4.75,53.0,8.0,26.0,8.0,3.0,15.0,16.54,24.55,0.4,0.44,0.43
8477499,2025,Rasmus Ristolainen,PHI,D,5on5,44,46380.0,1006.0,13.75,0.0,4.0,5.0,9.0,42.0,2.52,43.0,9.0,35.0,5.0,10.0,47.0,31.19,29.5,0.51,0.48,0.48
8481562,2025,Domenick Fensore,CAR,D,5on5,1,1086.0,24.0,-0.7,0.0,0.0,0.0,0.0,2.0,0.04,1.0,0.0,0.0,0.0,0.0,3.0,0.17,1.44,0.11,0.28,0.27
8481560,2025,Arthur Kaliyev,OTT,R,5on5,2,1134.0,24.0,1.15,0.0,0.0,0.0,0.0,3.0,0.3,0.0,0.0,1.0,0.0,0.0,0.0,1.41,1.52,0.48,0.56,0.53
8477939,2025,William Nylander,TOR,R,5on5,65,60020.0,1241.0,63.91,17.0,18.0,9.0,44.0,104.0,10.71,11.0,25.0,56.0,7.0,9.0,20.0,42.0,46.25,0.48,0.48,0.48
8482206,2025,Ethan Cardwell,SJS,R,5on5,7,4782.0,106.0,-0.35,1.0,0.0,0.0,1.0,6.0,0.9,9.0,3.0,5.0,1.0,0.0,1.0,2.54,4.99,0.34,0.43,0.38
8475191,2025,Reilly Smith,VGK,R,5on5,69,50302.0,1086.0,26.59,11.0,6.0,4.0,21.0,81.0,7.86,23.0,9.0,56.0,2.0,7.0,12.0,32.56,34.21,0.49,0.51,0.51
8475343,2025,Nic Dowd,VGK,C,5on5,75,53941.0,1199.0,16.19,4.0,1.0,11.0,16.0,60.0,7.64,136.0,15.0,38.0,24.0,17.0,34.0,30.73,36.31,0.46,0.49,0.49
8484304,2025,Uvis Balinskis,FLA,D,5on5,54,46153.0,1006.0,16.3,2.0,4.0,3.0,9.0,48.0,2.36,68.0,15.0,29.0,13.0,10.0,34.0,28.35,34.17,0.45,0.51,0.49
8485395,2025,James Hagens,BOS,C,5on5,2,1746.0,37.0,0.54,0.0,0.0,1.0,1.0,2.0,0.17,1.0,3.0,3.0,1.0,0.0,0.0,0.74,0.59,0.56,0.47,0.51
8485402,2025,Michael Misa,SJS,C,5on5,45,30883.0,634.0,18.55,6.0,2.0,8.0,16.0,49.0,6.23,14.0,7.0,25.0,5.0,5.0,23.0,23.37,23.62,0.5,0.5,0.48
8481848,2025,Jacob Gaucher,PHI,C,5on5,4,2014.0,44.0,0.53,0.0,0.0,0.0,0.0,4.0,0.28,3.0,0.0,3.0,0.0,1.0,1.0,0.76,1.1,0.41,0.54,0.58
8482684,2025,Luke Hughes,NJD,D,5on5,68,78199.0,1433.0,43.6,4.0,7.0,8.0,19.0,117.0,6.07,19.0,25.0,89.0,15.0,7.0,42.0,56.83,56.02,0.5,0.54,0.53
8481004,2025,Josiah Slavin,CAR,L,5on5,2,1547.0,32.0,0.3,0.0,0.0,0.0,0.0,0.0,0.14,1.0,1.0,0.0,1.0,0.0,1.0,0.89,0.82,0.52,0.6,0.57
8480336,2025,Sean Walker,CAR,D,5on5,81,88882.0,1830.0,70.07,7.0,6.0,10.0,23.0,164.0,6.91,112.0,31.0,86.0,24.0,13.0,98.0,74.05,54.18,0.58,0.61,0.61
8478452,2025,Caleb Jones,PIT,D,5on5,7,6420.0,125.0,0.38,0.0,1.0,0.0,1.0,5.0,0.21,10.0,1.0,4.0,0.0,1.0,13.0,5.11,5.81,0.47,0.42,0.44
8481481,2025,Blake Lizotte,PIT,C,5on5,55,36610.0,819.0,21.33,4.0,4.0,6.0,14.0,42.0,5.57,45.0,6.0,29.0,10.0,9.0,20.0,26.77,24.72,0.52,0.53,0.53
8479323,2025,Adam Fox,NYR,D,5on5,55,61553.0,1238.0,56.08,2.0,8.0,12.0,22.0,60.0,3.32,24.0,26.0,56.0,8.0,7.0,64.0,48.9,35.98,0.58,0.56,0.54
8480874,2025,Adam Ginning,PHI,D,5on5,5,3945.0,86.0,-1.15,0.0,0.0,0.0,0.0,2.0,0.08,4.0,0.0,5.0,0.0,0.0,3.0,1.39,2.24,0.38,0.35,0.3
8475745,2025,Charlie Coyle,CBJ,C,5on5,82,64210.0,1406.0,58.73,11.0,19.0,10.0,40.0,102.0,15.12,97.0,23.0,46.0,7.0,18.0,34.0,49.49,41.32,0.55,0.5,0.51
8476425,2025,Joseph LaBate,VAN,C,5on5,1,572.0,16.0,-0.1,0.0,0.0,0.0,0.0,2.0,0.36,6.0,0.0,0.0,0.0,0.0,2.0,0.51,0.33,0.61,0.42,0.47
8482110,2025,Dawson Mercer,NJD,C,5on5,82,70309.0,1431.0,47.6,8.0,10.0,7.0,25.0,105.0,13.67,25.0,22.0,70.0,8.0,9.0,33.0,51.0,45.95,0.53,0.53,0.53
8483468,2025,Jiri Kulich,BUF,C,5on5,12,9977.0,234.0,5.18,2.0,1.0,1.0,4.0,12.0,1.23,9.0,1.0,9.0,2.0,4.0,10.0,6.47,6.94,0.48,0.5,0.49
8475461,2025,Andrew Agozzino,UTA,L,5on5,2,716.0,19.0,-0.21,0.0,0.0,0.0,0.0,0.0,0.01,4.0,1.0,1.0,0.0,1.0,1.0,0.44,0.49,0.47,0.28,0.42
8482094,2025,Daemon Hunt,MIN,D,5on5,32,21303.0,467.0,-1.42,0.0,2.0,3.0,5.0,17.0,0.71,21.0,2.0,13.0,3.0,3.0,38.0,11.57,15.7,0.42,0.38,0.39
8482691,2025,Aatu Rty,VAN,C,5on5,66,43018.0,1035.0,12.55,4.0,6.0,4.0,14.0,60.0,7.24,159.0,8.0,28.0,10.0,6.0,14.0,25.76,33.17,0.44,0.48,0.47
8481593,2025,Jayden Struble,MTL,D,5on5,59,48019.0,949.0,10.85,2.0,5.0,4.0,11.0,23.0,1.33,113.0,13.0,47.0,16.0,8.0,30.0,31.49,34.44,0.48,0.5,0.5
8483466,2025,Kevin Korchinski,CHI,D,5on5,13,10442.0,232.0,0.73,0.0,1.0,1.0,2.0,7.0,0.24,4.0,2.0,13.0,2.0,0.0,13.0,5.42,7.13,0.43,0.47,0.47
8477511,2025,Anthony Mantha,PIT,R,5on5,81,60470.0,1220.0,56.02,25.0,11.0,11.0,47.0,112.0,12.79,52.0,17.0,72.0,19.0,17.0,37.0,45.78,44.95,0.5,0.48,0.49
8480891,2025,Michael Kesselring,BUF,D,5on5,34,25279.0,559.0,3.95,0.0,0.0,2.0,2.0,45.0,1.69,25.0,7.0,38.0,16.0,7.0,34.0,17.55,17.51,0.5,0.49,0.51
8477450,2025,Jason Dickinson,EDM,C,5on5,63,49390.0,1102.0,15.03,6.0,5.0,3.0,14.0,66.0,6.52,84.0,11.0,35.0,10.0,5.0,40.0,29.82,32.6,0.48,0.48,0.49
8477451,2025,Ryan Hartman,MIN,R,5on5,76,66302.0,1182.0,48.62,15.0,10.0,6.0,31.0,135.0,16.28,62.0,22.0,57.0,20.0,30.0,91.0,54.84,46.37,0.54,0.5,0.51
8474578,2025,Erik Karlsson,PIT,D,5on5,75,78455.0,1436.0,71.65,10.0,13.0,9.0,32.0,112.0,5.7,16.0,28.0,84.0,10.0,8.0,48.0,57.8,56.67,0.51,0.54,0.53
8484999,2025,Ilya Protas,WSH,L,5on5,4,3115.0,69.0,2.73,0.0,2.0,0.0,2.0,5.0,0.4,0.0,1.0,1.0,1.0,0.0,2.0,1.71,2.66,0.39,0.46,0.43
8478569,2025,Noel Acciari,PIT,C,5on5,67,43409.0,954.0,27.26,12.0,7.0,4.0,23.0,85.0,10.54,60.0,8.0,18.0,6.0,5.0,42.0,29.69,27.46,0.52,0.49,0.49
8479066,2025,Ryan Lomberg,CGY,L,5on5,57,30644.0,710.0,8.24,4.0,4.0,1.0,9.0,53.0,5.01,129.0,3.0,18.0,12.0,13.0,17.0,16.83,21.86,0.44,0.48,0.49
8482896,2025,Tyson Kozak,BUF,C,5on5,46,27410.0,674.0,0.97,2.0,2.0,0.0,4.0,30.0,3.19,117.0,11.0,28.0,1.0,1.0,31.0,14.53,18.99,0.43,0.42,0.42
8482624,2025,Daniil Miromanov,CGY,D,5on5,1,976.0,28.0,-0.65,0.0,0.0,0.0,0.0,0.0,0.01,0.0,0.0,1.0,0.0,0.0,2.0,0.2,0.92,0.18,0.26,0.23
8482623,2025,Josh Dunne,BUF,C,5on5,34,18897.0,447.0,4.67,1.0,1.0,2.0,4.0,29.0,4.03,40.0,6.0,15.0,11.0,14.0,14.0,11.24,10.91,0.51,0.49,0.5
8477953,2025,Kasperi Kapanen,EDM,R,5on5,41,32360.0,641.0,13.89,7.0,8.0,1.0,16.0,60.0,5.13,72.0,5.0,24.0,6.0,3.0,15.0,18.59,20.79,0.47,0.46,0.49
8483450,2025,Ryan Greene,CHI,C,5on5,80,64120.0,1374.0,13.72,8.0,10.0,4.0,22.0,82.0,10.88,47.0,14.0,43.0,6.0,13.0,34.0,42.34,60.38,0.41,0.44,0.43
8484321,2025,Nikolas Matinpalo,OTT,D,5on5,50,41984.0,1051.0,2.12,0.0,3.0,0.0,3.0,36.0,1.85,49.0,10.0,35.0,8.0,4.0,46.0,28.9,24.88,0.54,0.46,0.46
8480727,2025,Zach Whitecloud,CGY,D,5on5,78,81939.0,1711.0,17.18,2.0,5.0,8.0,15.0,62.0,2.48,113.0,12.0,65.0,15.0,6.0,112.0,50.5,59.19,0.46,0.49,0.48
8484287,2025,Cole McWard,NYI,D,5on5,3,2472.0,47.0,-0.93,0.0,0.0,0.0,0.0,1.0,0.02,4.0,2.0,3.0,0.0,0.0,5.0,1.15,2.34,0.33,0.32,0.38
8481542,2025,Moritz Seider,DET,D,5on5,82,96727.0,1910.0,71.63,6.0,7.0,11.0,24.0,128.0,4.63,107.0,21.0,85.0,23.0,16.0,136.0,70.24,56.84,0.55,0.53,0.55
8477810,2025,Joel Hanley,CGY,D,5on5,68,54757.0,1361.0,16.77,0.0,1.0,6.0,7.0,43.0,1.77,38.0,10.0,53.0,13.0,5.0,73.0,34.68,34.02,0.5,0.54,0.54
8479944,2025,Zachary Aston-Reese,CBJ,L,5on5,27,14594.0,338.0,3.56,1.0,3.0,1.0,5.0,16.0,2.25,76.0,2.0,10.0,6.0,6.0,15.0,7.85,9.2,0.46,0.46,0.45
8483512,2025,Matt Savoie,EDM,C,5on5,82,59894.0,1281.0,37.84,9.0,8.0,8.0,25.0,113.0,15.0,14.0,25.0,47.0,6.0,9.0,34.0,43.53,44.82,0.49,0.5,0.51
8481065,2025,Angus Crookshank,NJD,C,5on5,8,4129.0,90.0,-0.21,0.0,0.0,0.0,0.0,3.0,0.12,5.0,0.0,2.0,2.0,1.0,7.0,1.06,3.57,0.23,0.39,0.38
8478911,2025,Matt Roy,WSH,D,5on5,79,82154.0,1467.0,27.7,2.0,10.0,5.0,17.0,86.0,3.03,98.0,9.0,60.0,6.0,9.0,122.0,58.3,59.05,0.5,0.5,0.51
8479378,2025,Logan Stanley,BUF,D,5on5,76,66696.0,1342.0,18.47,8.0,5.0,6.0,19.0,82.0,3.95,105.0,15.0,61.0,41.0,21.0,64.0,41.06,52.34,0.44,0.47,0.46
8479996,2025,Cody Glass,NJD,C,5on5,70,51015.0,1171.0,32.72,18.0,3.0,2.0,23.0,96.0,11.69,40.0,6.0,34.0,12.0,15.0,33.0,32.37,33.39,0.49,0.52,0.52
8479370,2025,Tyson Jost,NSH,C,5on5,69,45066.0,939.0,14.96,6.0,2.0,5.0,13.0,87.0,8.27,65.0,22.0,31.0,13.0,15.0,25.0,27.69,33.43,0.45,0.49,0.48
8471817,2025,Ryan Reaves,SJS,R,5on5,50,23281.0,538.0,-2.04,3.0,0.0,0.0,3.0,25.0,3.76,160.0,8.0,19.0,11.0,9.0,15.0,13.05,16.0,0.45,0.43,0.42
8481553,2025,Bobby Brink,MIN,R,5on5,68,52560.0,1106.0,29.71,11.0,5.0,4.0,20.0,80.0,9.62,80.0,11.0,35.0,10.0,13.0,35.0,32.05,31.11,0.51,0.49,0.5
8479576,2025,Vincent Desharnais,SJS,D,5on5,53,45898.0,949.0,6.4,1.0,0.0,6.0,7.0,33.0,0.99,93.0,8.0,39.0,17.0,8.0,59.0,27.46,27.45,0.5,0.48,0.47
8482941,2025,Shane Lachance,NJD,L,5on5,1,445.0,10.0,-0.39,0.0,0.0,0.0,0.0,0.0,0.0,1.0,0.0,0.0,0.0,0.0,0.0,0.21,0.29,0.42,0.25,0.36
8475768,2025,Jaden Schwartz,SEA,L,5on5,50,39484.0,857.0,20.25,7.0,6.0,6.0,19.0,66.0,7.26,29.0,20.0,43.0,4.0,1.0,37.0,22.46,29.19,0.43,0.45,0.44
8474141,2025,Patrick Kane,DET,R,5on5,67,55681.0,1177.0,52.13,12.0,12.0,7.0,31.0,119.0,10.68,20.0,8.0,59.0,8.0,5.0,22.0,41.99,38.02,0.52,0.5,0.53
8481719,2025,Max Crozier,TBL,D,5on5,35,30398.0,610.0,14.4,1.0,4.0,4.0,9.0,44.0,1.81,35.0,5.0,21.0,11.0,5.0,29.0,22.54,19.2,0.54,0.54,0.54
8482131,2025,Donovan Sebrango,FLA,D,5on5,42,35911.0,779.0,6.47,0.0,5.0,3.0,8.0,30.0,1.14,75.0,5.0,27.0,18.0,10.0,28.0,23.79,29.32,0.45,0.49,0.49
8475760,2025,Nick Bjugstad,NJD,C,5on5,61,36709.0,840.0,6.16,5.0,2.0,1.0,8.0,68.0,6.74,108.0,9.0,21.0,13.0,10.0,27.0,22.54,25.68,0.47,0.45,0.46
8482132,2025,Brett Berard,NYR,L,5on5,13,8200.0,196.0,-0.55,0.0,0.0,0.0,0.0,10.0,1.69,17.0,1.0,9.0,2.0,0.0,9.0,5.15,5.84,0.47,0.45,0.47
8480291,2025,Skyler Brind'Amour,CAR,C,5on5,4,2927.0,63.0,0.61,0.0,0.0,0.0,0.0,2.0,0.13,5.0,0.0,2.0,1.0,0.0,0.0,1.24,1.82,0.41,0.6,0.47
8483686,2025,Adam Engstrom,MTL,D,5on5,15,11312.0,241.0,2.02,0.0,0.0,0.0,0.0,11.0,0.57,7.0,2.0,7.0,4.0,1.0,8.0,7.27,8.04,0.47,0.51,0.51
8478873,2025,Troy Terry,ANA,R,5on5,61,49612.0,1045.0,60.56,11.0,10.0,10.0,31.0,103.0,11.88,2.0,23.0,41.0,6.0,11.0,12.0,40.9,33.67,0.55,0.54,0.55
8484984,2025,Ivan Demidov,MTL,R,5on5,82,57341.0,1206.0,45.23,12.0,15.0,11.0,38.0,81.0,8.47,27.0,19.0,57.0,11.0,16.0,22.0,38.02,42.35,0.47,0.45,0.47
8483491,2025,Ivan Miroshnichenko,WSH,L,5on5,13,7517.0,173.0,2.75,2.0,1.0,0.0,3.0,12.0,1.64,19.0,0.0,5.0,1.0,2.0,6.0,4.71,3.61,0.57,0.46,0.48
8485511,2025,Quinn Hutson,EDM,R,5on5,4,1919.0,49.0,0.02,1.0,0.0,0.0,1.0,3.0,0.22,0.0,0.0,3.0,0.0,0.0,1.0,0.83,2.13,0.28,0.38,0.32
8476473,2025,Connor Murphy,EDM,D,5on5,80,69752.0,1509.0,11.75,5.0,3.0,6.0,14.0,68.0,2.69,78.0,13.0,61.0,24.0,14.0,105.0,38.95,44.0,0.47,0.45,0.47
8482124,2025,Quinton Byfield,LAK,R,5on5,79,71641.0,1469.0,57.51,15.0,8.0,4.0,27.0,131.0,14.13,64.0,31.0,61.0,20.0,23.0,36.0,50.99,44.54,0.53,0.53,0.53
8481527,2025,Kaedan Korczak,VGK,D,5on5,78,71541.0,1530.0,23.2,3.0,6.0,6.0,15.0,59.0,2.54,99.0,10.0,90.0,13.0,7.0,89.0,49.14,39.44,0.55,0.52,0.52
8477365,2025,Connor Clifton,PIT,D,5on5,50,43770.0,812.0,6.88,2.0,2.0,2.0,6.0,34.0,1.57,158.0,12.0,32.0,18.0,4.0,66.0,33.97,27.14,0.56,0.48,0.5
8478468,2025,Jeremy Lauzon,VGK,D,5on5,68,61359.0,1400.0,17.08,1.0,3.0,7.0,11.0,69.0,3.41,238.0,10.0,45.0,29.0,24.0,75.0,41.93,36.81,0.53,0.5,0.51
8480012,2025,Elias Pettersson,VAN,C,5on5,74,61000.0,1323.0,36.96,10.0,6.0,5.0,21.0,79.0,10.4,64.0,26.0,52.0,8.0,20.0,92.0,39.68,47.8,0.45,0.45,0.46
8482873,2025,Topias Vilen,NJD,D,5on5,2,1836.0,33.0,0.4,0.0,0.0,0.0,0.0,0.0,0.0,0.0,0.0,1.0,0.0,0.0,1.0,1.14,1.05,0.52,0.54,0.44
8474151,2025,Ryan McDonagh,TBL,D,5on5,48,44288.0,923.0,22.53,6.0,6.0,5.0,17.0,38.0,2.82,17.0,9.0,37.0,3.0,3.0,47.0,32.7,26.51,0.55,0.5,0.51
8478173,2025,Hayden Hodgson,OTT,R,5on5,10,4188.0,106.0,-0.3,0.0,0.0,0.0,0.0,4.0,0.53,29.0,1.0,3.0,4.0,2.0,0.0,3.13,3.53,0.47,0.5,0.45
8480069,2025,Cale Makar,COL,D,5on5,75,79999.0,1540.0,92.98,13.0,18.0,8.0,39.0,132.0,7.29,28.0,33.0,66.0,12.0,21.0,84.0,68.64,54.64,0.56,0.55,0.54
8482731,2025,Tyson Hinds,ANA,D,5on5,6,5367.0,111.0,3.63,0.0,0.0,0.0,0.0,9.0,0.31,6.0,1.0,5.0,1.0,1.0,9.0,6.23,3.07,0.67,0.64,0.63
8476880,2025,Tom Wilson,WSH,R,5on5,72,58622.0,1252.0,64.74,17.0,9.0,11.0,37.0,95.0,10.3,162.0,16.0,69.0,28.0,20.0,38.0,46.26,38.69,0.54,0.54,0.56
8484392,2025,Felix Unger Sorum,CAR,R,5on5,1,826.0,15.0,0.7,0.0,1.0,0.0,1.0,0.0,0.13,0.0,0.0,3.0,0.0,0.0,1.0,0.24,0.29,0.46,0.38,0.5
8476885,2025,Jacob Trouba,ANA,D,5on5,81,89361.0,1839.0,47.25,8.0,9.0,9.0,26.0,139.0,5.17,126.0,17.0,78.0,14.0,7.0,123.0,68.41,67.27,0.5,0.52,0.52
8475151,2025,Kyle Palmieri,NYI,C,5on5,25,19253.0,401.0,17.43,3.0,2.0,5.0,10.0,30.0,2.64,17.0,4.0,12.0,4.0,4.0,8.0,11.71,14.3,0.45,0.5,0.49
8475714,2025,Calle Jarnkrok,TOR,C,5on5,56,31365.0,736.0,-1.54,5.0,2.0,0.0,7.0,39.0,3.11,33.0,4.0,18.0,3.0,3.0,7.0,14.37,21.03,0.41,0.4,0.41
8476988,2025,Matt Benning,TOR,D,5on5,1,741.0,20.0,-0.1,0.0,0.0,0.0,0.0,0.0,0.0,0.0,0.0,1.0,0.0,0.0,3.0,0.4,0.15,0.72,0.39,0.46
8477993,2025,Justin Kirkland,CGY,C,5on5,20,9859.0,238.0,3.03,1.0,1.0,0.0,2.0,9.0,1.35,29.0,2.0,13.0,1.0,0.0,8.0,6.12,5.33,0.53,0.51,0.53
8482726,2025,Samuel Helenius,LAK,C,5on5,53,25167.0,577.0,7.41,5.0,1.0,3.0,9.0,38.0,4.05,144.0,4.0,14.0,10.0,12.0,17.0,14.42,12.9,0.53,0.48,0.49
8476460,2025,Mark Scheifele,WPG,C,5on5,82,82459.0,1455.0,83.54,25.0,27.0,13.0,65.0,104.0,14.55,27.0,29.0,100.0,12.0,24.0,43.0,58.35,63.17,0.48,0.49,0.49
8476461,2025,Sean Couturier,PHI,C,5on5,78,60728.0,1330.0,33.66,10.0,6.0,10.0,26.0,85.0,10.86,94.0,23.0,63.0,14.0,11.0,31.0,41.12,35.18,0.54,0.5,0.51
8479318,2025,Auston Matthews,TOR,C,5on5,60,57048.0,1165.0,53.61,17.0,9.0,4.0,30.0,160.0,17.49,37.0,26.0,43.0,7.0,10.0,64.0,38.67,43.74,0.47,0.46,0.47
8477401,2025,John Hayden,SEA,C,5on5,3,1621.0,38.0,-0.78,0.0,0.0,0.0,0.0,2.0,0.18,7.0,1.0,2.0,1.0,0.0,2.0,0.37,1.02,0.27,0.33,0.35
8482093,2025,Seth Jarvis,CAR,C,5on5,71,56685.0,1167.0,83.75,17.0,5.0,7.0,29.0,143.0,15.39,76.0,30.0,45.0,5.0,15.0,18.0,45.36,37.58,0.55,0.6,0.6
8480448,2025,Parker Kelly,COL,C,5on5,82,51343.0,1189.0,48.32,19.0,6.0,7.0,32.0,91.0,10.18,171.0,11.0,40.0,14.0,15.0,46.0,36.23,27.84,0.57,0.57,0.56
8477404,2025,Jake Guentzel,TBL,C,5on5,81,67935.0,1360.0,88.66,21.0,17.0,9.0,47.0,130.0,16.96,37.0,14.0,51.0,13.0,20.0,31.0,51.56,45.83,0.53,0.53,0.52
8482095,2025,Tyler Kleven,OTT,D,5on5,70,64441.0,1506.0,28.75,3.0,11.0,2.0,16.0,80.0,2.7,121.0,27.0,76.0,17.0,8.0,79.0,44.12,38.01,0.54,0.53,0.54
8479393,2025,Noah Gregor,FLA,L,5on5,37,19811.0,474.0,6.07,4.0,3.0,0.0,7.0,38.0,3.41,36.0,5.0,10.0,5.0,4.0,10.0,9.94,14.79,0.4,0.46,0.46
8482655,2025,J.J. Moser,TBL,D,5on5,79,85929.0,1648.0,55.33,7.0,4.0,13.0,24.0,107.0,5.74,53.0,18.0,67.0,19.0,23.0,60.0,70.28,56.11,0.56,0.57,0.56
8477960,2025,Adrian Kempe,LAK,R,5on5,81,71991.0,1457.0,74.74,25.0,12.0,8.0,45.0,158.0,13.94,118.0,22.0,54.0,20.0,13.0,32.0,44.93,49.48,0.48,0.52,0.52
8484801,2025,Macklin Celebrini,SJS,C,5on5,82,80795.0,1462.0,104.42,26.0,25.0,11.0,62.0,167.0,16.15,47.0,36.0,116.0,18.0,28.0,49.0,57.99,59.02,0.5,0.49,0.49
8479398,2025,Samuel Girard,PIT,D,5on5,60,60622.0,1141.0,27.07,3.0,5.0,9.0,17.0,39.0,2.15,18.0,11.0,51.0,10.0,4.0,49.0,46.72,38.09,0.55,0.54,0.53
8483425,2025,Lian Bichsel,DAL,D,5on5,50,43487.0,865.0,5.53,4.0,2.0,2.0,8.0,26.0,1.22,131.0,12.0,36.0,17.0,12.0,37.0,25.51,28.77,0.47,0.46,0.46
8475231,2025,Casey Cizikas,NYI,C,5on5,81,49013.0,1145.0,19.6,7.0,7.0,0.0,14.0,70.0,10.96,153.0,9.0,44.0,9.0,3.0,43.0,30.73,28.98,0.51,0.49,0.5
8476878,2025,Zemgus Girgensons,TBL,C,5on5,74,55919.0,1250.0,21.94,8.0,4.0,6.0,18.0,85.0,11.65,193.0,5.0,35.0,13.0,10.0,39.0,34.54,34.9,0.5,0.5,0.5
8476874,2025,Olli Mtt,CGY,D,5on5,43,40076.0,845.0,13.5,2.0,7.0,6.0,15.0,33.0,1.87,3.0,12.0,46.0,1.0,3.0,56.0,26.21,27.64,0.49,0.49,0.5
8484762,2025,Beckett Sennecke,ANA,R,5on5,82,70279.0,1480.0,61.91,20.0,11.0,8.0,39.0,148.0,20.15,95.0,19.0,80.0,25.0,26.0,22.0,61.49,53.74,0.53,0.52,0.52
8478891,2025,Mason Appleton,DET,C,5on5,65,46367.0,1011.0,10.33,5.0,5.0,2.0,12.0,58.0,5.01,86.0,1.0,21.0,12.0,11.0,20.0,26.31,33.42,0.44,0.47,0.46
8482172,2025,Landon Slaggert,CHI,L,5on5,52,29606.0,686.0,3.97,3.0,1.0,3.0,7.0,41.0,5.39,74.0,2.0,11.0,3.0,8.0,22.0,15.08,21.82,0.41,0.43,0.43
8484144,2025,Connor Bedard,CHI,C,5on5,68,66831.0,1326.0,54.22,17.0,20.0,7.0,44.0,144.0,15.24,29.0,23.0,61.0,21.0,26.0,24.0,44.42,62.91,0.41,0.44,0.44
8479420,2025,Tage Thompson,BUF,C,5on5,81,71878.0,1583.0,81.82,31.0,12.0,3.0,46.0,185.0,17.97,80.0,21.0,58.0,12.0,21.0,41.0,52.03,52.39,0.5,0.5,0.5
8482859,2025,Zack Ostapchuk,SJS,C,5on5,59,31147.0,749.0,3.75,4.0,2.0,0.0,6.0,41.0,4.53,139.0,5.0,18.0,12.0,15.0,22.0,15.94,19.05,0.46,0.44,0.45
8482142,2025,Jamie Drysdale,PHI,D,5on5,78,85986.0,1814.0,26.93,3.0,3.0,12.0,18.0,76.0,4.14,14.0,13.0,45.0,8.0,7.0,82.0,56.34,53.58,0.51,0.48,0.48
8482451,2025,Mikael Pyyhtia,CBJ,L,5on5,5,2964.0,64.0,2.1,1.0,0.0,0.0,1.0,6.0,0.69,1.0,1.0,1.0,0.0,0.0,2.0,2.11,1.47,0.59,0.59,0.59
8476459,2025,Mika Zibanejad,NYR,C,5on5,81,71871.0,1569.0,71.21,16.0,15.0,6.0,37.0,142.0,13.4,102.0,27.0,81.0,7.0,7.0,35.0,46.11,45.09,0.51,0.49,0.49
8482145,2025,Mavrik Bourque,DAL,C,5on5,82,68526.0,1336.0,45.61,16.0,9.0,7.0,32.0,130.0,14.52,77.0,15.0,49.0,7.0,13.0,20.0,51.45,42.43,0.55,0.52,0.52
8482146,2025,Luke Evangelista,NSH,R,5on5,81,67668.0,1333.0,70.09,9.0,18.0,6.0,33.0,133.0,12.78,21.0,25.0,48.0,9.0,20.0,18.0,55.37,45.24,0.55,0.57,0.55
8484794,2025,Michael Brandsegg-Nygrd,DET,R,5on5,14,9546.0,214.0,4.03,0.0,0.0,1.0,1.0,17.0,1.53,41.0,5.0,11.0,1.0,2.0,3.0,6.21,4.67,0.57,0.58,0.6
8480459,2025,Pius Suter,STL,C,5on5,64,48686.0,1080.0,26.75,9.0,4.0,7.0,20.0,80.0,11.09,37.0,5.0,31.0,7.0,5.0,18.0,34.51,34.8,0.5,0.49,0.49
8478402,2025,Connor McDavid,EDM,C,5on5,82,85156.0,1529.0,135.83,25.0,19.0,14.0,58.0,183.0,21.72,34.0,25.0,109.0,19.0,42.0,27.0,80.04,62.4,0.56,0.54,0.54
8481077,2025,John Leonard,DET,L,5on5,11,6746.0,161.0,2.73,2.0,0.0,0.0,2.0,11.0,1.45,12.0,2.0,9.0,0.0,1.0,9.0,4.56,4.33,0.51,0.45,0.46
8473422,2025,Nick Foligno,MIN,L,5on5,53,32531.0,708.0,13.67,4.0,4.0,3.0,11.0,40.0,4.47,123.0,7.0,26.0,15.0,15.0,31.0,19.83,20.11,0.5,0.48,0.49
8482785,2025,Justin Robidas,CAR,C,5on5,2,1282.0,29.0,1.3,0.0,1.0,0.0,1.0,2.0,0.09,3.0,0.0,1.0,0.0,1.0,1.0,0.48,0.35,0.57,0.56,0.54
8477220,2025,Nate Schmidt,UTA,D,5on5,82,82049.0,1875.0,42.1,4.0,8.0,9.0,21.0,75.0,3.58,70.0,12.0,63.0,10.0,10.0,66.0,64.85,51.98,0.56,0.55,0.55
8482511,2025,Mason Lohrei,BOS,D,5on5,73,65822.0,1361.0,24.0,5.0,8.0,7.0,20.0,56.0,3.68,30.0,14.0,85.0,10.0,5.0,86.0,41.81,50.48,0.45,0.48,0.47
8482665,2025,Matty Beniers,SEA,C,5on5,82,74641.0,1533.0,43.66,14.0,11.0,10.0,35.0,96.0,12.36,29.0,14.0,72.0,7.0,18.0,60.0,43.93,49.3,0.47,0.47,0.47
8482067,2025,Connor Mackey,NYR,D,5on5,3,2243.0,49.0,-0.3,0.0,0.0,0.0,0.0,2.0,0.12,2.0,0.0,3.0,2.0,0.0,2.0,0.94,1.2,0.44,0.51,0.5
8479942,2025,Dominik Shine,DET,R,5on5,18,7247.0,175.0,0.76,2.0,0.0,0.0,2.0,12.0,1.28,14.0,5.0,8.0,2.0,3.0,5.0,3.56,6.29,0.36,0.38,0.39
8482663,2025,Dylan Duke,TBL,L,5on5,1,521.0,13.0,-0.28,0.0,0.0,0.0,0.0,1.0,0.03,0.0,1.0,1.0,0.0,0.0,0.0,0.19,1.03,0.15,0.36,0.25
8482775,2025,Oliver Kapanen,MTL,C,5on5,82,56818.0,1179.0,25.97,19.0,5.0,7.0,31.0,107.0,13.13,31.0,12.0,32.0,10.0,7.0,43.0,36.8,48.25,0.43,0.43,0.44
8484227,2025,Will Smith,SJS,C,5on5,69,58930.0,1155.0,52.97,15.0,16.0,6.0,37.0,111.0,12.19,15.0,14.0,76.0,4.0,10.0,11.0,40.97,44.54,0.48,0.49,0.49
8478438,2025,Tommy Novak,PIT,C,5on5,82,62784.0,1315.0,41.73,10.0,15.0,8.0,33.0,107.0,13.78,12.0,26.0,47.0,11.0,7.0,34.0,52.73,43.73,0.55,0.51,0.52
8476448,2025,William Karlsson,VGK,C,5on5,14,10127.0,204.0,7.79,1.0,1.0,0.0,2.0,24.0,2.06,3.0,1.0,10.0,2.0,1.0,10.0,6.14,6.19,0.5,0.51,0.53
8483485,2025,Denton Mateychuk,CBJ,D,5on5,75,74445.0,1374.0,38.15,12.0,8.0,7.0,27.0,80.0,4.67,23.0,13.0,74.0,4.0,8.0,70.0,57.15,50.38,0.53,0.51,0.52
8482149,2025,Cole Perfetti,WPG,C,5on5,68,51587.0,1059.0,35.71,5.0,9.0,7.0,21.0,102.0,10.23,51.0,19.0,49.0,10.0,7.0,29.0,32.55,29.71,0.52,0.53,0.52
8482679,2025,Matt Coronato,CGY,R,5on5,80,63494.0,1411.0,42.22,10.0,6.0,10.0,26.0,151.0,14.05,22.0,17.0,46.0,11.0,12.0,21.0,43.93,53.95,0.45,0.49,0.48
8481592,2025,Jakob Pelletier,TBL,L,5on5,5,2609.0,69.0,0.52,0.0,0.0,0.0,0.0,3.0,0.4,8.0,0.0,4.0,0.0,0.0,3.0,0.9,1.23,0.42,0.53,0.52
8481598,2025,Philip Broberg,STL,D,5on5,81,91128.0,1813.0,28.4,4.0,11.0,11.0,26.0,78.0,5.32,28.0,21.0,97.0,7.0,16.0,75.0,61.01,60.7,0.5,0.47,0.48
8480995,2025,Pontus Holmberg,TBL,R,5on5,70,53924.0,1182.0,31.63,9.0,6.0,5.0,20.0,87.0,11.65,65.0,12.0,45.0,14.0,24.0,30.0,37.35,28.34,0.57,0.54,0.54
8482070,2025,Mitchell Chaffee,TBL,R,5on5,11,5730.0,131.0,1.88,0.0,0.0,1.0,1.0,9.0,1.04,29.0,0.0,7.0,2.0,2.0,5.0,5.11,3.05,0.63,0.54,0.53
8475218,2025,Mattias Ekholm,EDM,D,5on5,82,86210.0,1676.0,59.77,5.0,12.0,16.0,33.0,117.0,6.42,60.0,23.0,89.0,15.0,8.0,93.0,79.29,60.08,0.57,0.56,0.56
8486169,2025,Jake Livanavage,PIT,D,5on5,1,1202.0,21.0,-0.75,0.0,0.0,0.0,0.0,0.0,0.0,0.0,0.0,1.0,0.0,0.0,1.0,0.89,1.25,0.42,0.3,0.31
8476854,2025,Hampus Lindholm,BOS,D,5on5,67,66611.0,1364.0,29.25,4.0,9.0,7.0,20.0,72.0,2.9,9.0,16.0,66.0,19.0,10.0,77.0,44.76,46.07,0.49,0.51,0.51
8485414,2025,Ben Kindel,PIT,C,5on5,77,56159.0,1143.0,43.4,11.0,8.0,3.0,22.0,107.0,11.74,28.0,21.0,73.0,7.0,13.0,48.0,41.83,39.76,0.51,0.52,0.53
8479520,2025,Brandon Duhaime,WSH,L,5on5,82,48268.0,1208.0,5.95,3.0,1.0,3.0,7.0,59.0,7.78,156.0,7.0,27.0,27.0,22.0,44.0,29.52,30.4,0.49,0.46,0.47
8479324,2025,Ryan Lindgren,SEA,D,5on5,76,70177.0,1462.0,0.09,2.0,2.0,3.0,7.0,45.0,3.0,41.0,15.0,66.0,21.0,8.0,83.0,39.13,51.77,0.43,0.45,0.44
8477478,2025,William Carrier,CAR,L,5on5,70,44442.0,1067.0,34.46,7.0,8.0,3.0,18.0,80.0,9.85,172.0,13.0,18.0,9.0,14.0,17.0,33.94,24.35,0.58,0.6,0.59
8481605,2025,Jackson LaCombe,ANA,D,5on5,82,90442.0,1824.0,67.52,5.0,14.0,10.0,29.0,106.0,6.86,64.0,37.0,94.0,7.0,13.0,96.0,71.29,62.92,0.53,0.54,0.54
8483678,2025,Elias Pettersson,VAN,D,5on5,70,57389.0,1288.0,0.2,3.0,1.0,6.0,10.0,42.0,1.76,126.0,11.0,66.0,12.0,14.0,78.0,32.44,49.22,0.4,0.43,0.44
8482929,2025,Emil Lilleberg,TBL,D,5on5,50,45712.0,984.0,16.18,4.0,3.0,5.0,12.0,43.0,2.47,83.0,5.0,41.0,25.0,16.0,39.0,32.1,30.59,0.51,0.52,0.51
8479999,2025,Casey Mittelstadt,BOS,C,5on5,71,55249.0,1121.0,39.56,13.0,10.0,7.0,30.0,66.0,7.83,22.0,10.0,65.0,5.0,12.0,21.0,38.36,39.65,0.49,0.51,0.51
8482153,2025,Brendan Brisson,NYR,C,5on5,3,1771.0,38.0,0.95,0.0,0.0,1.0,1.0,2.0,0.54,1.0,1.0,1.0,0.0,0.0,1.0,0.98,0.74,0.57,0.58,0.66
8486056,2025,Tyson Gross,CGY,C,5on5,6,3447.0,86.0,-0.57,0.0,0.0,0.0,0.0,3.0,0.2,4.0,1.0,2.0,1.0,0.0,5.0,1.3,3.84,0.25,0.33,0.33
8481567,2025,Henry Thrun,TOR,D,5on5,4,3457.0,76.0,-0.45,0.0,0.0,0.0,0.0,4.0,0.08,3.0,0.0,1.0,0.0,0.0,4.0,1.4,2.68,0.34,0.41,0.43
8481563,2025,Drew Helleson,ANA,D,5on5,60,54332.0,1214.0,12.58,2.0,4.0,6.0,12.0,37.0,1.53,57.0,23.0,41.0,10.0,3.0,68.0,36.86,42.25,0.47,0.49,0.49
8484911,2025,Collin Graf,SJS,R,5on5,81,63250.0,1235.0,33.32,16.0,8.0,8.0,32.0,102.0,14.72,82.0,26.0,50.0,6.0,11.0,33.0,43.37,44.14,0.5,0.44,0.44
8482201,2025,Gage Goncalves,TBL,C,5on5,74,51735.0,1104.0,36.89,11.0,6.0,12.0,29.0,65.0,7.95,84.0,17.0,55.0,14.0,14.0,29.0,37.95,29.03,0.57,0.53,0.52
8483472,2025,Maveric Lamoureux,UTA,D,5on5,5,4392.0,97.0,1.3,0.0,1.0,0.0,1.0,4.0,0.14,11.0,2.0,4.0,1.0,0.0,9.0,2.25,3.64,0.38,0.46,0.48
8480865,2025,Noah Dobson,MTL,D,5on5,80,85338.0,1653.0,45.4,9.0,13.0,13.0,35.0,118.0,5.51,54.0,29.0,81.0,15.0,12.0,143.0,58.28,68.42,0.46,0.47,0.49
8480001,2025,Urho Vaakanainen,NYR,D,5on5,34,26951.0,595.0,6.53,0.0,2.0,4.0,6.0,22.0,0.97,11.0,5.0,22.0,7.0,3.0,23.0,15.79,17.5,0.47,0.5,0.49
8482209,2025,Rory Kerins,CGY,C,5on5,4,3189.0,66.0,-0.53,0.0,0.0,0.0,0.0,1.0,0.37,3.0,1.0,2.0,1.0,0.0,5.0,1.91,2.48,0.44,0.46,0.44
8481013,2025,Jonatan Berggren,STL,R,5on5,51,38021.0,813.0,22.81,4.0,7.0,7.0,18.0,49.0,5.02,41.0,7.0,38.0,5.0,12.0,14.0,23.16,24.34,0.49,0.52,0.5
8480007,2025,Jonas Rondbjerg,VGK,R,5on5,4,2800.0,65.0,0.75,0.0,1.0,0.0,1.0,6.0,0.92,0.0,1.0,0.0,0.0,0.0,0.0,2.31,1.5,0.61,0.49,0.48
8482807,2025,Ethan Del Mastro,CHI,D,5on5,18,14110.0,303.0,-0.82,0.0,1.0,0.0,1.0,17.0,0.46,15.0,5.0,15.0,4.0,3.0,19.0,6.25,12.2,0.34,0.45,0.45
8478454,2025,Noah Juulsen,PHI,D,5on5,52,38187.0,941.0,5.35,1.0,2.0,6.0,9.0,24.0,1.1,98.0,10.0,50.0,6.0,5.0,41.0,21.86,24.23,0.47,0.45,0.46
8482953,2025,Taylor Makar,COL,L,5on5,12,4471.0,113.0,0.36,0.0,0.0,0.0,0.0,7.0,0.73,17.0,1.0,1.0,2.0,0.0,1.0,2.45,3.47,0.41,0.51,0.49
8479985,2025,Cale Fleury,SEA,D,5on5,23,20819.0,420.0,0.05,1.0,2.0,0.0,3.0,22.0,0.87,47.0,3.0,18.0,2.0,3.0,34.0,11.38,13.88,0.45,0.41,0.44
8479981,2025,Jonah Gadjovich,FLA,L,5on5,10,4728.0,109.0,2.4,0.0,3.0,0.0,3.0,8.0,0.47,29.0,3.0,3.0,2.0,1.0,3.0,2.27,1.92,0.54,0.46,0.42
8473419,2025,Brad Marchand,FLA,L,5on5,52,37854.0,862.0,47.79,17.0,5.0,4.0,26.0,87.0,9.83,33.0,9.0,41.0,13.0,22.0,13.0,31.02,34.1,0.48,0.5,0.48
8474590,2025,John Carlson,ANA,D,5on5,71,72646.0,1373.0,67.49,7.0,15.0,11.0,33.0,112.0,6.09,21.0,35.0,100.0,15.0,4.0,76.0,60.45,52.94,0.53,0.55,0.54
8482111,2025,Justin Barron,NSH,D,5on5,52,41785.0,904.0,10.82,0.0,2.0,7.0,9.0,31.0,2.74,32.0,3.0,50.0,7.0,2.0,56.0,28.7,29.1,0.5,0.51,0.5
8480879,2025,Jacob Bernard-Docker,DET,D,5on5,63,50051.0,1094.0,2.18,1.0,2.0,2.0,5.0,41.0,1.55,62.0,7.0,40.0,11.0,6.0,74.0,29.16,33.18,0.47,0.45,0.46
8483505,2025,Matthew Poitras,BOS,C,5on5,3,2029.0,45.0,1.81,1.0,0.0,0.0,1.0,8.0,0.5,0.0,0.0,1.0,2.0,3.0,1.0,1.12,2.04,0.35,0.52,0.5
8475188,2025,Brayden McNabb,VGK,D,5on5,63,65609.0,1429.0,26.87,4.0,3.0,3.0,10.0,74.0,3.51,82.0,14.0,44.0,11.0,9.0,106.0,48.1,39.81,0.55,0.53,0.54
8482055,2025,Drew O'Connor,VAN,L,5on5,82,62936.0,1315.0,26.02,13.0,9.0,2.0,24.0,110.0,14.91,73.0,18.0,58.0,17.0,13.0,24.0,40.98,47.04,0.47,0.48,0.48
8483464,2025,Marco Kasper,DET,C,5on5,81,58266.0,1258.0,23.31,7.0,6.0,2.0,15.0,114.0,13.06,183.0,12.0,50.0,9.0,12.0,45.0,40.41,39.93,0.5,0.5,0.51
8483465,2025,Joakim Kemell,NSH,R,5on5,16,8837.0,187.0,0.44,1.0,2.0,0.0,3.0,11.0,0.94,25.0,3.0,5.0,0.0,2.0,7.0,4.88,5.9,0.45,0.39,0.38
8479345,2025,Jakob Chychrun,WSH,D,5on5,80,90353.0,1545.0,71.63,15.0,12.0,11.0,38.0,144.0,8.46,57.0,30.0,90.0,23.0,15.0,98.0,72.22,67.09,0.52,0.52,0.52
8478967,2025,Lane Pederson,PHI,C,5on5,5,2623.0,58.0,-0.91,0.0,0.0,0.0,0.0,0.0,0.16,16.0,1.0,6.0,0.0,0.0,3.0,0.5,1.73,0.22,0.34,0.29
8479644,2025,Matt Luff,STL,R,5on5,5,2696.0,67.0,0.78,1.0,0.0,0.0,1.0,5.0,0.4,8.0,2.0,0.0,0.0,0.0,4.0,1.29,1.62,0.44,0.47,0.46
8482747,2025,Brennan Othmann,CGY,L,5on5,19,10947.0,273.0,-0.61,2.0,0.0,0.0,2.0,15.0,2.05,43.0,2.0,4.0,4.0,7.0,7.0,6.76,10.59,0.39,0.4,0.39
8479671,2025,Mathieu Olivier,CBJ,R,5on5,61,47673.0,1014.0,30.78,12.0,5.0,4.0,21.0,90.0,11.83,206.0,12.0,23.0,19.0,18.0,31.0,37.77,30.13,0.56,0.51,0.53
8484242,2025,Brayden Yager,WPG,C,5on5,3,1572.0,37.0,-0.42,0.0,0.0,0.0,0.0,1.0,0.05,0.0,0.0,1.0,1.0,0.0,0.0,1.07,0.91,0.54,0.42,0.46
8483455,2025,Isaac Howard,EDM,L,5on5,29,17074.0,361.0,2.0,2.0,2.0,1.0,5.0,36.0,4.05,7.0,2.0,17.0,5.0,3.0,5.0,9.18,11.74,0.44,0.44,0.46
8480802,2025,Ryan McLeod,BUF,C,5on5,81,62011.0,1416.0,46.7,7.0,18.0,9.0,34.0,61.0,5.96,14.0,23.0,78.0,6.0,5.0,26.0,49.03,46.79,0.51,0.5,0.51
8480801,2025,Brady Tkachuk,OTT,L,5on5,60,45550.0,1190.0,72.24,11.0,11.0,9.0,31.0,146.0,15.1,153.0,13.0,29.0,18.0,23.0,19.0,43.97,27.22,0.62,0.58,0.59
8480043,2025,Timothy Liljegren,WSH,D,5on5,47,46332.0,914.0,2.55,1.0,5.0,3.0,9.0,37.0,1.82,38.0,7.0,43.0,13.0,6.0,68.0,30.54,33.56,0.48,0.43,0.42
8477956,2025,David Pastrnak,BOS,R,5on5,77,73573.0,1398.0,91.22,16.0,32.0,6.0,54.0,170.0,14.8,75.0,26.0,110.0,20.0,27.0,30.0,49.85,54.57,0.48,0.49,0.49
8476826,2025,Yanni Gourde,TBL,C,5on5,82,67897.0,1390.0,31.01,8.0,10.0,5.0,23.0,100.0,12.2,109.0,21.0,67.0,21.0,20.0,20.0,44.77,39.07,0.53,0.52,0.52
8480289,2025,Morgan Barron,WPG,C,5on5,65,41115.0,950.0,21.52,9.0,5.0,6.0,20.0,78.0,8.72,124.0,14.0,32.0,12.0,11.0,25.0,26.45,28.86,0.48,0.47,0.48
8481540,2025,Cole Caufield,MTL,R,5on5,81,67334.0,1409.0,94.29,33.0,11.0,5.0,49.0,165.0,18.07,48.0,18.0,48.0,7.0,15.0,18.0,53.59,46.19,0.54,0.53,0.55
8481546,2025,Cam York,PHI,D,5on5,74,77149.0,1705.0,22.33,3.0,6.0,7.0,16.0,53.0,4.36,22.0,16.0,57.0,13.0,6.0,103.0,43.77,47.48,0.48,0.46,0.48
8483510,2025,Elias Salomonsson,WPG,D,5on5,32,30062.0,656.0,7.23,1.0,1.0,2.0,4.0,32.0,1.68,45.0,2.0,30.0,5.0,1.0,19.0,21.67,20.93,0.51,0.51,0.5
8484759,2025,Carter Yakemchuk,OTT,D,5on5,4,3032.0,79.0,0.88,1.0,0.0,0.0,1.0,5.0,0.28,0.0,1.0,7.0,0.0,0.0,4.0,2.05,2.9,0.41,0.43,0.44
8484203,2025,Bradly Nadeau,CAR,L,5on5,12,8128.0,173.0,4.22,2.0,0.0,0.0,2.0,9.0,1.99,21.0,0.0,7.0,0.0,1.0,5.0,4.83,6.52,0.43,0.52,0.51
8480074,2025,Alexandre Texier,MTL,L,5on5,51,37333.0,756.0,23.75,8.0,4.0,7.0,19.0,67.0,7.24,65.0,6.0,22.0,7.0,8.0,14.0,27.15,27.23,0.5,0.52,0.51
8483699,2025,Angus Booth,LAK,D,5on5,1,738.0,20.0,0.53,1.0,0.0,0.0,1.0,1.0,0.09,2.0,0.0,1.0,0.0,0.0,1.0,0.43,0.52,0.45,0.29,0.38
