Player,Team,Pos.,Year,5v5 TOI,Shots,Shots On Goal,Chances,Passes,Primary Shot Assists,Secondary Assists,Tertiary Assists,Chance Assists,Home Plate,Low-to-High,Behind Net,Center Lane Assists,NZ Assist,DZ Assist,Shots off Rush,Assists off Rush,Shots off Forecheck or Cycle,Assists off Forecheck,Shots off Cycle,Assists off Cycle,Shots off HD Passes,Zone Entries,Carries,Failed Entries,Entries w/ Passing Play,Recoveries,Carries w/ Chances,Dump-in Chances,Forecheck Pressures,DZ Puck Touches,DZ Retrievals,Zone Exits,Exits w/ Possession,Carried Exits,Passed Exits,Clears,Missed Passes,Retrievals Leading to Exits,Botched Retrievals,Exchanges,Failed Exit,Rushed Exits,Second Touch Exits,Targets,Carries_2,Denials,Passes Allowed,Carries w/ Chance Against,Dump-in w/ Chance Against,5v4 Entries,5v4 Carries,5v4 Setups,4v5 Entries,4v5 Carry Denials,5v4 Shots,5v4 Passes,5v4 Primary Setups,5v4 Chances,5v4 Chance Setups,5v4 Cross-Slot,5v4 Low-to-High,5v4 Goal Line,One-timer,Rebounds,Deflections,One-timer Assists,Rebound Assists,Deflection Assists,OZ,NZ,DZ,OZ Assist,NZ Assist_2,DZ Assist_2,DZ Retrieval,DZ Counter,NZ Turnover,NZ Regroup,NZ Reload,DZ Controlled Breakout,Microstat Game Score,Offense,Zone Entries_2,Entry Defense,Exits,Forechecking,Special Teams,5v5 Game Score
Andre Burakovsky,CHI,L,2025-26,254.08333333333303,23.0,15.0,15.0,50.0,35.0,11.0,4.0,11.0,3.0,10.0,1.0,2.0,4.0,6.0,9.0,20.0,10.0,18.0,3.0,13.0,2.0,72.0,44.0,13.0,13.0,5.0,13.0,4.0,23.0,68.0,32.0,47.0,39.0,14.0,6.0,8.0,3.0,20.0,2.0,12.0,3.0,17.0,30.0,15.0,4.0,7.0,0.0,2.0,0.0,7.0,5.0,4.0,2.0,0.0,3.0,10.0,5.0,2.0,4.0,2.0,0.0,0.0,1.0,2.0,2.0,9.0,1.0,1.0,13.0,5.0,5.0,25.0,7.0,17.0,4.0,1.0,1.0,3.0,1.0,0.0,13.58,7.8149999999999995,2.2499999999999996,0.6050000000000001,1.69,0.5700000000000001,0.65,12.93
Artyom Levshunov,CHI,D,2025-26,256.74999999999966,23.0,15.0,4.0,32.0,15.0,13.0,4.0,4.0,0.0,0.0,0.0,1.0,4.0,3.0,6.0,8.0,12.0,13.0,4.0,6.0,1.0,34.0,6.0,5.0,0.0,1.0,2.0,4.0,3.0,128.0,89.0,41.0,30.0,3.0,13.0,11.0,9.0,52.0,25.0,57.0,31.0,23.0,18.0,108.0,76.0,13.0,24.0,16.0,3.0,1.0,0.0,1.0,0.0,1.0,3.0,12.0,6.0,0.0,4.0,0.0,0.0,0.0,4.0,0.0,0.0,1.0,2.0,2.0,17.0,3.0,3.0,23.0,6.0,3.0,2.0,0.0,0.0,1.0,2.0,1.0,7.175000000000002,4.550000000000001,0.29500000000000004,1.5600000000000003,0.3899999999999999,0.09,0.29,6.885000000000001
Colton Dach,CHI,C,2025-26,166.86666666666738,22.0,15.0,12.0,13.0,10.0,3.0,0.0,4.0,0.0,2.0,0.0,1.0,3.0,2.0,11.0,9.0,9.0,3.0,1.0,2.0,4.0,48.0,19.0,10.0,4.0,7.0,4.0,2.0,15.0,38.0,18.0,24.0,15.0,7.0,2.0,9.0,0.0,13.0,6.0,8.0,7.0,10.0,14.0,6.0,2.0,2.0,1.0,0.0,0.0,2.0,0.0,1.0,0.0,0.0,1.0,1.0,1.0,1.0,1.0,0.0,0.0,0.0,3.0,3.0,2.0,3.0,0.0,1.0,11.0,4.0,7.0,4.0,2.0,7.0,3.0,2.0,1.0,1.0,1.0,2.0,6.245,4.265000000000001,0.6950000000000001,0.205,0.395,0.54,0.145,6.1000000000000005
Connor Bedard,CHI,C,2025-26,292.566666666666,53.0,38.0,34.0,61.0,33.0,25.0,3.0,23.0,4.0,3.0,3.0,7.0,1.0,2.0,33.0,26.0,13.0,21.0,6.0,14.0,6.0,123.0,89.0,19.0,24.0,6.0,27.0,3.0,25.0,59.0,28.0,33.0,28.0,14.0,5.0,5.0,0.0,21.0,4.0,16.0,8.0,12.0,21.0,3.0,0.0,1.0,0.0,0.0,0.0,30.0,19.0,13.0,0.0,0.0,16.0,16.0,10.0,9.0,7.0,2.0,1.0,0.0,6.0,4.0,2.0,9.0,3.0,1.0,20.0,14.0,19.0,32.0,12.0,17.0,10.0,5.0,3.0,4.0,7.0,3.0,22.125,14.124999999999998,4.74,0.125,1.0850000000000002,0.645,1.405,20.719999999999995
Connor Murphy,CHI,D,2025-26,208.7999999999997,21.0,17.0,2.0,25.0,16.0,5.0,4.0,4.0,0.0,2.0,0.0,3.0,4.0,2.0,5.0,9.0,12.0,10.0,2.0,5.0,0.0,31.0,4.0,0.0,2.0,0.0,0.0,2.0,0.0,100.0,63.0,39.0,23.0,4.0,5.0,16.0,6.0,34.0,11.0,41.0,12.0,16.0,23.0,84.0,51.0,7.0,14.0,11.0,0.0,0.0,0.0,0.0,0.0,4.0,0.0,0.0,0.0,0.0,0.0,0.0,0.0,0.0,3.0,0.0,0.0,2.0,2.0,0.0,14.0,2.0,5.0,16.0,5.0,4.0,4.0,1.0,0.0,0.0,2.0,0.0,6.480000000000001,3.8899999999999997,0.25,1.3499999999999999,0.8500000000000001,0.0,0.14,6.340000000000001
Ethan Del Mastro,CHI,D,2025-26,57.699999999999996,6.0,5.0,1.0,6.0,1.0,3.0,2.0,1.0,0.0,0.0,1.0,0.0,0.0,3.0,2.0,3.0,4.0,0.0,0.0,1.0,1.0,6.0,2.0,0.0,0.0,0.0,1.0,0.0,2.0,29.0,22.0,12.0,4.0,0.0,2.0,8.0,1.0,12.0,4.0,13.0,7.0,8.0,4.0,20.0,12.0,2.0,2.0,4.0,1.0,0.0,0.0,0.0,0.0,1.0,0.0,0.0,0.0,0.0,0.0,0.0,0.0,0.0,0.0,0.0,0.0,1.0,1.0,0.0,4.0,1.0,1.0,2.0,2.0,2.0,0.0,1.0,0.0,0.0,1.0,0.0,1.63,1.08,0.145,0.285,0.05499999999999999,0.03,0.035,1.5950000000000002
Frank Nazar,CHI,C,2025-26,191.3833333333324,29.0,20.0,17.0,33.0,19.0,11.0,3.0,9.0,3.0,2.0,0.0,5.0,2.0,1.0,13.0,13.0,13.0,9.0,2.0,4.0,2.0,52.0,43.0,20.0,14.0,7.0,12.0,0.0,21.0,51.0,33.0,34.0,30.0,14.0,10.0,4.0,1.0,27.0,3.0,9.0,7.0,23.0,11.0,4.0,1.0,2.0,0.0,0.0,0.0,5.0,4.0,2.0,2.0,0.0,7.0,5.0,2.0,5.0,2.0,1.0,0.0,0.0,3.0,1.0,6.0,2.0,1.0,2.0,16.0,5.0,8.0,19.0,3.0,11.0,6.0,0.0,2.0,0.0,3.0,2.0,11.675,7.199999999999999,1.695,0.175,1.375,0.6299999999999999,0.6000000000000001,11.075000000000001
Ilya Mikheyev,CHI,R,2025-26,254.7666666666663,30.0,23.0,18.0,36.0,24.0,10.0,2.0,11.0,1.0,7.0,3.0,3.0,2.0,2.0,14.0,13.0,12.0,17.0,2.0,7.0,3.0,81.0,44.0,9.0,11.0,12.0,10.0,4.0,25.0,72.0,40.0,44.0,30.0,8.0,9.0,14.0,1.0,30.0,4.0,22.0,3.0,17.0,27.0,11.0,4.0,4.0,2.0,0.0,0.0,0.0,0.0,0.0,4.0,1.0,0.0,0.0,0.0,0.0,0.0,0.0,0.0,0.0,1.0,4.0,2.0,13.0,1.0,2.0,16.0,3.0,11.0,21.0,4.0,11.0,3.0,7.0,2.0,1.0,0.0,1.0,13.16,7.79,2.2649999999999997,0.38,1.5550000000000004,0.915,0.255,12.905
Jason Dickinson,CHI,C,2025-26,135.4333333333333,19.0,15.0,11.0,16.0,9.0,7.0,0.0,5.0,0.0,3.0,1.0,0.0,1.0,2.0,6.0,6.0,13.0,7.0,0.0,2.0,2.0,40.0,16.0,3.0,4.0,3.0,3.0,3.0,17.0,34.0,17.0,20.0,12.0,7.0,0.0,8.0,2.0,7.0,4.0,7.0,5.0,8.0,12.0,5.0,1.0,2.0,1.0,1.0,0.0,0.0,0.0,0.0,0.0,0.0,0.0,0.0,0.0,0.0,0.0,0.0,0.0,0.0,2.0,0.0,1.0,2.0,1.0,0.0,13.0,2.0,4.0,10.0,2.0,4.0,4.0,0.0,0.0,2.0,0.0,0.0,5.76,4.085,0.855,0.15,0.27999999999999997,0.38999999999999996,0.0,5.76
Matt Grzelcyk,CHI,D,2025-26,242.4833333333347,27.0,22.0,1.0,30.0,17.0,10.0,3.0,6.0,1.0,0.0,0.0,0.0,2.0,11.0,0.0,13.0,19.0,11.0,2.0,6.0,0.0,25.0,3.0,1.0,2.0,0.0,0.0,3.0,2.0,119.0,94.0,36.0,28.0,4.0,13.0,8.0,4.0,54.0,13.0,71.0,7.0,19.0,17.0,82.0,43.0,8.0,9.0,12.0,1.0,1.0,0.0,0.0,0.0,1.0,1.0,3.0,2.0,0.0,1.0,0.0,0.0,0.0,6.0,0.0,0.0,0.0,0.0,4.0,26.0,0.0,1.0,16.0,3.0,11.0,0.0,0.0,0.0,0.0,0.0,1.0,8.025,4.615000000000001,0.195,1.4649999999999999,1.6300000000000003,0.03,0.09,7.9350000000000005
Nick Foligno,CHI,L,2025-26,157.38333333333398,6.0,4.0,2.0,17.0,6.0,10.0,1.0,3.0,0.0,2.0,1.0,1.0,1.0,3.0,4.0,6.0,2.0,8.0,0.0,6.0,0.0,45.0,9.0,4.0,1.0,6.0,0.0,0.0,16.0,48.0,23.0,34.0,17.0,7.0,4.0,17.0,0.0,14.0,4.0,10.0,5.0,13.0,21.0,2.0,0.0,1.0,0.0,0.0,0.0,1.0,0.0,0.0,0.0,1.0,2.0,4.0,1.0,2.0,1.0,1.0,0.0,0.0,1.0,0.0,0.0,1.0,0.0,0.0,2.0,3.0,1.0,11.0,1.0,5.0,1.0,0.0,1.0,0.0,2.0,0.0,3.7300000000000004,2.035,0.22499999999999998,0.095,0.63,0.51,0.23500000000000001,3.495
Ryan Donato,CHI,C,2025-26,264.433333333333,28.0,22.0,15.0,31.0,17.0,11.0,3.0,7.0,0.0,6.0,4.0,4.0,3.0,1.0,13.0,5.0,12.0,20.0,1.0,14.0,4.0,83.0,40.0,10.0,6.0,7.0,6.0,2.0,25.0,75.0,43.0,51.0,28.0,11.0,7.0,23.0,4.0,21.0,6.0,11.0,10.0,28.0,23.0,8.0,1.0,3.0,1.0,1.0,0.0,3.0,3.0,2.0,0.0,0.0,4.0,4.0,3.0,3.0,2.0,0.0,1.0,1.0,2.0,4.0,1.0,4.0,2.0,1.0,13.0,9.0,4.0,26.0,3.0,2.0,2.0,2.0,7.0,0.0,2.0,0.0,10.754999999999999,6.715000000000001,1.7500000000000002,0.275,0.945,0.69,0.38,10.375
Ryan Greene,CHI,C,2025-26,262.14999999999833,26.0,20.0,12.0,46.0,32.0,9.0,5.0,16.0,2.0,6.0,3.0,4.0,9.0,6.0,7.0,21.0,12.0,19.0,4.0,5.0,3.0,46.0,21.0,13.0,11.0,6.0,6.0,1.0,43.0,73.0,39.0,50.0,44.0,10.0,14.0,6.0,2.0,30.0,11.0,11.0,13.0,26.0,24.0,6.0,0.0,3.0,0.0,0.0,0.0,4.0,3.0,2.0,0.0,0.0,0.0,5.0,2.0,0.0,1.0,0.0,0.0,0.0,3.0,5.0,3.0,6.0,4.0,1.0,19.0,4.0,3.0,25.0,7.0,14.0,1.0,2.0,0.0,1.0,3.0,0.0,11.640000000000002,8.14,0.7250000000000001,0.28500000000000003,1.45,0.9149999999999999,0.125,11.515000000000002
Sam Lafferty,CHI,C,2025-26,52.233333333333604,3.0,2.0,1.0,9.0,6.0,3.0,0.0,1.0,0.0,2.0,0.0,1.0,2.0,1.0,1.0,3.0,2.0,4.0,0.0,2.0,0.0,8.0,2.0,2.0,0.0,0.0,1.0,0.0,4.0,12.0,3.0,7.0,2.0,1.0,0.0,5.0,0.0,3.0,2.0,3.0,3.0,0.0,7.0,3.0,2.0,1.0,0.0,0.0,0.0,0.0,0.0,0.0,0.0,0.0,0.0,0.0,0.0,0.0,0.0,0.0,0.0,0.0,0.0,0.0,1.0,0.0,1.0,1.0,2.0,0.0,1.0,6.0,0.0,3.0,1.0,0.0,0.0,0.0,0.0,0.0,1.225,1.045,0.055,0.095,-0.030000000000000013,0.06,0.0,1.225
Sam Rinzel,CHI,D,2025-26,209.84999999999997,24.0,15.0,6.0,24.0,11.0,10.0,3.0,3.0,1.0,0.0,0.0,3.0,2.0,5.0,4.0,8.0,14.0,8.0,4.0,6.0,4.0,26.0,13.0,1.0,2.0,0.0,2.0,0.0,5.0,92.0,60.0,28.0,20.0,6.0,5.0,8.0,10.0,30.0,21.0,40.0,18.0,10.0,18.0,87.0,55.0,6.0,19.0,18.0,0.0,5.0,3.0,3.0,0.0,1.0,3.0,11.0,8.0,1.0,2.0,0.0,0.0,0.0,5.0,0.0,0.0,1.0,1.0,1.0,19.0,3.0,2.0,14.0,5.0,4.0,1.0,1.0,0.0,0.0,3.0,0.0,6.63,4.525,0.6499999999999999,0.9900000000000001,0.08499999999999999,0.075,0.30500000000000005,6.325
Teuvo Teravainen,CHI,C,2025-26,252.08333333333368,25.0,16.0,11.0,44.0,33.0,9.0,2.0,12.0,1.0,8.0,0.0,5.0,5.0,7.0,9.0,18.0,9.0,21.0,3.0,10.0,4.0,54.0,29.0,8.0,7.0,4.0,4.0,1.0,24.0,64.0,35.0,40.0,21.0,6.0,7.0,19.0,3.0,17.0,5.0,7.0,10.0,25.0,15.0,4.0,1.0,2.0,0.0,0.0,0.0,5.0,3.0,0.0,1.0,2.0,7.0,12.0,4.0,4.0,1.0,1.0,2.0,0.0,3.0,1.0,3.0,6.0,2.0,2.0,16.0,3.0,6.0,26.0,5.0,13.0,4.0,1.0,1.0,1.0,1.0,0.0,10.400000000000002,7.415,1.2000000000000002,0.175,0.6350000000000001,0.54,0.435,9.965000000000002
Tyler Bertuzzi,CHI,L,2025-26,266.31666666666604,30.0,27.0,19.0,37.0,23.0,12.0,2.0,12.0,2.0,7.0,3.0,3.0,8.0,4.0,11.0,18.0,17.0,14.0,1.0,4.0,3.0,71.0,33.0,12.0,10.0,8.0,9.0,4.0,30.0,59.0,25.0,46.0,31.0,11.0,4.0,15.0,1.0,16.0,6.0,4.0,8.0,20.0,26.0,7.0,1.0,5.0,0.0,0.0,0.0,2.0,1.0,0.0,0.0,0.0,9.0,11.0,5.0,8.0,5.0,1.0,0.0,3.0,4.0,4.0,3.0,3.0,1.0,1.0,19.0,3.0,8.0,18.0,6.0,13.0,6.0,2.0,3.0,0.0,0.0,0.0,12.675000000000002,8.065000000000001,1.58,0.37,0.9950000000000001,0.81,0.8549999999999999,11.820000000000002
Wyatt Kaiser,CHI,D,2025-26,356.70000000000107,27.0,17.0,6.0,45.0,28.0,12.0,5.0,5.0,0.0,1.0,0.0,3.0,6.0,11.0,6.0,20.0,16.0,13.0,4.0,5.0,0.0,54.0,16.0,0.0,5.0,1.0,3.0,1.0,2.0,174.0,130.0,67.0,41.0,13.0,15.0,26.0,8.0,80.0,19.0,83.0,20.0,38.0,29.0,132.0,79.0,15.0,21.0,22.0,4.0,0.0,0.0,0.0,0.0,1.0,0.0,1.0,1.0,0.0,1.0,0.0,0.0,0.0,4.0,1.0,0.0,2.0,4.0,5.0,21.0,1.0,5.0,24.0,9.0,12.0,2.0,1.0,0.0,0.0,1.0,2.0,11.29,6.090000000000002,0.92,2.045,2.0700000000000003,0.075,0.09,11.2
A.J. Greer,FLA,L,2025-26,115.0499999999999,8.0,3.0,3.0,21.0,15.0,5.0,1.0,8.0,0.0,2.0,2.0,3.0,3.0,1.0,1.0,7.0,6.0,13.0,1.0,3.0,1.0,38.0,13.0,5.0,5.0,8.0,5.0,1.0,14.0,36.0,16.0,23.0,15.0,5.0,5.0,8.0,3.0,10.0,1.0,3.0,3.0,10.0,13.0,2.0,1.0,0.0,0.0,0.0,0.0,0.0,0.0,0.0,0.0,1.0,0.0,0.0,0.0,0.0,0.0,0.0,0.0,0.0,0.0,0.0,2.0,0.0,0.0,0.0,7.0,0.0,1.0,14.0,5.0,2.0,1.0,0.0,0.0,0.0,0.0,0.0,5.24,3.285,0.67,0.045,0.6350000000000001,0.5700000000000001,0.035,5.205
Aaron Ekblad,FLA,D,2025-26,195.9,16.0,15.0,3.0,21.0,9.0,8.0,4.0,1.0,0.0,0.0,0.0,1.0,2.0,7.0,2.0,10.0,7.0,8.0,2.0,4.0,0.0,20.0,4.0,1.0,2.0,1.0,0.0,0.0,7.0,61.0,50.0,22.0,12.0,1.0,7.0,10.0,3.0,34.0,13.0,31.0,9.0,16.0,6.0,46.0,26.0,5.0,8.0,5.0,2.0,1.0,0.0,0.0,0.0,1.0,7.0,11.0,5.0,3.0,3.0,1.0,0.0,0.0,0.0,0.0,0.0,2.0,0.0,3.0,14.0,0.0,2.0,11.0,3.0,7.0,2.0,0.0,0.0,0.0,0.0,0.0,5.065,2.915,0.135,0.9650000000000001,0.5,0.15000000000000002,0.4,4.664999999999999
Anton Lundell,FLA,C,2025-26,136.65,18.0,15.0,9.0,17.0,14.0,3.0,0.0,6.0,0.0,4.0,1.0,4.0,2.0,1.0,10.0,6.0,6.0,10.0,2.0,1.0,2.0,43.0,18.0,2.0,3.0,4.0,3.0,4.0,19.0,37.0,22.0,23.0,11.0,3.0,4.0,12.0,5.0,9.0,6.0,6.0,7.0,11.0,12.0,2.0,0.0,1.0,0.0,0.0,0.0,10.0,7.0,6.0,2.0,1.0,5.0,11.0,4.0,4.0,2.0,0.0,1.0,0.0,2.0,1.0,1.0,3.0,0.0,2.0,8.0,6.0,4.0,11.0,2.0,4.0,4.0,0.0,1.0,1.0,3.0,0.0,6.665000000000001,4.240000000000001,1.025,0.095,0.155,0.4650000000000001,0.685,5.9799999999999995
Brad Marchand,FLA,L,2025-26,123.4833333333357,31.0,29.0,15.0,23.0,18.0,4.0,1.0,12.0,2.0,2.0,2.0,5.0,4.0,2.0,16.0,12.0,11.0,9.0,1.0,3.0,1.0,42.0,28.0,5.0,7.0,11.0,13.0,0.0,25.0,24.0,12.0,14.0,8.0,1.0,1.0,6.0,2.0,7.0,1.0,6.0,2.0,4.0,10.0,0.0,0.0,0.0,0.0,0.0,0.0,5.0,4.0,1.0,5.0,1.0,8.0,17.0,7.0,4.0,3.0,0.0,4.0,1.0,1.0,2.0,1.0,3.0,1.0,2.0,15.0,6.0,10.0,11.0,6.0,6.0,8.0,2.0,2.0,2.0,1.0,0.0,10.6,6.865000000000001,1.7500000000000002,0.0,0.3500000000000001,0.87,0.7650000000000001,9.835
Carter Verhaeghe,FLA,C,2025-26,167.14999999999998,29.0,23.0,19.0,35.0,28.0,7.0,0.0,13.0,2.0,5.0,1.0,5.0,4.0,5.0,17.0,14.0,11.0,17.0,1.0,5.0,4.0,50.0,24.0,8.0,8.0,13.0,4.0,4.0,24.0,46.0,27.0,35.0,28.0,8.0,10.0,7.0,1.0,20.0,5.0,7.0,5.0,19.0,16.0,6.0,0.0,4.0,0.0,0.0,0.0,6.0,4.0,4.0,0.0,0.0,12.0,8.0,3.0,6.0,2.0,0.0,0.0,0.0,1.0,2.0,5.0,3.0,2.0,1.0,12.0,5.0,12.0,21.0,4.0,10.0,8.0,3.0,2.0,2.0,1.0,1.0,12.15,8.095,1.08,0.32,1.1300000000000001,0.9449999999999998,0.58,11.57
Dmitry Kulikov,FLA,D,2025-26,18.4833333333337,1.0,1.0,0.0,1.0,0.0,1.0,0.0,0.0,0.0,0.0,0.0,0.0,0.0,1.0,0.0,1.0,1.0,0.0,0.0,0.0,0.0,4.0,1.0,0.0,0.0,0.0,0.0,0.0,0.0,6.0,3.0,5.0,3.0,0.0,1.0,2.0,0.0,2.0,1.0,1.0,1.0,2.0,3.0,10.0,2.0,3.0,1.0,1.0,0.0,0.0,0.0,0.0,0.0,0.0,0.0,0.0,0.0,0.0,0.0,0.0,0.0,0.0,0.0,0.0,0.0,0.0,1.0,0.0,1.0,0.0,0.0,0.0,0.0,1.0,0.0,0.0,0.0,0.0,0.0,0.0,0.58,0.13,0.045,0.32,0.08499999999999999,0.0,0.0,0.58
Eetu Luostarinen,FLA,C,2025-26,157.6,17.0,12.0,7.0,24.0,14.0,9.0,1.0,9.0,0.0,2.0,4.0,4.0,4.0,2.0,4.0,10.0,12.0,10.0,0.0,3.0,0.0,44.0,18.0,3.0,7.0,4.0,7.0,0.0,21.0,43.0,25.0,30.0,18.0,7.0,6.0,12.0,1.0,17.0,1.0,8.0,3.0,16.0,14.0,7.0,2.0,3.0,0.0,0.0,0.0,1.0,1.0,1.0,0.0,2.0,2.0,1.0,0.0,1.0,0.0,0.0,0.0,0.0,2.0,0.0,8.0,5.0,1.0,0.0,13.0,1.0,3.0,14.0,2.0,8.0,2.0,0.0,0.0,0.0,1.0,1.0,7.595000000000001,4.68,1.06,0.28500000000000003,0.915,0.49500000000000005,0.16,7.4350000000000005
Evan Rodrigues,FLA,C,2025-26,158.9,33.0,24.0,14.0,33.0,22.0,9.0,2.0,9.0,1.0,5.0,2.0,3.0,3.0,1.0,12.0,10.0,15.0,21.0,3.0,8.0,1.0,54.0,26.0,4.0,8.0,7.0,5.0,2.0,19.0,49.0,31.0,29.0,19.0,10.0,3.0,10.0,4.0,18.0,6.0,13.0,5.0,14.0,15.0,5.0,3.0,1.0,0.0,0.0,0.0,14.0,11.0,6.0,4.0,2.0,5.0,11.0,8.0,2.0,3.0,0.0,2.0,1.0,2.0,1.0,2.0,6.0,0.0,2.0,21.0,9.0,3.0,23.0,4.0,6.0,2.0,1.0,5.0,0.0,3.0,0.0,10.725000000000001,7.109999999999999,1.335,0.14,0.73,0.6000000000000001,0.81,9.915000000000001
Gustav Forsling,FLA,D,2025-26,211.883333333332,20.0,16.0,1.0,23.0,15.0,6.0,2.0,6.0,0.0,0.0,0.0,0.0,5.0,5.0,2.0,11.0,14.0,8.0,0.0,4.0,1.0,36.0,5.0,2.0,1.0,0.0,2.0,6.0,7.0,82.0,51.0,47.0,27.0,1.0,13.0,20.0,1.0,30.0,8.0,27.0,5.0,23.0,24.0,88.0,44.0,12.0,11.0,5.0,2.0,0.0,0.0,0.0,0.0,6.0,1.0,3.0,3.0,0.0,1.0,0.0,0.0,0.0,5.0,0.0,0.0,0.0,1.0,5.0,18.0,0.0,2.0,12.0,5.0,6.0,2.0,0.0,0.0,0.0,0.0,0.0,7.745000000000001,3.675,0.455,2.0050000000000003,1.2400000000000002,0.105,0.265,7.480000000000001
Jeff Petry,FLA,D,2025-26,148.366666666667,10.0,6.0,0.0,11.0,6.0,2.0,3.0,3.0,0.0,0.0,0.0,0.0,1.0,3.0,2.0,6.0,8.0,4.0,0.0,0.0,0.0,22.0,6.0,0.0,2.0,0.0,1.0,2.0,5.0,59.0,46.0,23.0,16.0,5.0,8.0,7.0,1.0,32.0,13.0,31.0,11.0,14.0,9.0,41.0,25.0,2.0,9.0,5.0,2.0,1.0,0.0,0.0,0.0,1.0,1.0,7.0,5.0,0.0,2.0,0.0,0.0,0.0,0.0,0.0,0.0,0.0,0.0,6.0,8.0,0.0,2.0,5.0,1.0,5.0,2.0,0.0,0.0,0.0,0.0,0.0,3.41,1.7149999999999996,0.395,0.56,0.52,0.075,0.14500000000000002,3.265
Jesper Boqvist,FLA,C,2025-26,93.0000000000007,11.0,8.0,3.0,8.0,4.0,4.0,0.0,1.0,0.0,1.0,0.0,0.0,0.0,1.0,5.0,3.0,6.0,2.0,0.0,3.0,0.0,17.0,8.0,2.0,2.0,6.0,1.0,2.0,14.0,28.0,11.0,20.0,13.0,8.0,1.0,7.0,1.0,6.0,3.0,1.0,4.0,9.0,11.0,3.0,1.0,2.0,0.0,1.0,0.0,1.0,1.0,0.0,0.0,0.0,0.0,0.0,0.0,0.0,0.0,0.0,0.0,0.0,1.0,1.0,2.0,0.0,0.0,0.0,6.0,2.0,3.0,5.0,2.0,1.0,1.0,2.0,0.0,1.0,0.0,0.0,3.0400000000000005,1.7,0.39499999999999996,0.10500000000000001,0.36,0.48000000000000004,0.0,3.0400000000000005
Jonah Gadjovich,FLA,L,2025-26,55.449999999999896,5.0,5.0,4.0,7.0,6.0,1.0,0.0,2.0,0.0,2.0,0.0,1.0,0.0,1.0,1.0,2.0,3.0,5.0,0.0,0.0,0.0,8.0,0.0,0.0,0.0,1.0,0.0,0.0,7.0,17.0,11.0,5.0,2.0,0.0,1.0,3.0,1.0,7.0,1.0,8.0,3.0,2.0,3.0,0.0,0.0,0.0,0.0,0.0,0.0,0.0,0.0,0.0,0.0,0.0,0.0,0.0,0.0,0.0,0.0,0.0,0.0,0.0,0.0,0.0,1.0,1.0,1.0,0.0,4.0,1.0,0.0,5.0,0.0,2.0,0.0,0.0,1.0,0.0,0.0,0.0,1.715,1.46,0.0,0.0,0.10500000000000001,0.15000000000000002,0.0,1.715
Luke Kunin,FLA,C,2025-26,75.316666666667,11.0,8.0,5.0,7.0,5.0,2.0,0.0,1.0,0.0,2.0,0.0,1.0,1.0,2.0,5.0,3.0,5.0,4.0,1.0,1.0,1.0,24.0,12.0,3.0,1.0,3.0,4.0,1.0,8.0,23.0,13.0,16.0,11.0,7.0,2.0,5.0,1.0,8.0,3.0,4.0,4.0,8.0,8.0,5.0,2.0,3.0,1.0,1.0,0.0,1.0,1.0,0.0,0.0,0.0,0.0,0.0,0.0,0.0,0.0,0.0,0.0,0.0,0.0,1.0,1.0,1.0,0.0,0.0,6.0,2.0,3.0,4.0,1.0,2.0,2.0,0.0,1.0,0.0,1.0,1.0,3.375,1.9500000000000002,0.6599999999999999,0.17,0.34,0.255,0.0,3.375
Mackie Samoskevich,FLA,R,2025-26,132.4333333333347,28.0,24.0,16.0,18.0,13.0,4.0,1.0,7.0,2.0,1.0,0.0,2.0,5.0,1.0,15.0,9.0,12.0,9.0,1.0,3.0,3.0,56.0,30.0,4.0,5.0,12.0,7.0,2.0,25.0,29.0,16.0,24.0,19.0,13.0,3.0,5.0,1.0,9.0,5.0,1.0,5.0,14.0,10.0,2.0,0.0,2.0,0.0,0.0,0.0,6.0,5.0,5.0,0.0,0.0,7.0,11.0,7.0,4.0,6.0,1.0,1.0,2.0,4.0,2.0,4.0,1.0,1.0,2.0,13.0,6.0,9.0,9.0,5.0,4.0,3.0,4.0,5.0,0.0,1.0,2.0,9.825000000000001,5.785,1.625,0.13,0.54,0.9149999999999999,0.8300000000000002,8.995
Niko Mikkola,FLA,D,2025-26,212.849999999999,18.0,11.0,2.0,15.0,8.0,6.0,1.0,2.0,0.0,0.0,0.0,0.0,5.0,3.0,1.0,8.0,15.0,5.0,0.0,1.0,2.0,37.0,8.0,1.0,1.0,0.0,0.0,4.0,9.0,61.0,48.0,28.0,15.0,6.0,4.0,13.0,3.0,29.0,7.0,25.0,8.0,20.0,8.0,74.0,43.0,5.0,12.0,9.0,0.0,0.0,0.0,0.0,0.0,5.0,2.0,1.0,0.0,1.0,0.0,0.0,0.0,0.0,5.0,0.0,0.0,0.0,0.0,3.0,17.0,1.0,0.0,7.0,5.0,3.0,0.0,0.0,1.0,0.0,0.0,0.0,5.520000000000001,2.7649999999999997,0.45499999999999996,1.21,0.7250000000000001,0.135,0.23,5.290000000000001
Sam Bennett,FLA,C,2025-26,145.95000000000027,29.0,22.0,18.0,20.0,11.0,7.0,2.0,5.0,1.0,3.0,0.0,2.0,3.0,5.0,12.0,12.0,17.0,5.0,0.0,1.0,7.0,51.0,29.0,12.0,12.0,9.0,7.0,0.0,15.0,40.0,26.0,28.0,23.0,16.0,6.0,5.0,2.0,20.0,5.0,6.0,5.0,18.0,10.0,4.0,1.0,2.0,0.0,0.0,0.0,18.0,14.0,12.0,1.0,1.0,7.0,11.0,6.0,3.0,2.0,0.0,1.0,1.0,1.0,2.0,1.0,1.0,0.0,0.0,17.0,7.0,5.0,8.0,4.0,8.0,4.0,0.0,4.0,1.0,2.0,1.0,9.830000000000002,6.1,1.1500000000000001,0.175,0.9550000000000003,0.63,0.8200000000000001,9.010000000000002
Sam Reinhart,FLA,C,2025-26,164.016666666667,24.0,19.0,13.0,31.0,24.0,4.0,3.0,10.0,0.0,6.0,2.0,5.0,5.0,1.0,11.0,12.0,11.0,11.0,0.0,6.0,2.0,54.0,31.0,6.0,7.0,7.0,11.0,1.0,22.0,46.0,23.0,28.0,23.0,9.0,6.0,5.0,2.0,16.0,2.0,8.0,5.0,13.0,15.0,4.0,1.0,2.0,0.0,1.0,0.0,23.0,14.0,10.0,6.0,0.0,18.0,13.0,6.0,15.0,4.0,0.0,1.0,1.0,4.0,2.0,2.0,3.0,2.0,2.0,13.0,5.0,6.0,19.0,6.0,6.0,5.0,0.0,4.0,1.0,0.0,1.0,11.715000000000003,6.450000000000002,1.765,0.135,0.9600000000000001,0.645,1.76,9.954999999999998
Seth Jones,FLA,D,2025-26,114.56666666666601,12.0,9.0,2.0,14.0,7.0,5.0,2.0,3.0,0.0,0.0,0.0,0.0,4.0,7.0,0.0,11.0,9.0,3.0,0.0,1.0,1.0,9.0,2.0,1.0,0.0,0.0,0.0,0.0,2.0,54.0,41.0,17.0,11.0,4.0,4.0,6.0,3.0,24.0,6.0,29.0,2.0,9.0,8.0,31.0,13.0,8.0,8.0,4.0,1.0,5.0,2.0,2.0,0.0,1.0,5.0,16.0,11.0,0.0,5.0,0.0,0.0,0.0,2.0,0.0,0.0,0.0,2.0,0.0,12.0,0.0,0.0,3.0,4.0,7.0,0.0,0.0,0.0,0.0,0.0,0.0,4.165,2.285,0.045,0.72,0.7050000000000001,0.03,0.38000000000000006,3.785
Sergei Bobrovsky,FLA,G,2025-26,376.66679999999997,0.0,0.0,0.0,0.0,0.0,0.0,0.0,0.0,0.0,0.0,0.0,0.0,0.0,0.0,0.0,0.0,0.0,0.0,0.0,0.0,0.0,0.0,0.0,0.0,0.0,0.0,0.0,0.0,0.0,44.0,44.0,2.0,0.0,0.0,0.0,2.0,2.0,28.0,5.0,40.0,5.0,2.0,0.0,0.0,0.0,0.0,0.0,0.0,0.0,0.0,0.0,0.0,0.0,0.0,0.0,0.0,0.0,0.0,0.0,0.0,0.0,0.0,0.0,0.0,0.0,0.0,0.0,0.0,0.0,0.0,0.0,0.0,0.0,0.0,0.0,0.0,0.0,0.0,0.0,0.0,0.0,0.0,0.0,0.0,0.0,0.0,0.0,0.0
Spencer Knight,CHI,G,2025-26,758.4333999999999,0.0,0.0,0.0,0.0,0.0,0.0,0.0,0.0,0.0,0.0,0.0,0.0,0.0,0.0,0.0,0.0,0.0,0.0,0.0,0.0,0.0,0.0,0.0,0.0,0.0,0.0,0.0,0.0,0.0,63.0,63.0,2.0,0.0,0.0,0.0,2.0,2.0,39.0,21.0,58.0,19.0,2.0,0.0,0.0,0.0,0.0,0.0,0.0,0.0,0.0,0.0,0.0,0.0,0.0,0.0,0.0,0.0,0.0,0.0,0.0,0.0,0.0,0.0,0.0,0.0,0.0,0.0,0.0,0.0,0.0,0.0,0.0,0.0,0.0,0.0,0.0,0.0,0.0,0.0,0.0,0.0,0.0,0.0,0.0,0.0,0.0,0.0,0.0
Adam Edstrom,NYR,C,2025-26,62.516666666667,6.0,4.0,5.0,2.0,2.0,0.0,0.0,1.0,0.0,0.0,0.0,0.0,1.0,0.0,1.0,1.0,5.0,1.0,0.0,0.0,3.0,15.0,5.0,1.0,2.0,4.0,0.0,1.0,7.0,10.0,4.0,8.0,7.0,4.0,0.0,1.0,0.0,3.0,2.0,1.0,2.0,3.0,5.0,1.0,1.0,0.0,0.0,0.0,0.0,0.0,0.0,0.0,0.0,0.0,0.0,0.0,0.0,0.0,0.0,0.0,0.0,0.0,1.0,0.0,1.0,0.0,0.0,1.0,5.0,0.0,1.0,1.0,0.0,1.0,0.0,1.0,0.0,0.0,0.0,0.0,1.9999999999999998,1.305,0.21500000000000002,0.015,0.18,0.285,0.0,1.9999999999999998
Adam Fox,NYR,D,2025-26,151.950000000001,15.0,10.0,4.0,31.0,14.0,14.0,3.0,4.0,1.0,1.0,1.0,4.0,2.0,11.0,3.0,14.0,8.0,6.0,2.0,6.0,0.0,21.0,8.0,0.0,2.0,0.0,1.0,0.0,4.0,59.0,41.0,27.0,21.0,2.0,11.0,6.0,3.0,30.0,11.0,21.0,13.0,17.0,10.0,59.0,35.0,9.0,11.0,10.0,1.0,4.0,1.0,2.0,0.0,1.0,6.0,34.0,20.0,1.0,13.0,2.0,0.0,0.0,1.0,0.0,1.0,3.0,0.0,1.0,12.0,1.0,2.0,17.0,3.0,11.0,1.0,0.0,0.0,0.0,1.0,1.0,7.385000000000001,4.08,0.4149999999999999,1.24,0.645,0.06,0.9450000000000001,6.44
Alexis Lafrenière,NYR,L,2025-26,180.95000000000098,24.0,18.0,15.0,36.0,15.0,17.0,4.0,7.0,1.0,4.0,1.0,3.0,3.0,6.0,14.0,15.0,7.0,18.0,3.0,11.0,4.0,49.0,20.0,7.0,3.0,12.0,4.0,2.0,16.0,45.0,25.0,30.0,17.0,6.0,6.0,13.0,1.0,16.0,2.0,8.0,4.0,16.0,14.0,2.0,0.0,0.0,0.0,0.0,0.0,12.0,7.0,7.0,0.0,0.0,8.0,12.0,5.0,5.0,2.0,0.0,2.0,1.0,1.0,1.0,4.0,2.0,1.0,3.0,9.0,6.0,9.0,21.0,2.0,13.0,8.0,0.0,3.0,3.0,0.0,1.0,9.685,6.51,0.8749999999999999,0.07,0.7850000000000001,0.78,0.665,9.020000000000001
Artemi Panarin,NYR,L,2025-26,201.5,32.0,24.0,16.0,60.0,35.0,18.0,7.0,18.0,5.0,4.0,1.0,3.0,17.0,5.0,11.0,32.0,16.0,17.0,2.0,15.0,5.0,83.0,53.0,9.0,18.0,11.0,15.0,4.0,17.0,69.0,33.0,45.0,33.0,10.0,6.0,12.0,2.0,20.0,6.0,12.0,9.0,19.0,26.0,3.0,1.0,1.0,1.0,0.0,0.0,17.0,8.0,9.0,0.0,0.0,16.0,23.0,8.0,10.0,2.0,2.0,2.0,0.0,5.0,0.0,2.0,6.0,1.0,3.0,21.0,3.0,8.0,28.0,10.0,22.0,5.0,1.0,1.0,0.0,2.0,2.0,16.03,10.065,2.945,0.095,1.13,0.7500000000000002,1.0450000000000002,14.985000000000001
Braden Schneider,NYR,D,2025-26,195.64999999999802,16.0,12.0,2.0,23.0,19.0,3.0,1.0,10.0,0.0,1.0,0.0,1.0,2.0,1.0,2.0,6.0,11.0,15.0,1.0,0.0,0.0,26.0,8.0,0.0,5.0,1.0,3.0,1.0,5.0,68.0,49.0,20.0,9.0,2.0,4.0,11.0,4.0,26.0,11.0,33.0,14.0,12.0,8.0,67.0,47.0,9.0,14.0,11.0,1.0,2.0,1.0,1.0,0.0,6.0,0.0,2.0,2.0,0.0,1.0,0.0,0.0,0.0,1.0,0.0,0.0,2.0,0.0,5.0,14.0,1.0,1.0,17.0,3.0,3.0,1.0,0.0,0.0,0.0,1.0,0.0,5.915000000000001,3.89,0.5599999999999999,0.9550000000000002,0.09000000000000001,0.12,0.30000000000000004,5.615
Carson Soucy,NYR,D,2025-26,121.266666666666,7.0,5.0,0.0,17.0,7.0,5.0,5.0,3.0,0.0,0.0,0.0,0.0,1.0,4.0,0.0,5.0,6.0,10.0,0.0,3.0,0.0,9.0,5.0,0.0,0.0,0.0,0.0,2.0,1.0,36.0,31.0,13.0,6.0,0.0,2.0,7.0,3.0,14.0,5.0,19.0,1.0,9.0,4.0,49.0,25.0,10.0,11.0,5.0,3.0,0.0,0.0,0.0,0.0,0.0,0.0,0.0,0.0,0.0,0.0,0.0,0.0,0.0,1.0,0.0,0.0,1.0,0.0,4.0,7.0,0.0,0.0,11.0,1.0,5.0,0.0,0.0,0.0,0.0,0.0,0.0,3.5300000000000002,1.8350000000000002,0.295,1.0350000000000001,0.35000000000000003,0.015,0.0,3.5300000000000002
Conor Sheary,NYR,L,2025-26,125.533333333332,12.0,9.0,11.0,19.0,13.0,4.0,2.0,7.0,2.0,3.0,0.0,1.0,2.0,4.0,2.0,10.0,7.0,8.0,2.0,4.0,1.0,39.0,10.0,8.0,2.0,5.0,4.0,2.0,11.0,32.0,19.0,21.0,15.0,4.0,7.0,6.0,2.0,12.0,2.0,5.0,2.0,12.0,9.0,7.0,3.0,2.0,0.0,1.0,1.0,1.0,0.0,1.0,0.0,0.0,1.0,1.0,1.0,1.0,1.0,0.0,0.0,0.0,0.0,1.0,5.0,1.0,0.0,1.0,10.0,0.0,2.0,9.0,4.0,6.0,1.0,0.0,0.0,0.0,0.0,1.0,5.794999999999999,4.015000000000001,0.38000000000000006,0.18000000000000002,0.685,0.39,0.145,5.6499999999999995
J.T. Miller,NYR,C,2025-26,146.49999999999898,18.0,14.0,11.0,36.0,20.0,13.0,3.0,10.0,1.0,4.0,2.0,7.0,4.0,4.0,7.0,17.0,9.0,12.0,0.0,7.0,0.0,47.0,22.0,7.0,9.0,4.0,9.0,1.0,10.0,46.0,27.0,23.0,20.0,5.0,6.0,3.0,3.0,17.0,3.0,13.0,5.0,11.0,12.0,4.0,2.0,1.0,0.0,0.0,0.0,9.0,6.0,5.0,1.0,0.0,6.0,11.0,6.0,3.0,6.0,0.0,0.0,3.0,3.0,4.0,6.0,4.0,1.0,0.0,11.0,4.0,3.0,19.0,6.0,11.0,2.0,0.0,0.0,3.0,1.0,1.0,9.410000000000002,6.075000000000001,1.2049999999999998,0.125,0.845,0.33,0.8300000000000001,8.58
Matt Rempe,NYR,C,2025-26,67.4333333333333,8.0,5.0,6.0,5.0,4.0,1.0,0.0,1.0,0.0,1.0,0.0,1.0,0.0,1.0,2.0,1.0,6.0,4.0,0.0,1.0,0.0,13.0,3.0,3.0,0.0,6.0,0.0,2.0,10.0,14.0,9.0,9.0,6.0,2.0,3.0,3.0,1.0,6.0,1.0,2.0,2.0,6.0,3.0,0.0,0.0,0.0,0.0,0.0,0.0,1.0,0.0,0.0,0.0,0.0,0.0,1.0,0.0,0.0,0.0,0.0,0.0,0.0,0.0,0.0,1.0,2.0,0.0,0.0,6.0,0.0,2.0,4.0,0.0,1.0,2.0,0.0,0.0,0.0,0.0,0.0,2.3899999999999997,1.6449999999999998,0.07,0.0,0.255,0.42,0.0,2.3899999999999997
Mika Zibanejad,NYR,C,2025-26,181.33333333333272,33.0,22.0,15.0,29.0,19.0,6.0,4.0,14.0,4.0,2.0,3.0,5.0,4.0,2.0,16.0,15.0,13.0,12.0,3.0,4.0,4.0,63.0,33.0,6.0,12.0,6.0,7.0,1.0,14.0,43.0,27.0,27.0,23.0,3.0,8.0,4.0,1.0,19.0,7.0,12.0,9.0,14.0,13.0,5.0,2.0,1.0,0.0,0.0,0.0,8.0,3.0,3.0,1.0,4.0,15.0,23.0,12.0,12.0,7.0,2.0,3.0,2.0,5.0,3.0,5.0,1.0,0.0,2.0,17.0,5.0,11.0,14.0,5.0,10.0,3.0,3.0,3.0,0.0,2.0,5.0,12.315000000000001,7.840000000000001,1.6349999999999998,0.15500000000000003,0.7200000000000001,0.48,1.4849999999999999,10.830000000000002
Noah Laba,NYR,C,2025-26,114.6666666666666,13.0,12.0,11.0,18.0,9.0,9.0,0.0,3.0,0.0,4.0,1.0,1.0,4.0,3.0,6.0,8.0,4.0,8.0,3.0,3.0,0.0,43.0,20.0,4.0,3.0,6.0,5.0,2.0,14.0,27.0,12.0,19.0,13.0,8.0,1.0,6.0,1.0,8.0,5.0,4.0,6.0,7.0,12.0,3.0,0.0,2.0,0.0,0.0,0.0,2.0,2.0,1.0,4.0,2.0,2.0,1.0,1.0,1.0,0.0,0.0,0.0,0.0,0.0,2.0,1.0,0.0,3.0,0.0,7.0,2.0,4.0,10.0,0.0,8.0,2.0,0.0,0.0,1.0,1.0,2.0,5.87,3.515,1.065,0.16,0.27,0.48000000000000004,0.38000000000000006,5.489999999999998
Sam Carrick,NYR,C,2025-26,121.5833333333337,15.0,11.0,9.0,17.0,13.0,3.0,1.0,6.0,1.0,4.0,3.0,1.0,0.0,0.0,7.0,1.0,8.0,13.0,0.0,3.0,1.0,44.0,18.0,5.0,4.0,6.0,4.0,2.0,20.0,29.0,12.0,15.0,7.0,4.0,2.0,8.0,0.0,8.0,4.0,6.0,4.0,6.0,9.0,5.0,1.0,1.0,0.0,0.0,0.0,0.0,0.0,0.0,1.0,1.0,0.0,0.0,0.0,0.0,0.0,0.0,0.0,0.0,0.0,0.0,4.0,0.0,2.0,1.0,8.0,3.0,4.0,15.0,0.0,2.0,0.0,2.0,1.0,1.0,1.0,2.0,5.82,3.950000000000001,0.8750000000000001,0.17,0.16500000000000006,0.5700000000000001,0.09,5.73
Taylor Raddysh,NYR,R,2025-26,114.74999999999969,5.0,3.0,4.0,17.0,8.0,7.0,2.0,3.0,1.0,2.0,0.0,0.0,1.0,1.0,2.0,4.0,3.0,12.0,0.0,7.0,1.0,21.0,7.0,2.0,1.0,5.0,1.0,2.0,20.0,23.0,14.0,14.0,9.0,5.0,1.0,5.0,0.0,7.0,2.0,7.0,2.0,7.0,7.0,0.0,0.0,0.0,0.0,0.0,0.0,0.0,0.0,0.0,0.0,1.0,0.0,1.0,0.0,0.0,0.0,0.0,0.0,0.0,0.0,1.0,1.0,3.0,0.0,1.0,3.0,0.0,2.0,13.0,1.0,3.0,1.0,1.0,0.0,0.0,0.0,0.0,3.4400000000000004,2.18,0.35,0.0,0.35000000000000003,0.5249999999999999,0.035,3.4050000000000002
Urho Vaakanainen,NYR,D,2025-26,91.96666666666731,10.0,8.0,1.0,10.0,5.0,3.0,2.0,0.0,0.0,0.0,0.0,1.0,0.0,4.0,1.0,4.0,8.0,4.0,1.0,3.0,0.0,13.0,2.0,0.0,1.0,0.0,0.0,1.0,1.0,37.0,23.0,16.0,5.0,2.0,0.0,11.0,5.0,7.0,5.0,13.0,3.0,5.0,11.0,38.0,22.0,3.0,2.0,5.0,1.0,0.0,0.0,0.0,0.0,2.0,0.0,0.0,0.0,0.0,0.0,0.0,0.0,0.0,1.0,0.0,0.0,0.0,1.0,2.0,9.0,0.0,1.0,6.0,0.0,4.0,1.0,0.0,0.0,0.0,0.0,0.0,2.4700000000000006,1.5199999999999998,0.125,0.67,0.06999999999999999,0.015,0.07,2.4000000000000004
Vincent Trocheck,NYR,C,2025-26,111.350000000001,13.0,10.0,8.0,22.0,11.0,8.0,3.0,3.0,2.0,2.0,1.0,1.0,3.0,2.0,6.0,9.0,6.0,8.0,1.0,5.0,0.0,37.0,18.0,8.0,8.0,6.0,5.0,0.0,12.0,32.0,14.0,18.0,14.0,3.0,3.0,4.0,0.0,8.0,4.0,8.0,4.0,6.0,12.0,1.0,0.0,0.0,0.0,0.0,0.0,5.0,3.0,3.0,0.0,1.0,5.0,7.0,1.0,4.0,1.0,0.0,0.0,0.0,1.0,2.0,3.0,1.0,0.0,1.0,7.0,2.0,4.0,13.0,2.0,7.0,2.0,1.0,0.0,2.0,0.0,1.0,5.609999999999999,3.58,0.725,0.03,0.4100000000000001,0.44999999999999996,0.41500000000000004,5.195
Vladislav Gavrikov,NYR,D,2025-26,241.96666666666698,22.0,14.0,5.0,34.0,19.0,4.0,11.0,7.0,0.0,1.0,0.0,4.0,4.0,8.0,4.0,13.0,13.0,13.0,2.0,4.0,2.0,24.0,8.0,1.0,2.0,0.0,2.0,0.0,6.0,78.0,55.0,21.0,13.0,2.0,2.0,8.0,5.0,26.0,14.0,41.0,11.0,9.0,12.0,112.0,65.0,13.0,21.0,13.0,2.0,2.0,0.0,0.0,0.0,4.0,1.0,4.0,1.0,0.0,1.0,0.0,0.0,0.0,4.0,0.0,1.0,4.0,2.0,4.0,18.0,1.0,3.0,21.0,7.0,6.0,1.0,0.0,1.0,0.0,0.0,2.0,8.125,5.21,0.42499999999999993,1.975,0.23,0.09,0.195,7.9300000000000015
Will Borgen,NYR,D,2025-26,177.81666666666598,13.0,8.0,2.0,25.0,18.0,4.0,3.0,8.0,0.0,0.0,0.0,1.0,4.0,6.0,3.0,11.0,8.0,12.0,1.0,3.0,2.0,18.0,5.0,1.0,0.0,0.0,1.0,2.0,1.0,73.0,54.0,33.0,19.0,5.0,7.0,14.0,4.0,26.0,12.0,25.0,10.0,24.0,9.0,78.0,60.0,4.0,19.0,14.0,1.0,0.0,0.0,0.0,0.0,0.0,0.0,0.0,0.0,0.0,0.0,0.0,0.0,0.0,2.0,0.0,0.0,1.0,0.0,7.0,10.0,0.0,3.0,14.0,5.0,6.0,3.0,0.0,0.0,0.0,0.0,0.0,5.264999999999999,3.6800000000000006,0.305,0.7200000000000001,0.5449999999999999,0.015,0.0,5.264999999999999
Will Cuylle,NYR,L,2025-26,165.733333333333,24.0,18.0,13.0,12.0,9.0,3.0,0.0,7.0,0.0,0.0,1.0,4.0,2.0,0.0,7.0,5.0,16.0,7.0,0.0,2.0,6.0,33.0,15.0,5.0,3.0,7.0,3.0,0.0,20.0,44.0,25.0,24.0,12.0,4.0,5.0,12.0,2.0,10.0,1.0,8.0,8.0,15.0,9.0,4.0,4.0,0.0,1.0,1.0,0.0,4.0,0.0,0.0,1.0,0.0,5.0,0.0,0.0,4.0,0.0,0.0,0.0,0.0,3.0,2.0,3.0,1.0,0.0,0.0,17.0,2.0,5.0,7.0,1.0,4.0,4.0,0.0,0.0,1.0,1.0,1.0,6.875000000000001,5.01,0.615,0.0049999999999999975,0.355,0.615,0.275,6.6
Anthony Mantha,PIT,R,2025-26,215.94999999999933,31.0,28.0,21.0,35.0,18.0,12.0,5.0,11.0,2.0,2.0,1.0,4.0,8.0,6.0,14.0,19.0,10.0,13.0,6.0,10.0,6.0,60.0,38.0,9.0,11.0,4.0,7.0,4.0,20.0,43.0,18.0,27.0,20.0,1.0,4.0,7.0,1.0,12.0,4.0,10.0,9.0,7.0,20.0,10.0,6.0,3.0,1.0,4.0,0.0,4.0,1.0,1.0,0.0,0.0,11.0,7.0,5.0,7.0,3.0,0.0,2.0,1.0,3.0,6.0,0.0,2.0,0.0,0.0,17.0,4.0,10.0,15.0,7.0,13.0,6.0,1.0,0.0,1.0,3.0,3.0,11.790000000000001,8.155,1.8299999999999998,0.16,0.545,0.48,0.6200000000000001,11.17
Ben Kindel,PIT,C,2025-26,189.40000000000072,26.0,20.0,14.0,44.0,25.0,17.0,2.0,12.0,0.0,3.0,4.0,6.0,9.0,5.0,11.0,21.0,11.0,10.0,4.0,5.0,4.0,58.0,36.0,10.0,13.0,9.0,9.0,3.0,23.0,48.0,26.0,32.0,22.0,7.0,5.0,10.0,1.0,15.0,8.0,10.0,7.0,15.0,17.0,2.0,1.0,1.0,0.0,0.0,0.0,9.0,4.0,4.0,1.0,1.0,5.0,4.0,4.0,3.0,2.0,0.0,1.0,0.0,4.0,3.0,3.0,2.0,5.0,0.0,15.0,3.0,8.0,21.0,10.0,12.0,5.0,0.0,1.0,0.0,2.0,3.0,11.59,7.855,1.77,0.09000000000000001,0.6200000000000001,0.7500000000000001,0.505,11.085000000000003
Blake Lizotte,PIT,C,2025-26,148.2833333333327,13.0,11.0,7.0,26.0,16.0,6.0,4.0,6.0,0.0,7.0,2.0,2.0,2.0,2.0,6.0,8.0,5.0,15.0,2.0,4.0,1.0,46.0,18.0,8.0,6.0,14.0,3.0,1.0,24.0,33.0,23.0,19.0,15.0,6.0,5.0,4.0,2.0,18.0,1.0,9.0,1.0,12.0,7.0,6.0,1.0,5.0,0.0,0.0,0.0,0.0,0.0,0.0,1.0,3.0,0.0,0.0,0.0,0.0,0.0,0.0,0.0,0.0,0.0,1.0,1.0,3.0,3.0,2.0,7.0,3.0,3.0,18.0,1.0,7.0,2.0,0.0,1.0,0.0,1.0,1.0,7.1450000000000005,4.1000000000000005,0.65,0.34,0.9049999999999999,0.99,0.16,6.984999999999999
Caleb Jones,PIT,D,2025-26,62.566666666666,8.0,6.0,0.0,7.0,3.0,4.0,0.0,1.0,0.0,0.0,1.0,1.0,0.0,2.0,1.0,2.0,5.0,2.0,2.0,3.0,0.0,8.0,1.0,0.0,1.0,0.0,0.0,0.0,0.0,24.0,19.0,7.0,6.0,2.0,2.0,1.0,3.0,9.0,4.0,11.0,1.0,5.0,2.0,29.0,16.0,3.0,3.0,1.0,3.0,0.0,0.0,0.0,0.0,1.0,0.0,0.0,0.0,0.0,0.0,0.0,0.0,0.0,1.0,0.0,0.0,1.0,0.0,1.0,7.0,0.0,1.0,4.0,1.0,2.0,0.0,1.0,0.0,0.0,0.0,0.0,2.165,1.2200000000000002,0.045,0.605,0.26,0.0,0.035,2.13
Connor Dewar,PIT,C,2025-26,177.016666666668,28.0,21.0,18.0,19.0,12.0,4.0,3.0,5.0,0.0,3.0,0.0,1.0,2.0,1.0,13.0,6.0,12.0,10.0,3.0,2.0,1.0,59.0,15.0,7.0,3.0,5.0,7.0,10.0,19.0,33.0,16.0,29.0,12.0,7.0,1.0,17.0,0.0,7.0,0.0,1.0,1.0,15.0,14.0,5.0,3.0,0.0,2.0,0.0,0.0,1.0,0.0,0.0,3.0,3.0,0.0,0.0,0.0,0.0,0.0,0.0,0.0,0.0,2.0,3.0,4.0,0.0,1.0,2.0,15.0,6.0,7.0,13.0,1.0,5.0,6.0,0.0,3.0,1.0,2.0,1.0,8.094999999999999,5.585,1.0950000000000002,0.075,0.56,0.51,0.27,7.824999999999999
Erik Karlsson,PIT,D,2025-26,294.73333333333204,39.0,26.0,10.0,65.0,34.0,22.0,9.0,23.0,2.0,1.0,0.0,6.0,10.0,9.0,9.0,26.0,23.0,25.0,3.0,12.0,2.0,47.0,29.0,7.0,10.0,0.0,4.0,0.0,5.0,145.0,108.0,59.0,36.0,7.0,19.0,23.0,11.0,57.0,13.0,56.0,12.0,41.0,18.0,107.0,52.0,16.0,14.0,11.0,0.0,10.0,8.0,7.0,0.0,7.0,16.0,26.0,15.0,1.0,7.0,0.0,0.0,0.0,9.0,1.0,0.0,5.0,0.0,12.0,29.0,3.0,7.0,38.0,11.0,16.0,5.0,1.0,1.0,1.0,0.0,1.0,16.895,10.529999999999998,1.2099999999999997,2.34,1.81,0.075,0.93,15.964999999999998
Evgeni Malkin,PIT,C,2025-26,164.283333333332,22.0,13.0,12.0,52.0,31.0,13.0,8.0,19.0,2.0,6.0,4.0,8.0,8.0,1.0,8.0,18.0,8.0,19.0,3.0,13.0,2.0,51.0,39.0,13.0,14.0,7.0,16.0,2.0,24.0,51.0,32.0,28.0,22.0,3.0,12.0,6.0,4.0,22.0,6.0,11.0,9.0,17.0,11.0,6.0,0.0,5.0,0.0,0.0,0.0,7.0,5.0,4.0,0.0,0.0,9.0,18.0,10.0,9.0,5.0,2.0,3.0,0.0,4.0,1.0,3.0,6.0,1.0,2.0,14.0,1.0,7.0,33.0,9.0,10.0,5.0,2.0,0.0,0.0,1.0,0.0,13.55,8.625000000000002,2.12,0.35500000000000004,0.795,0.6750000000000002,0.98,12.57
Harrison Brunicke,PIT,D,2025-26,62.783333333334,7.0,7.0,1.0,7.0,5.0,2.0,0.0,2.0,1.0,0.0,0.0,2.0,0.0,0.0,0.0,1.0,6.0,3.0,0.0,5.0,0.0,4.0,3.0,1.0,0.0,0.0,0.0,0.0,3.0,25.0,20.0,10.0,7.0,2.0,2.0,3.0,2.0,11.0,4.0,11.0,4.0,7.0,3.0,16.0,11.0,1.0,5.0,2.0,0.0,0.0,0.0,0.0,0.0,0.0,0.0,0.0,0.0,0.0,0.0,0.0,0.0,0.0,0.0,0.0,0.0,1.0,0.0,0.0,7.0,0.0,0.0,6.0,1.0,0.0,0.0,0.0,0.0,0.0,0.0,0.0,1.9800000000000002,1.4100000000000001,0.09,0.195,0.24000000000000002,0.045,0.0,1.9800000000000002
Justin Brazeau,PIT,R,2025-26,176.3499999999996,36.0,28.0,27.0,25.0,13.0,10.0,2.0,10.0,2.0,2.0,4.0,6.0,3.0,2.0,10.0,9.0,22.0,13.0,3.0,7.0,2.0,49.0,26.0,7.0,7.0,5.0,1.0,0.0,28.0,27.0,15.0,18.0,10.0,3.0,3.0,8.0,1.0,11.0,1.0,5.0,1.0,9.0,9.0,3.0,1.0,0.0,0.0,0.0,0.0,0.0,0.0,0.0,0.0,0.0,3.0,3.0,3.0,3.0,3.0,0.0,0.0,1.0,0.0,3.0,12.0,1.0,3.0,0.0,26.0,8.0,2.0,16.0,4.0,5.0,1.0,0.0,1.0,1.0,5.0,1.0,10.985,8.435,0.91,0.075,0.555,0.645,0.365,10.620000000000001
Kris Letang,PIT,D,2025-26,306.316666666668,24.0,18.0,2.0,62.0,39.0,17.0,6.0,21.0,2.0,2.0,1.0,6.0,9.0,9.0,3.0,21.0,14.0,27.0,3.0,12.0,0.0,44.0,17.0,5.0,4.0,0.0,3.0,3.0,3.0,126.0,95.0,48.0,35.0,1.0,18.0,13.0,10.0,55.0,14.0,55.0,17.0,30.0,18.0,104.0,61.0,7.0,20.0,17.0,3.0,9.0,2.0,2.0,1.0,1.0,5.0,15.0,7.0,1.0,2.0,0.0,0.0,0.0,8.0,0.0,0.0,5.0,3.0,11.0,21.0,0.0,3.0,41.0,9.0,12.0,2.0,1.0,0.0,0.0,0.0,0.0,12.445,8.325,0.8099999999999999,1.4249999999999996,1.5150000000000003,0.045,0.32500000000000007,12.120000000000001
Noel Acciari,PIT,C,2025-26,181.616666666667,22.0,20.0,16.0,14.0,8.0,5.0,1.0,4.0,1.0,2.0,0.0,2.0,4.0,1.0,4.0,7.0,16.0,5.0,1.0,4.0,1.0,41.0,16.0,9.0,5.0,12.0,3.0,2.0,23.0,33.0,23.0,22.0,14.0,4.0,8.0,8.0,0.0,16.0,4.0,6.0,5.0,17.0,5.0,4.0,2.0,2.0,0.0,0.0,0.0,1.0,1.0,1.0,0.0,2.0,0.0,0.0,0.0,0.0,0.0,0.0,0.0,0.0,1.0,1.0,6.0,1.0,0.0,2.0,18.0,4.0,0.0,7.0,2.0,5.0,0.0,0.0,2.0,0.0,1.0,0.0,6.895000000000001,4.620000000000001,0.5500000000000002,0.16,0.5750000000000001,0.8849999999999999,0.10500000000000001,6.790000000000001
Parker Wotherspoon,PIT,D,2025-26,297.499999999999,11.0,9.0,3.0,47.0,30.0,10.0,7.0,9.0,0.0,0.0,0.0,2.0,3.0,13.0,2.0,18.0,5.0,21.0,3.0,7.0,2.0,37.0,8.0,5.0,1.0,0.0,3.0,4.0,3.0,144.0,102.0,49.0,35.0,2.0,15.0,14.0,14.0,58.0,20.0,63.0,15.0,25.0,24.0,122.0,68.0,16.0,17.0,18.0,3.0,0.0,0.0,0.0,0.0,8.0,1.0,0.0,0.0,0.0,0.0,0.0,0.0,0.0,1.0,0.0,0.0,6.0,1.0,8.0,7.0,1.0,3.0,28.0,6.0,13.0,3.0,0.0,0.0,1.0,0.0,0.0,9.549999999999999,5.155000000000001,0.44000000000000006,2.18,1.4500000000000002,0.045,0.28,9.27
Philip Tomasino,PIT,R,2025-26,23.783333333334,3.0,3.0,1.0,1.0,0.0,1.0,0.0,0.0,0.0,0.0,0.0,0.0,0.0,0.0,0.0,0.0,2.0,0.0,0.0,0.0,1.0,11.0,8.0,0.0,1.0,2.0,0.0,0.0,1.0,4.0,4.0,3.0,2.0,2.0,0.0,1.0,0.0,3.0,1.0,1.0,1.0,3.0,0.0,2.0,0.0,1.0,0.0,0.0,1.0,0.0,0.0,0.0,0.0,0.0,0.0,0.0,0.0,0.0,0.0,0.0,0.0,0.0,0.0,0.0,0.0,0.0,0.0,0.0,3.0,0.0,0.0,1.0,0.0,0.0,0.0,0.0,0.0,0.0,0.0,0.0,1.045,0.425,0.36,0.08,0.07500000000000001,0.105,0.0,1.045
Rickard Rakell,PIT,R,2025-26,200.13333333333298,33.0,27.0,24.0,32.0,16.0,15.0,1.0,11.0,2.0,2.0,1.0,4.0,4.0,2.0,11.0,12.0,13.0,13.0,4.0,7.0,2.0,39.0,18.0,7.0,6.0,11.0,6.0,1.0,16.0,35.0,17.0,23.0,14.0,6.0,3.0,9.0,3.0,9.0,2.0,3.0,5.0,11.0,12.0,13.0,4.0,7.0,0.0,0.0,1.0,10.0,4.0,6.0,2.0,2.0,9.0,9.0,5.0,7.0,3.0,0.0,0.0,1.0,3.0,2.0,6.0,5.0,0.0,0.0,21.0,8.0,3.0,19.0,5.0,8.0,2.0,1.0,1.0,2.0,3.0,0.0,11.795,8.195,0.8600000000000001,0.56,0.47000000000000003,0.7350000000000001,0.975,10.82
Ryan Shea,PIT,D,2025-26,257.983333333332,30.0,21.0,6.0,29.0,9.0,13.0,7.0,4.0,0.0,0.0,0.0,1.0,5.0,4.0,6.0,9.0,16.0,8.0,3.0,4.0,2.0,27.0,9.0,1.0,0.0,0.0,1.0,1.0,4.0,116.0,90.0,51.0,35.0,5.0,20.0,16.0,14.0,53.0,17.0,44.0,13.0,32.0,19.0,112.0,75.0,10.0,22.0,18.0,2.0,0.0,0.0,0.0,0.0,7.0,0.0,1.0,0.0,0.0,0.0,0.0,0.0,0.0,5.0,0.0,0.0,3.0,2.0,0.0,24.0,4.0,2.0,20.0,5.0,4.0,1.0,0.0,0.0,2.0,2.0,1.0,8.82,5.0600000000000005,0.44999999999999996,1.5050000000000001,1.5000000000000002,0.06,0.24500000000000002,8.575000000000003
Sidney Crosby,PIT,C,2025-26,228.04999999999902,33.0,28.0,24.0,66.0,44.0,18.0,4.0,20.0,3.0,14.0,2.0,5.0,6.0,3.0,8.0,24.0,18.0,32.0,2.0,9.0,7.0,51.0,30.0,13.0,11.0,18.0,9.0,2.0,21.0,49.0,32.0,33.0,21.0,7.0,6.0,12.0,2.0,18.0,2.0,12.0,4.0,18.0,15.0,3.0,0.0,2.0,0.0,0.0,0.0,13.0,9.0,7.0,0.0,0.0,8.0,19.0,9.0,8.0,6.0,3.0,2.0,1.0,4.0,5.0,6.0,7.0,0.0,1.0,25.0,3.0,5.0,42.0,12.0,12.0,2.0,3.0,1.0,1.0,1.0,0.0,16.440000000000005,11.694999999999999,1.3300000000000003,0.16,0.9750000000000001,1.125,1.1549999999999998,15.285000000000004
Tommy Novak,PIT,C,2025-26,198.4166666666663,30.0,23.0,21.0,46.0,27.0,14.0,5.0,15.0,3.0,5.0,3.0,6.0,6.0,1.0,11.0,20.0,14.0,19.0,2.0,8.0,3.0,76.0,48.0,8.0,17.0,4.0,17.0,5.0,24.0,60.0,30.0,45.0,31.0,14.0,4.0,14.0,2.0,19.0,1.0,7.0,3.0,21.0,24.0,3.0,1.0,0.0,0.0,0.0,0.0,7.0,6.0,3.0,0.0,1.0,8.0,3.0,2.0,7.0,1.0,0.0,1.0,1.0,5.0,0.0,6.0,5.0,5.0,5.0,17.0,4.0,8.0,25.0,7.0,14.0,5.0,2.0,2.0,2.0,0.0,1.0,14.840000000000002,9.280000000000003,2.9100000000000006,0.075,1.42,0.54,0.615,14.225
Ville Koivunen,PIT,R,2025-26,79.950000000001,11.0,5.0,8.0,11.0,3.0,7.0,1.0,1.0,0.0,0.0,0.0,1.0,2.0,1.0,3.0,3.0,7.0,4.0,0.0,3.0,0.0,19.0,8.0,2.0,0.0,4.0,1.0,2.0,12.0,18.0,1.0,15.0,12.0,3.0,1.0,3.0,0.0,1.0,0.0,0.0,1.0,1.0,14.0,2.0,1.0,1.0,0.0,1.0,0.0,4.0,2.0,3.0,0.0,0.0,0.0,2.0,0.0,0.0,0.0,0.0,0.0,0.0,1.0,1.0,2.0,0.0,0.0,0.0,8.0,2.0,1.0,8.0,0.0,3.0,0.0,0.0,0.0,1.0,1.0,1.0,3.685,2.375,0.39499999999999996,0.04,0.4100000000000001,0.36,0.10500000000000001,3.58
Arturs Silovs,PIT,G,2025-26,243.3168,0.0,0.0,0.0,0.0,0.0,0.0,0.0,0.0,0.0,0.0,0.0,0.0,0.0,0.0,0.0,0.0,0.0,0.0,0.0,0.0,0.0,0.0,0.0,0.0,0.0,0.0,0.0,0.0,0.0,8.0,8.0,1.0,0.0,0.0,0.0,1.0,0.0,4.0,3.0,7.0,3.0,1.0,0.0,0.0,0.0,0.0,0.0,0.0,0.0,0.0,0.0,0.0,0.0,0.0,0.0,0.0,0.0,0.0,0.0,0.0,0.0,0.0,0.0,0.0,0.0,0.0,0.0,0.0,0.0,0.0,0.0,0.0,0.0,0.0,0.0,0.0,0.0,0.0,0.0,0.0,0.0,0.0,0.0,0.0,0.0,0.0,0.0,0.0
Igor Shesterkin,NYR,G,2025-26,270.3667,0.0,0.0,0.0,0.0,0.0,0.0,0.0,0.0,0.0,0.0,0.0,0.0,0.0,0.0,0.0,0.0,0.0,0.0,0.0,0.0,0.0,0.0,0.0,0.0,0.0,0.0,0.0,0.0,0.0,35.0,35.0,5.0,5.0,0.0,5.0,0.0,1.0,25.0,11.0,29.0,10.0,5.0,0.0,0.0,0.0,0.0,0.0,0.0,0.0,0.0,0.0,0.0,0.0,0.0,0.0,0.0,0.0,0.0,0.0,0.0,0.0,0.0,0.0,0.0,0.0,0.0,0.0,0.0,0.0,0.0,0.0,0.0,0.0,0.0,0.0,0.0,0.0,0.0,0.0,0.0,0.0,0.0,0.0,0.0,0.0,0.0,0.0,0.0
Adrian Kempe,L.A,R,2025-26,230.816666666669,26.0,16.0,12.0,49.0,31.0,15.0,3.0,10.0,0.0,5.0,0.0,6.0,5.0,6.0,10.0,22.0,7.0,12.0,7.0,7.0,5.0,71.0,37.0,7.0,15.0,6.0,7.0,0.0,22.0,48.0,28.0,32.0,23.0,14.0,5.0,9.0,2.0,19.0,4.0,9.0,5.0,17.0,15.0,8.0,4.0,2.0,2.0,1.0,0.0,8.0,6.0,3.0,1.0,2.0,8.0,15.0,8.0,2.0,6.0,0.0,0.0,1.0,7.0,2.0,2.0,6.0,0.0,2.0,14.0,2.0,10.0,24.0,11.0,14.0,5.0,5.0,0.0,1.0,0.0,0.0,11.915000000000001,7.700000000000001,1.7349999999999999,0.21000000000000002,0.965,0.6000000000000001,0.7050000000000001,11.21
Alex Laferriere,L.A,R,2025-26,226.10000000000002,48.0,30.0,22.0,40.0,25.0,11.0,4.0,8.0,2.0,6.0,0.0,4.0,4.0,4.0,20.0,17.0,21.0,16.0,3.0,5.0,0.0,88.0,45.0,7.0,10.0,16.0,10.0,2.0,30.0,63.0,30.0,40.0,21.0,8.0,8.0,19.0,4.0,15.0,2.0,8.0,4.0,18.0,22.0,6.0,1.0,3.0,1.0,0.0,0.0,14.0,8.0,5.0,2.0,6.0,4.0,7.0,3.0,1.0,2.0,1.0,1.0,0.0,0.0,0.0,7.0,6.0,2.0,3.0,27.0,7.0,13.0,21.0,5.0,13.0,9.0,3.0,4.0,2.0,1.0,1.0,14.685,9.284999999999998,2.33,0.305,0.9000000000000001,1.1700000000000002,0.6950000000000001,13.99
Alex Turcotte,L.A,C,2025-26,103.8,14.0,11.0,10.0,22.0,14.0,7.0,1.0,8.0,1.0,2.0,1.0,5.0,4.0,0.0,2.0,9.0,9.0,9.0,0.0,6.0,0.0,33.0,19.0,8.0,11.0,6.0,3.0,2.0,9.0,16.0,12.0,8.0,7.0,3.0,3.0,1.0,1.0,9.0,2.0,7.0,2.0,4.0,4.0,5.0,2.0,1.0,0.0,0.0,0.0,1.0,0.0,1.0,0.0,0.0,1.0,1.0,0.0,1.0,0.0,0.0,0.0,0.0,0.0,3.0,4.0,0.0,0.0,0.0,12.0,0.0,2.0,13.0,3.0,6.0,2.0,0.0,0.0,0.0,0.0,0.0,6.2,4.49,0.7300000000000001,0.155,0.32999999999999996,0.4049999999999999,0.09,6.109999999999999
Andrei Kuzmenko,L.A,L,2025-26,118.9333333333337,14.0,10.0,7.0,26.0,15.0,11.0,0.0,8.0,1.0,4.0,1.0,1.0,5.0,0.0,3.0,9.0,8.0,11.0,2.0,7.0,1.0,28.0,16.0,3.0,8.0,3.0,5.0,0.0,13.0,26.0,9.0,22.0,15.0,3.0,3.0,7.0,0.0,5.0,0.0,2.0,0.0,7.0,15.0,5.0,2.0,3.0,0.0,0.0,0.0,2.0,2.0,2.0,0.0,0.0,6.0,9.0,2.0,4.0,1.0,0.0,1.0,0.0,1.0,1.0,2.0,2.0,2.0,0.0,10.0,1.0,3.0,14.0,3.0,9.0,0.0,2.0,0.0,0.0,0.0,1.0,6.699999999999999,4.29,0.86,0.22500000000000003,0.65,0.32999999999999996,0.345,6.355
Anze Kopitar,L.A,C,2025-26,199.266666666668,15.0,13.0,7.0,37.0,16.0,18.0,3.0,3.0,1.0,6.0,1.0,2.0,2.0,1.0,7.0,9.0,1.0,12.0,4.0,14.0,0.0,43.0,29.0,7.0,12.0,3.0,4.0,0.0,19.0,57.0,29.0,33.0,22.0,8.0,6.0,11.0,1.0,21.0,6.0,16.0,7.0,12.0,21.0,4.0,0.0,1.0,0.0,0.0,0.0,9.0,6.0,6.0,0.0,1.0,3.0,8.0,6.0,3.0,3.0,0.0,2.0,0.0,0.0,2.0,5.0,5.0,1.0,0.0,7.0,6.0,2.0,26.0,4.0,7.0,1.0,1.0,1.0,2.0,3.0,0.0,7.735000000000002,4.535,1.21,0.155,0.8400000000000002,0.41999999999999993,0.5750000000000001,7.160000000000002
Brandt Clarke,L.A,D,2025-26,265.41666666666504,36.0,26.0,9.0,58.0,37.0,13.0,8.0,15.0,0.0,2.0,1.0,3.0,6.0,7.0,6.0,16.0,15.0,15.0,6.0,17.0,2.0,47.0,19.0,4.0,6.0,0.0,4.0,2.0,1.0,119.0,82.0,53.0,26.0,2.0,14.0,27.0,10.0,40.0,11.0,41.0,14.0,31.0,22.0,99.0,57.0,15.0,12.0,13.0,2.0,7.0,3.0,3.0,0.0,0.0,6.0,20.0,11.0,1.0,3.0,0.0,1.0,0.0,2.0,1.0,0.0,6.0,1.0,12.0,29.0,4.0,2.0,37.0,7.0,13.0,2.0,0.0,1.0,3.0,0.0,0.0,13.200000000000003,8.95,0.965,1.9099999999999997,1.0350000000000001,0.015,0.32499999999999996,12.875000000000002
Brian Dumoulin,L.A,D,2025-26,245.38333333333298,13.0,8.0,1.0,21.0,12.0,6.0,3.0,4.0,0.0,1.0,0.0,2.0,5.0,3.0,2.0,9.0,11.0,8.0,0.0,4.0,0.0,30.0,9.0,0.0,3.0,1.0,2.0,0.0,0.0,117.0,93.0,37.0,21.0,4.0,9.0,16.0,7.0,52.0,20.0,65.0,12.0,21.0,16.0,100.0,56.0,9.0,16.0,15.0,2.0,0.0,0.0,0.0,0.0,8.0,1.0,3.0,2.0,0.0,0.0,0.0,1.0,0.0,6.0,0.0,0.0,1.0,1.0,3.0,11.0,2.0,0.0,12.0,5.0,4.0,0.0,0.0,0.0,1.0,1.0,0.0,6.2250000000000005,2.865,0.515,1.605,0.9150000000000001,0.045,0.28,5.945
Cody Ceci,L.A,D,2025-26,240.06666666666803,15.0,10.0,2.0,15.0,9.0,5.0,1.0,1.0,0.0,0.0,0.0,0.0,2.0,7.0,3.0,9.0,8.0,4.0,1.0,0.0,0.0,39.0,2.0,1.0,0.0,0.0,0.0,4.0,2.0,90.0,64.0,31.0,14.0,4.0,4.0,17.0,6.0,31.0,19.0,41.0,14.0,17.0,14.0,76.0,44.0,8.0,13.0,12.0,2.0,0.0,0.0,0.0,0.0,5.0,0.0,0.0,0.0,0.0,0.0,0.0,0.0,0.0,2.0,0.0,0.0,1.0,0.0,2.0,12.0,0.0,3.0,6.0,3.0,6.0,3.0,0.0,0.0,0.0,0.0,0.0,4.0600000000000005,2.365,0.185,1.195,0.10999999999999993,0.03,0.17500000000000002,3.8850000000000002
Drew Doughty,L.A,D,2025-26,236.49999999999895,17.0,12.0,1.0,27.0,9.0,14.0,4.0,3.0,0.0,0.0,0.0,1.0,5.0,11.0,3.0,16.0,11.0,3.0,2.0,1.0,0.0,28.0,13.0,1.0,3.0,1.0,2.0,1.0,1.0,113.0,82.0,51.0,35.0,8.0,14.0,16.0,5.0,54.0,20.0,49.0,11.0,28.0,23.0,84.0,51.0,11.0,9.0,10.0,2.0,3.0,3.0,2.0,0.0,2.0,7.0,14.0,7.0,0.0,3.0,1.0,0.0,0.0,3.0,0.0,0.0,0.0,2.0,1.0,14.0,2.0,1.0,8.0,8.0,10.0,1.0,0.0,0.0,2.0,0.0,0.0,7.460000000000001,3.31,0.685,1.5750000000000002,1.49,0.06,0.33999999999999997,7.120000000000001
Jeff Malott,L.A,L,2025-26,99.2499999999998,17.0,10.0,11.0,14.0,8.0,4.0,2.0,2.0,0.0,3.0,0.0,0.0,1.0,3.0,5.0,5.0,10.0,5.0,1.0,2.0,4.0,23.0,8.0,3.0,2.0,6.0,2.0,0.0,8.0,26.0,10.0,14.0,11.0,5.0,1.0,3.0,1.0,6.0,3.0,6.0,5.0,3.0,11.0,4.0,0.0,2.0,0.0,0.0,0.0,1.0,1.0,1.0,0.0,0.0,0.0,0.0,0.0,0.0,0.0,0.0,0.0,0.0,1.0,1.0,3.0,1.0,0.0,2.0,12.0,1.0,4.0,9.0,1.0,4.0,1.0,2.0,0.0,0.0,1.0,0.0,4.795,3.59,0.335,0.19,0.255,0.39,0.035,4.76
Joel Armia,L.A,R,2025-26,171.4499999999993,19.0,14.0,9.0,23.0,14.0,8.0,1.0,6.0,2.0,2.0,0.0,2.0,2.0,2.0,10.0,9.0,7.0,10.0,2.0,5.0,0.0,49.0,24.0,9.0,2.0,12.0,6.0,3.0,26.0,46.0,26.0,26.0,9.0,3.0,2.0,17.0,3.0,10.0,4.0,7.0,9.0,16.0,10.0,8.0,1.0,4.0,0.0,0.0,1.0,1.0,0.0,1.0,2.0,1.0,3.0,2.0,1.0,3.0,0.0,0.0,1.0,0.0,1.0,4.0,0.0,4.0,0.0,2.0,8.0,7.0,4.0,14.0,1.0,8.0,3.0,1.0,1.0,4.0,2.0,0.0,7.339999999999999,4.495,1.1099999999999999,0.35,0.11000000000000001,0.9299999999999998,0.34500000000000003,6.994999999999999
Joel Edmundson,L.A,D,2025-26,255.28333333333396,36.0,25.0,4.0,32.0,20.0,9.0,3.0,4.0,0.0,2.0,0.0,2.0,3.0,6.0,1.0,9.0,20.0,13.0,9.0,3.0,1.0,19.0,0.0,1.0,0.0,0.0,0.0,5.0,2.0,87.0,65.0,29.0,14.0,1.0,5.0,15.0,7.0,34.0,17.0,41.0,9.0,16.0,13.0,96.0,61.0,12.0,17.0,17.0,0.0,0.0,0.0,0.0,0.0,7.0,0.0,1.0,1.0,0.0,0.0,0.0,1.0,0.0,10.0,2.0,0.0,2.0,5.0,5.0,33.0,1.0,2.0,23.0,3.0,6.0,2.0,0.0,0.0,0.0,1.0,0.0,7.935,5.65,0.13,1.45,0.43000000000000005,0.03,0.24500000000000002,7.69
Kevin Fiala,L.A,L,2025-26,162.70000000000002,34.0,25.0,17.0,25.0,13.0,10.0,2.0,5.0,2.0,4.0,0.0,2.0,6.0,1.0,10.0,12.0,18.0,8.0,2.0,4.0,4.0,40.0,19.0,10.0,8.0,8.0,7.0,2.0,12.0,49.0,23.0,27.0,20.0,8.0,6.0,7.0,3.0,15.0,3.0,9.0,4.0,11.0,16.0,2.0,1.0,1.0,0.0,0.0,0.0,7.0,6.0,5.0,0.0,0.0,9.0,15.0,4.0,5.0,2.0,0.0,0.0,0.0,8.0,2.0,1.0,2.0,1.0,2.0,23.0,5.0,6.0,12.0,3.0,10.0,2.0,3.0,1.0,4.0,0.0,1.0,9.455000000000002,6.585,0.86,0.08,0.8300000000000002,0.54,0.56,8.895
Mikey Anderson,L.A,D,2025-26,281.4,14.0,8.0,1.0,24.0,15.0,5.0,4.0,3.0,0.0,0.0,0.0,0.0,5.0,7.0,1.0,12.0,12.0,10.0,1.0,1.0,0.0,31.0,7.0,0.0,1.0,0.0,1.0,0.0,1.0,114.0,81.0,39.0,23.0,3.0,7.0,16.0,6.0,45.0,10.0,55.0,9.0,20.0,19.0,133.0,90.0,14.0,25.0,14.0,2.0,0.0,0.0,0.0,0.0,5.0,0.0,0.0,0.0,0.0,0.0,0.0,0.0,0.0,4.0,0.0,0.0,5.0,3.0,1.0,13.0,0.0,1.0,12.0,6.0,6.0,0.0,0.0,0.0,0.0,0.0,1.0,6.95,2.96,0.37,2.165,1.2650000000000001,0.015,0.17500000000000002,6.775
Phillip Danault,L.A,C,2025-26,118.48333333333402,10.0,9.0,6.0,9.0,4.0,5.0,0.0,1.0,0.0,2.0,0.0,0.0,1.0,2.0,3.0,5.0,7.0,3.0,0.0,3.0,3.0,17.0,12.0,7.0,3.0,4.0,2.0,0.0,18.0,37.0,20.0,18.0,14.0,7.0,5.0,4.0,1.0,12.0,3.0,6.0,7.0,13.0,5.0,5.0,2.0,2.0,0.0,0.0,1.0,6.0,2.0,2.0,0.0,3.0,3.0,6.0,3.0,3.0,2.0,0.0,0.0,0.0,1.0,0.0,0.0,0.0,0.0,0.0,7.0,2.0,1.0,4.0,2.0,3.0,0.0,1.0,1.0,0.0,1.0,0.0,3.965,2.115,0.33499999999999996,0.175,0.44,0.44999999999999996,0.45,3.5149999999999997
Quinton Byfield,L.A,R,2025-26,236.466666666667,34.0,23.0,19.0,43.0,28.0,13.0,2.0,16.0,2.0,3.0,4.0,9.0,5.0,2.0,15.0,21.0,14.0,14.0,2.0,9.0,3.0,89.0,54.0,17.0,12.0,6.0,13.0,5.0,28.0,50.0,31.0,29.0,23.0,12.0,3.0,6.0,5.0,21.0,4.0,12.0,7.0,14.0,15.0,11.0,4.0,6.0,0.0,1.0,0.0,26.0,20.0,13.0,2.0,1.0,6.0,10.0,4.0,2.0,3.0,1.0,1.0,0.0,1.0,3.0,7.0,3.0,0.0,3.0,18.0,10.0,5.0,20.0,8.0,14.0,3.0,1.0,3.0,3.0,2.0,1.0,15.020000000000003,9.48,2.555,0.44000000000000006,0.9450000000000001,0.6900000000000002,0.9100000000000001,14.11
Trevor Moore,L.A,L,2025-26,186.90000000000072,27.0,20.0,9.0,22.0,17.0,4.0,1.0,10.0,0.0,4.0,1.0,1.0,6.0,3.0,16.0,12.0,11.0,10.0,0.0,0.0,1.0,67.0,33.0,9.0,7.0,9.0,6.0,2.0,30.0,38.0,21.0,24.0,18.0,8.0,6.0,6.0,5.0,13.0,1.0,2.0,3.0,14.0,10.0,7.0,0.0,4.0,0.0,0.0,1.0,1.0,1.0,1.0,7.0,3.0,4.0,4.0,3.0,3.0,1.0,0.0,2.0,0.0,1.0,1.0,1.0,0.0,2.0,2.0,11.0,5.0,11.0,10.0,5.0,7.0,8.0,2.0,0.0,0.0,3.0,1.0,9.625,5.395,1.48,0.335,0.8150000000000002,0.8550000000000002,0.7450000000000001,8.88
Warren Foegele,L.A,L,2025-26,102.2833333333333,13.0,8.0,6.0,11.0,4.0,4.0,3.0,4.0,0.0,0.0,1.0,1.0,2.0,3.0,8.0,6.0,3.0,4.0,1.0,1.0,1.0,31.0,13.0,9.0,1.0,4.0,2.0,1.0,14.0,30.0,15.0,23.0,12.0,7.0,1.0,11.0,2.0,5.0,1.0,2.0,1.0,11.0,12.0,1.0,0.0,1.0,0.0,0.0,0.0,1.0,1.0,1.0,0.0,2.0,0.0,2.0,1.0,0.0,1.0,0.0,0.0,0.0,0.0,1.0,3.0,0.0,1.0,0.0,5.0,3.0,5.0,5.0,3.0,3.0,3.0,0.0,2.0,1.0,0.0,0.0,4.135000000000001,2.72,0.325,0.065,0.47500000000000003,0.39,0.16,3.975
Artturi Lehkonen,COL,L,2025-26,200.083333333332,29.0,26.0,24.0,29.0,13.0,12.0,4.0,9.0,0.0,2.0,3.0,2.0,6.0,4.0,9.0,15.0,7.0,8.0,11.0,7.0,5.0,37.0,19.0,6.0,5.0,7.0,5.0,1.0,30.0,43.0,21.0,30.0,24.0,2.0,8.0,6.0,2.0,12.0,3.0,6.0,5.0,13.0,17.0,6.0,3.0,2.0,0.0,0.0,0.0,2.0,1.0,2.0,2.0,2.0,9.0,5.0,3.0,7.0,1.0,0.0,1.0,0.0,6.0,5.0,9.0,3.0,0.0,0.0,15.0,9.0,5.0,12.0,7.0,9.0,3.0,1.0,0.0,2.0,6.0,1.0,10.979999999999999,7.555,0.895,0.21500000000000002,0.8600000000000001,0.7650000000000001,0.69,10.29
Brent Burns,COL,D,2025-26,251.366666666666,43.0,28.0,5.0,36.0,23.0,12.0,1.0,11.0,0.0,1.0,0.0,2.0,7.0,4.0,4.0,12.0,31.0,15.0,3.0,9.0,0.0,29.0,9.0,0.0,0.0,0.0,1.0,1.0,2.0,74.0,60.0,32.0,18.0,4.0,10.0,14.0,11.0,38.0,17.0,27.0,7.0,22.0,10.0,66.0,39.0,7.0,8.0,10.0,3.0,4.0,0.0,0.0,0.0,1.0,6.0,4.0,2.0,0.0,1.0,0.0,1.0,0.0,6.0,0.0,0.0,2.0,5.0,12.0,39.0,2.0,2.0,23.0,9.0,4.0,2.0,0.0,0.0,1.0,1.0,0.0,9.754999999999999,7.115,0.495,1.285,0.7400000000000002,0.03,0.09,9.665
Brock Nelson,COL,C,2025-26,204.29999999999873,25.0,22.0,17.0,44.0,21.0,21.0,2.0,9.0,0.0,8.0,1.0,2.0,6.0,3.0,11.0,15.0,8.0,22.0,4.0,10.0,3.0,55.0,36.0,12.0,12.0,7.0,7.0,4.0,12.0,29.0,24.0,16.0,13.0,4.0,8.0,3.0,1.0,19.0,0.0,9.0,1.0,14.0,2.0,9.0,2.0,5.0,1.0,0.0,1.0,11.0,7.0,7.0,2.0,5.0,10.0,17.0,7.0,9.0,4.0,0.0,3.0,0.0,3.0,1.0,3.0,3.0,0.0,0.0,13.0,4.0,7.0,29.0,5.0,10.0,4.0,1.0,1.0,1.0,2.0,2.0,11.959999999999999,7.334999999999999,1.605,0.385,0.8950000000000002,0.495,1.245,10.715
Cale Makar,COL,D,2025-26,245.83333333333402,29.0,19.0,11.0,58.0,32.0,18.0,8.0,12.0,1.0,0.0,1.0,4.0,11.0,8.0,8.0,21.0,13.0,13.0,6.0,12.0,1.0,47.0,26.0,7.0,9.0,0.0,9.0,2.0,3.0,117.0,91.0,56.0,43.0,12.0,19.0,13.0,12.0,57.0,6.0,40.0,8.0,39.0,17.0,80.0,44.0,12.0,9.0,10.0,1.0,12.0,9.0,5.0,1.0,6.0,17.0,53.0,23.0,2.0,14.0,2.0,0.0,0.0,2.0,0.0,0.0,6.0,1.0,6.0,19.0,4.0,6.0,33.0,13.0,11.0,2.0,2.0,1.0,0.0,2.0,2.0,15.224999999999998,8.32,1.42,1.6099999999999999,2.4400000000000004,0.045,1.3900000000000001,13.834999999999997
Devon Toews,COL,D,2025-26,254.866666666668,36.0,22.0,12.0,56.0,28.0,20.0,8.0,9.0,1.0,1.0,0.0,6.0,10.0,9.0,9.0,25.0,12.0,11.0,9.0,10.0,4.0,49.0,18.0,4.0,10.0,0.0,5.0,5.0,4.0,91.0,77.0,40.0,24.0,6.0,15.0,16.0,4.0,50.0,8.0,41.0,8.0,32.0,8.0,97.0,53.0,14.0,17.0,11.0,5.0,4.0,2.0,4.0,0.0,0.0,4.0,17.0,10.0,1.0,5.0,0.0,0.0,0.0,8.0,0.0,4.0,4.0,0.0,6.0,22.0,6.0,7.0,24.0,17.0,14.0,2.0,2.0,0.0,3.0,1.0,3.0,13.675000000000002,8.7,1.08,1.8350000000000002,1.5300000000000005,0.06,0.47000000000000003,13.205000000000002
Gabriel Landeskog,COL,L,2025-26,165.8333333333333,22.0,17.0,13.0,29.0,18.0,9.0,2.0,6.0,2.0,8.0,1.0,3.0,3.0,2.0,6.0,14.0,12.0,10.0,1.0,3.0,3.0,60.0,29.0,5.0,9.0,3.0,6.0,3.0,20.0,45.0,26.0,32.0,29.0,12.0,9.0,3.0,1.0,21.0,4.0,8.0,3.0,17.0,15.0,3.0,0.0,1.0,0.0,0.0,1.0,8.0,3.0,3.0,0.0,0.0,6.0,5.0,3.0,5.0,1.0,0.0,2.0,0.0,2.0,2.0,5.0,4.0,0.0,0.0,16.0,5.0,1.0,13.0,8.0,8.0,0.0,0.0,2.0,1.0,1.0,1.0,9.530000000000003,5.74,1.5150000000000001,0.11,1.2950000000000002,0.43500000000000005,0.43500000000000005,9.095
Gavin Brindley,COL,C,2025-26,101.75000000000038,17.0,13.0,9.0,14.0,9.0,4.0,1.0,2.0,0.0,5.0,1.0,1.0,0.0,0.0,5.0,2.0,10.0,6.0,1.0,6.0,2.0,36.0,16.0,0.0,3.0,1.0,1.0,1.0,13.0,17.0,8.0,15.0,11.0,3.0,3.0,4.0,1.0,6.0,4.0,1.0,4.0,6.0,9.0,6.0,0.0,4.0,0.0,0.0,0.0,9.0,5.0,2.0,0.0,0.0,5.0,3.0,2.0,1.0,0.0,0.0,1.0,0.0,2.0,1.0,2.0,1.0,2.0,0.0,12.0,3.0,2.0,10.0,2.0,2.0,1.0,0.0,2.0,0.0,1.0,1.0,5.165,3.4150000000000005,0.81,0.32000000000000006,0.255,0.24,0.125,5.040000000000001
Jack Drury,COL,C,2025-26,191.16666666666734,26.0,19.0,18.0,46.0,26.0,12.0,8.0,7.0,1.0,11.0,2.0,6.0,6.0,2.0,11.0,15.0,9.0,18.0,4.0,6.0,3.0,52.0,28.0,7.0,7.0,10.0,7.0,2.0,21.0,47.0,31.0,24.0,16.0,4.0,3.0,8.0,4.0,16.0,7.0,16.0,7.0,11.0,13.0,8.0,5.0,3.0,1.0,2.0,0.0,0.0,0.0,0.0,4.0,3.0,0.0,1.0,1.0,0.0,0.0,0.0,0.0,0.0,2.0,2.0,6.0,6.0,0.0,1.0,15.0,6.0,5.0,28.0,10.0,8.0,1.0,2.0,1.0,5.0,0.0,2.0,10.945,7.8100000000000005,1.4000000000000001,0.175,0.47000000000000003,0.7650000000000001,0.325,10.619999999999997
Joel Kiviranta,COL,L,2025-26,52.0499999999997,6.0,6.0,4.0,4.0,2.0,1.0,1.0,1.0,1.0,0.0,0.0,0.0,0.0,1.0,0.0,2.0,3.0,1.0,3.0,0.0,0.0,12.0,3.0,1.0,2.0,1.0,0.0,0.0,12.0,10.0,9.0,9.0,7.0,3.0,4.0,2.0,0.0,7.0,1.0,0.0,1.0,9.0,0.0,3.0,3.0,0.0,0.0,2.0,0.0,0.0,0.0,0.0,0.0,1.0,0.0,0.0,0.0,0.0,0.0,0.0,0.0,0.0,0.0,2.0,1.0,1.0,1.0,0.0,5.0,0.0,1.0,2.0,0.0,2.0,1.0,0.0,0.0,0.0,0.0,0.0,1.8850000000000002,1.22,0.09,-0.035,0.35000000000000003,0.22499999999999998,0.035,1.85
Josh Manson,COL,D,2025-26,242.58333333333195,38.0,26.0,10.0,43.0,27.0,12.0,4.0,14.0,2.0,2.0,0.0,6.0,6.0,3.0,6.0,16.0,22.0,11.0,4.0,7.0,0.0,45.0,22.0,3.0,7.0,0.0,4.0,0.0,5.0,71.0,53.0,33.0,22.0,4.0,10.0,11.0,4.0,34.0,10.0,29.0,7.0,20.0,13.0,67.0,40.0,9.0,4.0,6.0,2.0,0.0,0.0,0.0,1.0,3.0,0.0,1.0,1.0,0.0,1.0,0.0,0.0,0.0,8.0,1.0,2.0,3.0,3.0,4.0,29.0,5.0,4.0,23.0,11.0,9.0,1.0,3.0,0.0,4.0,1.0,0.0,12.015000000000002,8.23,1.0750000000000002,1.395,1.0250000000000004,0.075,0.215,11.800000000000002
Martin Necas,COL,C,2025-26,245.95000000000002,32.0,27.0,20.0,84.0,56.0,21.0,7.0,37.0,7.0,8.0,5.0,13.0,5.0,8.0,15.0,33.0,10.0,26.0,5.0,17.0,6.0,88.0,69.0,14.0,21.0,11.0,20.0,2.0,18.0,62.0,31.0,42.0,38.0,12.0,11.0,4.0,2.0,25.0,9.0,8.0,13.0,21.0,21.0,12.0,5.0,4.0,3.0,3.0,0.0,24.0,18.0,12.0,0.0,0.0,26.0,40.0,19.0,18.0,13.0,3.0,2.0,1.0,4.0,2.0,0.0,16.0,1.0,4.0,17.0,11.0,4.0,44.0,18.0,22.0,2.0,1.0,2.0,3.0,5.0,1.0,22.759999999999998,14.640000000000004,3.6449999999999996,0.26000000000000006,1.185,0.7650000000000001,2.265,20.495000000000005
Nathan MacKinnon,COL,C,2025-26,239.56666666666797,65.0,49.0,44.0,72.0,46.0,18.0,8.0,27.0,4.0,9.0,7.0,12.0,7.0,2.0,23.0,25.0,23.0,19.0,14.0,22.0,14.0,83.0,59.0,17.0,27.0,7.0,23.0,2.0,19.0,56.0,38.0,36.0,27.0,14.0,7.0,9.0,2.0,27.0,10.0,13.0,4.0,23.0,13.0,8.0,1.0,5.0,0.0,1.0,0.0,44.0,35.0,29.0,0.0,1.0,28.0,59.0,32.0,19.0,24.0,6.0,5.0,2.0,17.0,2.0,4.0,12.0,2.0,3.0,37.0,11.0,16.0,37.0,13.0,22.0,11.0,1.0,3.0,4.0,4.0,4.0,26.995,17.985000000000003,3.225,0.36,1.1300000000000003,0.6,3.6950000000000003,23.3
Parker Kelly,COL,C,2025-26,152.50000000000009,18.0,13.0,10.0,21.0,14.0,6.0,1.0,6.0,1.0,2.0,0.0,0.0,1.0,3.0,8.0,10.0,8.0,9.0,2.0,3.0,3.0,49.0,23.0,5.0,6.0,8.0,6.0,1.0,18.0,23.0,14.0,14.0,11.0,2.0,5.0,3.0,3.0,7.0,6.0,2.0,7.0,9.0,5.0,7.0,2.0,2.0,0.0,0.0,1.0,0.0,0.0,0.0,5.0,3.0,0.0,0.0,0.0,0.0,0.0,0.0,0.0,0.0,1.0,0.0,3.0,2.0,2.0,1.0,10.0,2.0,6.0,11.0,3.0,7.0,5.0,0.0,1.0,0.0,1.0,1.0,6.93,4.404999999999999,1.1749999999999998,0.23500000000000001,0.10499999999999995,0.63,0.38,6.55
Ross Colton,COL,C,2025-26,184.74999999999972,34.0,29.0,15.0,30.0,19.0,8.0,3.0,11.0,1.0,8.0,3.0,4.0,1.0,0.0,13.0,4.0,15.0,22.0,3.0,7.0,3.0,52.0,25.0,8.0,4.0,13.0,8.0,2.0,21.0,23.0,15.0,17.0,10.0,5.0,2.0,7.0,3.0,7.0,3.0,2.0,3.0,10.0,7.0,4.0,1.0,1.0,0.0,0.0,0.0,4.0,1.0,1.0,0.0,0.0,1.0,2.0,0.0,1.0,0.0,0.0,0.0,0.0,4.0,2.0,5.0,5.0,0.0,1.0,20.0,8.0,6.0,25.0,3.0,1.0,4.0,1.0,3.0,3.0,2.0,1.0,10.17,7.449999999999999,1.275,0.14,0.31500000000000006,0.9,0.09,10.08
Sam Malinski,COL,D,2025-26,231.23333333333298,31.0,24.0,5.0,54.0,27.0,16.0,11.0,16.0,1.0,1.0,1.0,0.0,7.0,9.0,7.0,17.0,14.0,21.0,6.0,10.0,0.0,41.0,17.0,3.0,6.0,1.0,5.0,4.0,2.0,96.0,72.0,44.0,25.0,4.0,10.0,19.0,7.0,38.0,19.0,37.0,17.0,28.0,16.0,61.0,36.0,6.0,9.0,5.0,1.0,2.0,1.0,0.0,0.0,6.0,1.0,0.0,0.0,0.0,0.0,0.0,0.0,0.0,5.0,0.0,0.0,3.0,2.0,14.0,22.0,6.0,3.0,33.0,7.0,13.0,2.0,0.0,3.0,2.0,1.0,1.0,10.76,7.715000000000001,1.045,1.15,0.5650000000000001,0.075,0.21000000000000002,10.549999999999999
Samuel Girard,COL,D,2025-26,96.5,5.0,3.0,0.0,10.0,4.0,6.0,0.0,2.0,0.0,0.0,0.0,0.0,1.0,2.0,1.0,3.0,2.0,2.0,0.0,3.0,0.0,16.0,4.0,0.0,3.0,0.0,0.0,1.0,0.0,29.0,26.0,14.0,10.0,2.0,7.0,4.0,4.0,15.0,5.0,10.0,5.0,12.0,2.0,41.0,24.0,4.0,3.0,5.0,2.0,0.0,0.0,0.0,0.0,1.0,0.0,0.0,0.0,0.0,0.0,0.0,0.0,0.0,0.0,0.0,0.0,1.0,0.0,1.0,4.0,0.0,1.0,5.0,2.0,3.0,0.0,1.0,0.0,0.0,0.0,0.0,2.5250000000000004,1.1649999999999998,0.21499999999999997,0.735,0.375,0.0,0.035,2.49
Valeri Nichushkin,COL,R,2025-26,179.666666666668,40.0,25.0,19.0,45.0,24.0,15.0,6.0,11.0,0.0,8.0,2.0,6.0,5.0,3.0,11.0,16.0,21.0,17.0,5.0,11.0,2.0,75.0,41.0,13.0,13.0,13.0,12.0,4.0,16.0,43.0,22.0,36.0,28.0,14.0,3.0,8.0,1.0,15.0,1.0,4.0,1.0,17.0,19.0,8.0,0.0,4.0,0.0,0.0,1.0,10.0,6.0,4.0,1.0,3.0,6.0,7.0,5.0,6.0,3.0,1.0,1.0,1.0,4.0,6.0,9.0,3.0,0.0,1.0,28.0,4.0,7.0,27.0,6.0,11.0,5.0,0.0,2.0,2.0,0.0,2.0,14.53,9.13,2.06,0.36500000000000005,1.2850000000000001,0.8250000000000001,0.8650000000000003,13.665000000000001
Victor Olofsson,COL,L,2025-26,132.2333333333342,17.0,16.0,7.0,16.0,11.0,4.0,1.0,4.0,0.0,5.0,0.0,0.0,5.0,0.0,8.0,5.0,8.0,7.0,0.0,2.0,1.0,34.0,16.0,3.0,3.0,5.0,3.0,1.0,14.0,28.0,12.0,22.0,15.0,2.0,7.0,7.0,3.0,8.0,2.0,1.0,1.0,8.0,14.0,3.0,1.0,1.0,1.0,0.0,0.0,3.0,2.0,1.0,0.0,0.0,5.0,12.0,5.0,3.0,0.0,0.0,2.0,0.0,1.0,3.0,3.0,1.0,6.0,1.0,8.0,6.0,2.0,10.0,2.0,4.0,2.0,0.0,1.0,4.0,1.0,0.0,5.53,3.395,0.785,0.095,0.6199999999999999,0.435,0.2,5.33
Scott Wedgewood,COL,G,2025-26,513.6333000000001,0.0,0.0,0.0,0.0,0.0,0.0,0.0,0.0,0.0,0.0,0.0,0.0,0.0,0.0,0.0,0.0,0.0,0.0,0.0,0.0,0.0,0.0,0.0,0.0,0.0,0.0,0.0,0.0,0.0,22.0,19.0,8.0,4.0,2.0,2.0,4.0,0.0,11.0,6.0,13.0,6.0,6.0,2.0,0.0,0.0,0.0,0.0,0.0,0.0,0.0,0.0,0.0,0.0,0.0,0.0,0.0,0.0,0.0,0.0,0.0,0.0,0.0,0.0,0.0,0.0,0.0,0.0,0.0,0.0,0.0,0.0,0.0,0.0,0.0,0.0,0.0,0.0,1.0,0.0,0.0,0.0,0.0,0.0,0.0,0.0,0.0,0.0,0.0
Darcy Kuemper,L.A,G,2025-26,470.81659999999994,0.0,0.0,0.0,0.0,0.0,0.0,0.0,0.0,0.0,0.0,0.0,0.0,0.0,0.0,0.0,0.0,0.0,0.0,0.0,0.0,0.0,0.0,0.0,0.0,0.0,0.0,0.0,0.0,0.0,26.0,26.0,5.0,0.0,0.0,0.0,5.0,0.0,13.0,8.0,21.0,8.0,5.0,0.0,0.0,0.0,0.0,0.0,0.0,0.0,0.0,0.0,0.0,0.0,0.0,0.0,0.0,0.0,0.0,0.0,0.0,0.0,0.0,0.0,0.0,0.0,0.0,0.0,0.0,0.0,0.0,0.0,0.0,0.0,0.0,0.0,0.0,0.0,0.0,0.0,0.0,0.0,0.0,0.0,0.0,0.0,0.0,0.0,0.0
Auston Matthews,TOR,C,2025-26,171.84999999999897,34.0,27.0,21.0,33.0,20.0,10.0,3.0,6.0,0.0,5.0,2.0,3.0,6.0,5.0,12.0,17.0,18.0,10.0,2.0,6.0,2.0,41.0,22.0,4.0,7.0,11.0,5.0,1.0,16.0,42.0,27.0,27.0,25.0,8.0,9.0,2.0,2.0,20.0,1.0,10.0,0.0,15.0,12.0,3.0,0.0,2.0,0.0,0.0,0.0,10.0,8.0,7.0,3.0,3.0,11.0,20.0,8.0,5.0,5.0,0.0,1.0,1.0,1.0,1.0,5.0,3.0,0.0,0.0,22.0,6.0,6.0,16.0,7.0,10.0,2.0,1.0,3.0,1.0,1.0,3.0,12.025,7.549999999999999,1.12,0.18000000000000002,1.3399999999999999,0.735,1.1,10.925
Bobby McMann,TOR,C,2025-26,180.133333333334,24.0,18.0,11.0,16.0,9.0,5.0,2.0,5.0,1.0,2.0,1.0,2.0,4.0,1.0,13.0,7.0,9.0,6.0,1.0,2.0,3.0,58.0,25.0,3.0,4.0,5.0,8.0,2.0,22.0,38.0,14.0,26.0,14.0,9.0,0.0,12.0,4.0,5.0,5.0,0.0,6.0,10.0,16.0,3.0,0.0,3.0,0.0,0.0,0.0,4.0,3.0,1.0,1.0,0.0,3.0,3.0,2.0,2.0,2.0,1.0,0.0,0.0,3.0,0.0,2.0,0.0,1.0,1.0,11.0,5.0,8.0,9.0,3.0,4.0,6.0,2.0,3.0,1.0,0.0,0.0,7.514999999999999,4.66,1.5,0.22500000000000003,0.23,0.555,0.34500000000000003,7.17
Brandon Carlo,TOR,D,2025-26,177.03333333333202,13.0,9.0,3.0,12.0,4.0,7.0,1.0,1.0,1.0,0.0,0.0,1.0,2.0,3.0,2.0,5.0,7.0,5.0,3.0,3.0,2.0,9.0,0.0,0.0,0.0,1.0,0.0,1.0,3.0,64.0,50.0,21.0,12.0,0.0,6.0,9.0,3.0,23.0,10.0,32.0,7.0,15.0,6.0,69.0,44.0,9.0,13.0,16.0,3.0,0.0,0.0,0.0,0.0,1.0,1.0,0.0,0.0,0.0,0.0,0.0,0.0,0.0,3.0,0.0,0.0,0.0,0.0,0.0,11.0,2.0,0.0,7.0,2.0,3.0,0.0,0.0,1.0,0.0,0.0,0.0,3.675,2.27,0.035,0.845,0.4000000000000001,0.09,0.035,3.64
Calle Jarnkrok,TOR,C,2025-26,81.9333333333338,8.0,7.0,3.0,12.0,3.0,7.0,2.0,1.0,0.0,2.0,0.0,0.0,2.0,1.0,2.0,4.0,5.0,7.0,1.0,5.0,1.0,22.0,5.0,4.0,0.0,2.0,0.0,0.0,10.0,16.0,8.0,11.0,9.0,2.0,2.0,2.0,2.0,5.0,2.0,2.0,1.0,4.0,7.0,3.0,0.0,3.0,0.0,0.0,0.0,0.0,0.0,0.0,0.0,4.0,0.0,2.0,1.0,0.0,0.0,0.0,0.0,0.0,0.0,0.0,1.0,0.0,0.0,0.0,6.0,0.0,2.0,8.0,3.0,1.0,2.0,0.0,0.0,0.0,0.0,0.0,2.6849999999999996,1.73,0.04500000000000001,0.195,0.3350000000000001,0.24000000000000005,0.14,2.545
Chris Tanev,TOR,D,2025-26,60.866666666667,2.0,2.0,0.0,8.0,4.0,4.0,0.0,1.0,0.0,1.0,0.0,0.0,2.0,2.0,0.0,4.0,2.0,3.0,0.0,0.0,0.0,9.0,1.0,0.0,0.0,0.0,0.0,0.0,2.0,34.0,28.0,5.0,2.0,0.0,2.0,3.0,2.0,16.0,2.0,22.0,2.0,4.0,1.0,17.0,8.0,1.0,2.0,3.0,0.0,0.0,0.0,0.0,0.0,0.0,0.0,0.0,0.0,0.0,0.0,0.0,0.0,0.0,0.0,0.0,0.0,0.0,0.0,0.0,2.0,0.0,0.0,4.0,3.0,1.0,0.0,0.0,0.0,0.0,0.0,0.0,1.42,0.74,0.045,0.275,0.33,0.03,0.0,1.42
Dakota Joshua,TOR,C,2025-26,98.90000000000029,10.0,6.0,6.0,8.0,5.0,3.0,0.0,3.0,0.0,0.0,1.0,1.0,3.0,2.0,4.0,7.0,4.0,1.0,0.0,0.0,2.0,31.0,12.0,3.0,5.0,4.0,4.0,2.0,10.0,29.0,10.0,22.0,15.0,4.0,2.0,7.0,3.0,4.0,2.0,1.0,3.0,6.0,16.0,3.0,0.0,2.0,0.0,0.0,0.0,1.0,1.0,1.0,0.0,2.0,0.0,2.0,1.0,0.0,0.0,0.0,1.0,0.0,1.0,0.0,0.0,0.0,0.0,0.0,6.0,0.0,4.0,1.0,1.0,6.0,1.0,1.0,0.0,0.0,0.0,2.0,4.045,2.305,0.6950000000000001,0.16,0.44999999999999996,0.33000000000000007,0.10500000000000001,3.94
Jake McCabe,TOR,D,2025-26,205.41666666666768,10.0,6.0,1.0,24.0,11.0,7.0,6.0,9.0,0.0,0.0,0.0,2.0,4.0,7.0,1.0,12.0,7.0,9.0,0.0,6.0,1.0,22.0,3.0,1.0,1.0,0.0,0.0,2.0,3.0,88.0,65.0,29.0,19.0,2.0,7.0,10.0,7.0,34.0,13.0,42.0,7.0,16.0,13.0,76.0,46.0,8.0,16.0,8.0,4.0,0.0,0.0,0.0,0.0,2.0,0.0,0.0,0.0,0.0,0.0,0.0,0.0,0.0,1.0,0.0,1.0,0.0,0.0,4.0,9.0,0.0,1.0,12.0,4.0,8.0,1.0,0.0,0.0,0.0,0.0,0.0,5.629999999999999,3.2899999999999996,0.16,1.25,0.8150000000000001,0.045,0.07,5.56
John Tavares,TOR,C,2025-26,185.66666666666603,36.0,27.0,22.0,38.0,19.0,14.0,5.0,6.0,1.0,5.0,0.0,3.0,2.0,3.0,12.0,13.0,22.0,19.0,2.0,10.0,4.0,56.0,27.0,6.0,10.0,14.0,11.0,4.0,22.0,48.0,27.0,27.0,23.0,6.0,8.0,4.0,1.0,20.0,4.0,11.0,5.0,15.0,12.0,5.0,0.0,2.0,0.0,0.0,0.0,5.0,2.0,1.0,0.0,0.0,13.0,12.0,6.0,11.0,3.0,1.0,2.0,1.0,2.0,2.0,5.0,1.0,0.0,2.0,24.0,5.0,7.0,24.0,6.0,7.0,3.0,2.0,1.0,2.0,1.0,2.0,12.84,8.105,1.69,0.22,0.9900000000000001,0.96,0.8750000000000001,11.965
Matias Maccelli,TOR,L,2025-26,158.31666666666501,15.0,12.0,12.0,34.0,25.0,6.0,3.0,16.0,5.0,4.0,3.0,4.0,5.0,3.0,4.0,13.0,9.0,17.0,0.0,8.0,3.0,39.0,20.0,10.0,10.0,8.0,6.0,2.0,23.0,34.0,14.0,23.0,15.0,4.0,4.0,8.0,1.0,7.0,1.0,2.0,3.0,11.0,12.0,5.0,0.0,1.0,0.0,0.0,0.0,11.0,6.0,6.0,0.0,0.0,2.0,9.0,5.0,2.0,2.0,1.0,1.0,0.0,2.0,0.0,4.0,5.0,2.0,1.0,11.0,0.0,4.0,20.0,6.0,8.0,3.0,1.0,0.0,0.0,0.0,0.0,9.465000000000002,6.699999999999999,0.8500000000000001,0.185,0.56,0.7050000000000001,0.4650000000000001,9.000000000000002
Matthew Knies,TOR,L,2025-26,167.949999999999,15.0,14.0,11.0,32.0,21.0,9.0,2.0,16.0,2.0,0.0,4.0,9.0,7.0,2.0,9.0,17.0,4.0,14.0,0.0,5.0,1.0,50.0,26.0,7.0,8.0,8.0,15.0,2.0,30.0,42.0,21.0,27.0,21.0,6.0,6.0,6.0,3.0,15.0,2.0,7.0,1.0,11.0,16.0,6.0,3.0,2.0,2.0,0.0,0.0,2.0,0.0,1.0,3.0,0.0,8.0,3.0,1.0,6.0,0.0,0.0,1.0,0.0,0.0,0.0,2.0,3.0,0.0,1.0,5.0,3.0,6.0,14.0,8.0,10.0,5.0,1.0,1.0,2.0,0.0,0.0,10.755000000000003,6.484999999999999,1.75,0.175,1.0050000000000001,0.81,0.53,10.225000000000001
Max Domi,TOR,C,2025-26,159.3500000000013,18.0,15.0,11.0,31.0,18.0,9.0,4.0,7.0,2.0,3.0,1.0,2.0,1.0,5.0,10.0,10.0,5.0,15.0,1.0,5.0,3.0,49.0,25.0,9.0,6.0,9.0,4.0,1.0,5.0,37.0,19.0,24.0,13.0,2.0,3.0,11.0,4.0,10.0,3.0,7.0,3.0,8.0,16.0,7.0,2.0,2.0,1.0,1.0,0.0,7.0,6.0,5.0,0.0,0.0,5.0,7.0,5.0,3.0,2.0,0.0,1.0,0.0,2.0,1.0,0.0,1.0,0.0,2.0,8.0,6.0,4.0,20.0,2.0,8.0,1.0,2.0,3.0,1.0,1.0,0.0,7.995000000000001,5.4,0.9750000000000001,0.195,0.49500000000000005,0.48000000000000004,0.45,7.545000000000001
Morgan Rielly,TOR,D,2025-26,221.28333333333302,32.0,21.0,11.0,37.0,19.0,13.0,5.0,8.0,1.0,0.0,0.0,4.0,4.0,10.0,8.0,18.0,21.0,13.0,2.0,7.0,4.0,44.0,12.0,4.0,5.0,1.0,4.0,4.0,2.0,108.0,78.0,40.0,24.0,4.0,9.0,16.0,8.0,37.0,11.0,45.0,10.0,25.0,15.0,93.0,65.0,3.0,19.0,8.0,3.0,1.0,0.0,0.0,0.0,0.0,8.0,22.0,14.0,1.0,7.0,0.0,0.0,0.0,3.0,0.0,0.0,4.0,1.0,4.0,22.0,4.0,5.0,19.0,6.0,12.0,4.0,1.0,1.0,1.0,0.0,0.0,10.469999999999999,6.934999999999999,0.7200000000000001,1.27,1.03,0.075,0.44,10.03
Nicholas Robertson,TOR,L,2025-26,144.6166666666673,22.0,17.0,15.0,22.0,17.0,5.0,0.0,8.0,1.0,3.0,1.0,4.0,2.0,2.0,10.0,12.0,10.0,9.0,0.0,3.0,3.0,43.0,20.0,8.0,9.0,9.0,4.0,2.0,16.0,43.0,24.0,26.0,15.0,9.0,2.0,11.0,2.0,12.0,3.0,8.0,4.0,14.0,12.0,7.0,0.0,4.0,0.0,0.0,0.0,1.0,1.0,1.0,1.0,0.0,1.0,0.0,0.0,1.0,0.0,0.0,0.0,0.0,4.0,3.0,2.0,3.0,0.0,2.0,12.0,3.0,7.0,10.0,2.0,10.0,6.0,1.0,2.0,1.0,0.0,0.0,8.260000000000002,5.71,0.83,0.35,0.58,0.645,0.145,8.115
Nicolas Roy,TOR,C,2025-26,118.066666666667,9.0,5.0,7.0,16.0,11.0,3.0,2.0,4.0,0.0,2.0,1.0,2.0,1.0,4.0,4.0,8.0,4.0,7.0,1.0,3.0,1.0,40.0,18.0,7.0,5.0,6.0,3.0,0.0,16.0,34.0,23.0,19.0,16.0,3.0,9.0,3.0,4.0,13.0,1.0,4.0,4.0,15.0,4.0,5.0,0.0,4.0,0.0,0.0,0.0,1.0,0.0,0.0,5.0,0.0,1.0,0.0,0.0,1.0,0.0,0.0,0.0,0.0,0.0,1.0,2.0,1.0,3.0,0.0,5.0,1.0,3.0,7.0,3.0,6.0,1.0,1.0,0.0,1.0,0.0,1.0,5.445,2.945,0.66,0.29000000000000004,0.7100000000000001,0.51,0.33,5.115
Oliver Ekman-Larsson,TOR,D,2025-26,229.18333333333302,22.0,15.0,5.0,27.0,13.0,9.0,5.0,7.0,0.0,0.0,0.0,1.0,1.0,10.0,4.0,13.0,11.0,10.0,1.0,3.0,1.0,21.0,7.0,5.0,2.0,0.0,4.0,3.0,1.0,71.0,49.0,26.0,17.0,2.0,7.0,9.0,3.0,29.0,14.0,31.0,17.0,15.0,11.0,72.0,48.0,7.0,15.0,13.0,3.0,2.0,1.0,0.0,0.0,2.0,3.0,9.0,4.0,0.0,3.0,0.0,0.0,0.0,3.0,1.0,0.0,2.0,1.0,6.0,16.0,2.0,3.0,14.0,3.0,10.0,3.0,0.0,1.0,1.0,0.0,0.0,6.33,4.535,0.41500000000000004,0.8950000000000001,0.235,0.015,0.23500000000000001,6.095000000000001
Simon Benoit,TOR,D,2025-26,164.56666666666698,12.0,9.0,4.0,14.0,9.0,3.0,2.0,4.0,0.0,0.0,0.0,0.0,1.0,6.0,4.0,8.0,6.0,4.0,1.0,2.0,0.0,16.0,4.0,1.0,2.0,1.0,2.0,2.0,3.0,59.0,46.0,14.0,4.0,1.0,0.0,10.0,6.0,23.0,12.0,34.0,9.0,6.0,8.0,75.0,48.0,5.0,15.0,8.0,1.0,0.0,0.0,0.0,0.0,3.0,0.0,0.0,0.0,0.0,0.0,0.0,0.0,0.0,1.0,0.0,1.0,0.0,1.0,0.0,7.0,2.0,3.0,6.0,2.0,6.0,2.0,1.0,0.0,0.0,2.0,0.0,4.18,2.545,0.31500000000000006,1.145,-0.020000000000000018,0.09,0.10500000000000001,4.075
Steven Lorentz,TOR,C,2025-26,86.05000000000031,8.0,8.0,6.0,11.0,3.0,8.0,0.0,2.0,0.0,0.0,0.0,0.0,2.0,0.0,4.0,5.0,3.0,4.0,1.0,3.0,0.0,21.0,8.0,5.0,3.0,5.0,3.0,2.0,7.0,15.0,5.0,7.0,3.0,0.0,0.0,4.0,1.0,1.0,0.0,2.0,3.0,2.0,5.0,2.0,0.0,2.0,0.0,0.0,0.0,0.0,0.0,0.0,4.0,2.0,0.0,0.0,0.0,0.0,0.0,0.0,0.0,0.0,0.0,2.0,1.0,1.0,0.0,0.0,4.0,2.0,2.0,6.0,3.0,2.0,2.0,0.0,0.0,1.0,1.0,0.0,3.145,1.9999999999999998,0.37,0.13,0.024999999999999994,0.33,0.29,2.8550000000000004
William Nylander,TOR,R,2025-26,156.7500000000003,20.0,15.0,14.0,36.0,26.0,7.0,3.0,19.0,4.0,3.0,1.0,3.0,6.0,2.0,12.0,17.0,5.0,15.0,2.0,5.0,1.0,47.0,29.0,10.0,10.0,8.0,8.0,2.0,11.0,40.0,18.0,25.0,19.0,8.0,7.0,6.0,2.0,14.0,3.0,4.0,7.0,12.0,13.0,7.0,0.0,5.0,0.0,0.0,0.0,15.0,9.0,9.0,0.0,0.0,7.0,18.0,6.0,4.0,4.0,1.0,1.0,0.0,0.0,0.0,2.0,4.0,1.0,2.0,7.0,6.0,6.0,19.0,9.0,8.0,3.0,2.0,2.0,1.0,3.0,1.0,11.09,7.36,1.365,0.385,0.665,0.525,0.79,10.3
Alex Newhook,MTL,C,2025-26,116.40000000000062,13.0,12.0,8.0,22.0,13.0,6.0,3.0,9.0,3.0,1.0,0.0,5.0,0.0,1.0,2.0,8.0,7.0,11.0,3.0,4.0,2.0,34.0,15.0,7.0,4.0,6.0,2.0,4.0,16.0,24.0,9.0,17.0,14.0,7.0,4.0,3.0,1.0,7.0,2.0,4.0,1.0,4.0,13.0,6.0,1.0,2.0,1.0,0.0,0.0,3.0,3.0,2.0,1.0,1.0,0.0,1.0,1.0,0.0,1.0,1.0,0.0,0.0,2.0,2.0,2.0,4.0,0.0,2.0,11.0,1.0,1.0,14.0,3.0,5.0,1.0,0.0,0.0,0.0,1.0,0.0,6.620000000000001,4.45,0.61,0.24000000000000002,0.56,0.51,0.25,6.370000000000001
Alexandre Carrier,MTL,D,2025-26,272.91666666666606,22.0,14.0,8.0,44.0,21.0,16.0,7.0,8.0,0.0,0.0,0.0,3.0,8.0,6.0,2.0,17.0,15.0,15.0,2.0,8.0,2.0,37.0,12.0,1.0,6.0,1.0,2.0,2.0,3.0,93.0,73.0,40.0,23.0,6.0,12.0,17.0,12.0,37.0,13.0,32.0,9.0,29.0,11.0,87.0,58.0,8.0,15.0,12.0,1.0,0.0,0.0,0.0,0.0,5.0,0.0,0.0,0.0,0.0,0.0,0.0,0.0,0.0,0.0,1.0,1.0,1.0,2.0,5.0,20.0,1.0,1.0,27.0,9.0,8.0,0.0,1.0,0.0,0.0,1.0,0.0,9.485,6.114999999999999,0.6749999999999999,1.4700000000000002,0.9600000000000001,0.09,0.17500000000000002,9.310000000000002
Arber Xhekaj,MTL,D,2025-26,132.0500000000001,10.0,6.0,0.0,15.0,7.0,5.0,3.0,2.0,0.0,0.0,0.0,3.0,1.0,3.0,0.0,4.0,8.0,6.0,1.0,2.0,0.0,3.0,0.0,0.0,0.0,0.0,0.0,0.0,0.0,50.0,39.0,11.0,5.0,1.0,2.0,6.0,5.0,24.0,9.0,27.0,8.0,7.0,4.0,53.0,28.0,11.0,4.0,6.0,3.0,0.0,0.0,0.0,0.0,0.0,0.0,0.0,0.0,0.0,0.0,0.0,0.0,0.0,2.0,0.0,0.0,0.0,1.0,2.0,10.0,0.0,0.0,11.0,0.0,4.0,0.0,0.0,0.0,0.0,0.0,0.0,3.43,2.01,0.0,1.24,0.18,0.0,0.0,3.43
Brendan Gallagher,MTL,R,2025-26,211.88333333333367,33.0,25.0,19.0,33.0,20.0,12.0,1.0,13.0,1.0,4.0,2.0,3.0,6.0,3.0,16.0,13.0,17.0,17.0,0.0,8.0,3.0,58.0,23.0,13.0,10.0,11.0,7.0,4.0,26.0,40.0,14.0,29.0,14.0,4.0,4.0,15.0,1.0,8.0,3.0,3.0,5.0,10.0,19.0,3.0,0.0,3.0,0.0,0.0,0.0,6.0,2.0,1.0,0.0,0.0,7.0,3.0,1.0,4.0,1.0,0.0,0.0,0.0,1.0,3.0,5.0,3.0,0.0,0.0,17.0,6.0,10.0,20.0,3.0,10.0,6.0,2.0,5.0,1.0,0.0,1.0,10.790000000000001,8.015000000000002,0.9750000000000001,0.195,0.41000000000000003,0.8850000000000001,0.31,10.480000000000004
Cole Caufield,MTL,R,2025-26,268.09999999999803,57.0,48.0,42.0,52.0,25.0,22.0,5.0,12.0,2.0,8.0,1.0,4.0,5.0,2.0,24.0,20.0,23.0,16.0,5.0,12.0,9.0,70.0,31.0,2.0,9.0,9.0,14.0,4.0,32.0,44.0,19.0,31.0,20.0,6.0,7.0,11.0,1.0,13.0,2.0,7.0,5.0,11.0,20.0,8.0,2.0,5.0,0.0,2.0,1.0,6.0,5.0,3.0,0.0,0.0,17.0,18.0,5.0,13.0,3.0,1.0,0.0,2.0,5.0,5.0,8.0,6.0,3.0,1.0,31.0,9.0,15.0,31.0,8.0,12.0,4.0,8.0,4.0,3.0,2.0,3.0,18.64,13.379999999999999,2.215,0.29000000000000004,0.78,0.8850000000000002,1.09,17.55
Ivan Demidov,MTL,R,2025-26,213.950000000001,26.0,17.0,18.0,57.0,35.0,15.0,7.0,20.0,3.0,8.0,1.0,10.0,1.0,3.0,13.0,12.0,9.0,19.0,3.0,17.0,2.0,73.0,43.0,7.0,11.0,12.0,13.0,4.0,30.0,54.0,24.0,34.0,24.0,12.0,5.0,10.0,0.0,19.0,1.0,9.0,7.0,14.0,20.0,14.0,3.0,7.0,1.0,1.0,0.0,12.0,9.0,7.0,0.0,0.0,8.0,18.0,11.0,6.0,8.0,4.0,1.0,2.0,5.0,0.0,1.0,8.0,5.0,2.0,13.0,9.0,4.0,43.0,6.0,7.0,1.0,1.0,5.0,2.0,2.0,2.0,16.21,9.920000000000002,2.4750000000000005,0.565,1.035,0.99,1.2249999999999999,14.985
Jake Evans,MTL,C,2025-26,208.5833333333347,26.0,21.0,20.0,37.0,24.0,7.0,6.0,12.0,1.0,6.0,1.0,5.0,2.0,3.0,11.0,16.0,12.0,17.0,2.0,8.0,1.0,71.0,32.0,7.0,9.0,9.0,8.0,2.0,15.0,52.0,28.0,32.0,20.0,11.0,5.0,12.0,2.0,20.0,2.0,10.0,4.0,16.0,16.0,13.0,5.0,4.0,2.0,1.0,0.0,0.0,0.0,0.0,3.0,7.0,0.0,0.0,0.0,0.0,0.0,0.0,0.0,0.0,1.0,5.0,2.0,3.0,0.0,0.0,15.0,6.0,5.0,19.0,6.0,12.0,3.0,1.0,1.0,3.0,1.0,1.0,11.775000000000004,7.725,1.6350000000000002,0.38500000000000006,0.99,0.63,0.41000000000000003,11.365000000000002
Josh Anderson,MTL,R,2025-26,209.983333333333,29.0,23.0,21.0,26.0,12.0,11.0,3.0,4.0,0.0,7.0,1.0,1.0,2.0,1.0,13.0,5.0,12.0,18.0,4.0,10.0,3.0,69.0,21.0,8.0,2.0,15.0,7.0,5.0,33.0,29.0,12.0,23.0,12.0,6.0,2.0,11.0,1.0,8.0,0.0,2.0,2.0,9.0,14.0,6.0,1.0,5.0,1.0,0.0,0.0,0.0,0.0,0.0,4.0,5.0,0.0,0.0,0.0,0.0,0.0,0.0,0.0,0.0,1.0,3.0,7.0,0.0,0.0,0.0,16.0,5.0,8.0,21.0,3.0,2.0,4.0,2.0,1.0,4.0,0.0,2.0,9.974999999999998,6.390000000000001,1.145,0.325,0.55,1.17,0.395,9.58
Juraj Slafkovský,MTL,L,2025-26,267.55,41.0,33.0,29.0,74.0,44.0,21.0,9.0,26.0,3.0,5.0,2.0,8.0,14.0,6.0,18.0,40.0,9.0,17.0,12.0,11.0,5.0,88.0,52.0,14.0,18.0,6.0,16.0,2.0,29.0,69.0,38.0,44.0,30.0,12.0,10.0,14.0,1.0,28.0,4.0,11.0,9.0,26.0,18.0,10.0,3.0,4.0,0.0,0.0,0.0,11.0,5.0,4.0,0.0,0.0,17.0,16.0,9.0,11.0,7.0,2.0,2.0,0.0,7.0,2.0,9.0,6.0,3.0,7.0,22.0,6.0,13.0,32.0,13.0,27.0,7.0,3.0,4.0,1.0,1.0,3.0,20.055,13.8,2.6599999999999997,0.395,1.295,0.7050000000000001,1.2000000000000002,18.855
Kaiden Guhle,MTL,D,2025-26,166.266666666666,16.0,10.0,2.0,16.0,9.0,4.0,3.0,4.0,0.0,0.0,0.0,0.0,1.0,2.0,3.0,4.0,8.0,10.0,2.0,4.0,0.0,23.0,4.0,2.0,1.0,0.0,1.0,1.0,5.0,54.0,31.0,26.0,13.0,2.0,4.0,13.0,2.0,16.0,13.0,19.0,10.0,10.0,16.0,72.0,46.0,10.0,16.0,13.0,3.0,0.0,0.0,0.0,0.0,3.0,0.0,0.0,0.0,0.0,0.0,0.0,0.0,0.0,3.0,1.0,0.0,0.0,0.0,5.0,13.0,2.0,1.0,12.0,2.0,2.0,1.0,0.0,1.0,0.0,1.0,0.0,4.19,2.765,0.18,1.0150000000000001,0.04999999999999997,0.075,0.10500000000000001,4.085
Kirby Dach,MTL,C,2025-26,92.84999999999971,8.0,7.0,6.0,7.0,4.0,2.0,1.0,2.0,0.0,0.0,0.0,1.0,1.0,0.0,3.0,4.0,4.0,3.0,0.0,2.0,2.0,21.0,11.0,5.0,5.0,6.0,4.0,1.0,2.0,19.0,12.0,10.0,4.0,2.0,1.0,6.0,2.0,5.0,1.0,5.0,2.0,5.0,5.0,7.0,1.0,2.0,0.0,0.0,0.0,8.0,6.0,5.0,0.0,0.0,2.0,0.0,0.0,1.0,0.0,0.0,0.0,0.0,0.0,0.0,4.0,1.0,1.0,1.0,5.0,1.0,2.0,3.0,2.0,2.0,0.0,2.0,0.0,1.0,0.0,0.0,3.425,1.945,0.525,0.265,0.15999999999999998,0.30000000000000004,0.23,3.195
Lane Hutson,MTL,D,2025-26,343.599999999999,46.0,31.0,13.0,69.0,30.0,30.0,9.0,14.0,1.0,0.0,0.0,7.0,12.0,8.0,8.0,22.0,19.0,11.0,13.0,14.0,4.0,64.0,37.0,2.0,15.0,2.0,11.0,4.0,4.0,142.0,112.0,57.0,40.0,7.0,22.0,17.0,4.0,73.0,19.0,71.0,14.0,37.0,20.0,129.0,92.0,6.0,19.0,17.0,1.0,17.0,12.0,9.0,0.0,0.0,3.0,26.0,15.0,2.0,11.0,1.0,0.0,0.0,7.0,1.0,4.0,7.0,2.0,7.0,38.0,2.0,6.0,44.0,11.0,11.0,3.0,2.0,1.0,0.0,1.0,1.0,18.115000000000002,10.790000000000001,2.3200000000000003,1.72,2.0700000000000003,0.15000000000000002,1.065,17.05
Mike Matheson,MTL,D,2025-26,357.516666666666,30.0,23.0,5.0,71.0,39.0,19.0,13.0,14.0,0.0,0.0,1.0,6.0,12.0,11.0,7.0,27.0,16.0,27.0,3.0,20.0,0.0,37.0,14.0,4.0,7.0,0.0,5.0,1.0,2.0,163.0,123.0,61.0,30.0,5.0,13.0,31.0,13.0,71.0,20.0,75.0,13.0,35.0,26.0,124.0,71.0,12.0,20.0,18.0,2.0,1.0,0.0,0.0,0.0,7.0,0.0,0.0,0.0,0.0,0.0,0.0,0.0,0.0,6.0,0.0,1.0,7.0,1.0,11.0,23.0,3.0,4.0,42.0,12.0,17.0,3.0,0.0,0.0,0.0,3.0,1.0,13.554999999999998,8.825000000000001,0.76,2.025,1.6700000000000002,0.03,0.24500000000000002,13.31
Nick Suzuki,MTL,C,2025-26,287.666666666666,41.0,33.0,28.0,69.0,41.0,20.0,8.0,23.0,4.0,7.0,2.0,7.0,5.0,6.0,15.0,30.0,13.0,20.0,11.0,10.0,4.0,105.0,58.0,9.0,19.0,17.0,18.0,2.0,33.0,76.0,37.0,42.0,34.0,12.0,8.0,8.0,3.0,26.0,2.0,19.0,5.0,15.0,27.0,12.0,4.0,3.0,1.0,2.0,0.0,28.0,22.0,12.0,2.0,3.0,10.0,33.0,14.0,8.0,11.0,2.0,0.0,3.0,6.0,4.0,4.0,9.0,0.0,3.0,25.0,4.0,11.0,37.0,6.0,24.0,4.0,7.0,4.0,0.0,0.0,0.0,21.350000000000005,13.065000000000001,3.2649999999999997,0.31000000000000005,1.5950000000000002,1.26,1.8550000000000002,19.495
Noah Dobson,MTL,D,2025-26,335.78333333333603,38.0,29.0,4.0,55.0,26.0,23.0,6.0,18.0,2.0,1.0,1.0,2.0,11.0,13.0,4.0,26.0,20.0,20.0,7.0,6.0,0.0,44.0,14.0,0.0,2.0,0.0,3.0,2.0,3.0,169.0,125.0,75.0,43.0,6.0,17.0,32.0,10.0,67.0,15.0,67.0,15.0,47.0,28.0,123.0,81.0,14.0,21.0,17.0,3.0,0.0,0.0,0.0,1.0,2.0,6.0,19.0,11.0,2.0,2.0,0.0,0.0,0.0,10.0,0.0,1.0,2.0,4.0,10.0,33.0,3.0,2.0,28.0,11.0,16.0,0.0,0.0,1.0,1.0,1.0,2.0,13.825000000000001,8.515,0.865,1.9249999999999998,2.13,0.045,0.345,13.480000000000002
Oliver Kapanen,MTL,C,2025-26,215.5500000000013,31.0,25.0,24.0,23.0,10.0,12.0,1.0,4.0,1.0,1.0,2.0,1.0,1.0,2.0,11.0,8.0,17.0,8.0,2.0,9.0,6.0,50.0,20.0,8.0,7.0,11.0,6.0,2.0,21.0,40.0,20.0,27.0,19.0,8.0,7.0,8.0,1.0,14.0,2.0,4.0,7.0,15.0,12.0,7.0,2.0,3.0,0.0,1.0,0.0,4.0,4.0,3.0,2.0,4.0,5.0,2.0,1.0,3.0,0.0,0.0,1.0,0.0,5.0,3.0,5.0,1.0,0.0,0.0,20.0,2.0,9.0,14.0,5.0,4.0,5.0,4.0,2.0,0.0,0.0,0.0,10.095,6.880000000000002,0.9400000000000001,0.24500000000000002,0.7000000000000003,0.81,0.52,9.575000000000001
Patrik Laine,MTL,L,2025-26,31.883333333334,2.0,1.0,1.0,4.0,2.0,1.0,1.0,2.0,0.0,0.0,0.0,0.0,2.0,0.0,1.0,2.0,1.0,0.0,0.0,1.0,0.0,6.0,2.0,3.0,0.0,0.0,0.0,0.0,2.0,7.0,4.0,4.0,1.0,0.0,0.0,3.0,1.0,2.0,1.0,2.0,0.0,1.0,3.0,0.0,0.0,0.0,0.0,0.0,0.0,0.0,0.0,0.0,0.0,0.0,1.0,2.0,0.0,0.0,0.0,0.0,0.0,0.0,0.0,0.0,0.0,0.0,0.0,0.0,1.0,1.0,0.0,2.0,2.0,0.0,0.0,0.0,1.0,0.0,0.0,0.0,0.71,0.675,-0.045,0.0,0.05,0.03,0.0,0.71
Zachary Bolduc,MTL,R,2025-26,213.8166666666664,25.0,20.0,19.0,30.0,15.0,12.0,3.0,8.0,1.0,4.0,2.0,3.0,5.0,4.0,11.0,13.0,11.0,15.0,1.0,8.0,4.0,49.0,20.0,7.0,2.0,14.0,5.0,6.0,23.0,50.0,19.0,32.0,19.0,4.0,4.0,13.0,4.0,9.0,1.0,6.0,5.0,9.0,23.0,8.0,5.0,3.0,0.0,1.0,0.0,3.0,0.0,0.0,0.0,1.0,8.0,8.0,2.0,6.0,0.0,0.0,1.0,0.0,2.0,1.0,5.0,2.0,3.0,0.0,14.0,3.0,8.0,17.0,3.0,10.0,5.0,3.0,2.0,1.0,0.0,0.0,10.094999999999999,6.775,1.07,0.23,0.68,0.9749999999999999,0.365,9.729999999999999
Sam Montembeault,MTL,G,2025-26,148.95,0.0,0.0,0.0,0.0,0.0,0.0,0.0,0.0,0.0,0.0,0.0,0.0,0.0,0.0,0.0,0.0,0.0,0.0,0.0,0.0,0.0,0.0,0.0,0.0,0.0,0.0,0.0,0.0,0.0,8.0,8.0,0.0,0.0,0.0,0.0,0.0,0.0,5.0,0.0,7.0,0.0,0.0,0.0,0.0,0.0,0.0,0.0,0.0,0.0,0.0,0.0,0.0,0.0,0.0,0.0,0.0,0.0,0.0,0.0,0.0,0.0,0.0,0.0,0.0,0.0,0.0,0.0,0.0,0.0,0.0,0.0,0.0,0.0,0.0,0.0,0.0,0.0,0.0,0.0,0.0,0.0,0.0,0.0,0.0,0.0,0.0,0.0,0.0
Anthony Stolarz,TOR,G,2025-26,336.6,0.0,0.0,0.0,0.0,0.0,0.0,0.0,0.0,0.0,0.0,0.0,0.0,0.0,0.0,0.0,0.0,0.0,0.0,0.0,0.0,0.0,0.0,0.0,0.0,0.0,0.0,0.0,0.0,0.0,41.0,41.0,2.0,1.0,0.0,1.0,1.0,0.0,21.0,10.0,39.0,8.0,2.0,0.0,0.0,0.0,0.0,0.0,0.0,0.0,0.0,0.0,0.0,0.0,0.0,0.0,0.0,0.0,0.0,0.0,0.0,0.0,0.0,0.0,0.0,0.0,0.0,0.0,0.0,0.0,0.0,0.0,0.0,0.0,0.0,0.0,0.0,0.0,0.0,0.0,0.0,0.0,0.0,0.0,0.0,0.0,0.0,0.0,0.0
Albert Johansson,DET,D,2025-26,243.1166666666687,22.0,16.0,5.0,24.0,13.0,7.0,4.0,4.0,0.0,1.0,0.0,0.0,6.0,9.0,3.0,16.0,13.0,4.0,3.0,0.0,3.0,39.0,10.0,2.0,2.0,0.0,1.0,1.0,5.0,99.0,78.0,37.0,20.0,7.0,8.0,17.0,11.0,35.0,14.0,44.0,14.0,23.0,14.0,94.0,62.0,12.0,11.0,11.0,3.0,0.0,0.0,0.0,0.0,3.0,0.0,2.0,0.0,0.0,0.0,0.0,0.0,0.0,6.0,0.0,0.0,0.0,0.0,4.0,19.0,1.0,2.0,8.0,7.0,9.0,1.0,0.0,0.0,1.0,0.0,1.0,7.215000000000001,4.150000000000001,0.44999999999999996,1.8399999999999996,0.5950000000000001,0.075,0.10500000000000001,7.11
Alex DeBrincat,DET,R,2025-26,245.10000000000102,69.0,56.0,35.0,55.0,28.0,22.0,5.0,17.0,4.0,5.0,0.0,1.0,10.0,6.0,26.0,29.0,30.0,16.0,7.0,11.0,9.0,83.0,49.0,18.0,9.0,9.0,13.0,7.0,24.0,80.0,44.0,51.0,34.0,9.0,9.0,17.0,2.0,27.0,9.0,15.0,9.0,27.0,24.0,2.0,1.0,0.0,0.0,0.0,0.0,13.0,8.0,9.0,0.0,0.0,29.0,28.0,16.0,23.0,13.0,4.0,1.0,1.0,12.0,6.0,5.0,4.0,0.0,1.0,41.0,10.0,17.0,25.0,7.0,23.0,7.0,7.0,3.0,2.0,3.0,3.0,21.045,14.175,2.3550000000000004,0.045,1.2349999999999999,0.7650000000000001,2.4699999999999998,18.575000000000003
Andrew Copp,DET,C,2025-26,218.3333333333334,25.0,20.0,19.0,51.0,32.0,16.0,3.0,20.0,5.0,2.0,5.0,9.0,5.0,6.0,9.0,21.0,11.0,24.0,3.0,13.0,1.0,63.0,27.0,8.0,12.0,9.0,9.0,4.0,31.0,52.0,27.0,31.0,22.0,6.0,4.0,9.0,4.0,16.0,4.0,12.0,7.0,11.0,20.0,2.0,0.0,1.0,0.0,0.0,0.0,4.0,2.0,2.0,2.0,0.0,2.0,9.0,6.0,2.0,5.0,2.0,0.0,0.0,2.0,4.0,6.0,4.0,6.0,2.0,16.0,7.0,2.0,30.0,8.0,13.0,2.0,0.0,4.0,0.0,3.0,0.0,13.640000000000002,9.765000000000002,1.49,0.095,0.785,0.8699999999999999,0.6350000000000001,13.005
Axel Sandin-Pellikka,DET,D,2025-26,205.966666666668,19.0,15.0,2.0,22.0,12.0,8.0,2.0,3.0,0.0,0.0,0.0,2.0,7.0,3.0,5.0,10.0,9.0,4.0,3.0,3.0,1.0,19.0,3.0,2.0,1.0,0.0,0.0,2.0,1.0,62.0,43.0,26.0,12.0,2.0,6.0,14.0,5.0,18.0,12.0,20.0,16.0,18.0,8.0,55.0,33.0,3.0,11.0,9.0,2.0,2.0,0.0,1.0,0.0,1.0,9.0,8.0,1.0,1.0,1.0,0.0,0.0,0.0,5.0,0.0,0.0,1.0,3.0,3.0,12.0,2.0,4.0,12.0,6.0,4.0,4.0,0.0,1.0,1.0,0.0,0.0,4.33,3.4250000000000003,0.115,0.7050000000000001,-0.11000000000000003,0.015,0.18,4.1499999999999995
Ben Chiarot,DET,D,2025-26,319.51666666666597,29.0,16.0,2.0,30.0,14.0,11.0,5.0,7.0,0.0,0.0,0.0,4.0,3.0,6.0,6.0,13.0,16.0,10.0,1.0,3.0,1.0,60.0,10.0,3.0,3.0,0.0,4.0,5.0,0.0,135.0,96.0,50.0,24.0,5.0,5.0,26.0,14.0,45.0,26.0,52.0,17.0,30.0,20.0,136.0,82.0,9.0,31.0,24.0,1.0,0.0,0.0,0.0,0.0,1.0,0.0,0.0,0.0,0.0,0.0,0.0,0.0,0.0,3.0,0.0,0.0,2.0,1.0,3.0,23.0,2.0,4.0,17.0,4.0,9.0,3.0,1.0,0.0,2.0,0.0,0.0,8.035,5.105,0.7099999999999999,1.7249999999999999,0.45999999999999996,0.0,0.035,8.0
Dylan Larkin,DET,C,2025-26,200.950000000001,35.0,27.0,20.0,45.0,33.0,10.0,2.0,17.0,1.0,3.0,6.0,10.0,2.0,6.0,23.0,14.0,9.0,22.0,2.0,10.0,2.0,47.0,28.0,8.0,5.0,8.0,7.0,1.0,18.0,58.0,31.0,40.0,26.0,6.0,8.0,14.0,3.0,14.0,8.0,7.0,9.0,21.0,19.0,14.0,7.0,4.0,1.0,1.0,0.0,16.0,10.0,11.0,3.0,0.0,26.0,16.0,12.0,24.0,7.0,3.0,1.0,0.0,3.0,2.0,1.0,8.0,0.0,0.0,12.0,14.0,9.0,31.0,3.0,11.0,5.0,3.0,7.0,4.0,2.0,1.0,15.350000000000001,9.975000000000001,1.3199999999999998,0.4000000000000001,0.6650000000000001,0.6300000000000001,2.36,12.99
Elmer Soderblom,DET,L,2025-26,84.2999999999993,9.0,8.0,4.0,4.0,3.0,1.0,0.0,1.0,0.0,1.0,1.0,0.0,0.0,0.0,1.0,0.0,7.0,4.0,0.0,1.0,1.0,14.0,5.0,2.0,2.0,4.0,0.0,1.0,13.0,25.0,11.0,18.0,12.0,3.0,2.0,6.0,1.0,3.0,4.0,1.0,3.0,9.0,9.0,1.0,1.0,0.0,0.0,0.0,0.0,1.0,0.0,0.0,0.0,0.0,0.0,0.0,0.0,0.0,0.0,0.0,0.0,0.0,2.0,1.0,1.0,0.0,1.0,0.0,8.0,0.0,1.0,4.0,0.0,0.0,0.0,1.0,0.0,0.0,0.0,0.0,2.32,1.51,0.16999999999999998,0.015,0.25,0.37499999999999994,0.0,2.32
Emmitt Finnie,DET,C,2025-26,235.23333333333466,26.0,25.0,21.0,29.0,17.0,9.0,3.0,8.0,0.0,0.0,3.0,5.0,7.0,1.0,13.0,14.0,11.0,14.0,2.0,8.0,6.0,62.0,32.0,8.0,10.0,7.0,7.0,4.0,32.0,39.0,16.0,26.0,21.0,7.0,6.0,5.0,2.0,10.0,5.0,4.0,6.0,10.0,16.0,4.0,0.0,3.0,0.0,0.0,0.0,14.0,5.0,5.0,1.0,2.0,2.0,9.0,4.0,2.0,2.0,0.0,1.0,0.0,3.0,3.0,2.0,4.0,2.0,0.0,13.0,4.0,9.0,15.0,9.0,5.0,5.0,3.0,1.0,2.0,0.0,1.0,10.96,7.215000000000001,1.605,0.225,0.6,0.7950000000000002,0.52,10.440000000000001
J.T. Compher,DET,L,2025-26,235.76666666666597,16.0,13.0,10.0,41.0,24.0,14.0,3.0,10.0,2.0,10.0,1.0,1.0,5.0,2.0,8.0,11.0,7.0,21.0,1.0,9.0,3.0,44.0,24.0,1.0,7.0,9.0,6.0,3.0,24.0,54.0,34.0,28.0,15.0,5.0,6.0,13.0,5.0,17.0,4.0,12.0,8.0,17.0,11.0,6.0,3.0,2.0,0.0,0.0,1.0,9.0,5.0,3.0,1.0,1.0,3.0,3.0,2.0,3.0,2.0,1.0,0.0,0.0,0.0,1.0,3.0,3.0,3.0,0.0,7.0,4.0,5.0,27.0,3.0,10.0,3.0,0.0,1.0,0.0,3.0,2.0,9.475,6.015000000000001,1.47,0.19000000000000006,0.53,0.765,0.505,8.97
Lucas Raymond,DET,L,2025-26,220.233333333334,27.0,19.0,13.0,51.0,34.0,12.0,5.0,14.0,1.0,5.0,5.0,10.0,5.0,6.0,10.0,18.0,11.0,15.0,3.0,11.0,4.0,84.0,41.0,8.0,10.0,7.0,11.0,3.0,19.0,63.0,30.0,38.0,29.0,9.0,9.0,9.0,6.0,17.0,5.0,8.0,8.0,16.0,22.0,6.0,2.0,2.0,1.0,0.0,1.0,21.0,14.0,12.0,1.0,1.0,16.0,34.0,21.0,14.0,14.0,1.0,4.0,0.0,5.0,2.0,1.0,7.0,1.0,2.0,17.0,2.0,8.0,31.0,7.0,12.0,5.0,3.0,0.0,1.0,0.0,0.0,14.889999999999999,8.835,2.195,0.19,0.9850000000000001,0.6,2.0850000000000004,12.805
Marco Kasper,DET,C,2025-26,223.6666666666676,32.0,24.0,24.0,34.0,18.0,14.0,2.0,12.0,3.0,2.0,1.0,4.0,6.0,4.0,16.0,19.0,12.0,10.0,2.0,5.0,2.0,67.0,35.0,9.0,11.0,2.0,14.0,0.0,37.0,43.0,25.0,23.0,17.0,7.0,4.0,6.0,3.0,15.0,5.0,9.0,8.0,13.0,10.0,7.0,2.0,4.0,0.0,2.0,0.0,7.0,5.0,4.0,1.0,0.0,4.0,1.0,1.0,0.0,0.0,0.0,0.0,0.0,2.0,4.0,7.0,5.0,2.0,1.0,15.0,3.0,13.0,13.0,5.0,16.0,10.0,2.0,1.0,1.0,1.0,0.0,11.935000000000002,8.399999999999999,1.9400000000000004,0.24000000000000002,0.515,0.6450000000000001,0.195,11.740000000000002
Mason Appleton,DET,C,2025-26,202.5833333333347,16.0,13.0,11.0,24.0,15.0,8.0,1.0,9.0,2.0,3.0,1.0,2.0,2.0,0.0,9.0,8.0,5.0,13.0,0.0,9.0,1.0,46.0,17.0,7.0,6.0,7.0,3.0,0.0,24.0,33.0,19.0,18.0,12.0,4.0,5.0,6.0,4.0,11.0,3.0,5.0,6.0,10.0,8.0,7.0,4.0,1.0,2.0,1.0,0.0,2.0,2.0,0.0,0.0,0.0,0.0,1.0,0.0,0.0,0.0,0.0,0.0,0.0,2.0,3.0,1.0,3.0,4.0,3.0,7.0,1.0,8.0,16.0,4.0,4.0,8.0,0.0,1.0,0.0,0.0,0.0,6.6850000000000005,4.8999999999999995,0.615,0.11499999999999999,0.38,0.6750000000000002,0.0,6.6850000000000005
Michael Brandsegg-Nygård,DET,R,2025-26,74.8000000000003,13.0,6.0,3.0,5.0,4.0,1.0,0.0,2.0,1.0,0.0,0.0,0.0,0.0,0.0,3.0,2.0,8.0,3.0,1.0,1.0,2.0,16.0,4.0,4.0,2.0,1.0,3.0,1.0,13.0,15.0,9.0,7.0,4.0,1.0,2.0,3.0,0.0,5.0,4.0,3.0,7.0,6.0,1.0,6.0,3.0,1.0,2.0,1.0,0.0,0.0,0.0,0.0,0.0,0.0,1.0,3.0,1.0,0.0,0.0,0.0,0.0,0.0,3.0,0.0,1.0,1.0,1.0,0.0,9.0,2.0,1.0,3.0,0.0,2.0,1.0,0.0,0.0,0.0,2.0,0.0,2.3449999999999998,1.9249999999999998,0.2,0.1,-0.11999999999999998,0.23999999999999996,0.0,2.3449999999999998
Michael Rasmussen,DET,C,2025-26,132.88333333333298,15.0,10.0,7.0,12.0,8.0,4.0,0.0,3.0,0.0,3.0,3.0,3.0,0.0,0.0,7.0,1.0,6.0,9.0,2.0,1.0,3.0,31.0,16.0,2.0,2.0,4.0,4.0,1.0,11.0,23.0,17.0,4.0,3.0,1.0,2.0,1.0,2.0,10.0,1.0,11.0,4.0,4.0,0.0,5.0,1.0,4.0,1.0,1.0,0.0,0.0,0.0,0.0,0.0,2.0,0.0,0.0,0.0,0.0,0.0,0.0,0.0,0.0,0.0,3.0,2.0,2.0,0.0,0.0,7.0,7.0,1.0,10.0,1.0,1.0,0.0,0.0,3.0,2.0,2.0,1.0,4.990000000000001,3.2900000000000005,0.885,0.22,0.18,0.345,0.07,4.920000000000001
Moritz Seider,DET,D,2025-26,336.800000000001,37.0,25.0,6.0,41.0,25.0,13.0,3.0,10.0,2.0,0.0,0.0,3.0,6.0,7.0,5.0,14.0,21.0,13.0,5.0,5.0,4.0,47.0,8.0,1.0,3.0,0.0,3.0,6.0,9.0,114.0,83.0,45.0,32.0,3.0,16.0,13.0,5.0,45.0,14.0,51.0,11.0,27.0,18.0,110.0,70.0,9.0,22.0,19.0,1.0,3.0,2.0,2.0,0.0,4.0,17.0,39.0,10.0,0.0,3.0,0.0,0.0,0.0,8.0,1.0,1.0,6.0,5.0,3.0,29.0,4.0,4.0,27.0,5.0,9.0,4.0,0.0,0.0,1.0,2.0,0.0,11.354999999999999,7.325,0.6900000000000002,1.4600000000000002,1.37,0.135,0.37500000000000006,10.979999999999997
Patrick Kane,DET,R,2025-26,201.03333333333498,39.0,38.0,25.0,52.0,37.0,10.0,5.0,20.0,3.0,10.0,1.0,2.0,7.0,4.0,22.0,25.0,9.0,19.0,5.0,10.0,4.0,57.0,33.0,12.0,9.0,6.0,13.0,2.0,16.0,41.0,22.0,21.0,16.0,2.0,7.0,5.0,2.0,11.0,5.0,7.0,7.0,13.0,8.0,6.0,3.0,1.0,2.0,2.0,0.0,23.0,20.0,15.0,0.0,0.0,11.0,42.0,24.0,8.0,17.0,5.0,5.0,3.0,3.0,4.0,0.0,8.0,1.0,4.0,17.0,8.0,14.0,26.0,13.0,13.0,7.0,5.0,3.0,2.0,2.0,2.0,15.910000000000004,11.015,1.7300000000000004,0.05999999999999999,0.41500000000000004,0.51,2.1800000000000006,13.730000000000002
Simon Edvinsson,DET,D,2025-26,308.633333333335,34.0,22.0,9.0,49.0,28.0,15.0,6.0,11.0,1.0,0.0,0.0,2.0,7.0,7.0,4.0,18.0,19.0,18.0,5.0,6.0,4.0,41.0,13.0,4.0,6.0,1.0,2.0,3.0,6.0,105.0,77.0,39.0,20.0,3.0,8.0,19.0,9.0,37.0,15.0,43.0,13.0,24.0,15.0,96.0,53.0,16.0,15.0,9.0,3.0,0.0,0.0,0.0,0.0,2.0,0.0,0.0,0.0,0.0,0.0,0.0,0.0,0.0,5.0,1.0,0.0,5.0,2.0,6.0,29.0,5.0,0.0,31.0,8.0,10.0,0.0,0.0,0.0,2.0,3.0,0.0,11.344999999999999,7.860000000000001,0.62,2.0149999999999997,0.645,0.135,0.07,11.274999999999999
Travis Hamonic,DET,D,2025-26,78.74999999999929,6.0,5.0,1.0,7.0,3.0,2.0,2.0,2.0,0.0,0.0,0.0,0.0,2.0,4.0,1.0,6.0,5.0,1.0,0.0,0.0,0.0,6.0,0.0,1.0,0.0,0.0,0.0,0.0,0.0,46.0,35.0,16.0,8.0,0.0,7.0,8.0,3.0,17.0,9.0,20.0,6.0,12.0,4.0,35.0,25.0,2.0,8.0,11.0,1.0,0.0,0.0,0.0,0.0,2.0,0.0,0.0,0.0,0.0,0.0,0.0,0.0,0.0,1.0,0.0,0.0,0.0,0.0,1.0,5.0,0.0,1.0,1.0,2.0,4.0,1.0,0.0,0.0,0.0,0.0,0.0,1.53,1.155,-0.045,0.16999999999999998,0.17999999999999997,0.0,0.07,1.46
Jakub Dobes,MTL,G,2025-26,528.6166000000001,0.0,0.0,0.0,0.0,0.0,0.0,0.0,0.0,0.0,0.0,0.0,0.0,0.0,0.0,0.0,0.0,0.0,0.0,0.0,0.0,0.0,0.0,0.0,0.0,0.0,0.0,0.0,0.0,0.0,36.0,36.0,6.0,1.0,0.0,1.0,5.0,0.0,18.0,11.0,30.0,10.0,6.0,0.0,0.0,0.0,0.0,0.0,0.0,0.0,0.0,0.0,0.0,0.0,0.0,0.0,0.0,0.0,0.0,0.0,0.0,0.0,0.0,0.0,0.0,0.0,0.0,0.0,0.0,0.0,0.0,0.0,0.0,0.0,0.0,0.0,0.0,0.0,0.0,0.0,0.0,0.0,0.0,0.0,0.0,0.0,0.0,0.0,0.0
Cam Talbot,DET,G,2025-26,399.86660000000006,0.0,0.0,0.0,0.0,0.0,0.0,0.0,0.0,0.0,0.0,0.0,0.0,0.0,0.0,0.0,0.0,0.0,0.0,0.0,0.0,0.0,0.0,0.0,0.0,0.0,0.0,0.0,0.0,0.0,24.0,24.0,2.0,0.0,0.0,0.0,2.0,0.0,11.0,10.0,22.0,9.0,2.0,0.0,0.0,0.0,0.0,0.0,0.0,0.0,0.0,0.0,0.0,0.0,0.0,0.0,0.0,0.0,0.0,0.0,0.0,0.0,0.0,0.0,0.0,0.0,0.0,0.0,0.0,0.0,0.0,0.0,0.0,0.0,0.0,0.0,0.0,0.0,0.0,0.0,0.0,0.0,0.0,0.0,0.0,0.0,0.0,0.0,0.0
John Gibson,DET,G,2025-26,464.26680000000005,0.0,0.0,0.0,0.0,0.0,0.0,0.0,0.0,0.0,0.0,0.0,0.0,0.0,0.0,0.0,0.0,0.0,0.0,0.0,0.0,0.0,0.0,0.0,0.0,0.0,0.0,0.0,0.0,0.0,35.0,35.0,2.0,1.0,0.0,1.0,1.0,0.0,24.0,6.0,33.0,6.0,2.0,0.0,0.0,0.0,0.0,0.0,0.0,0.0,0.0,0.0,0.0,0.0,0.0,0.0,0.0,0.0,0.0,0.0,0.0,0.0,0.0,0.0,0.0,0.0,0.0,0.0,0.0,0.0,0.0,0.0,0.0,0.0,0.0,0.0,0.0,0.0,0.0,0.0,0.0,0.0,0.0,0.0,0.0,0.0,0.0,0.0,0.0
Alexander Nikishin,CAR,D,2025-26,296.783333333332,39.0,23.0,3.0,45.0,22.0,20.0,3.0,6.0,1.0,1.0,1.0,4.0,5.0,10.0,2.0,18.0,23.0,14.0,4.0,8.0,1.0,42.0,15.0,1.0,4.0,0.0,4.0,3.0,12.0,105.0,82.0,51.0,27.0,7.0,12.0,24.0,5.0,42.0,16.0,43.0,12.0,34.0,17.0,94.0,50.0,10.0,12.0,12.0,2.0,2.0,0.0,1.0,1.0,4.0,2.0,10.0,7.0,0.0,2.0,0.0,0.0,0.0,9.0,0.0,0.0,3.0,1.0,4.0,36.0,0.0,3.0,26.0,5.0,14.0,3.0,0.0,0.0,0.0,0.0,0.0,11.495,6.905,0.9549999999999998,2.1,1.0150000000000001,0.18,0.34,11.155
Andrei Svechnikov,CAR,R,2025-26,261.66666666666833,50.0,39.0,22.0,63.0,41.0,19.0,3.0,21.0,7.0,11.0,3.0,13.0,8.0,6.0,23.0,30.0,19.0,22.0,4.0,8.0,3.0,73.0,49.0,8.0,17.0,12.0,9.0,1.0,41.0,51.0,26.0,31.0,16.0,5.0,4.0,15.0,7.0,9.0,3.0,5.0,3.0,14.0,17.0,4.0,2.0,2.0,0.0,1.0,0.0,8.0,6.0,8.0,0.0,0.0,21.0,27.0,7.0,17.0,4.0,0.0,1.0,1.0,5.0,3.0,3.0,9.0,0.0,3.0,27.0,15.0,8.0,30.0,11.0,21.0,4.0,2.0,7.0,1.0,5.0,2.0,18.825000000000006,13.11,2.375,0.14000000000000004,0.5750000000000001,1.155,1.4699999999999998,17.354999999999997
Eric Robinson,CAR,L,2025-26,174.18333333333288,25.0,20.0,14.0,25.0,16.0,6.0,3.0,8.0,0.0,4.0,2.0,2.0,3.0,4.0,16.0,11.0,7.0,10.0,1.0,3.0,1.0,43.0,24.0,9.0,4.0,15.0,8.0,2.0,24.0,26.0,14.0,20.0,12.0,7.0,4.0,8.0,0.0,10.0,3.0,4.0,2.0,10.0,10.0,3.0,3.0,0.0,0.0,0.0,0.0,0.0,0.0,0.0,5.0,4.0,0.0,0.0,0.0,0.0,0.0,0.0,0.0,0.0,0.0,3.0,2.0,1.0,1.0,1.0,9.0,4.0,12.0,14.0,4.0,7.0,7.0,4.0,2.0,0.0,1.0,0.0,8.965,5.790000000000001,1.185,0.045,0.49500000000000005,1.035,0.41500000000000015,8.55
Jaccob Slavin,CAR,D,2025-26,184.85000000000005,19.0,15.0,2.0,27.0,13.0,11.0,3.0,5.0,0.0,0.0,0.0,1.0,3.0,9.0,6.0,12.0,8.0,11.0,1.0,3.0,0.0,19.0,5.0,0.0,1.0,0.0,2.0,3.0,3.0,78.0,56.0,39.0,18.0,1.0,9.0,21.0,4.0,28.0,9.0,27.0,6.0,24.0,15.0,81.0,42.0,15.0,12.0,10.0,1.0,0.0,0.0,0.0,2.0,6.0,0.0,1.0,0.0,0.0,0.0,0.0,0.0,0.0,4.0,1.0,0.0,1.0,3.0,6.0,13.0,2.0,4.0,15.0,4.0,8.0,2.0,2.0,0.0,1.0,0.0,0.0,7.135000000000001,3.795000000000001,0.44000000000000006,1.7299999999999998,0.805,0.045,0.32,6.815
Jackson Blake,CAR,R,2025-26,276.966666666666,47.0,40.0,34.0,54.0,33.0,14.0,7.0,17.0,4.0,9.0,3.0,7.0,5.0,4.0,19.0,18.0,24.0,25.0,3.0,10.0,5.0,73.0,38.0,13.0,13.0,20.0,7.0,3.0,51.0,69.0,41.0,41.0,31.0,7.0,15.0,10.0,5.0,27.0,6.0,10.0,10.0,26.0,15.0,4.0,2.0,0.0,0.0,1.0,0.0,12.0,9.0,8.0,0.0,0.0,13.0,18.0,9.0,12.0,8.0,1.0,1.0,0.0,2.0,6.0,5.0,6.0,4.0,1.0,28.0,6.0,13.0,34.0,8.0,12.0,5.0,4.0,2.0,1.0,3.0,4.0,18.644999999999996,12.700000000000001,1.6149999999999998,0.049999999999999996,1.2000000000000002,1.665,1.4149999999999998,17.23
Jalen Chatfield,CAR,D,2025-26,276.866666666667,33.0,24.0,6.0,36.0,18.0,12.0,6.0,7.0,0.0,1.0,1.0,2.0,9.0,6.0,5.0,15.0,23.0,13.0,1.0,11.0,1.0,40.0,5.0,2.0,0.0,1.0,0.0,5.0,6.0,97.0,71.0,42.0,22.0,5.0,11.0,20.0,8.0,42.0,8.0,37.0,9.0,26.0,16.0,100.0,50.0,20.0,15.0,13.0,1.0,0.0,0.0,0.0,0.0,4.0,0.0,0.0,0.0,0.0,0.0,0.0,0.0,0.0,3.0,1.0,0.0,2.0,6.0,3.0,28.0,2.0,3.0,19.0,9.0,8.0,2.0,1.0,1.0,0.0,1.0,0.0,10.125000000000002,6.125,0.31000000000000005,2.19,1.225,0.135,0.14,9.985000000000001
Jesperi Kotkaniemi,CAR,C,2025-26,117.7,10.0,9.0,6.0,21.0,12.0,8.0,1.0,4.0,0.0,3.0,0.0,0.0,2.0,4.0,3.0,8.0,4.0,7.0,2.0,6.0,4.0,23.0,11.0,7.0,5.0,2.0,3.0,0.0,13.0,35.0,17.0,25.0,12.0,3.0,3.0,13.0,1.0,9.0,2.0,5.0,0.0,11.0,14.0,7.0,5.0,1.0,0.0,1.0,0.0,0.0,0.0,0.0,0.0,0.0,0.0,0.0,0.0,0.0,0.0,0.0,0.0,0.0,2.0,0.0,2.0,1.0,0.0,1.0,7.0,2.0,1.0,13.0,3.0,5.0,1.0,0.0,2.0,0.0,0.0,0.0,4.549999999999999,3.2149999999999994,0.34500000000000003,0.13,0.5750000000000001,0.285,0.0,4.549999999999999
Jordan Martinook,CAR,L,2025-26,236.50000000000028,33.0,27.0,17.0,33.0,16.0,14.0,3.0,7.0,2.0,4.0,2.0,4.0,4.0,4.0,11.0,13.0,18.0,16.0,2.0,7.0,3.0,60.0,22.0,2.0,7.0,9.0,4.0,3.0,38.0,63.0,29.0,43.0,15.0,4.0,4.0,28.0,1.0,12.0,5.0,8.0,9.0,19.0,24.0,6.0,3.0,0.0,1.0,0.0,0.0,0.0,0.0,0.0,4.0,4.0,0.0,0.0,0.0,0.0,0.0,0.0,0.0,0.0,1.0,3.0,7.0,2.0,2.0,0.0,21.0,6.0,6.0,20.0,3.0,10.0,3.0,1.0,2.0,1.0,2.0,2.0,10.34,7.324999999999999,1.2249999999999999,0.12,0.3349999999999999,0.9750000000000002,0.36000000000000004,9.98
Jordan Staal,CAR,C,2025-26,243.58333333333306,24.0,21.0,19.0,42.0,33.0,8.0,1.0,16.0,1.0,10.0,2.0,8.0,4.0,3.0,4.0,10.0,14.0,24.0,4.0,7.0,4.0,51.0,28.0,10.0,10.0,13.0,8.0,2.0,29.0,46.0,34.0,21.0,11.0,1.0,6.0,10.0,6.0,17.0,3.0,12.0,4.0,15.0,6.0,14.0,4.0,5.0,2.0,3.0,0.0,0.0,0.0,0.0,4.0,2.0,6.0,0.0,0.0,4.0,0.0,0.0,0.0,0.0,0.0,1.0,6.0,9.0,3.0,0.0,19.0,1.0,4.0,29.0,3.0,10.0,1.0,3.0,1.0,0.0,0.0,0.0,12.4,8.6,1.32,0.385,0.565,1.02,0.51,11.89
K'Andre Miller,CAR,D,2025-26,364.08333333333496,36.0,27.0,3.0,47.0,26.0,19.0,2.0,11.0,1.0,1.0,1.0,4.0,6.0,12.0,6.0,21.0,27.0,18.0,0.0,8.0,0.0,43.0,10.0,3.0,4.0,1.0,2.0,0.0,11.0,115.0,93.0,58.0,33.0,2.0,17.0,25.0,7.0,48.0,13.0,46.0,12.0,40.0,18.0,140.0,73.0,24.0,20.0,25.0,6.0,4.0,1.0,3.0,1.0,9.0,6.0,13.0,7.0,1.0,6.0,1.0,0.0,0.0,6.0,0.0,0.0,5.0,1.0,2.0,30.0,4.0,2.0,25.0,7.0,15.0,1.0,1.0,2.0,0.0,2.0,0.0,12.814999999999998,7.25,0.42500000000000004,2.5549999999999997,1.48,0.21000000000000002,0.895,11.919999999999998
Logan Stankoven,CAR,C,2025-26,270.8166666666663,50.0,41.0,30.0,61.0,37.0,17.0,7.0,17.0,1.0,8.0,4.0,8.0,6.0,5.0,29.0,21.0,17.0,27.0,4.0,16.0,5.0,89.0,58.0,12.0,19.0,8.0,14.0,3.0,43.0,50.0,28.0,32.0,25.0,6.0,8.0,7.0,1.0,16.0,2.0,11.0,2.0,16.0,16.0,2.0,1.0,0.0,1.0,0.0,0.0,13.0,6.0,4.0,0.0,0.0,10.0,12.0,7.0,9.0,4.0,1.0,2.0,0.0,5.0,6.0,5.0,5.0,0.0,1.0,21.0,12.0,17.0,37.0,11.0,13.0,10.0,4.0,8.0,1.0,2.0,3.0,18.945000000000004,12.939999999999998,2.945,0.03,1.135,1.0050000000000001,0.8900000000000001,18.055
Nikolaj Ehlers,CAR,L,2025-26,257.68333333333374,46.0,39.0,19.0,51.0,35.0,11.0,5.0,17.0,2.0,3.0,0.0,7.0,4.0,5.0,24.0,20.0,18.0,20.0,2.0,11.0,3.0,96.0,71.0,20.0,19.0,7.0,20.0,1.0,24.0,70.0,42.0,41.0,27.0,8.0,9.0,14.0,4.0,24.0,4.0,14.0,5.0,24.0,17.0,18.0,6.0,7.0,1.0,0.0,2.0,18.0,11.0,7.0,1.0,0.0,20.0,32.0,17.0,8.0,12.0,3.0,3.0,1.0,5.0,2.0,0.0,4.0,2.0,6.0,21.0,11.0,14.0,31.0,6.0,14.0,8.0,2.0,3.0,4.0,3.0,3.0,18.240000000000002,10.715,3.4300000000000006,0.65,1.2300000000000002,0.6750000000000002,1.54,16.700000000000003
Sean Walker,CAR,D,2025-26,367.23333333333403,54.0,40.0,11.0,50.0,31.0,14.0,5.0,10.0,0.0,1.0,0.0,3.0,14.0,11.0,10.0,29.0,32.0,17.0,2.0,6.0,2.0,58.0,23.0,2.0,11.0,0.0,7.0,1.0,4.0,118.0,92.0,65.0,36.0,12.0,19.0,29.0,3.0,55.0,19.0,43.0,12.0,46.0,19.0,133.0,77.0,14.0,18.0,22.0,4.0,2.0,1.0,1.0,0.0,3.0,1.0,6.0,2.0,0.0,1.0,0.0,0.0,0.0,6.0,1.0,1.0,2.0,2.0,8.0,44.0,4.0,6.0,21.0,12.0,17.0,5.0,1.0,0.0,3.0,1.0,0.0,14.744999999999997,9.459999999999999,1.365,2.1149999999999998,1.5500000000000003,0.06,0.195,14.55
Sebastian Aho,CAR,C,2025-26,266.58333333333167,46.0,39.0,23.0,69.0,45.0,19.0,5.0,16.0,2.0,7.0,3.0,5.0,11.0,6.0,22.0,33.0,18.0,22.0,3.0,13.0,5.0,77.0,53.0,11.0,20.0,5.0,11.0,4.0,22.0,72.0,49.0,41.0,25.0,6.0,13.0,16.0,5.0,26.0,4.0,14.0,10.0,30.0,11.0,8.0,3.0,3.0,0.0,0.0,2.0,24.0,16.0,15.0,11.0,3.0,16.0,31.0,17.0,10.0,13.0,0.0,4.0,0.0,10.0,1.0,5.0,8.0,1.0,2.0,22.0,8.0,15.0,36.0,14.0,19.0,11.0,4.0,4.0,1.0,2.0,0.0,19.29,12.295000000000002,2.6350000000000002,0.27,1.035,0.5549999999999999,2.5,16.79
Seth Jarvis,CAR,C,2025-26,261.2999999999997,49.0,38.0,29.0,48.0,30.0,15.0,3.0,13.0,0.0,6.0,1.0,6.0,9.0,6.0,27.0,27.0,16.0,11.0,4.0,8.0,9.0,95.0,60.0,12.0,17.0,10.0,15.0,3.0,39.0,67.0,34.0,51.0,33.0,11.0,11.0,18.0,1.0,20.0,2.0,7.0,3.0,26.0,25.0,8.0,4.0,3.0,0.0,1.0,0.0,20.0,12.0,8.0,4.0,5.0,16.0,30.0,15.0,13.0,9.0,1.0,3.0,1.0,4.0,0.0,6.0,5.0,1.0,2.0,22.0,11.0,16.0,20.0,12.0,16.0,10.0,4.0,6.0,2.0,2.0,2.0,19.295,11.490000000000002,3.09,0.245,1.48,1.0350000000000001,1.9550000000000005,17.34
Shayne Gostisbehere,CAR,D,2025-26,193.0,24.0,17.0,5.0,43.0,20.0,18.0,5.0,7.0,1.0,0.0,0.0,2.0,6.0,6.0,3.0,19.0,6.0,8.0,8.0,4.0,2.0,35.0,9.0,1.0,7.0,1.0,5.0,3.0,4.0,68.0,49.0,34.0,20.0,4.0,10.0,14.0,7.0,27.0,11.0,22.0,11.0,20.0,14.0,69.0,35.0,8.0,8.0,6.0,0.0,3.0,0.0,0.0,0.0,0.0,6.0,32.0,15.0,2.0,7.0,0.0,0.0,0.0,8.0,0.0,0.0,3.0,0.0,5.0,19.0,4.0,1.0,23.0,9.0,10.0,0.0,0.0,0.0,0.0,4.0,1.0,9.23,5.819999999999999,0.74,1.465,0.6050000000000001,0.105,0.495,8.735000000000001
Taylor Hall,CAR,L,2025-26,256.01666666666506,40.0,33.0,23.0,59.0,47.0,7.0,5.0,26.0,3.0,10.0,3.0,11.0,5.0,3.0,21.0,25.0,15.0,25.0,0.0,10.0,3.0,89.0,55.0,18.0,13.0,10.0,13.0,1.0,27.0,44.0,27.0,25.0,15.0,9.0,2.0,10.0,2.0,14.0,12.0,8.0,14.0,17.0,8.0,5.0,2.0,1.0,0.0,1.0,0.0,10.0,8.0,4.0,0.0,0.0,6.0,8.0,5.0,5.0,4.0,1.0,0.0,3.0,1.0,4.0,4.0,8.0,0.0,4.0,19.0,12.0,9.0,33.0,13.0,13.0,6.0,2.0,6.0,3.0,3.0,1.0,16.6,12.475000000000001,2.414999999999999,0.11499999999999999,-0.035,0.8550000000000001,0.775,15.825
William Carrier,CAR,L,2025-26,205.65000000000032,18.0,13.0,10.0,30.0,16.0,11.0,3.0,6.0,1.0,6.0,2.0,4.0,2.0,4.0,8.0,13.0,9.0,14.0,0.0,5.0,0.0,37.0,16.0,4.0,5.0,7.0,3.0,1.0,29.0,49.0,28.0,30.0,17.0,2.0,8.0,13.0,5.0,14.0,4.0,6.0,4.0,17.0,13.0,6.0,0.0,4.0,0.0,0.0,0.0,0.0,0.0,0.0,1.0,1.0,0.0,0.0,0.0,0.0,0.0,0.0,0.0,0.0,0.0,1.0,3.0,2.0,4.0,0.0,10.0,2.0,6.0,17.0,5.0,8.0,3.0,2.0,1.0,0.0,1.0,1.0,7.644999999999999,5.08,0.74,0.32,0.6650000000000001,0.7500000000000001,0.09,7.555
Arseny Gritsyuk,N.J,R,2025-26,212.51666666666569,36.0,26.0,17.0,34.0,25.0,9.0,0.0,12.0,3.0,4.0,1.0,3.0,9.0,2.0,20.0,17.0,12.0,14.0,4.0,5.0,1.0,81.0,47.0,12.0,11.0,10.0,14.0,3.0,31.0,51.0,30.0,28.0,22.0,9.0,5.0,6.0,5.0,22.0,3.0,11.0,4.0,14.0,14.0,8.0,2.0,3.0,0.0,0.0,0.0,6.0,5.0,3.0,0.0,0.0,1.0,7.0,4.0,1.0,1.0,0.0,3.0,0.0,2.0,2.0,3.0,7.0,0.0,1.0,16.0,8.0,12.0,17.0,8.0,9.0,3.0,6.0,4.0,2.0,1.0,3.0,13.03,8.040000000000001,2.4499999999999997,0.335,1.075,0.9149999999999999,0.215,12.815
Brenden Dillon,N.J,D,2025-26,282.24999999999903,16.0,10.0,0.0,21.0,12.0,7.0,2.0,5.0,0.0,1.0,0.0,3.0,0.0,3.0,2.0,3.0,13.0,10.0,0.0,4.0,0.0,15.0,1.0,0.0,0.0,0.0,0.0,1.0,4.0,90.0,52.0,43.0,22.0,3.0,3.0,21.0,5.0,23.0,15.0,29.0,16.0,18.0,25.0,89.0,51.0,11.0,19.0,11.0,2.0,0.0,0.0,0.0,1.0,9.0,0.0,0.0,0.0,0.0,0.0,0.0,0.0,0.0,2.0,0.0,0.0,2.0,2.0,2.0,14.0,1.0,1.0,18.0,1.0,2.0,1.0,0.0,0.0,0.0,1.0,0.0,5.73,3.1350000000000007,0.08,1.8250000000000002,0.26000000000000006,0.06,0.37000000000000005,5.359999999999999
Brett Pesce,N.J,D,2025-26,144.98333333333272,7.0,6.0,3.0,20.0,9.0,6.0,5.0,4.0,1.0,1.0,0.0,0.0,7.0,6.0,0.0,15.0,5.0,3.0,0.0,1.0,0.0,11.0,4.0,0.0,2.0,0.0,1.0,0.0,4.0,58.0,43.0,21.0,8.0,1.0,5.0,13.0,10.0,15.0,7.0,18.0,9.0,15.0,6.0,58.0,30.0,13.0,9.0,12.0,0.0,0.0,0.0,0.0,0.0,2.0,0.0,0.0,0.0,0.0,0.0,0.0,0.0,0.0,0.0,1.0,0.0,1.0,0.0,2.0,7.0,0.0,0.0,5.0,8.0,7.0,0.0,0.0,0.0,0.0,0.0,0.0,4.045,2.455,0.235,1.1300000000000001,0.09500000000000001,0.06,0.07,3.9749999999999996
Cody Glass,N.J,C,2025-26,174.75000000000063,18.0,14.0,11.0,18.0,10.0,8.0,0.0,5.0,0.0,1.0,0.0,2.0,1.0,2.0,10.0,6.0,8.0,9.0,0.0,4.0,3.0,43.0,16.0,4.0,4.0,4.0,4.0,0.0,19.0,42.0,27.0,24.0,15.0,8.0,3.0,9.0,2.0,14.0,1.0,11.0,4.0,14.0,10.0,9.0,2.0,5.0,2.0,1.0,0.0,0.0,0.0,0.0,2.0,1.0,0.0,0.0,0.0,0.0,0.0,0.0,0.0,0.0,1.0,2.0,3.0,1.0,1.0,1.0,8.0,7.0,3.0,12.0,3.0,3.0,1.0,2.0,3.0,3.0,1.0,0.0,6.65,4.235,0.76,0.3450000000000001,0.7,0.46499999999999997,0.145,6.505000000000001
Connor Brown,N.J,R,2025-26,195.7333333333323,24.0,16.0,17.0,28.0,18.0,8.0,2.0,7.0,4.0,5.0,0.0,3.0,3.0,1.0,12.0,14.0,8.0,10.0,3.0,5.0,1.0,70.0,34.0,11.0,7.0,5.0,14.0,2.0,27.0,38.0,18.0,25.0,19.0,3.0,7.0,6.0,1.0,12.0,2.0,7.0,3.0,10.0,15.0,1.0,1.0,0.0,0.0,0.0,0.0,2.0,1.0,1.0,3.0,4.0,3.0,2.0,2.0,2.0,2.0,0.0,0.0,0.0,3.0,1.0,3.0,2.0,1.0,1.0,12.0,6.0,6.0,14.0,4.0,10.0,2.0,3.0,3.0,0.0,2.0,1.0,10.125000000000002,6.254999999999999,1.875,0.015,0.7900000000000001,0.6300000000000001,0.56,9.564999999999998
Dawson Mercer,N.J,C,2025-26,259.266666666667,29.0,25.0,18.0,41.0,30.0,8.0,3.0,13.0,3.0,7.0,2.0,10.0,2.0,5.0,13.0,18.0,13.0,20.0,2.0,7.0,7.0,79.0,33.0,9.0,11.0,5.0,6.0,4.0,37.0,65.0,37.0,39.0,24.0,6.0,8.0,15.0,5.0,20.0,2.0,10.0,7.0,22.0,17.0,3.0,1.0,1.0,0.0,0.0,0.0,6.0,4.0,3.0,7.0,2.0,3.0,4.0,2.0,3.0,1.0,0.0,0.0,0.0,3.0,4.0,3.0,3.0,1.0,0.0,16.0,7.0,6.0,22.0,5.0,14.0,5.0,0.0,3.0,3.0,1.0,1.0,13.105,8.860000000000001,1.5499999999999998,0.11,1.0250000000000004,0.7800000000000002,0.78,12.325000000000001
Dougie Hamilton,N.J,D,2025-26,276.58333333333474,34.0,29.0,8.0,35.0,15.0,14.0,6.0,7.0,0.0,0.0,0.0,2.0,10.0,8.0,9.0,20.0,21.0,8.0,4.0,4.0,2.0,36.0,14.0,3.0,5.0,0.0,2.0,2.0,5.0,114.0,86.0,48.0,27.0,3.0,13.0,21.0,7.0,45.0,21.0,47.0,15.0,32.0,16.0,94.0,56.0,14.0,22.0,14.0,5.0,1.0,0.0,0.0,0.0,7.0,6.0,5.0,2.0,0.0,0.0,0.0,1.0,0.0,6.0,2.0,1.0,2.0,3.0,4.0,25.0,4.0,5.0,13.0,15.0,7.0,3.0,2.0,1.0,0.0,3.0,0.0,9.600000000000001,6.289999999999999,0.6749999999999999,1.5050000000000001,0.8100000000000002,0.075,0.24500000000000002,9.355
Evgenii Dadonov,N.J,L,2025-26,51.4666666666667,4.0,4.0,3.0,9.0,8.0,0.0,1.0,7.0,0.0,0.0,2.0,3.0,1.0,1.0,4.0,6.0,0.0,2.0,0.0,1.0,2.0,10.0,6.0,3.0,3.0,0.0,3.0,0.0,4.0,11.0,8.0,7.0,6.0,1.0,4.0,1.0,1.0,6.0,4.0,2.0,3.0,5.0,2.0,0.0,0.0,0.0,0.0,0.0,0.0,1.0,0.0,1.0,0.0,0.0,0.0,0.0,0.0,0.0,0.0,0.0,0.0,0.0,0.0,0.0,1.0,0.0,0.0,0.0,0.0,3.0,1.0,3.0,1.0,5.0,0.0,1.0,2.0,0.0,1.0,0.0,2.6900000000000004,2.18,0.3,0.0,0.11499999999999999,0.06,0.035,2.6550000000000002
Jack Hughes,N.J,C,2025-26,298.6833333333341,57.0,47.0,34.0,82.0,43.0,33.0,6.0,18.0,5.0,10.0,4.0,12.0,9.0,11.0,28.0,41.0,16.0,26.0,9.0,15.0,3.0,133.0,90.0,27.0,27.0,9.0,20.0,9.0,31.0,78.0,45.0,48.0,40.0,19.0,7.0,8.0,5.0,30.0,7.0,17.0,6.0,23.0,25.0,12.0,4.0,4.0,3.0,3.0,1.0,22.0,14.0,11.0,2.0,0.0,7.0,25.0,13.0,6.0,7.0,1.0,3.0,0.0,5.0,3.0,3.0,11.0,2.0,1.0,28.0,6.0,23.0,41.0,17.0,24.0,8.0,10.0,2.0,3.0,1.0,5.0,23.800000000000004,15.48,4.25,0.26,1.6950000000000003,0.87,1.245,22.555
Jesper Bratt,N.J,L,2025-26,256.033333333334,40.0,32.0,25.0,60.0,41.0,15.0,4.0,17.0,2.0,8.0,2.0,12.0,3.0,5.0,15.0,26.0,17.0,16.0,8.0,17.0,9.0,92.0,55.0,11.0,14.0,12.0,17.0,4.0,25.0,52.0,24.0,32.0,27.0,14.0,2.0,5.0,2.0,15.0,2.0,10.0,3.0,12.0,20.0,15.0,8.0,4.0,3.0,3.0,1.0,10.0,8.0,7.0,6.0,3.0,6.0,16.0,8.0,4.0,5.0,0.0,2.0,0.0,6.0,2.0,1.0,10.0,3.0,2.0,24.0,11.0,5.0,32.0,12.0,16.0,1.0,3.0,3.0,8.0,0.0,1.0,18.650000000000006,12.07,3.0549999999999997,0.2900000000000001,1.1450000000000002,0.915,1.1750000000000003,17.47500000000001
Jonas Siegenthaler,N.J,D,2025-26,313.199999999999,24.0,16.0,1.0,31.0,14.0,11.0,6.0,6.0,1.0,1.0,0.0,0.0,3.0,12.0,3.0,16.0,16.0,9.0,3.0,4.0,1.0,36.0,7.0,1.0,3.0,0.0,1.0,1.0,8.0,131.0,93.0,52.0,33.0,4.0,13.0,19.0,6.0,53.0,30.0,60.0,17.0,27.0,25.0,149.0,81.0,24.0,24.0,12.0,3.0,0.0,0.0,0.0,1.0,4.0,0.0,0.0,0.0,0.0,0.0,0.0,0.0,0.0,0.0,0.0,0.0,1.0,2.0,3.0,21.0,1.0,2.0,14.0,4.0,13.0,2.0,0.0,0.0,0.0,1.0,0.0,9.17,4.449999999999999,0.36,3.21,0.8350000000000002,0.12,0.195,8.975
Luke Glendening,N.J,C,2025-26,80.6166666666667,8.0,8.0,5.0,10.0,7.0,2.0,1.0,3.0,0.0,1.0,0.0,1.0,0.0,0.0,3.0,2.0,5.0,6.0,0.0,3.0,1.0,19.0,3.0,4.0,2.0,5.0,2.0,1.0,10.0,15.0,11.0,6.0,5.0,4.0,1.0,1.0,2.0,7.0,3.0,4.0,2.0,5.0,1.0,7.0,1.0,2.0,1.0,0.0,0.0,0.0,0.0,0.0,0.0,0.0,0.0,0.0,0.0,0.0,0.0,0.0,0.0,0.0,0.0,0.0,0.0,0.0,0.0,0.0,5.0,1.0,2.0,8.0,2.0,0.0,2.0,0.0,1.0,0.0,0.0,0.0,3.0000000000000004,2.1,0.10000000000000003,0.25,0.175,0.375,0.0,3.0000000000000004
Luke Hughes,N.J,D,2025-26,283.099999999999,25.0,20.0,8.0,40.0,27.0,10.0,3.0,16.0,1.0,1.0,0.0,5.0,5.0,7.0,5.0,18.0,9.0,9.0,3.0,6.0,2.0,48.0,21.0,4.0,8.0,0.0,6.0,4.0,6.0,111.0,78.0,50.0,31.0,9.0,12.0,19.0,5.0,38.0,24.0,42.0,23.0,31.0,19.0,94.0,53.0,10.0,14.0,17.0,2.0,2.0,0.0,0.0,0.0,2.0,5.0,15.0,6.0,1.0,4.0,0.0,0.0,0.0,1.0,1.0,0.0,3.0,0.0,6.0,19.0,2.0,4.0,22.0,10.0,8.0,2.0,2.0,0.0,0.0,2.0,0.0,10.595,7.079999999999999,1.2349999999999999,1.4550000000000003,0.39000000000000007,0.09,0.3450000000000001,10.25
Nico Hischier,N.J,C,2025-26,274.416666666667,35.0,28.0,24.0,50.0,35.0,10.0,5.0,21.0,4.0,3.0,5.0,10.0,4.0,7.0,13.0,23.0,15.0,20.0,4.0,6.0,8.0,81.0,49.0,15.0,19.0,6.0,14.0,1.0,29.0,50.0,33.0,25.0,21.0,12.0,6.0,4.0,2.0,22.0,2.0,16.0,1.0,15.0,10.0,10.0,6.0,2.0,1.0,2.0,0.0,3.0,2.0,1.0,4.0,4.0,7.0,3.0,2.0,7.0,1.0,0.0,1.0,0.0,7.0,2.0,4.0,5.0,1.0,1.0,22.0,3.0,10.0,27.0,8.0,15.0,6.0,3.0,2.0,1.0,0.0,1.0,16.66,11.419999999999998,2.3350000000000004,0.185,1.1800000000000002,0.7050000000000002,0.8350000000000002,15.825
Ondrej Palat,N.J,L,2025-26,122.566666666667,10.0,7.0,5.0,16.0,13.0,2.0,1.0,4.0,0.0,4.0,0.0,2.0,2.0,1.0,5.0,5.0,5.0,10.0,0.0,0.0,1.0,36.0,9.0,7.0,2.0,2.0,2.0,0.0,12.0,35.0,15.0,22.0,18.0,6.0,4.0,4.0,0.0,11.0,2.0,5.0,3.0,9.0,13.0,6.0,0.0,3.0,0.0,0.0,1.0,0.0,0.0,0.0,1.0,1.0,0.0,1.0,0.0,0.0,0.0,0.0,0.0,0.0,0.0,0.0,4.0,2.0,1.0,0.0,5.0,5.0,0.0,11.0,2.0,3.0,0.0,0.0,2.0,3.0,0.0,0.0,4.370000000000001,2.8099999999999996,0.2,0.27,0.7300000000000002,0.26999999999999996,0.09,4.280000000000001
Paul Cotter,N.J,L,2025-26,174.91666666666674,13.0,10.0,9.0,16.0,6.0,9.0,1.0,5.0,0.0,1.0,1.0,3.0,4.0,3.0,7.0,9.0,6.0,4.0,0.0,2.0,2.0,55.0,24.0,8.0,5.0,9.0,8.0,4.0,18.0,41.0,27.0,29.0,15.0,8.0,3.0,14.0,4.0,10.0,5.0,5.0,4.0,18.0,11.0,7.0,2.0,1.0,1.0,2.0,0.0,0.0,0.0,0.0,0.0,0.0,0.0,0.0,0.0,0.0,0.0,0.0,0.0,0.0,1.0,1.0,0.0,0.0,1.0,0.0,6.0,2.0,5.0,6.0,6.0,4.0,4.0,1.0,2.0,0.0,0.0,0.0,6.105,3.55,1.3,0.12,0.46,0.6749999999999999,0.0,6.105
Simon Nemec,N.J,D,2025-26,284.43333333333305,29.0,20.0,4.0,43.0,23.0,15.0,5.0,12.0,2.0,0.0,2.0,3.0,9.0,6.0,6.0,17.0,15.0,16.0,5.0,7.0,1.0,35.0,19.0,8.0,4.0,1.0,4.0,0.0,7.0,83.0,51.0,30.0,24.0,5.0,6.0,6.0,5.0,29.0,22.0,31.0,17.0,15.0,15.0,79.0,38.0,20.0,7.0,10.0,3.0,2.0,0.0,0.0,0.0,0.0,2.0,3.0,2.0,0.0,2.0,0.0,0.0,0.0,10.0,0.0,0.0,3.0,1.0,5.0,23.0,3.0,3.0,26.0,7.0,10.0,2.0,1.0,0.0,2.0,0.0,0.0,9.869999999999997,6.745000000000002,0.7150000000000001,1.9500000000000002,0.19999999999999984,0.15,0.11,9.759999999999998
Timo Meier,N.J,R,2025-26,278.95,67.0,52.0,30.0,37.0,24.0,11.0,2.0,18.0,2.0,1.0,5.0,8.0,3.0,6.0,19.0,19.0,35.0,15.0,9.0,4.0,7.0,92.0,53.0,10.0,9.0,18.0,10.0,3.0,36.0,57.0,28.0,30.0,21.0,5.0,9.0,9.0,5.0,16.0,9.0,8.0,13.0,15.0,15.0,8.0,1.0,5.0,0.0,0.0,1.0,4.0,2.0,1.0,0.0,0.0,9.0,8.0,3.0,5.0,2.0,0.0,2.0,0.0,4.0,1.0,4.0,6.0,1.0,0.0,47.0,9.0,11.0,18.0,8.0,11.0,5.0,5.0,3.0,1.0,4.0,0.0,18.099999999999998,12.989999999999998,2.5900000000000003,0.385,0.365,1.3499999999999999,0.42,17.679999999999996
Jacob Markstrom,N.J,G,2025-26,348.2,0.0,0.0,0.0,0.0,0.0,0.0,0.0,0.0,0.0,0.0,0.0,0.0,0.0,0.0,0.0,0.0,0.0,0.0,0.0,0.0,0.0,0.0,0.0,0.0,0.0,0.0,0.0,0.0,0.0,47.0,47.0,10.0,2.0,0.0,2.0,8.0,1.0,20.0,7.0,36.0,7.0,10.0,0.0,0.0,0.0,0.0,0.0,0.0,0.0,0.0,0.0,0.0,0.0,0.0,0.0,0.0,0.0,0.0,0.0,0.0,0.0,0.0,0.0,0.0,0.0,0.0,0.0,0.0,0.0,0.0,0.0,0.0,0.0,0.0,0.0,0.0,0.0,0.0,0.0,0.0,0.0,0.0,0.0,0.0,0.0,0.0,0.0,0.0
Frederik Andersen,CAR,G,2025-26,438.0168,0.0,0.0,0.0,0.0,0.0,0.0,0.0,0.0,0.0,0.0,0.0,0.0,0.0,0.0,0.0,0.0,0.0,0.0,0.0,0.0,0.0,0.0,0.0,0.0,0.0,0.0,0.0,0.0,0.0,51.0,51.0,12.0,5.0,0.0,5.0,7.0,1.0,33.0,17.0,38.0,17.0,12.0,0.0,0.0,0.0,0.0,0.0,0.0,0.0,0.0,0.0,0.0,0.0,0.0,0.0,0.0,0.0,0.0,0.0,0.0,0.0,0.0,0.0,0.0,0.0,0.0,0.0,0.0,0.0,0.0,0.0,0.0,0.0,0.0,0.0,0.0,0.0,0.0,0.0,0.0,0.0,0.0,0.0,0.0,0.0,0.0,0.0,0.0
Adam Larsson,SEA,D,2025-26,306.44999999999993,30.0,21.0,4.0,35.0,16.0,8.0,11.0,5.0,0.0,0.0,0.0,6.0,3.0,10.0,4.0,18.0,17.0,8.0,3.0,4.0,1.0,23.0,8.0,1.0,4.0,0.0,3.0,0.0,4.0,94.0,69.0,38.0,23.0,0.0,13.0,15.0,3.0,40.0,19.0,40.0,10.0,26.0,12.0,125.0,79.0,10.0,18.0,12.0,2.0,0.0,0.0,0.0,0.0,2.0,0.0,0.0,0.0,0.0,0.0,0.0,0.0,0.0,6.0,0.0,0.0,0.0,0.0,3.0,26.0,3.0,1.0,17.0,6.0,12.0,0.0,0.0,0.0,0.0,3.0,1.0,9.48,5.595000000000001,0.4799999999999999,2.4850000000000003,0.79,0.06,0.07,9.410000000000002
Brandon Montour,SEA,D,2025-26,277.45000000000203,36.0,27.0,4.0,44.0,27.0,12.0,5.0,10.0,0.0,2.0,1.0,3.0,7.0,10.0,10.0,24.0,18.0,11.0,4.0,3.0,1.0,44.0,19.0,6.0,5.0,0.0,3.0,1.0,3.0,127.0,77.0,55.0,36.0,7.0,9.0,19.0,12.0,36.0,25.0,39.0,25.0,26.0,29.0,96.0,57.0,10.0,20.0,12.0,3.0,6.0,2.0,2.0,0.0,2.0,11.0,22.0,12.0,1.0,5.0,0.0,0.0,0.0,9.0,1.0,1.0,3.0,0.0,6.0,24.0,4.0,7.0,20.0,9.0,15.0,5.0,1.0,1.0,1.0,2.0,1.0,10.405000000000001,7.055000000000001,0.785,1.6400000000000001,0.41000000000000014,0.045,0.47,9.935
Chandler Stephenson,SEA,C,2025-26,228.34999999999837,8.0,6.0,5.0,45.0,22.0,19.0,4.0,7.0,0.0,7.0,1.0,3.0,1.0,3.0,4.0,16.0,3.0,15.0,1.0,10.0,1.0,51.0,34.0,13.0,14.0,8.0,8.0,0.0,13.0,44.0,23.0,24.0,12.0,2.0,2.0,12.0,3.0,11.0,7.0,13.0,6.0,7.0,17.0,8.0,3.0,1.0,1.0,0.0,0.0,17.0,14.0,9.0,4.0,4.0,6.0,22.0,14.0,2.0,9.0,2.0,2.0,0.0,0.0,0.0,3.0,5.0,1.0,0.0,4.0,0.0,4.0,28.0,6.0,11.0,3.0,0.0,0.0,0.0,0.0,1.0,8.504999999999999,4.760000000000001,1.385,0.21500000000000002,0.24,0.555,1.3500000000000003,7.1549999999999985
Eeli Tolvanen,SEA,R,2025-26,197.3166666666673,24.0,18.0,14.0,23.0,11.0,9.0,3.0,3.0,0.0,5.0,1.0,2.0,1.0,2.0,13.0,9.0,5.0,7.0,3.0,6.0,5.0,39.0,17.0,5.0,6.0,5.0,4.0,1.0,20.0,37.0,17.0,23.0,14.0,4.0,6.0,9.0,2.0,11.0,5.0,3.0,8.0,12.0,11.0,12.0,4.0,4.0,3.0,0.0,0.0,14.0,11.0,6.0,0.0,1.0,8.0,15.0,6.0,5.0,2.0,0.0,3.0,0.0,9.0,1.0,3.0,2.0,0.0,0.0,9.0,5.0,8.0,12.0,5.0,4.0,2.0,3.0,1.0,2.0,2.0,3.0,7.885000000000002,5.23,0.795,0.395,0.31000000000000005,0.525,0.63,7.255
Frederic Gaudreau,SEA,C,2025-26,198.2166666666677,14.0,11.0,5.0,24.0,18.0,6.0,0.0,7.0,0.0,5.0,3.0,4.0,4.0,2.0,6.0,8.0,6.0,14.0,2.0,2.0,0.0,66.0,24.0,4.0,9.0,7.0,7.0,3.0,14.0,56.0,27.0,39.0,25.0,9.0,7.0,14.0,3.0,15.0,7.0,7.0,9.0,17.0,22.0,10.0,4.0,3.0,2.0,1.0,0.0,2.0,2.0,1.0,0.0,5.0,1.0,1.0,1.0,1.0,1.0,0.0,0.0,0.0,2.0,0.0,4.0,5.0,1.0,1.0,8.0,2.0,4.0,16.0,2.0,6.0,4.0,0.0,0.0,1.0,1.0,0.0,7.295,4.095,1.3900000000000001,0.275,0.69,0.525,0.32,6.975
Jaden Schwartz,SEA,L,2025-26,155.4166666666663,14.0,11.0,7.0,32.0,19.0,13.0,0.0,9.0,0.0,6.0,3.0,5.0,3.0,4.0,7.0,17.0,6.0,13.0,1.0,5.0,2.0,58.0,32.0,3.0,10.0,6.0,6.0,1.0,17.0,46.0,21.0,29.0,21.0,4.0,5.0,8.0,3.0,11.0,2.0,8.0,4.0,10.0,19.0,4.0,1.0,2.0,0.0,0.0,0.0,9.0,7.0,4.0,0.0,0.0,9.0,9.0,5.0,8.0,3.0,0.0,1.0,0.0,1.0,0.0,4.0,6.0,0.0,2.0,7.0,4.0,3.0,15.0,4.0,13.0,3.0,0.0,1.0,1.0,1.0,0.0,8.985000000000003,5.07,1.67,0.175,0.8,0.525,0.745,8.240000000000002
Jamie Oleksiak,SEA,D,2025-26,250.183333333333,20.0,18.0,3.0,23.0,12.0,4.0,7.0,3.0,0.0,0.0,1.0,0.0,5.0,1.0,3.0,8.0,15.0,9.0,1.0,8.0,0.0,21.0,8.0,1.0,1.0,1.0,1.0,1.0,5.0,115.0,88.0,35.0,20.0,3.0,11.0,15.0,8.0,49.0,14.0,55.0,18.0,25.0,10.0,93.0,47.0,17.0,19.0,13.0,1.0,0.0,0.0,0.0,1.0,2.0,0.0,0.0,0.0,0.0,0.0,0.0,0.0,0.0,3.0,0.0,0.0,2.0,0.0,1.0,17.0,1.0,2.0,15.0,5.0,3.0,2.0,0.0,1.0,0.0,0.0,0.0,6.865,3.55,0.40499999999999997,1.86,0.8050000000000002,0.12,0.125,6.74
Jani Nyman,SEA,R,2025-26,43.6833333333334,3.0,3.0,3.0,2.0,0.0,2.0,0.0,0.0,0.0,0.0,0.0,0.0,2.0,0.0,0.0,2.0,2.0,0.0,1.0,0.0,0.0,10.0,4.0,4.0,1.0,2.0,1.0,1.0,6.0,12.0,5.0,9.0,3.0,0.0,2.0,6.0,0.0,3.0,0.0,1.0,1.0,4.0,5.0,0.0,0.0,0.0,0.0,0.0,0.0,0.0,0.0,0.0,0.0,0.0,0.0,0.0,0.0,0.0,0.0,0.0,0.0,0.0,0.0,0.0,3.0,0.0,0.0,0.0,3.0,0.0,0.0,0.0,0.0,2.0,0.0,0.0,0.0,0.0,0.0,0.0,1.035,0.62,0.09000000000000001,0.0,0.14500000000000002,0.18,0.0,1.035
Jared McCann,SEA,L,2025-26,153.2833333333334,28.0,21.0,18.0,33.0,14.0,17.0,2.0,9.0,2.0,4.0,0.0,2.0,5.0,3.0,8.0,16.0,11.0,14.0,3.0,9.0,5.0,46.0,20.0,5.0,6.0,11.0,4.0,2.0,11.0,46.0,21.0,35.0,21.0,6.0,4.0,14.0,1.0,10.0,2.0,4.0,4.0,16.0,19.0,2.0,0.0,0.0,0.0,0.0,0.0,3.0,2.0,1.0,0.0,1.0,12.0,16.0,5.0,7.0,4.0,1.0,2.0,0.0,4.0,4.0,2.0,1.0,0.0,1.0,20.0,5.0,3.0,17.0,8.0,8.0,2.0,0.0,2.0,1.0,2.0,1.0,10.265,7.095,0.9649999999999999,0.06,0.7750000000000001,0.6599999999999999,0.7100000000000001,9.555
Jordan Eberle,SEA,R,2025-26,238.31666666667002,35.0,30.0,18.0,39.0,24.0,10.0,5.0,8.0,3.0,7.0,1.0,6.0,4.0,3.0,17.0,18.0,13.0,14.0,3.0,9.0,4.0,85.0,41.0,13.0,8.0,5.0,7.0,5.0,24.0,54.0,24.0,36.0,21.0,9.0,7.0,15.0,1.0,18.0,3.0,6.0,6.0,17.0,19.0,3.0,1.0,2.0,0.0,0.0,0.0,18.0,13.0,8.0,0.0,0.0,11.0,15.0,10.0,10.0,8.0,1.0,0.0,3.0,2.0,3.0,1.0,5.0,4.0,0.0,17.0,9.0,9.0,20.0,11.0,8.0,5.0,2.0,6.0,2.0,1.0,2.0,13.090000000000002,8.26,1.8199999999999998,0.14500000000000002,0.8700000000000001,0.585,1.4100000000000001,11.68
Joshua Mahura,SEA,D,2025-26,56.383333333333,8.0,6.0,1.0,6.0,4.0,1.0,1.0,3.0,2.0,0.0,0.0,2.0,1.0,1.0,3.0,2.0,4.0,1.0,1.0,2.0,0.0,8.0,1.0,0.0,1.0,0.0,1.0,0.0,1.0,19.0,12.0,7.0,4.0,0.0,2.0,3.0,2.0,7.0,4.0,7.0,3.0,3.0,4.0,28.0,16.0,4.0,9.0,4.0,1.0,0.0,0.0,0.0,0.0,0.0,0.0,0.0,0.0,0.0,0.0,0.0,0.0,0.0,0.0,0.0,0.0,1.0,1.0,0.0,5.0,1.0,2.0,4.0,0.0,2.0,2.0,0.0,0.0,0.0,1.0,0.0,2.17,1.555,0.1,0.43,0.07000000000000002,0.015,0.0,2.17
Mason Marchment,SEA,L,2025-26,97.75,13.0,7.0,6.0,11.0,7.0,4.0,0.0,5.0,1.0,1.0,0.0,0.0,0.0,2.0,5.0,6.0,5.0,3.0,0.0,1.0,1.0,35.0,16.0,7.0,5.0,2.0,5.0,1.0,13.0,38.0,17.0,22.0,18.0,8.0,6.0,4.0,1.0,11.0,2.0,5.0,3.0,11.0,11.0,3.0,0.0,3.0,0.0,0.0,0.0,4.0,1.0,1.0,0.0,0.0,3.0,4.0,1.0,1.0,1.0,0.0,0.0,0.0,1.0,1.0,3.0,0.0,1.0,1.0,8.0,4.0,1.0,4.0,3.0,4.0,0.0,1.0,2.0,0.0,2.0,0.0,4.875,2.805,0.715,0.195,0.7300000000000002,0.28500000000000003,0.145,4.73
Matty Beniers,SEA,C,2025-26,245.666666666665,29.0,23.0,18.0,50.0,27.0,15.0,8.0,14.0,2.0,7.0,3.0,5.0,9.0,5.0,12.0,23.0,12.0,16.0,4.0,9.0,4.0,88.0,50.0,12.0,14.0,7.0,10.0,2.0,19.0,86.0,60.0,39.0,30.0,19.0,5.0,9.0,3.0,38.0,6.0,35.0,8.0,22.0,17.0,12.0,3.0,6.0,0.0,0.0,1.0,12.0,9.0,7.0,0.0,0.0,12.0,13.0,4.0,10.0,3.0,0.0,0.0,1.0,4.0,5.0,4.0,6.0,3.0,0.0,17.0,7.0,5.0,25.0,14.0,11.0,5.0,0.0,3.0,0.0,4.0,0.0,14.945,9.0,2.33,0.51,1.5100000000000002,0.6,0.9950000000000001,13.95
Ryan Lindgren,SEA,D,2025-26,242.33333333333297,15.0,9.0,4.0,26.0,13.0,9.0,4.0,2.0,0.0,0.0,0.0,1.0,3.0,6.0,5.0,8.0,10.0,14.0,0.0,5.0,1.0,15.0,4.0,2.0,1.0,0.0,0.0,1.0,4.0,105.0,85.0,38.0,22.0,2.0,14.0,16.0,5.0,43.0,14.0,51.0,11.0,29.0,9.0,92.0,54.0,6.0,23.0,18.0,3.0,0.0,0.0,0.0,0.0,7.0,0.0,0.0,0.0,0.0,0.0,0.0,0.0,0.0,0.0,0.0,0.0,1.0,5.0,0.0,10.0,3.0,2.0,17.0,4.0,5.0,1.0,1.0,0.0,1.0,2.0,0.0,5.86,3.41,0.12499999999999999,1.05,0.97,0.06,0.24500000000000002,5.615
Ryan Winterton,SEA,C,2025-26,174.6499999999996,20.0,18.0,16.0,22.0,15.0,6.0,1.0,5.0,0.0,4.0,1.0,5.0,2.0,2.0,9.0,8.0,9.0,9.0,0.0,2.0,3.0,50.0,19.0,5.0,5.0,7.0,6.0,2.0,25.0,45.0,26.0,35.0,25.0,14.0,5.0,10.0,2.0,19.0,3.0,3.0,5.0,21.0,14.0,6.0,2.0,2.0,0.0,1.0,0.0,0.0,0.0,0.0,1.0,0.0,0.0,0.0,0.0,0.0,0.0,0.0,0.0,0.0,1.0,2.0,3.0,1.0,0.0,3.0,11.0,3.0,6.0,14.0,4.0,4.0,4.0,1.0,1.0,0.0,1.0,1.0,8.38,5.355,1.03,0.18,1.07,0.6900000000000001,0.055,8.325000000000001
Shane Wright,SEA,C,2025-26,200.35,17.0,12.0,9.0,29.0,19.0,4.0,6.0,12.0,1.0,4.0,1.0,6.0,3.0,4.0,7.0,14.0,7.0,10.0,2.0,4.0,0.0,50.0,22.0,12.0,7.0,5.0,11.0,3.0,23.0,41.0,24.0,25.0,18.0,3.0,6.0,7.0,1.0,16.0,7.0,10.0,9.0,13.0,12.0,7.0,1.0,4.0,0.0,0.0,0.0,8.0,3.0,3.0,0.0,0.0,5.0,7.0,3.0,3.0,1.0,0.0,2.0,0.0,2.0,3.0,3.0,2.0,0.0,1.0,10.0,5.0,2.0,13.0,6.0,8.0,2.0,0.0,5.0,0.0,0.0,0.0,8.35,5.489999999999999,1.1599999999999997,0.33499999999999996,0.4699999999999999,0.5700000000000001,0.325,8.025
Tye Kartye,SEA,L,2025-26,81.15,8.0,6.0,4.0,10.0,7.0,2.0,1.0,4.0,0.0,0.0,0.0,1.0,1.0,1.0,3.0,5.0,4.0,3.0,1.0,2.0,0.0,25.0,8.0,3.0,1.0,3.0,1.0,0.0,11.0,27.0,13.0,18.0,10.0,3.0,1.0,8.0,1.0,5.0,3.0,4.0,4.0,8.0,10.0,3.0,0.0,1.0,0.0,0.0,0.0,1.0,0.0,0.0,1.0,0.0,0.0,0.0,0.0,0.0,0.0,0.0,0.0,0.0,1.0,1.0,1.0,0.0,3.0,2.0,5.0,1.0,2.0,5.0,1.0,4.0,0.0,1.0,1.0,0.0,0.0,1.0,3.035,2.045,0.28,0.125,0.22999999999999998,0.3,0.055,2.9800000000000004
Vince Dunn,SEA,D,2025-26,303.71666666666704,30.0,24.0,11.0,44.0,28.0,13.0,3.0,12.0,0.0,1.0,0.0,2.0,3.0,6.0,5.0,13.0,16.0,15.0,3.0,5.0,3.0,27.0,11.0,1.0,4.0,0.0,4.0,1.0,3.0,143.0,115.0,61.0,30.0,2.0,20.0,31.0,15.0,56.0,22.0,56.0,19.0,44.0,17.0,129.0,81.0,9.0,26.0,20.0,4.0,5.0,4.0,4.0,0.0,0.0,9.0,36.0,18.0,1.0,10.0,0.0,0.0,0.0,4.0,1.0,0.0,3.0,1.0,8.0,24.0,2.0,4.0,30.0,4.0,9.0,2.0,2.0,0.0,1.0,0.0,0.0,11.695000000000002,7.464999999999999,0.705,1.7200000000000002,1.0150000000000001,0.045,0.745,10.950000000000001
Alex Killorn,ANA,L,2025-26,270.86666666666497,34.0,29.0,20.0,51.0,26.0,20.0,5.0,14.0,0.0,2.0,3.0,5.0,10.0,2.0,11.0,22.0,17.0,18.0,2.0,13.0,5.0,77.0,35.0,15.0,13.0,10.0,12.0,3.0,29.0,70.0,32.0,42.0,30.0,11.0,6.0,12.0,5.0,21.0,2.0,13.0,2.0,14.0,28.0,2.0,0.0,1.0,0.0,0.0,0.0,6.0,3.0,2.0,5.0,3.0,4.0,3.0,2.0,2.0,2.0,1.0,0.0,0.0,1.0,2.0,8.0,1.0,0.0,5.0,21.0,3.0,9.0,27.0,11.0,12.0,6.0,3.0,3.0,0.0,0.0,0.0,14.350000000000001,9.555,1.665,0.10500000000000001,1.4350000000000003,0.8850000000000001,0.7050000000000001,13.645000000000001
Beckett Sennecke,ANA,R,2025-26,291.96666666666664,56.0,48.0,38.0,47.0,26.0,18.0,3.0,14.0,3.0,5.0,4.0,5.0,4.0,3.0,24.0,22.0,23.0,17.0,4.0,13.0,9.0,121.0,77.0,30.0,13.0,12.0,21.0,1.0,25.0,63.0,32.0,49.0,36.0,17.0,10.0,13.0,1.0,27.0,6.0,3.0,9.0,28.0,21.0,7.0,4.0,3.0,2.0,2.0,0.0,16.0,7.0,6.0,0.0,0.0,9.0,20.0,11.0,6.0,9.0,3.0,1.0,1.0,6.0,1.0,9.0,5.0,2.0,0.0,30.0,11.0,13.0,23.0,8.0,15.0,7.0,5.0,3.0,4.0,4.0,0.0,20.075,13.095000000000002,3.305,0.175,1.4099999999999997,0.915,1.175,18.9
Chris Kreider,ANA,L,2025-26,219.03333333333296,29.0,21.0,19.0,27.0,13.0,9.0,5.0,4.0,2.0,2.0,0.0,0.0,5.0,3.0,12.0,13.0,8.0,9.0,5.0,6.0,4.0,38.0,21.0,6.0,9.0,5.0,6.0,0.0,22.0,48.0,22.0,28.0,19.0,2.0,9.0,9.0,3.0,14.0,2.0,6.0,7.0,13.0,15.0,2.0,0.0,1.0,0.0,0.0,1.0,6.0,4.0,3.0,1.0,1.0,9.0,8.0,4.0,9.0,3.0,0.0,0.0,1.0,2.0,5.0,9.0,2.0,1.0,0.0,16.0,9.0,4.0,14.0,3.0,10.0,1.0,2.0,6.0,2.0,1.0,1.0,9.55,6.32,1.005,0.08,0.7,0.555,0.8900000000000001,8.659999999999998
Cutter Gauthier,ANA,L,2025-26,256.433333333337,75.0,59.0,37.0,49.0,34.0,12.0,3.0,17.0,1.0,5.0,3.0,6.0,8.0,4.0,31.0,23.0,34.0,19.0,6.0,6.0,8.0,93.0,57.0,14.0,18.0,10.0,16.0,1.0,18.0,61.0,36.0,42.0,25.0,8.0,12.0,17.0,5.0,20.0,6.0,5.0,12.0,26.0,16.0,4.0,2.0,1.0,1.0,1.0,0.0,16.0,10.0,10.0,2.0,0.0,15.0,16.0,8.0,10.0,4.0,0.0,2.0,0.0,8.0,7.0,3.0,3.0,3.0,3.0,44.0,13.0,18.0,25.0,9.0,15.0,11.0,7.0,3.0,5.0,4.0,0.0,20.39,14.775,2.8500000000000005,0.07,0.7450000000000001,0.72,1.2300000000000004,19.160000000000004
Drew Helleson,ANA,D,2025-26,250.84999999999806,18.0,14.0,1.0,29.0,21.0,5.0,3.0,11.0,3.0,1.0,0.0,0.0,5.0,2.0,3.0,7.0,13.0,14.0,0.0,6.0,1.0,22.0,5.0,3.0,0.0,0.0,0.0,1.0,5.0,101.0,83.0,40.0,15.0,3.0,4.0,25.0,8.0,31.0,15.0,47.0,8.0,28.0,12.0,91.0,56.0,6.0,16.0,9.0,2.0,0.0,0.0,0.0,0.0,1.0,0.0,0.0,0.0,0.0,0.0,0.0,0.0,0.0,2.0,0.0,0.0,1.0,6.0,7.0,15.0,3.0,0.0,20.0,6.0,2.0,0.0,0.0,0.0,1.0,2.0,0.0,6.744999999999998,4.545,0.125,1.4700000000000002,0.49500000000000005,0.075,0.035,6.709999999999998
Frank Vatrano,ANA,R,2025-26,97.36666666666639,18.0,14.0,5.0,6.0,3.0,2.0,1.0,1.0,0.0,1.0,0.0,1.0,1.0,0.0,8.0,1.0,9.0,5.0,1.0,3.0,0.0,26.0,9.0,2.0,1.0,2.0,1.0,0.0,3.0,12.0,8.0,7.0,4.0,1.0,2.0,3.0,1.0,3.0,0.0,1.0,2.0,6.0,1.0,3.0,2.0,1.0,0.0,0.0,0.0,1.0,1.0,0.0,0.0,1.0,5.0,4.0,2.0,3.0,2.0,0.0,0.0,0.0,1.0,0.0,1.0,2.0,0.0,0.0,10.0,5.0,3.0,5.0,0.0,1.0,2.0,1.0,3.0,0.0,1.0,0.0,3.3950000000000005,2.34,0.37,0.095,0.14500000000000002,0.135,0.31,3.085
Jackson LaCombe,ANA,D,2025-26,370.88333333333406,39.0,29.0,5.0,83.0,47.0,27.0,9.0,17.0,1.0,3.0,2.0,12.0,10.0,16.0,10.0,33.0,18.0,27.0,4.0,17.0,3.0,57.0,26.0,8.0,5.0,1.0,7.0,2.0,5.0,163.0,131.0,71.0,49.0,11.0,25.0,22.0,12.0,78.0,32.0,67.0,29.0,52.0,19.0,159.0,91.0,20.0,29.0,28.0,1.0,11.0,9.0,6.0,1.0,2.0,8.0,35.0,19.0,0.0,7.0,1.0,0.0,0.0,3.0,2.0,0.0,10.0,1.0,5.0,28.0,1.0,9.0,47.0,12.0,24.0,5.0,4.0,1.0,0.0,0.0,0.0,17.305,11.099999999999998,1.265,2.5349999999999993,1.5299999999999996,0.12,0.7550000000000001,16.55
Jacob Trouba,ANA,D,2025-26,381.116666666667,46.0,31.0,3.0,50.0,26.0,18.0,6.0,14.0,0.0,0.0,0.0,1.0,8.0,13.0,5.0,21.0,32.0,21.0,4.0,4.0,2.0,11.0,1.0,2.0,0.0,0.0,1.0,1.0,2.0,144.0,115.0,56.0,31.0,0.0,22.0,25.0,15.0,66.0,30.0,58.0,20.0,42.0,14.0,133.0,80.0,21.0,29.0,21.0,5.0,4.0,0.0,0.0,0.0,6.0,2.0,3.0,2.0,0.0,1.0,0.0,0.0,0.0,10.0,0.0,0.0,0.0,2.0,14.0,41.0,2.0,3.0,28.0,7.0,15.0,2.0,1.0,0.0,0.0,2.0,0.0,11.784999999999998,8.284999999999998,0.04500000000000001,2.175,0.985,0.03,0.265,11.52
Leo Carlsson,ANA,C,2025-26,218.86666666666804,33.0,29.0,20.0,60.0,36.0,17.0,7.0,13.0,2.0,9.0,1.0,11.0,8.0,5.0,14.0,27.0,14.0,21.0,4.0,14.0,1.0,69.0,56.0,12.0,26.0,4.0,14.0,0.0,26.0,49.0,29.0,34.0,29.0,17.0,4.0,5.0,2.0,21.0,8.0,9.0,8.0,18.0,16.0,5.0,1.0,3.0,0.0,0.0,1.0,23.0,17.0,11.0,1.0,1.0,13.0,20.0,12.0,8.0,9.0,1.0,3.0,0.0,1.0,6.0,5.0,5.0,2.0,0.0,19.0,6.0,8.0,28.0,11.0,21.0,6.0,1.0,2.0,2.0,2.0,1.0,16.105,10.134999999999998,2.7500000000000004,0.22500000000000003,0.9800000000000001,0.5700000000000002,1.4449999999999998,14.66
Mason McTavish,ANA,C,2025-26,233.9666666666661,38.0,30.0,15.0,50.0,34.0,13.0,3.0,15.0,4.0,6.0,2.0,7.0,5.0,4.0,15.0,17.0,17.0,21.0,4.0,8.0,1.0,53.0,32.0,7.0,12.0,10.0,7.0,0.0,25.0,37.0,25.0,22.0,14.0,7.0,5.0,8.0,0.0,14.0,1.0,9.0,4.0,16.0,6.0,6.0,2.0,3.0,0.0,0.0,0.0,8.0,5.0,5.0,0.0,0.0,10.0,5.0,3.0,4.0,2.0,1.0,0.0,0.0,0.0,4.0,3.0,7.0,7.0,4.0,21.0,5.0,11.0,31.0,5.0,12.0,6.0,2.0,1.0,2.0,2.0,3.0,13.38,9.585,1.51,0.255,0.6650000000000003,0.8250000000000002,0.54,12.839999999999998
Mikael Granlund,ANA,C,2025-26,225.44999999999962,28.0,20.0,19.0,42.0,27.0,11.0,4.0,14.0,6.0,3.0,3.0,4.0,2.0,6.0,14.0,17.0,12.0,17.0,1.0,10.0,3.0,70.0,43.0,7.0,15.0,4.0,11.0,1.0,21.0,60.0,34.0,44.0,32.0,10.0,12.0,12.0,1.0,25.0,0.0,10.0,1.0,23.0,21.0,6.0,1.0,3.0,0.0,1.0,0.0,8.0,7.0,3.0,0.0,3.0,15.0,16.0,6.0,14.0,4.0,1.0,1.0,0.0,3.0,3.0,3.0,3.0,1.0,2.0,14.0,6.0,8.0,24.0,6.0,12.0,2.0,2.0,3.0,1.0,2.0,3.0,14.610000000000001,8.680000000000001,2.2600000000000002,0.23,1.71,0.495,1.235,13.375000000000004
Olen Zellweger,ANA,D,2025-26,281.616666666666,40.0,29.0,10.0,38.0,25.0,10.0,3.0,8.0,1.0,1.0,0.0,1.0,5.0,6.0,12.0,17.0,19.0,16.0,3.0,4.0,1.0,54.0,23.0,4.0,6.0,2.0,3.0,3.0,2.0,109.0,77.0,50.0,33.0,12.0,12.0,17.0,10.0,38.0,23.0,39.0,20.0,28.0,22.0,103.0,63.0,12.0,19.0,21.0,0.0,2.0,1.0,1.0,3.0,2.0,1.0,5.0,3.0,0.0,1.0,0.0,0.0,0.0,3.0,2.0,0.0,3.0,4.0,2.0,28.0,6.0,6.0,19.0,6.0,12.0,5.0,1.0,1.0,2.0,3.0,0.0,10.895,7.285000000000001,1.125,1.44,0.6,0.12,0.32499999999999996,10.57
Pavel Mintyukov,ANA,D,2025-26,310.0666666666679,23.0,15.0,2.0,32.0,15.0,14.0,3.0,8.0,0.0,1.0,0.0,3.0,7.0,8.0,4.0,17.0,12.0,11.0,3.0,2.0,0.0,24.0,5.0,3.0,1.0,0.0,1.0,3.0,6.0,113.0,86.0,49.0,36.0,3.0,20.0,13.0,8.0,50.0,22.0,50.0,13.0,28.0,21.0,132.0,75.0,14.0,34.0,16.0,4.0,0.0,0.0,0.0,1.0,3.0,1.0,5.0,4.0,0.0,1.0,0.0,0.0,0.0,1.0,0.0,0.0,0.0,4.0,5.0,19.0,1.0,3.0,14.0,7.0,10.0,1.0,1.0,1.0,0.0,0.0,1.0,8.724999999999998,4.7700000000000005,0.25,2.115,1.285,0.09,0.215,8.51
Radko Gudas,ANA,D,2025-26,213.2833333333327,20.0,15.0,0.0,36.0,21.0,9.0,6.0,8.0,0.0,0.0,0.0,0.0,10.0,12.0,2.0,21.0,12.0,9.0,4.0,2.0,0.0,19.0,5.0,1.0,1.0,0.0,0.0,1.0,3.0,76.0,53.0,35.0,13.0,1.0,4.0,22.0,7.0,22.0,17.0,23.0,16.0,22.0,13.0,91.0,53.0,14.0,17.0,15.0,0.0,0.0,0.0,0.0,0.0,0.0,1.0,0.0,0.0,0.0,0.0,0.0,0.0,0.0,5.0,0.0,0.0,0.0,0.0,8.0,15.0,2.0,3.0,13.0,14.0,8.0,3.0,0.0,0.0,1.0,1.0,0.0,6.195000000000001,4.515,0.21500000000000002,1.5699999999999998,-0.15000000000000013,0.045,0.0,6.195000000000001
Ross Johnston,ANA,L,2025-26,172.38333333333358,14.0,12.0,8.0,12.0,8.0,4.0,0.0,5.0,1.0,1.0,2.0,0.0,3.0,2.0,5.0,6.0,8.0,5.0,0.0,1.0,0.0,45.0,15.0,7.0,2.0,7.0,6.0,1.0,23.0,23.0,10.0,16.0,9.0,2.0,2.0,7.0,1.0,5.0,2.0,2.0,1.0,7.0,9.0,6.0,3.0,2.0,0.0,1.0,0.0,0.0,0.0,0.0,0.0,2.0,1.0,0.0,0.0,0.0,0.0,0.0,0.0,0.0,0.0,2.0,3.0,1.0,0.0,1.0,9.0,2.0,3.0,6.0,1.0,5.0,1.0,1.0,1.0,0.0,0.0,1.0,5.1450000000000005,3.19,0.7250000000000001,0.165,0.335,0.6599999999999999,0.07,5.075
Ryan Poehling,ANA,C,2025-26,258.7500000000007,31.0,28.0,21.0,44.0,29.0,14.0,1.0,9.0,1.0,6.0,2.0,3.0,8.0,2.0,21.0,22.0,9.0,19.0,0.0,10.0,5.0,76.0,49.0,13.0,14.0,13.0,16.0,2.0,20.0,55.0,38.0,33.0,27.0,17.0,7.0,6.0,1.0,30.0,2.0,18.0,5.0,19.0,14.0,10.0,1.0,7.0,1.0,1.0,0.0,2.0,0.0,0.0,6.0,2.0,1.0,2.0,2.0,1.0,1.0,0.0,1.0,0.0,2.0,4.0,4.0,4.0,2.0,2.0,10.0,6.0,15.0,22.0,9.0,13.0,6.0,3.0,2.0,4.0,0.0,5.0,14.424999999999999,8.535,2.5700000000000003,0.4750000000000001,1.4500000000000002,0.8849999999999998,0.51,13.915
Sam Colangelo,ANA,R,2025-26,40.8166666666666,3.0,1.0,1.0,6.0,5.0,1.0,0.0,1.0,0.0,1.0,0.0,2.0,2.0,1.0,2.0,4.0,1.0,2.0,0.0,0.0,0.0,10.0,3.0,3.0,1.0,2.0,1.0,0.0,5.0,9.0,2.0,8.0,8.0,4.0,1.0,0.0,0.0,2.0,1.0,0.0,1.0,2.0,6.0,1.0,0.0,1.0,0.0,0.0,0.0,0.0,0.0,0.0,0.0,0.0,0.0,0.0,0.0,0.0,0.0,0.0,0.0,0.0,1.0,0.0,1.0,0.0,1.0,0.0,1.0,0.0,2.0,2.0,2.0,2.0,0.0,1.0,0.0,0.0,0.0,1.0,1.46,0.915,0.055,0.065,0.26,0.16499999999999998,0.0,1.46
Troy Terry,ANA,R,2025-26,196.2,35.0,25.0,22.0,50.0,24.0,18.0,8.0,8.0,2.0,5.0,0.0,4.0,4.0,2.0,16.0,19.0,14.0,16.0,2.0,12.0,4.0,75.0,52.0,11.0,17.0,5.0,7.0,0.0,26.0,34.0,18.0,22.0,19.0,4.0,9.0,3.0,0.0,14.0,2.0,5.0,5.0,12.0,10.0,3.0,1.0,0.0,1.0,1.0,1.0,21.0,15.0,10.0,3.0,0.0,12.0,12.0,6.0,9.0,5.0,1.0,1.0,0.0,1.0,4.0,3.0,5.0,1.0,1.0,18.0,7.0,10.0,30.0,6.0,14.0,8.0,2.0,1.0,1.0,3.0,0.0,13.985,9.045000000000002,2.23,0.0049999999999999975,0.7700000000000001,0.615,1.32,12.665000000000001
Lukas Dostal,ANA,G,2025-26,764.2501000000001,0.0,0.0,0.0,0.0,0.0,0.0,0.0,0.0,0.0,0.0,0.0,0.0,0.0,0.0,0.0,0.0,0.0,0.0,0.0,0.0,0.0,0.0,0.0,0.0,0.0,0.0,0.0,0.0,0.0,40.0,40.0,4.0,2.0,0.0,2.0,2.0,1.0,28.0,12.0,35.0,10.0,4.0,0.0,0.0,0.0,0.0,0.0,0.0,0.0,0.0,0.0,0.0,0.0,0.0,0.0,0.0,0.0,0.0,0.0,0.0,0.0,0.0,0.0,0.0,0.0,0.0,0.0,0.0,0.0,0.0,0.0,0.0,0.0,0.0,0.0,0.0,0.0,0.0,0.0,0.0,0.0,0.0,0.0,0.0,0.0,0.0,0.0,0.0
Joey Daccord,SEA,G,2025-26,497.0335,0.0,0.0,0.0,0.0,0.0,0.0,0.0,0.0,0.0,0.0,0.0,0.0,0.0,0.0,0.0,0.0,0.0,0.0,0.0,0.0,0.0,0.0,0.0,0.0,0.0,0.0,0.0,0.0,0.0,68.0,68.0,9.0,3.0,0.0,3.0,6.0,4.0,38.0,15.0,55.0,13.0,9.0,0.0,0.0,0.0,0.0,0.0,0.0,0.0,0.0,0.0,0.0,0.0,0.0,0.0,0.0,0.0,0.0,0.0,0.0,0.0,0.0,0.0,0.0,0.0,0.0,0.0,0.0,0.0,0.0,0.0,0.0,0.0,0.0,0.0,0.0,0.0,0.0,0.0,0.0,0.0,0.0,0.0,0.0,0.0,0.0,0.0,0.0
Ben Hutton,VGK,D,2025-26,205.85000000000198,18.0,17.0,4.0,20.0,11.0,8.0,1.0,2.0,0.0,0.0,0.0,2.0,2.0,4.0,2.0,7.0,9.0,4.0,2.0,3.0,1.0,35.0,8.0,0.0,2.0,2.0,1.0,3.0,10.0,82.0,62.0,28.0,12.0,0.0,7.0,16.0,3.0,35.0,16.0,43.0,15.0,16.0,12.0,80.0,38.0,11.0,13.0,9.0,4.0,1.0,1.0,0.0,0.0,0.0,0.0,0.0,0.0,0.0,0.0,0.0,0.0,0.0,3.0,0.0,0.0,1.0,1.0,4.0,16.0,2.0,0.0,13.0,2.0,5.0,0.0,0.0,1.0,1.0,0.0,0.0,6.135,3.325,0.52,1.84,0.20999999999999994,0.24,0.0,6.135
Brandon Saad,VGK,L,2025-26,109.2166666666667,11.0,8.0,7.0,21.0,11.0,10.0,0.0,3.0,0.0,2.0,0.0,3.0,5.0,1.0,4.0,10.0,5.0,10.0,1.0,6.0,1.0,31.0,20.0,6.0,5.0,4.0,4.0,2.0,17.0,20.0,9.0,12.0,10.0,8.0,0.0,2.0,1.0,7.0,0.0,3.0,4.0,5.0,7.0,2.0,0.0,2.0,0.0,0.0,0.0,0.0,0.0,0.0,2.0,0.0,0.0,0.0,0.0,0.0,0.0,0.0,0.0,0.0,0.0,1.0,1.0,0.0,0.0,0.0,7.0,3.0,1.0,11.0,6.0,4.0,0.0,1.0,1.0,1.0,0.0,0.0,5.27,3.2800000000000002,0.9199999999999999,0.14,0.385,0.435,0.11,5.16
Brayden McNabb,VGK,D,2025-26,209.233333333335,16.0,10.0,0.0,28.0,14.0,8.0,6.0,7.0,1.0,0.0,1.0,2.0,5.0,6.0,2.0,12.0,11.0,13.0,2.0,1.0,0.0,23.0,2.0,0.0,0.0,1.0,0.0,1.0,7.0,59.0,44.0,18.0,11.0,0.0,6.0,7.0,0.0,28.0,9.0,34.0,11.0,10.0,8.0,80.0,45.0,12.0,11.0,6.0,2.0,0.0,0.0,0.0,0.0,1.0,0.0,0.0,0.0,0.0,0.0,0.0,0.0,0.0,5.0,0.0,0.0,5.0,2.0,4.0,14.0,1.0,1.0,16.0,6.0,6.0,0.0,0.0,0.0,0.0,1.0,1.0,6.355000000000001,3.7800000000000002,0.125,1.8800000000000003,0.3849999999999999,0.15,0.035,6.320000000000001
Brett Howden,VGK,C,2025-26,158.60000000000002,16.0,10.0,9.0,25.0,15.0,9.0,1.0,5.0,0.0,4.0,1.0,1.0,3.0,2.0,8.0,8.0,6.0,10.0,1.0,4.0,2.0,31.0,13.0,9.0,3.0,8.0,2.0,1.0,13.0,34.0,22.0,23.0,20.0,8.0,6.0,3.0,1.0,18.0,2.0,5.0,3.0,16.0,7.0,3.0,1.0,2.0,0.0,0.0,0.0,2.0,1.0,0.0,2.0,0.0,1.0,1.0,1.0,1.0,1.0,0.0,0.0,1.0,1.0,0.0,2.0,2.0,0.0,2.0,8.0,1.0,7.0,17.0,2.0,6.0,5.0,1.0,0.0,1.0,0.0,1.0,6.560000000000001,4.305,0.325,0.14500000000000002,0.975,0.5549999999999999,0.255,6.305000000000001
Colton Sissons,VGK,C,2025-26,146.14999999999992,20.0,17.0,13.0,20.0,12.0,7.0,1.0,5.0,0.0,2.0,1.0,4.0,5.0,2.0,9.0,10.0,8.0,7.0,0.0,2.0,2.0,42.0,19.0,6.0,6.0,4.0,10.0,5.0,17.0,35.0,21.0,15.0,8.0,1.0,3.0,7.0,1.0,11.0,5.0,14.0,7.0,6.0,9.0,5.0,0.0,2.0,0.0,0.0,1.0,1.0,1.0,1.0,1.0,0.0,1.0,1.0,1.0,1.0,0.0,0.0,0.0,0.0,1.0,0.0,2.0,0.0,0.0,0.0,11.0,4.0,5.0,10.0,5.0,5.0,5.0,0.0,3.0,0.0,1.0,0.0,7.045,4.815,1.31,0.205,0.13500000000000004,0.43499999999999994,0.14500000000000002,6.8999999999999995
Ivan Barbashev,VGK,L,2025-26,296.983333333333,46.0,30.0,28.0,65.0,32.0,26.0,7.0,21.0,2.0,5.0,5.0,8.0,12.0,5.0,20.0,32.0,16.0,22.0,4.0,13.0,10.0,75.0,44.0,17.0,21.0,5.0,15.0,3.0,28.0,49.0,22.0,31.0,24.0,5.0,10.0,7.0,2.0,15.0,3.0,5.0,7.0,15.0,16.0,3.0,1.0,2.0,0.0,0.0,0.0,1.0,1.0,0.0,0.0,0.0,3.0,2.0,1.0,3.0,1.0,1.0,0.0,0.0,5.0,3.0,12.0,10.0,0.0,0.0,25.0,9.0,11.0,32.0,13.0,19.0,4.0,4.0,0.0,5.0,4.0,3.0,17.360000000000003,13.305,2.1449999999999996,0.14500000000000002,0.8650000000000001,0.645,0.255,17.105
Jack Eichel,VGK,C,2025-26,267.6,52.0,42.0,31.0,83.0,54.0,26.0,3.0,29.0,8.0,11.0,6.0,11.0,8.0,5.0,24.0,28.0,17.0,35.0,7.0,21.0,8.0,126.0,97.0,18.0,21.0,17.0,15.0,3.0,28.0,69.0,39.0,47.0,39.0,20.0,8.0,8.0,4.0,28.0,5.0,11.0,6.0,24.0,23.0,12.0,3.0,4.0,0.0,0.0,1.0,46.0,36.0,28.0,7.0,1.0,20.0,45.0,17.0,15.0,13.0,0.0,1.0,2.0,8.0,5.0,4.0,13.0,3.0,6.0,28.0,11.0,13.0,53.0,11.0,17.0,5.0,4.0,1.0,3.0,4.0,4.0,27.280000000000005,16.48,4.485,0.44000000000000006,1.6800000000000002,1.185,3.01,24.270000000000003
Jeremy Lauzon,VGK,D,2025-26,248.95000000000098,30.0,22.0,9.0,23.0,18.0,3.0,2.0,6.0,0.0,0.0,0.0,2.0,3.0,1.0,6.0,5.0,15.0,13.0,8.0,2.0,1.0,18.0,6.0,1.0,0.0,0.0,1.0,0.0,16.0,61.0,44.0,28.0,17.0,2.0,7.0,11.0,6.0,19.0,12.0,21.0,8.0,16.0,12.0,98.0,55.0,5.0,15.0,15.0,3.0,0.0,0.0,0.0,0.0,2.0,0.0,0.0,0.0,0.0,0.0,0.0,0.0,0.0,7.0,0.0,1.0,1.0,5.0,5.0,23.0,2.0,5.0,17.0,4.0,2.0,4.0,1.0,1.0,0.0,1.0,0.0,7.71,5.329999999999999,0.28,1.42,0.3700000000000001,0.24,0.07,7.64
Kaedan Korczak,VGK,D,2025-26,294.033333333333,17.0,11.0,3.0,34.0,17.0,10.0,7.0,8.0,1.0,0.0,0.0,1.0,4.0,9.0,1.0,16.0,9.0,12.0,4.0,7.0,0.0,23.0,5.0,2.0,2.0,1.0,1.0,1.0,8.0,106.0,77.0,39.0,24.0,1.0,16.0,15.0,6.0,46.0,17.0,43.0,14.0,28.0,11.0,82.0,56.0,6.0,15.0,12.0,0.0,1.0,0.0,0.0,0.0,1.0,0.0,0.0,0.0,0.0,0.0,0.0,0.0,0.0,2.0,0.0,0.0,1.0,0.0,5.0,15.0,2.0,0.0,18.0,4.0,12.0,0.0,0.0,0.0,2.0,0.0,0.0,6.960000000000001,4.505000000000001,0.22499999999999998,1.1249999999999998,0.905,0.16499999999999998,0.035,6.925000000000001
Keegan Kolesar,VGK,R,2025-26,221.15000000000006,22.0,15.0,11.0,25.0,12.0,11.0,2.0,6.0,0.0,1.0,3.0,3.0,3.0,4.0,11.0,11.0,8.0,12.0,1.0,10.0,3.0,68.0,28.0,5.0,6.0,8.0,6.0,3.0,19.0,47.0,20.0,31.0,18.0,9.0,2.0,13.0,1.0,10.0,1.0,5.0,6.0,14.0,17.0,4.0,2.0,2.0,1.0,0.0,0.0,0.0,0.0,0.0,1.0,0.0,1.0,0.0,0.0,0.0,0.0,0.0,0.0,0.0,1.0,1.0,2.0,2.0,0.0,0.0,10.0,7.0,4.0,13.0,4.0,8.0,3.0,1.0,3.0,4.0,0.0,0.0,8.19,5.24,1.4700000000000002,0.14500000000000002,0.6350000000000002,0.6450000000000001,0.055,8.135
Mark Stone,VGK,R,2025-26,209.56666666666626,22.0,12.0,10.0,48.0,37.0,8.0,3.0,18.0,2.0,8.0,5.0,8.0,13.0,4.0,7.0,23.0,11.0,13.0,3.0,8.0,2.0,50.0,24.0,9.0,11.0,7.0,6.0,3.0,27.0,62.0,27.0,52.0,39.0,8.0,14.0,13.0,1.0,20.0,3.0,2.0,5.0,24.0,28.0,3.0,1.0,1.0,1.0,1.0,0.0,8.0,4.0,3.0,1.0,1.0,10.0,22.0,17.0,8.0,16.0,6.0,0.0,7.0,3.0,3.0,1.0,10.0,1.0,0.0,15.0,3.0,4.0,25.0,8.0,15.0,2.0,1.0,1.0,1.0,1.0,1.0,13.705,8.265,1.1099999999999999,0.055,1.5850000000000004,0.7200000000000001,1.9700000000000002,11.735000000000001
Mitch Marner,VGK,R,2025-26,279.1666666666683,45.0,38.0,20.0,75.0,51.0,14.0,10.0,25.0,3.0,11.0,2.0,12.0,9.0,1.0,14.0,27.0,20.0,29.0,3.0,11.0,4.0,84.0,50.0,10.0,12.0,7.0,15.0,2.0,29.0,74.0,40.0,46.0,39.0,12.0,11.0,7.0,5.0,28.0,1.0,15.0,4.0,20.0,26.0,21.0,8.0,8.0,2.0,0.0,0.0,16.0,15.0,8.0,6.0,3.0,11.0,38.0,26.0,5.0,17.0,0.0,1.0,1.0,5.0,3.0,6.0,7.0,3.0,9.0,29.0,4.0,11.0,47.0,10.0,18.0,8.0,1.0,1.0,0.0,2.0,2.0,21.52,13.465,2.695,0.76,1.8900000000000001,0.75,1.9599999999999995,19.560000000000002
Pavel Dorofeyev,VGK,R,2025-26,259.8666666666673,38.0,27.0,21.0,30.0,18.0,8.0,4.0,6.0,0.0,4.0,0.0,1.0,5.0,3.0,14.0,12.0,17.0,9.0,1.0,6.0,5.0,69.0,32.0,20.0,9.0,8.0,3.0,1.0,30.0,51.0,24.0,34.0,23.0,7.0,7.0,11.0,3.0,18.0,4.0,7.0,7.0,14.0,20.0,2.0,2.0,0.0,0.0,0.0,0.0,7.0,3.0,3.0,0.0,0.0,27.0,15.0,3.0,25.0,3.0,2.0,0.0,0.0,2.0,2.0,6.0,2.0,1.0,2.0,24.0,8.0,6.0,14.0,9.0,7.0,5.0,1.0,3.0,3.0,1.0,0.0,11.77,7.605,0.7400000000000001,0.03,0.8700000000000001,0.8100000000000002,1.7150000000000005,10.055
Reilly Smith,VGK,R,2025-26,228.5499999999997,30.0,23.0,17.0,31.0,20.0,11.0,0.0,7.0,1.0,5.0,1.0,7.0,3.0,2.0,15.0,12.0,11.0,15.0,1.0,10.0,4.0,73.0,40.0,18.0,11.0,7.0,9.0,2.0,31.0,43.0,17.0,28.0,17.0,2.0,5.0,11.0,3.0,10.0,5.0,4.0,2.0,10.0,18.0,5.0,2.0,2.0,0.0,1.0,0.0,3.0,0.0,1.0,0.0,1.0,1.0,3.0,2.0,1.0,2.0,0.0,0.0,0.0,6.0,1.0,0.0,1.0,1.0,0.0,15.0,6.0,9.0,19.0,5.0,7.0,6.0,2.0,2.0,1.0,2.0,1.0,10.47,7.150000000000001,1.5550000000000002,0.15000000000000002,0.6,0.78,0.235,10.235000000000001
Shea Theodore,VGK,D,2025-26,350.266666666668,40.0,30.0,10.0,63.0,27.0,21.0,15.0,10.0,1.0,0.0,0.0,4.0,14.0,20.0,3.0,36.0,25.0,13.0,8.0,12.0,1.0,33.0,13.0,2.0,3.0,0.0,3.0,2.0,9.0,150.0,114.0,60.0,42.0,5.0,23.0,18.0,14.0,67.0,15.0,65.0,12.0,35.0,25.0,110.0,64.0,12.0,20.0,9.0,2.0,5.0,3.0,0.0,0.0,1.0,2.0,11.0,2.0,1.0,1.0,0.0,0.0,0.0,5.0,0.0,1.0,6.0,1.0,5.0,34.0,0.0,5.0,27.0,13.0,23.0,3.0,1.0,0.0,0.0,0.0,1.0,14.3,9.020000000000001,0.7300000000000001,2.07,2.2,0.135,0.145,14.155000000000001
Tomas Hertl,VGK,C,2025-26,253.69999999999922,38.0,30.0,24.0,43.0,33.0,8.0,2.0,13.0,0.0,12.0,3.0,6.0,4.0,1.0,13.0,7.0,20.0,22.0,3.0,11.0,1.0,79.0,32.0,14.0,6.0,19.0,6.0,7.0,28.0,67.0,41.0,33.0,21.0,8.0,6.0,12.0,2.0,27.0,6.0,23.0,8.0,16.0,17.0,14.0,3.0,8.0,1.0,2.0,0.0,4.0,3.0,2.0,0.0,0.0,20.0,15.0,11.0,17.0,8.0,0.0,3.0,1.0,1.0,4.0,6.0,4.0,1.0,1.0,25.0,7.0,6.0,34.0,5.0,4.0,3.0,2.0,1.0,4.0,2.0,1.0,15.279999999999998,9.659999999999998,1.385,0.56,0.9199999999999999,1.275,1.4799999999999998,13.799999999999999
William Karlsson,VGK,C,2025-26,48.949999999999996,15.0,9.0,5.0,4.0,2.0,2.0,0.0,2.0,1.0,0.0,0.0,0.0,0.0,0.0,8.0,1.0,5.0,2.0,1.0,2.0,1.0,25.0,14.0,2.0,1.0,1.0,1.0,0.0,8.0,19.0,13.0,10.0,9.0,4.0,3.0,1.0,2.0,9.0,1.0,4.0,2.0,7.0,3.0,4.0,1.0,1.0,0.0,0.0,0.0,4.0,4.0,3.0,0.0,0.0,0.0,0.0,0.0,0.0,0.0,0.0,0.0,0.0,0.0,0.0,2.0,0.0,1.0,0.0,7.0,3.0,5.0,3.0,0.0,1.0,3.0,1.0,0.0,1.0,2.0,1.0,3.5700000000000003,2.13,0.595,0.14,0.435,0.16499999999999998,0.10500000000000001,3.4650000000000003
Zach Whitecloud,VGK,D,2025-26,213.899999999999,13.0,10.0,2.0,28.0,15.0,10.0,3.0,3.0,0.0,0.0,0.0,0.0,4.0,9.0,3.0,13.0,8.0,9.0,1.0,2.0,0.0,29.0,4.0,0.0,2.0,0.0,2.0,0.0,8.0,96.0,72.0,28.0,19.0,1.0,7.0,9.0,5.0,51.0,13.0,57.0,7.0,10.0,18.0,78.0,46.0,9.0,11.0,11.0,0.0,0.0,0.0,0.0,0.0,3.0,0.0,0.0,0.0,0.0,0.0,0.0,0.0,0.0,2.0,0.0,0.0,2.0,2.0,3.0,10.0,2.0,1.0,15.0,3.0,10.0,0.0,0.0,1.0,0.0,1.0,1.0,6.315,3.2,0.29000000000000004,1.3599999999999999,1.2400000000000002,0.12,0.10500000000000001,6.210000000000001
Adin Hill,VGK,G,2025-26,362.8334,0.0,0.0,0.0,0.0,0.0,0.0,0.0,0.0,0.0,0.0,0.0,0.0,0.0,0.0,0.0,0.0,0.0,0.0,0.0,0.0,0.0,0.0,0.0,0.0,0.0,0.0,0.0,0.0,0.0,30.0,30.0,2.0,1.0,0.0,1.0,1.0,0.0,17.0,5.0,28.0,5.0,2.0,0.0,0.0,0.0,0.0,0.0,0.0,0.0,0.0,0.0,0.0,0.0,0.0,0.0,0.0,0.0,0.0,0.0,0.0,0.0,0.0,0.0,0.0,0.0,0.0,0.0,0.0,0.0,0.0,0.0,0.0,0.0,0.0,0.0,0.0,0.0,0.0,0.0,0.0,0.0,0.0,0.0,0.0,0.0,0.0,0.0,0.0
Noah Hanifin,VGK,D,2025-26,342.5166666666659,46.0,32.0,10.0,53.0,26.0,21.0,6.0,11.0,2.0,2.0,1.0,2.0,8.0,10.0,11.0,17.0,22.0,14.0,5.0,5.0,2.0,47.0,19.0,1.0,3.0,0.0,1.0,3.0,9.0,102.0,73.0,42.0,33.0,4.0,15.0,9.0,5.0,43.0,15.0,47.0,10.0,21.0,21.0,123.0,73.0,11.0,24.0,16.0,3.0,6.0,2.0,3.0,1.0,1.0,4.0,6.0,3.0,2.0,1.0,0.0,0.0,0.0,10.0,0.0,0.0,2.0,2.0,7.0,34.0,6.0,6.0,32.0,9.0,11.0,4.0,0.0,0.0,3.0,3.0,2.0,13.8,9.044999999999998,0.97,1.9350000000000003,1.355,0.135,0.36,13.440000000000001
Anton Forsberg,L.A,G,2025-26,314.2666,0.0,0.0,0.0,0.0,0.0,0.0,0.0,0.0,0.0,0.0,0.0,0.0,0.0,0.0,0.0,0.0,0.0,0.0,0.0,0.0,0.0,0.0,0.0,0.0,0.0,0.0,0.0,0.0,0.0,21.0,21.0,4.0,1.0,0.0,1.0,3.0,1.0,12.0,13.0,16.0,11.0,4.0,0.0,0.0,0.0,0.0,0.0,0.0,0.0,0.0,0.0,0.0,0.0,0.0,0.0,0.0,0.0,0.0,0.0,0.0,0.0,0.0,0.0,0.0,0.0,0.0,0.0,0.0,0.0,0.0,0.0,0.0,0.0,0.0,0.0,0.0,0.0,0.0,0.0,0.0,0.0,0.0,0.0,0.0,0.0,0.0,0.0,0.0
Adam Gaudette,S.J,R,2025-26,156.25000000000037,20.0,16.0,16.0,10.0,6.0,4.0,0.0,2.0,0.0,1.0,0.0,0.0,1.0,0.0,5.0,2.0,11.0,5.0,3.0,3.0,1.0,48.0,10.0,1.0,2.0,7.0,2.0,1.0,16.0,30.0,21.0,20.0,6.0,3.0,2.0,14.0,3.0,7.0,4.0,4.0,5.0,14.0,6.0,7.0,1.0,6.0,1.0,1.0,0.0,4.0,3.0,2.0,0.0,0.0,4.0,2.0,2.0,3.0,0.0,0.0,0.0,0.0,0.0,1.0,4.0,1.0,0.0,1.0,14.0,1.0,4.0,7.0,2.0,1.0,1.0,3.0,0.0,0.0,1.0,0.0,5.69,3.8899999999999997,0.55,0.39000000000000007,0.06999999999999998,0.5550000000000002,0.235,5.455000000000001
Alexander Wennberg,S.J,C,2025-26,247.59999999999803,19.0,15.0,16.0,46.0,23.0,16.0,7.0,9.0,0.0,7.0,5.0,5.0,2.0,6.0,4.0,20.0,7.0,11.0,6.0,8.0,4.0,84.0,56.0,11.0,19.0,9.0,8.0,8.0,24.0,66.0,44.0,43.0,34.0,17.0,10.0,9.0,2.0,35.0,5.0,16.0,2.0,26.0,17.0,22.0,8.0,8.0,1.0,2.0,0.0,10.0,7.0,4.0,2.0,4.0,6.0,14.0,5.0,3.0,2.0,0.0,2.0,0.0,3.0,4.0,2.0,5.0,1.0,2.0,15.0,1.0,3.0,25.0,9.0,12.0,3.0,0.0,1.0,0.0,0.0,0.0,14.160000000000002,7.33,2.7449999999999997,0.8350000000000001,1.8200000000000003,0.7649999999999999,0.6649999999999999,13.495000000000001
Barclay Goodrow,S.J,C,2025-26,167.4499999999993,12.0,12.0,10.0,11.0,9.0,2.0,0.0,1.0,0.0,4.0,0.0,1.0,0.0,1.0,4.0,3.0,6.0,7.0,1.0,3.0,0.0,45.0,13.0,4.0,1.0,10.0,2.0,1.0,24.0,29.0,18.0,22.0,10.0,9.0,0.0,12.0,0.0,8.0,3.0,3.0,5.0,15.0,7.0,5.0,3.0,2.0,0.0,0.0,0.0,0.0,0.0,0.0,2.0,5.0,0.0,0.0,0.0,0.0,0.0,0.0,0.0,0.0,0.0,3.0,2.0,2.0,4.0,0.0,8.0,1.0,3.0,8.0,0.0,3.0,0.0,3.0,0.0,0.0,1.0,0.0,4.829999999999999,2.73,0.55,0.185,0.27,0.81,0.28500000000000003,4.545
Collin Graf,S.J,R,2025-26,227.01666666666696,26.0,21.0,16.0,29.0,14.0,13.0,2.0,9.0,0.0,3.0,1.0,3.0,5.0,6.0,13.0,14.0,10.0,12.0,1.0,8.0,5.0,62.0,31.0,10.0,10.0,9.0,7.0,2.0,30.0,37.0,25.0,22.0,14.0,6.0,4.0,8.0,2.0,13.0,6.0,8.0,8.0,15.0,7.0,10.0,1.0,7.0,1.0,1.0,0.0,3.0,1.0,0.0,3.0,2.0,0.0,1.0,1.0,0.0,1.0,0.0,0.0,0.0,2.0,1.0,5.0,0.0,3.0,1.0,13.0,2.0,11.0,14.0,6.0,9.0,7.0,3.0,1.0,1.0,0.0,0.0,9.879999999999999,6.535000000000001,1.4,0.475,0.325,0.8550000000000001,0.29,9.59
Dmitry Orlov,S.J,D,2025-26,309.8,27.0,17.0,3.0,37.0,18.0,16.0,3.0,10.0,0.0,0.0,0.0,1.0,7.0,11.0,1.0,20.0,15.0,9.0,5.0,3.0,2.0,30.0,9.0,3.0,3.0,0.0,1.0,1.0,12.0,101.0,84.0,43.0,24.0,4.0,14.0,19.0,7.0,44.0,18.0,42.0,15.0,35.0,8.0,114.0,58.0,20.0,17.0,17.0,3.0,2.0,1.0,0.0,0.0,3.0,5.0,16.0,7.0,0.0,2.0,0.0,0.0,0.0,5.0,0.0,0.0,2.0,1.0,3.0,25.0,1.0,1.0,16.0,11.0,10.0,0.0,1.0,0.0,0.0,1.0,0.0,9.475000000000001,5.665000000000001,0.35999999999999993,2.27,0.7849999999999999,0.18,0.215,9.26
Jeff Skinner,S.J,L,2025-26,111.26666666666699,20.0,19.0,12.0,12.0,9.0,2.0,1.0,6.0,1.0,0.0,0.0,2.0,1.0,0.0,13.0,6.0,7.0,6.0,0.0,1.0,1.0,37.0,19.0,6.0,2.0,2.0,4.0,0.0,21.0,23.0,17.0,19.0,12.0,6.0,4.0,7.0,2.0,11.0,3.0,1.0,2.0,14.0,5.0,1.0,0.0,1.0,0.0,0.0,0.0,7.0,3.0,5.0,0.0,0.0,5.0,5.0,3.0,2.0,2.0,0.0,0.0,1.0,0.0,3.0,0.0,2.0,1.0,0.0,7.0,7.0,6.0,6.0,3.0,3.0,2.0,1.0,5.0,2.0,0.0,3.0,6.400000000000001,4.175000000000001,0.8049999999999999,0.065,0.52,0.405,0.43,5.9700000000000015
John Klingberg,S.J,D,2025-26,222.533333333334,26.0,17.0,4.0,36.0,20.0,11.0,5.0,7.0,0.0,0.0,0.0,2.0,8.0,7.0,6.0,16.0,12.0,10.0,1.0,7.0,3.0,11.0,4.0,2.0,0.0,0.0,0.0,1.0,5.0,106.0,71.0,34.0,21.0,2.0,7.0,13.0,10.0,40.0,18.0,44.0,16.0,17.0,17.0,89.0,54.0,10.0,14.0,8.0,1.0,2.0,1.0,1.0,0.0,0.0,8.0,17.0,12.0,1.0,8.0,0.0,0.0,0.0,7.0,0.0,0.0,2.0,3.0,3.0,20.0,3.0,3.0,20.0,6.0,10.0,2.0,1.0,0.0,0.0,3.0,0.0,8.43,5.49,0.12499999999999999,1.665,0.545,0.075,0.53,7.9
Macklin Celebrini,S.J,C,2025-26,275.16666666666504,47.0,38.0,34.0,76.0,58.0,15.0,3.0,30.0,6.0,9.0,4.0,10.0,8.0,6.0,25.0,32.0,17.0,18.0,4.0,13.0,6.0,118.0,76.0,18.0,30.0,10.0,20.0,2.0,32.0,86.0,54.0,59.0,40.0,15.0,13.0,19.0,3.0,30.0,15.0,14.0,13.0,37.0,22.0,13.0,2.0,6.0,0.0,0.0,0.0,54.0,43.0,27.0,1.0,0.0,15.0,34.0,23.0,9.0,17.0,4.0,1.0,0.0,7.0,1.0,3.0,11.0,3.0,2.0,22.0,9.0,16.0,43.0,10.0,23.0,6.0,7.0,0.0,2.0,5.0,3.0,24.825,15.805,3.78,0.5700000000000001,1.17,0.93,2.57,22.255
Mario Ferraro,S.J,D,2025-26,302.86666666666497,21.0,13.0,1.0,21.0,14.0,6.0,1.0,7.0,0.0,1.0,0.0,2.0,2.0,5.0,4.0,10.0,14.0,3.0,3.0,6.0,0.0,22.0,4.0,0.0,3.0,0.0,1.0,3.0,0.0,116.0,93.0,39.0,14.0,1.0,8.0,25.0,7.0,43.0,21.0,56.0,16.0,29.0,10.0,100.0,68.0,6.0,20.0,10.0,4.0,0.0,0.0,0.0,0.0,0.0,0.0,0.0,0.0,0.0,0.0,0.0,0.0,0.0,4.0,0.0,0.0,1.0,1.0,3.0,17.0,0.0,4.0,10.0,4.0,7.0,4.0,0.0,0.0,0.0,0.0,0.0,5.805,3.7650000000000006,0.33999999999999997,1.4300000000000002,0.27,0.0,0.0,5.805
Nick Leddy,S.J,D,2025-26,150.65,5.0,3.0,1.0,15.0,10.0,4.0,1.0,3.0,0.0,1.0,0.0,2.0,1.0,2.0,1.0,5.0,2.0,6.0,1.0,2.0,0.0,14.0,3.0,0.0,1.0,1.0,1.0,1.0,2.0,48.0,27.0,26.0,16.0,3.0,5.0,10.0,1.0,12.0,14.0,13.0,10.0,13.0,13.0,52.0,32.0,5.0,6.0,8.0,2.0,0.0,0.0,0.0,0.0,4.0,0.0,0.0,0.0,0.0,0.0,0.0,0.0,0.0,2.0,0.0,0.0,1.0,0.0,2.0,3.0,1.0,1.0,10.0,3.0,2.0,1.0,0.0,1.0,0.0,0.0,0.0,3.09,1.815,0.225,0.8150000000000001,0.01999999999999999,0.075,0.14,2.95
Philipp Kurashev,S.J,C,2025-26,150.033333333333,19.0,17.0,16.0,26.0,19.0,5.0,2.0,13.0,2.0,2.0,1.0,3.0,4.0,2.0,6.0,10.0,9.0,13.0,1.0,5.0,5.0,31.0,16.0,11.0,4.0,9.0,5.0,1.0,16.0,25.0,14.0,18.0,12.0,4.0,3.0,6.0,1.0,7.0,2.0,3.0,4.0,10.0,8.0,3.0,0.0,2.0,0.0,0.0,0.0,2.0,1.0,1.0,2.0,1.0,6.0,6.0,2.0,3.0,1.0,0.0,0.0,0.0,3.0,0.0,2.0,5.0,0.0,2.0,13.0,4.0,2.0,16.0,2.0,8.0,1.0,1.0,2.0,1.0,1.0,0.0,8.505,6.380000000000001,0.535,0.16,0.385,0.6450000000000001,0.4,8.105
Ryan Reaves,S.J,R,2025-26,82.3333333333336,4.0,4.0,3.0,3.0,2.0,1.0,0.0,0.0,0.0,2.0,0.0,0.0,0.0,0.0,3.0,0.0,1.0,2.0,0.0,1.0,0.0,19.0,6.0,1.0,1.0,2.0,2.0,0.0,13.0,12.0,7.0,9.0,2.0,0.0,1.0,7.0,1.0,1.0,2.0,0.0,2.0,6.0,3.0,1.0,1.0,0.0,1.0,1.0,0.0,0.0,0.0,0.0,0.0,0.0,0.0,0.0,0.0,0.0,0.0,0.0,0.0,0.0,0.0,0.0,1.0,1.0,1.0,0.0,1.0,1.0,2.0,3.0,0.0,0.0,0.0,2.0,0.0,1.0,0.0,0.0,1.3150000000000002,0.78,0.335,-0.04,-0.045000000000000005,0.285,0.0,1.3150000000000002
Shakir Mukhamadullin,S.J,D,2025-26,151.166666666665,7.0,6.0,0.0,13.0,5.0,7.0,1.0,3.0,0.0,0.0,0.0,0.0,5.0,3.0,2.0,8.0,5.0,4.0,0.0,3.0,0.0,17.0,4.0,1.0,1.0,0.0,1.0,2.0,1.0,64.0,47.0,33.0,13.0,2.0,4.0,20.0,5.0,15.0,9.0,21.0,6.0,20.0,13.0,69.0,47.0,4.0,19.0,11.0,1.0,0.0,0.0,0.0,0.0,0.0,0.0,0.0,0.0,0.0,0.0,0.0,0.0,0.0,2.0,0.0,0.0,0.0,0.0,2.0,5.0,0.0,2.0,5.0,4.0,4.0,2.0,0.0,0.0,0.0,0.0,0.0,2.9300000000000006,1.585,0.26000000000000006,0.7649999999999998,0.30500000000000005,0.015,0.0,2.9300000000000006
Timothy Liljegren,S.J,D,2025-26,152.0833333333333,11.0,6.0,1.0,16.0,8.0,4.0,4.0,4.0,1.0,0.0,0.0,1.0,3.0,4.0,3.0,7.0,5.0,6.0,2.0,0.0,0.0,13.0,4.0,1.0,1.0,1.0,0.0,1.0,1.0,57.0,44.0,23.0,13.0,1.0,6.0,10.0,8.0,18.0,12.0,20.0,9.0,16.0,7.0,61.0,35.0,7.0,9.0,4.0,2.0,6.0,1.0,2.0,1.0,1.0,0.0,2.0,1.0,0.0,1.0,0.0,0.0,0.0,3.0,0.0,0.0,2.0,0.0,3.0,8.0,1.0,2.0,9.0,3.0,4.0,1.0,1.0,0.0,1.0,0.0,0.0,4.220000000000001,2.3800000000000003,0.16999999999999998,1.225,0.16999999999999998,0.06,0.215,4.005000000000001
Ty Dellandrea,S.J,C,2025-26,135.7833333333347,15.0,14.0,11.0,14.0,7.0,6.0,1.0,3.0,0.0,2.0,0.0,0.0,3.0,2.0,6.0,8.0,8.0,5.0,1.0,2.0,2.0,38.0,22.0,7.0,8.0,6.0,9.0,1.0,22.0,26.0,17.0,17.0,12.0,5.0,6.0,5.0,1.0,13.0,1.0,3.0,3.0,13.0,4.0,9.0,5.0,4.0,4.0,2.0,0.0,0.0,0.0,0.0,5.0,0.0,0.0,0.0,0.0,0.0,0.0,0.0,0.0,0.0,1.0,2.0,3.0,0.0,0.0,1.0,8.0,5.0,2.0,6.0,4.0,4.0,1.0,0.0,3.0,1.0,1.0,1.0,6.295000000000001,3.415,1.2049999999999998,0.195,0.6050000000000001,0.6000000000000001,0.275,6.02
Tyler Toffoli,S.J,C,2025-26,211.0999999999994,24.0,18.0,14.0,36.0,16.0,15.0,5.0,10.0,2.0,2.0,0.0,1.0,5.0,5.0,8.0,17.0,10.0,14.0,3.0,9.0,1.0,62.0,24.0,6.0,8.0,5.0,7.0,3.0,18.0,47.0,25.0,32.0,22.0,4.0,10.0,10.0,8.0,14.0,4.0,3.0,5.0,14.0,18.0,2.0,0.0,0.0,0.0,0.0,0.0,7.0,2.0,2.0,0.0,0.0,18.0,15.0,6.0,12.0,5.0,2.0,2.0,0.0,1.0,2.0,4.0,1.0,2.0,1.0,16.0,4.0,4.0,19.0,5.0,12.0,4.0,0.0,0.0,0.0,2.0,0.0,10.185,6.449999999999999,1.2999999999999996,0.06,0.8050000000000002,0.495,1.0750000000000002,9.11
Will Smith,S.J,C,2025-26,218.28333333333103,45.0,33.0,28.0,46.0,34.0,11.0,1.0,19.0,7.0,6.0,2.0,10.0,3.0,3.0,20.0,16.0,13.0,18.0,5.0,6.0,9.0,51.0,34.0,8.0,13.0,5.0,14.0,1.0,28.0,40.0,20.0,23.0,12.0,3.0,7.0,11.0,1.0,12.0,3.0,6.0,8.0,13.0,10.0,4.0,2.0,1.0,1.0,1.0,0.0,11.0,6.0,3.0,0.0,0.0,10.0,14.0,5.0,8.0,3.0,1.0,1.0,0.0,7.0,3.0,2.0,5.0,0.0,1.0,25.0,5.0,15.0,28.0,5.0,13.0,7.0,7.0,0.0,2.0,2.0,0.0,15.955000000000002,12.185000000000002,1.975,0.07,0.335,0.645,0.7450000000000001,15.210000000000003
William Eklund,S.J,L,2025-26,240.599999999999,35.0,27.0,24.0,57.0,31.0,21.0,5.0,21.0,3.0,7.0,5.0,9.0,3.0,5.0,17.0,18.0,10.0,19.0,7.0,17.0,2.0,85.0,53.0,12.0,15.0,10.0,19.0,1.0,31.0,50.0,24.0,37.0,28.0,16.0,4.0,9.0,2.0,18.0,1.0,4.0,3.0,18.0,19.0,5.0,1.0,4.0,0.0,1.0,0.0,13.0,8.0,7.0,1.0,1.0,13.0,16.0,5.0,11.0,3.0,0.0,1.0,0.0,2.0,4.0,6.0,8.0,2.0,2.0,17.0,10.0,8.0,38.0,7.0,12.0,3.0,3.0,5.0,3.0,2.0,2.0,17.815000000000005,11.345,2.9250000000000003,0.23500000000000001,1.29,0.915,1.105,16.71
Akira Schmid,VGK,G,2025-26,491.95000000000005,0.0,0.0,0.0,0.0,0.0,0.0,0.0,0.0,0.0,0.0,0.0,0.0,0.0,0.0,0.0,0.0,0.0,0.0,0.0,0.0,0.0,0.0,0.0,0.0,0.0,0.0,0.0,0.0,0.0,27.0,27.0,0.0,0.0,0.0,0.0,0.0,0.0,17.0,8.0,27.0,8.0,0.0,0.0,0.0,0.0,0.0,0.0,0.0,0.0,0.0,0.0,0.0,0.0,0.0,0.0,0.0,0.0,0.0,0.0,0.0,0.0,0.0,0.0,0.0,0.0,0.0,0.0,0.0,0.0,0.0,0.0,0.0,0.0,0.0,0.0,0.0,0.0,0.0,0.0,0.0,0.0,0.0,0.0,0.0,0.0,0.0,0.0,0.0
Alex Nedeljkovic,S.J,G,2025-26,243.2166,0.0,0.0,0.0,0.0,0.0,0.0,0.0,0.0,0.0,0.0,0.0,0.0,0.0,0.0,0.0,0.0,0.0,0.0,0.0,0.0,0.0,0.0,0.0,0.0,0.0,0.0,0.0,0.0,0.0,26.0,26.0,3.0,0.0,0.0,0.0,3.0,0.0,15.0,7.0,23.0,7.0,3.0,0.0,0.0,0.0,0.0,0.0,0.0,0.0,0.0,0.0,0.0,0.0,0.0,0.0,0.0,0.0,0.0,0.0,0.0,0.0,0.0,0.0,0.0,0.0,0.0,0.0,0.0,0.0,0.0,0.0,0.0,0.0,0.0,0.0,0.0,0.0,0.0,0.0,0.0,0.0,0.0,0.0,0.0,0.0,0.0,0.0,0.0
Alex Ovechkin,WSH,L,2025-26,231.11666666666702,41.0,33.0,29.0,33.0,18.0,11.0,4.0,10.0,2.0,4.0,0.0,1.0,3.0,5.0,9.0,11.0,19.0,10.0,6.0,7.0,5.0,40.0,18.0,5.0,2.0,9.0,4.0,2.0,22.0,43.0,15.0,29.0,19.0,1.0,7.0,10.0,2.0,10.0,4.0,2.0,4.0,11.0,18.0,4.0,1.0,1.0,1.0,1.0,0.0,6.0,1.0,4.0,0.0,0.0,18.0,9.0,5.0,5.0,2.0,0.0,2.0,0.0,4.0,2.0,6.0,2.0,2.0,6.0,31.0,6.0,3.0,19.0,1.0,12.0,1.0,0.0,2.0,1.0,2.0,2.0,12.090000000000002,9.215000000000002,0.8750000000000001,0.10500000000000001,0.6350000000000001,0.735,0.525,11.565
Aliaksei Protas,WSH,C,2025-26,178.68333333333203,33.0,25.0,19.0,30.0,11.0,16.0,3.0,3.0,0.0,2.0,2.0,3.0,2.0,1.0,14.0,10.0,15.0,15.0,3.0,11.0,2.0,72.0,36.0,7.0,11.0,7.0,11.0,7.0,25.0,46.0,22.0,32.0,24.0,11.0,4.0,8.0,1.0,16.0,1.0,7.0,6.0,14.0,18.0,7.0,2.0,4.0,1.0,0.0,0.0,2.0,1.0,2.0,2.0,0.0,2.0,8.0,6.0,0.0,4.0,0.0,1.0,0.0,0.0,4.0,4.0,4.0,2.0,0.0,19.0,5.0,9.0,20.0,5.0,5.0,5.0,2.0,2.0,1.0,2.0,2.0,11.28,6.715000000000001,2.1550000000000002,0.325,0.9950000000000001,0.6900000000000002,0.39999999999999997,10.879999999999999
Anthony Beauvillier,WSH,L,2025-26,231.50000000000028,49.0,45.0,30.0,35.0,17.0,16.0,2.0,11.0,0.0,4.0,5.0,4.0,4.0,3.0,22.0,15.0,21.0,10.0,3.0,6.0,5.0,74.0,33.0,11.0,10.0,8.0,8.0,4.0,23.0,50.0,27.0,37.0,25.0,9.0,9.0,12.0,0.0,23.0,2.0,10.0,1.0,17.0,20.0,11.0,5.0,3.0,2.0,1.0,0.0,0.0,0.0,0.0,0.0,0.0,1.0,2.0,1.0,0.0,0.0,0.0,0.0,0.0,4.0,7.0,7.0,1.0,4.0,1.0,26.0,4.0,18.0,18.0,8.0,9.0,11.0,2.0,1.0,0.0,2.0,5.0,14.315000000000001,10.395000000000003,1.57,0.30000000000000004,1.3450000000000002,0.705,0.0,14.315000000000001
Brandon Duhaime,WSH,R,2025-26,169.91666666666592,13.0,11.0,9.0,23.0,15.0,4.0,4.0,3.0,0.0,8.0,0.0,0.0,1.0,3.0,4.0,12.0,8.0,10.0,1.0,2.0,0.0,47.0,21.0,6.0,10.0,10.0,6.0,1.0,22.0,43.0,29.0,30.0,22.0,12.0,5.0,8.0,3.0,18.0,2.0,8.0,3.0,18.0,12.0,7.0,3.0,2.0,1.0,0.0,0.0,0.0,0.0,0.0,0.0,1.0,0.0,0.0,0.0,0.0,0.0,0.0,0.0,0.0,1.0,1.0,3.0,3.0,7.0,1.0,8.0,0.0,5.0,11.0,6.0,6.0,4.0,0.0,0.0,0.0,0.0,1.0,6.71,3.5900000000000003,1.04,0.22,1.0450000000000002,0.78,0.035,6.675
Connor McMichael,WSH,C,2025-26,212.01666666666569,31.0,26.0,21.0,41.0,25.0,10.0,6.0,13.0,2.0,2.0,0.0,5.0,6.0,0.0,18.0,19.0,10.0,14.0,1.0,6.0,1.0,69.0,42.0,12.0,14.0,11.0,13.0,3.0,24.0,50.0,22.0,34.0,23.0,6.0,5.0,11.0,0.0,13.0,4.0,5.0,7.0,17.0,17.0,6.0,3.0,1.0,1.0,1.0,0.0,11.0,9.0,8.0,1.0,2.0,7.0,8.0,7.0,7.0,4.0,0.0,1.0,1.0,3.0,2.0,4.0,1.0,1.0,2.0,13.0,5.0,13.0,22.0,8.0,11.0,10.0,3.0,4.0,0.0,1.0,0.0,13.450000000000003,8.520000000000001,2.17,0.11499999999999999,0.7450000000000001,0.8550000000000001,1.045,12.405
Dylan Strome,WSH,C,2025-26,256.84999999999997,30.0,27.0,20.0,72.0,48.0,17.0,7.0,21.0,3.0,12.0,2.0,6.0,10.0,6.0,10.0,22.0,9.0,28.0,5.0,11.0,3.0,67.0,45.0,17.0,13.0,12.0,14.0,1.0,27.0,50.0,29.0,27.0,18.0,5.0,3.0,9.0,3.0,17.0,7.0,14.0,6.0,12.0,15.0,13.0,5.0,6.0,1.0,2.0,0.0,14.0,9.0,6.0,0.0,0.0,5.0,25.0,13.0,3.0,7.0,0.0,4.0,2.0,1.0,5.0,10.0,10.0,2.0,3.0,20.0,5.0,5.0,49.0,9.0,14.0,2.0,1.0,1.0,0.0,2.0,2.0,16.290000000000003,11.42,2.0649999999999995,0.43000000000000005,0.6000000000000001,0.945,0.8300000000000002,15.459999999999997
Hendrix Lapierre,WSH,C,2025-26,166.73333333333258,20.0,13.0,13.0,33.0,18.0,8.0,7.0,13.0,4.0,3.0,1.0,6.0,2.0,2.0,3.0,13.0,11.0,13.0,5.0,3.0,2.0,55.0,33.0,9.0,9.0,5.0,7.0,0.0,13.0,47.0,32.0,28.0,25.0,12.0,8.0,3.0,2.0,26.0,5.0,10.0,6.0,20.0,8.0,12.0,4.0,4.0,0.0,0.0,0.0,1.0,0.0,0.0,0.0,0.0,0.0,0.0,0.0,0.0,0.0,0.0,0.0,0.0,1.0,3.0,5.0,3.0,5.0,2.0,17.0,2.0,1.0,19.0,3.0,11.0,1.0,0.0,0.0,1.0,1.0,0.0,10.105,6.640000000000001,1.465,0.44,1.14,0.42000000000000004,0.0,10.105
Jakob Chychrun,WSH,D,2025-26,346.466666666667,52.0,36.0,11.0,57.0,35.0,13.0,9.0,13.0,1.0,1.0,0.0,5.0,4.0,13.0,7.0,22.0,29.0,15.0,5.0,12.0,3.0,62.0,23.0,5.0,4.0,0.0,5.0,6.0,6.0,138.0,105.0,51.0,34.0,4.0,20.0,17.0,2.0,68.0,19.0,72.0,18.0,31.0,20.0,135.0,77.0,19.0,26.0,17.0,1.0,14.0,11.0,9.0,0.0,0.0,15.0,21.0,12.0,11.0,7.0,0.0,0.0,0.0,8.0,2.0,0.0,3.0,3.0,6.0,44.0,3.0,4.0,35.0,6.0,16.0,2.0,1.0,1.0,1.0,1.0,0.0,16.985,10.224999999999998,1.295,2.475,1.5950000000000002,0.09,1.3050000000000002,15.680000000000001
John Carlson,WSH,D,2025-26,248.83333333333297,31.0,22.0,10.0,52.0,28.0,19.0,5.0,15.0,2.0,2.0,0.0,3.0,4.0,11.0,10.0,20.0,16.0,18.0,4.0,5.0,3.0,32.0,12.0,4.0,5.0,1.0,2.0,1.0,2.0,120.0,88.0,47.0,26.0,1.0,13.0,21.0,10.0,45.0,14.0,46.0,13.0,32.0,15.0,72.0,37.0,8.0,10.0,10.0,3.0,1.0,0.0,1.0,0.0,0.0,2.0,24.0,12.0,0.0,8.0,1.0,0.0,0.0,7.0,1.0,0.0,5.0,1.0,10.0,20.0,8.0,3.0,31.0,8.0,13.0,2.0,0.0,3.0,1.0,4.0,1.0,11.775,8.304999999999998,0.5049999999999999,1.2899999999999998,1.09,0.075,0.51,11.265
Justin Sourdif,WSH,R,2025-26,214.46666666666667,21.0,16.0,12.0,30.0,17.0,11.0,2.0,12.0,0.0,0.0,4.0,6.0,4.0,3.0,9.0,12.0,8.0,14.0,3.0,5.0,1.0,65.0,35.0,13.0,10.0,10.0,9.0,3.0,20.0,61.0,38.0,42.0,34.0,17.0,9.0,8.0,0.0,28.0,6.0,14.0,8.0,24.0,18.0,14.0,3.0,5.0,2.0,1.0,0.0,1.0,1.0,0.0,0.0,0.0,4.0,2.0,0.0,3.0,0.0,0.0,0.0,0.0,1.0,2.0,3.0,3.0,1.0,0.0,12.0,4.0,5.0,18.0,4.0,8.0,3.0,2.0,1.0,0.0,2.0,0.0,10.635,6.250000000000001,1.5900000000000003,0.4800000000000001,1.4000000000000004,0.75,0.165,10.47
Martin Fehérváry,WSH,D,2025-26,300.65000000000106,23.0,16.0,6.0,58.0,33.0,16.0,9.0,15.0,2.0,1.0,1.0,7.0,7.0,8.0,5.0,21.0,14.0,22.0,1.0,14.0,1.0,41.0,8.0,2.0,5.0,0.0,4.0,2.0,5.0,95.0,69.0,34.0,24.0,6.0,8.0,10.0,5.0,41.0,18.0,44.0,13.0,20.0,14.0,129.0,77.0,14.0,24.0,13.0,2.0,0.0,0.0,0.0,0.0,0.0,0.0,0.0,0.0,0.0,0.0,0.0,0.0,0.0,3.0,1.0,0.0,2.0,2.0,10.0,17.0,3.0,3.0,36.0,6.0,16.0,2.0,1.0,0.0,0.0,3.0,0.0,11.589999999999998,7.879999999999999,0.56,2.2950000000000004,0.7800000000000001,0.075,0.0,11.589999999999998
Matt Roy,WSH,D,2025-26,330.48333333333204,33.0,28.0,7.0,45.0,24.0,15.0,6.0,6.0,0.0,1.0,0.0,3.0,7.0,11.0,9.0,20.0,18.0,13.0,4.0,9.0,2.0,35.0,8.0,1.0,2.0,0.0,3.0,2.0,2.0,131.0,95.0,49.0,29.0,3.0,12.0,20.0,8.0,59.0,13.0,63.0,10.0,24.0,25.0,141.0,96.0,8.0,32.0,26.0,2.0,0.0,0.0,0.0,0.0,3.0,0.0,0.0,0.0,0.0,0.0,0.0,0.0,0.0,5.0,0.0,0.0,1.0,1.0,6.0,24.0,3.0,6.0,25.0,10.0,10.0,4.0,0.0,0.0,0.0,3.0,2.0,10.655000000000001,6.765000000000001,0.55,1.52,1.685,0.03,0.10500000000000001,10.55
Nic Dowd,WSH,C,2025-26,194.34999999999903,18.0,13.0,14.0,46.0,25.0,12.0,9.0,7.0,0.0,9.0,0.0,2.0,5.0,4.0,5.0,19.0,9.0,17.0,4.0,11.0,3.0,53.0,23.0,11.0,10.0,17.0,2.0,4.0,21.0,38.0,21.0,26.0,20.0,10.0,4.0,6.0,1.0,14.0,4.0,7.0,3.0,13.0,13.0,5.0,2.0,2.0,0.0,0.0,1.0,0.0,0.0,0.0,1.0,1.0,0.0,0.0,0.0,0.0,0.0,0.0,0.0,0.0,1.0,2.0,4.0,4.0,0.0,0.0,13.0,3.0,2.0,26.0,7.0,13.0,2.0,0.0,1.0,1.0,1.0,0.0,9.405000000000001,6.465000000000001,0.7899999999999999,0.175,0.8050000000000003,1.0799999999999998,0.09,9.315000000000001
Pierre-Luc Dubois,WSH,L,2025-26,54.766666666666,5.0,4.0,2.0,6.0,4.0,2.0,0.0,2.0,0.0,1.0,0.0,1.0,2.0,0.0,1.0,2.0,2.0,3.0,1.0,1.0,0.0,13.0,10.0,1.0,1.0,0.0,2.0,0.0,8.0,11.0,7.0,6.0,5.0,0.0,2.0,1.0,1.0,4.0,0.0,3.0,1.0,3.0,3.0,4.0,4.0,0.0,0.0,0.0,0.0,2.0,2.0,1.0,0.0,0.0,1.0,2.0,1.0,1.0,1.0,0.0,0.0,0.0,0.0,1.0,0.0,0.0,1.0,0.0,4.0,0.0,1.0,4.0,1.0,1.0,0.0,0.0,0.0,0.0,0.0,1.0,2.265,1.1849999999999998,0.5149999999999999,0.06,0.24000000000000005,0.12,0.14500000000000002,2.12
Rasmus Sandin,WSH,D,2025-26,293.40000000000293,26.0,20.0,8.0,37.0,17.0,13.0,7.0,9.0,2.0,1.0,0.0,2.0,4.0,9.0,5.0,16.0,15.0,8.0,4.0,7.0,2.0,64.0,22.0,5.0,5.0,0.0,8.0,4.0,3.0,133.0,101.0,68.0,46.0,18.0,14.0,22.0,4.0,65.0,14.0,54.0,9.0,43.0,25.0,109.0,74.0,9.0,19.0,21.0,1.0,2.0,0.0,0.0,1.0,1.0,1.0,7.0,2.0,0.0,0.0,0.0,0.0,0.0,4.0,1.0,0.0,4.0,2.0,1.0,20.0,2.0,4.0,20.0,3.0,13.0,4.0,0.0,2.0,0.0,0.0,0.0,11.354999999999999,6.109999999999999,1.3450000000000002,1.3349999999999997,2.43,0.045,0.09,11.264999999999999
Ryan Leonard,WSH,R,2025-26,226.6166666666656,35.0,23.0,19.0,32.0,20.0,11.0,1.0,11.0,3.0,4.0,1.0,2.0,4.0,2.0,15.0,21.0,15.0,8.0,5.0,2.0,4.0,58.0,34.0,11.0,10.0,9.0,9.0,3.0,17.0,44.0,24.0,30.0,14.0,6.0,2.0,16.0,0.0,11.0,6.0,8.0,6.0,16.0,14.0,7.0,2.0,2.0,2.0,1.0,2.0,4.0,2.0,1.0,0.0,0.0,10.0,7.0,2.0,6.0,2.0,0.0,0.0,0.0,5.0,1.0,3.0,1.0,1.0,2.0,20.0,4.0,11.0,10.0,5.0,16.0,7.0,4.0,2.0,2.0,0.0,0.0,11.245000000000001,7.9799999999999995,1.635,0.15000000000000002,0.34500000000000003,0.6599999999999999,0.475,10.77
Tom Wilson,WSH,R,2025-26,183.78333333333273,22.0,17.0,12.0,25.0,13.0,9.0,3.0,8.0,1.0,2.0,0.0,2.0,8.0,4.0,10.0,17.0,6.0,4.0,2.0,3.0,4.0,38.0,18.0,15.0,8.0,7.0,5.0,2.0,14.0,48.0,27.0,33.0,25.0,8.0,10.0,8.0,4.0,17.0,4.0,6.0,3.0,17.0,16.0,4.0,3.0,1.0,0.0,0.0,0.0,5.0,4.0,3.0,3.0,1.0,7.0,7.0,2.0,4.0,1.0,1.0,0.0,0.0,1.0,2.0,4.0,1.0,0.0,1.0,12.0,3.0,7.0,8.0,6.0,11.0,3.0,3.0,1.0,1.0,1.0,1.0,8.215,5.430000000000001,0.47999999999999987,0.11,1.0550000000000002,0.525,0.615,7.6000000000000005
Trevor van Riemsdyk,WSH,D,2025-26,211.08333333333368,16.0,12.0,4.0,29.0,14.0,11.0,4.0,4.0,1.0,3.0,0.0,0.0,1.0,6.0,5.0,10.0,8.0,9.0,1.0,6.0,1.0,33.0,8.0,2.0,1.0,0.0,1.0,3.0,2.0,74.0,47.0,23.0,15.0,2.0,5.0,8.0,2.0,29.0,9.0,33.0,13.0,12.0,11.0,69.0,44.0,5.0,12.0,9.0,1.0,0.0,0.0,0.0,1.0,2.0,0.0,0.0,0.0,0.0,0.0,0.0,0.0,0.0,4.0,2.0,0.0,2.0,2.0,4.0,11.0,2.0,3.0,19.0,1.0,9.0,2.0,1.0,2.0,0.0,0.0,0.0,5.9399999999999995,3.8449999999999998,0.43000000000000005,1.03,0.4800000000000001,0.03,0.125,5.815
Andrew Peeke,BOS,D,2025-26,306.0833333333337,26.0,23.0,5.0,32.0,16.0,11.0,5.0,6.0,0.0,0.0,0.0,1.0,4.0,5.0,3.0,10.0,10.0,11.0,4.0,6.0,1.0,28.0,3.0,3.0,1.0,0.0,0.0,5.0,2.0,110.0,88.0,38.0,18.0,1.0,9.0,20.0,9.0,48.0,27.0,52.0,23.0,27.0,11.0,115.0,76.0,6.0,24.0,23.0,2.0,0.0,0.0,0.0,0.0,2.0,0.0,0.0,0.0,0.0,0.0,0.0,0.0,0.0,1.0,0.0,0.0,1.0,0.0,6.0,22.0,1.0,2.0,20.0,5.0,7.0,2.0,0.0,0.0,0.0,1.0,0.0,6.869999999999999,5.065,0.17500000000000002,1.45,0.07999999999999996,0.03,0.07,6.799999999999999
Casey Mittelstadt,BOS,C,2025-26,232.86666666666798,24.0,16.0,12.0,51.0,32.0,14.0,5.0,20.0,1.0,9.0,2.0,4.0,9.0,3.0,14.0,27.0,7.0,19.0,3.0,6.0,2.0,57.0,40.0,13.0,12.0,10.0,8.0,0.0,15.0,57.0,25.0,32.0,25.0,10.0,8.0,7.0,2.0,23.0,4.0,8.0,10.0,15.0,17.0,8.0,1.0,4.0,0.0,0.0,0.0,6.0,3.0,2.0,0.0,0.0,4.0,15.0,11.0,4.0,8.0,0.0,2.0,2.0,1.0,4.0,1.0,11.0,0.0,5.0,10.0,6.0,8.0,23.0,12.0,16.0,4.0,2.0,2.0,2.0,2.0,1.0,12.959999999999997,8.475000000000001,1.6549999999999996,0.395,0.9600000000000002,0.675,0.8,12.159999999999998
Charlie McAvoy,BOS,D,2025-26,349.93333333333396,41.0,31.0,10.0,62.0,35.0,19.0,8.0,12.0,4.0,0.0,0.0,4.0,7.0,17.0,7.0,28.0,27.0,15.0,3.0,13.0,4.0,47.0,18.0,3.0,8.0,0.0,4.0,3.0,2.0,184.0,150.0,79.0,55.0,10.0,35.0,24.0,16.0,94.0,17.0,76.0,17.0,58.0,21.0,113.0,62.0,10.0,13.0,10.0,1.0,2.0,2.0,1.0,1.0,8.0,6.0,36.0,23.0,1.0,10.0,0.0,0.0,0.0,8.0,1.0,0.0,12.0,4.0,4.0,34.0,2.0,5.0,34.0,10.0,18.0,5.0,0.0,0.0,1.0,1.0,0.0,16.930000000000003,9.639999999999997,1.0,2.2,3.0850000000000004,0.03,0.9750000000000001,15.955
David Pastrnak,BOS,R,2025-26,316.866666666667,61.0,50.0,33.0,58.0,39.0,14.0,5.0,23.0,8.0,3.0,3.0,7.0,5.0,3.0,27.0,19.0,19.0,23.0,8.0,16.0,6.0,109.0,70.0,24.0,16.0,11.0,14.0,4.0,21.0,71.0,36.0,50.0,38.0,20.0,6.0,12.0,3.0,24.0,9.0,6.0,11.0,27.0,23.0,8.0,0.0,3.0,0.0,0.0,1.0,11.0,6.0,5.0,0.0,0.0,18.0,31.0,19.0,9.0,11.0,4.0,2.0,1.0,15.0,3.0,3.0,9.0,1.0,4.0,34.0,11.0,16.0,38.0,8.0,12.0,9.0,5.0,5.0,1.0,4.0,2.0,21.555000000000003,14.755000000000003,2.98,0.33000000000000007,1.2300000000000002,0.81,1.4500000000000002,20.105000000000004
Elias Lindholm,BOS,C,2025-26,239.55000000000064,34.0,26.0,13.0,22.0,10.0,9.0,3.0,6.0,2.0,0.0,0.0,4.0,2.0,3.0,13.0,10.0,17.0,6.0,3.0,4.0,6.0,49.0,26.0,12.0,9.0,5.0,8.0,2.0,13.0,49.0,26.0,31.0,18.0,7.0,3.0,13.0,3.0,14.0,7.0,10.0,6.0,13.0,18.0,16.0,2.0,8.0,0.0,0.0,0.0,17.0,11.0,10.0,2.0,2.0,8.0,10.0,5.0,4.0,2.0,1.0,1.0,0.0,7.0,3.0,3.0,2.0,3.0,2.0,21.0,4.0,9.0,10.0,4.0,8.0,7.0,1.0,0.0,2.0,0.0,1.0,9.995000000000001,6.284999999999999,1.1400000000000001,0.73,0.5250000000000001,0.4200000000000001,0.895,9.1
Fraser Minten,BOS,C,2025-26,247.03333333333472,28.0,25.0,22.0,32.0,19.0,11.0,2.0,11.0,2.0,2.0,1.0,3.0,7.0,2.0,9.0,17.0,12.0,7.0,6.0,6.0,2.0,66.0,42.0,7.0,12.0,10.0,12.0,2.0,20.0,46.0,20.0,34.0,27.0,11.0,6.0,7.0,3.0,11.0,8.0,3.0,8.0,14.0,20.0,7.0,1.0,4.0,0.0,0.0,0.0,11.0,6.0,7.0,3.0,3.0,5.0,8.0,4.0,4.0,2.0,1.0,1.0,0.0,1.0,3.0,8.0,3.0,3.0,2.0,18.0,5.0,4.0,15.0,6.0,11.0,3.0,1.0,2.0,1.0,1.0,0.0,12.555,7.624999999999999,2.3049999999999997,0.33499999999999996,0.6600000000000001,0.75,0.8800000000000002,11.675
Hampus Lindholm,BOS,D,2025-26,240.133333333333,14.0,9.0,3.0,33.0,16.0,14.0,3.0,5.0,1.0,1.0,0.0,4.0,2.0,6.0,3.0,9.0,9.0,10.0,1.0,5.0,0.0,37.0,16.0,6.0,2.0,0.0,3.0,3.0,4.0,119.0,90.0,53.0,27.0,4.0,12.0,26.0,11.0,42.0,14.0,45.0,11.0,34.0,19.0,75.0,45.0,11.0,11.0,7.0,2.0,1.0,0.0,0.0,0.0,2.0,5.0,3.0,3.0,1.0,1.0,0.0,0.0,0.0,1.0,0.0,2.0,4.0,2.0,3.0,11.0,1.0,2.0,23.0,4.0,5.0,2.0,0.0,0.0,0.0,0.0,0.0,7.655,4.09,0.7200000000000001,1.4849999999999999,1.1200000000000003,0.06,0.18000000000000002,7.4750000000000005
Henri Jokiharju,BOS,D,2025-26,167.10000000000002,8.0,8.0,0.0,10.0,6.0,3.0,1.0,3.0,0.0,0.0,0.0,0.0,3.0,2.0,0.0,5.0,8.0,4.0,0.0,2.0,0.0,13.0,0.0,0.0,0.0,0.0,0.0,1.0,1.0,67.0,52.0,21.0,13.0,0.0,9.0,8.0,8.0,27.0,15.0,30.0,11.0,14.0,7.0,62.0,37.0,4.0,11.0,3.0,4.0,0.0,0.0,0.0,0.0,0.0,1.0,2.0,1.0,0.0,0.0,0.0,1.0,0.0,2.0,0.0,0.0,0.0,1.0,2.0,8.0,0.0,0.0,5.0,3.0,2.0,0.0,0.0,0.0,0.0,0.0,0.0,2.88,1.51,0.035,1.1,0.22,0.015,0.0,2.88
Marat Khusnutdinov,BOS,C,2025-26,220.433333333332,15.0,8.0,8.0,41.0,28.0,10.0,3.0,13.0,3.0,8.0,3.0,6.0,5.0,2.0,7.0,15.0,5.0,18.0,3.0,8.0,1.0,64.0,43.0,7.0,8.0,4.0,8.0,0.0,28.0,45.0,26.0,28.0,20.0,9.0,5.0,8.0,2.0,16.0,1.0,7.0,6.0,17.0,11.0,7.0,4.0,2.0,2.0,0.0,0.0,1.0,1.0,1.0,3.0,1.0,2.0,2.0,1.0,0.0,0.0,0.0,1.0,0.0,1.0,0.0,3.0,7.0,0.0,1.0,8.0,1.0,6.0,25.0,6.0,9.0,3.0,2.0,1.0,1.0,0.0,0.0,10.32,6.38,2.06,0.19,0.8550000000000001,0.6,0.235,10.084999999999999
Mark Kastelic,BOS,C,2025-26,199.53333333333273,22.0,16.0,11.0,19.0,8.0,10.0,1.0,3.0,1.0,3.0,1.0,1.0,2.0,2.0,12.0,6.0,9.0,11.0,0.0,7.0,0.0,57.0,20.0,7.0,4.0,4.0,7.0,4.0,26.0,57.0,31.0,39.0,22.0,9.0,5.0,17.0,5.0,13.0,1.0,6.0,5.0,20.0,19.0,7.0,1.0,5.0,1.0,0.0,0.0,0.0,0.0,0.0,5.0,1.0,0.0,0.0,0.0,0.0,0.0,0.0,0.0,0.0,0.0,6.0,4.0,2.0,1.0,0.0,10.0,3.0,9.0,13.0,3.0,3.0,5.0,4.0,0.0,1.0,2.0,0.0,7.51,4.279999999999999,1.11,0.35500000000000004,0.8850000000000002,0.5700000000000001,0.31,7.2
Mason Lohrei,BOS,D,2025-26,287.949999999999,14.0,10.0,2.0,40.0,23.0,11.0,6.0,8.0,2.0,1.0,0.0,4.0,3.0,10.0,0.0,13.0,12.0,13.0,2.0,9.0,2.0,39.0,9.0,2.0,2.0,0.0,1.0,3.0,3.0,127.0,96.0,59.0,43.0,4.0,23.0,16.0,8.0,59.0,25.0,52.0,22.0,36.0,23.0,116.0,77.0,7.0,23.0,18.0,3.0,3.0,3.0,3.0,0.0,0.0,6.0,12.0,5.0,1.0,2.0,1.0,0.0,0.0,3.0,0.0,0.0,3.0,5.0,3.0,14.0,0.0,0.0,26.0,5.0,9.0,0.0,0.0,0.0,0.0,0.0,0.0,8.525,4.905000000000001,0.47500000000000003,1.4599999999999997,1.335,0.045,0.305,8.22
Michael Eyssimont,BOS,C,2025-26,91.8833333333337,16.0,12.0,5.0,11.0,7.0,3.0,1.0,3.0,1.0,1.0,2.0,2.0,2.0,3.0,11.0,8.0,4.0,3.0,1.0,0.0,2.0,27.0,14.0,3.0,4.0,2.0,2.0,0.0,3.0,18.0,11.0,9.0,7.0,2.0,3.0,2.0,2.0,7.0,2.0,2.0,3.0,7.0,2.0,1.0,0.0,1.0,0.0,0.0,0.0,1.0,0.0,1.0,0.0,0.0,1.0,1.0,0.0,1.0,0.0,0.0,0.0,0.0,2.0,0.0,0.0,2.0,2.0,1.0,5.0,4.0,7.0,3.0,1.0,7.0,6.0,1.0,2.0,0.0,1.0,0.0,4.1450000000000005,3.005,0.6050000000000001,0.065,0.245,0.135,0.09,4.055000000000001
Morgan Geekie,BOS,C,2025-26,265.799999999999,30.0,23.0,18.0,40.0,30.0,6.0,4.0,15.0,1.0,6.0,3.0,6.0,4.0,3.0,15.0,16.0,10.0,15.0,3.0,3.0,8.0,77.0,48.0,14.0,12.0,9.0,14.0,0.0,31.0,63.0,32.0,41.0,25.0,6.0,9.0,16.0,4.0,16.0,2.0,10.0,3.0,18.0,23.0,6.0,2.0,3.0,2.0,1.0,0.0,5.0,3.0,3.0,0.0,0.0,17.0,17.0,6.0,8.0,4.0,2.0,0.0,1.0,11.0,1.0,6.0,9.0,0.0,2.0,14.0,7.0,9.0,23.0,8.0,9.0,5.0,3.0,1.0,2.0,3.0,0.0,14.185,8.860000000000001,2.3,0.185,1.0999999999999999,0.8700000000000001,0.87,13.315
Nikita Zadorov,BOS,D,2025-26,351.53333333333205,25.0,16.0,2.0,44.0,24.0,12.0,8.0,12.0,2.0,1.0,1.0,4.0,5.0,14.0,6.0,22.0,13.0,13.0,1.0,7.0,1.0,36.0,13.0,0.0,2.0,1.0,1.0,0.0,4.0,167.0,126.0,73.0,37.0,5.0,16.0,36.0,22.0,60.0,31.0,59.0,19.0,45.0,28.0,117.0,72.0,13.0,27.0,10.0,1.0,0.0,0.0,0.0,1.0,8.0,0.0,0.0,0.0,0.0,0.0,0.0,0.0,0.0,5.0,0.0,0.0,4.0,1.0,9.0,19.0,1.0,5.0,19.0,9.0,15.0,5.0,0.0,0.0,0.0,0.0,0.0,10.515000000000002,6.325,0.6400000000000001,2.0649999999999995,1.0450000000000002,0.105,0.335,10.180000000000001
Pavel Zacha,BOS,C,2025-26,239.14999999999932,34.0,29.0,25.0,50.0,29.0,17.0,4.0,11.0,1.0,9.0,1.0,3.0,7.0,5.0,18.0,24.0,10.0,18.0,2.0,5.0,6.0,65.0,41.0,4.0,16.0,5.0,13.0,2.0,14.0,51.0,25.0,36.0,26.0,5.0,9.0,10.0,2.0,16.0,7.0,8.0,7.0,15.0,21.0,10.0,3.0,4.0,1.0,1.0,0.0,22.0,14.0,10.0,0.0,0.0,13.0,8.0,2.0,11.0,1.0,0.0,0.0,0.0,6.0,2.0,10.0,5.0,0.0,0.0,16.0,10.0,8.0,26.0,9.0,15.0,4.0,3.0,4.0,0.0,5.0,1.0,14.705,9.65,2.4499999999999997,0.3400000000000001,0.8200000000000002,0.43499999999999994,1.01,13.694999999999997
Sean Kuraly,BOS,C,2025-26,213.88333333333236,31.0,26.0,16.0,18.0,12.0,5.0,1.0,3.0,1.0,4.0,1.0,1.0,3.0,1.0,10.0,9.0,20.0,7.0,1.0,2.0,5.0,52.0,20.0,8.0,6.0,12.0,4.0,3.0,26.0,55.0,31.0,34.0,17.0,7.0,5.0,17.0,4.0,15.0,2.0,10.0,6.0,17.0,17.0,9.0,2.0,3.0,0.0,0.0,0.0,1.0,1.0,0.0,6.0,3.0,0.0,0.0,0.0,0.0,0.0,0.0,0.0,0.0,3.0,1.0,5.0,3.0,2.0,1.0,21.0,4.0,6.0,9.0,3.0,6.0,5.0,1.0,1.0,1.0,2.0,0.0,8.950000000000001,5.6850000000000005,0.865,0.34500000000000003,0.6900000000000001,0.9300000000000002,0.435,8.514999999999999
Tanner Jeannot,BOS,L,2025-26,213.75000000000125,23.0,19.0,11.0,30.0,21.0,7.0,2.0,12.0,3.0,6.0,2.0,2.0,2.0,4.0,9.0,13.0,12.0,17.0,2.0,6.0,4.0,54.0,20.0,7.0,4.0,15.0,5.0,4.0,27.0,54.0,28.0,32.0,18.0,6.0,6.0,14.0,1.0,15.0,2.0,8.0,6.0,19.0,13.0,9.0,3.0,3.0,2.0,0.0,0.0,0.0,0.0,0.0,5.0,1.0,0.0,0.0,0.0,0.0,0.0,0.0,0.0,0.0,3.0,2.0,2.0,2.0,1.0,3.0,14.0,5.0,4.0,17.0,6.0,7.0,2.0,1.0,3.0,1.0,1.0,0.0,9.78,6.365000000000001,1.0,0.30000000000000004,0.725,1.0799999999999998,0.31,9.47
Viktor Arvidsson,BOS,L,2025-26,235.18333333333163,60.0,48.0,34.0,36.0,22.0,8.0,6.0,13.0,4.0,2.0,3.0,4.0,7.0,2.0,29.0,20.0,22.0,11.0,5.0,6.0,5.0,95.0,62.0,18.0,16.0,7.0,15.0,4.0,22.0,68.0,33.0,48.0,30.0,11.0,5.0,18.0,3.0,16.0,1.0,7.0,5.0,23.0,25.0,7.0,1.0,4.0,0.0,1.0,0.0,24.0,18.0,15.0,0.0,0.0,12.0,8.0,5.0,9.0,2.0,0.0,1.0,1.0,9.0,6.0,2.0,3.0,2.0,4.0,30.0,13.0,17.0,15.0,9.0,12.0,12.0,4.0,5.0,2.0,4.0,1.0,18.300000000000004,12.010000000000002,2.9450000000000007,0.29500000000000004,1.24,0.645,1.1649999999999998,17.135
Jeremy Swayman,BOS,G,2025-26,533.7167,0.0,0.0,0.0,0.0,0.0,0.0,0.0,0.0,0.0,0.0,0.0,0.0,0.0,0.0,0.0,0.0,0.0,0.0,0.0,0.0,0.0,0.0,0.0,0.0,0.0,0.0,0.0,0.0,0.0,37.0,37.0,1.0,1.0,0.0,1.0,0.0,1.0,27.0,9.0,35.0,9.0,1.0,0.0,0.0,0.0,0.0,0.0,0.0,0.0,0.0,0.0,0.0,0.0,0.0,0.0,0.0,0.0,0.0,0.0,0.0,0.0,0.0,0.0,0.0,0.0,0.0,0.0,0.0,0.0,0.0,0.0,0.0,0.0,0.0,0.0,0.0,0.0,0.0,0.0,0.0,0.0,0.0,0.0,0.0,0.0,0.0,0.0,0.0
Logan Thompson,WSH,G,2025-26,622.6666,0.0,0.0,0.0,0.0,0.0,0.0,0.0,0.0,0.0,0.0,0.0,0.0,0.0,0.0,0.0,0.0,0.0,0.0,0.0,0.0,0.0,0.0,0.0,0.0,0.0,0.0,0.0,0.0,0.0,36.0,36.0,4.0,2.0,0.0,2.0,2.0,0.0,19.0,13.0,32.0,11.0,4.0,0.0,0.0,0.0,0.0,0.0,0.0,0.0,0.0,0.0,0.0,0.0,0.0,0.0,0.0,0.0,0.0,0.0,0.0,0.0,0.0,0.0,0.0,0.0,0.0,0.0,0.0,0.0,0.0,0.0,0.0,0.0,0.0,0.0,0.0,0.0,0.0,0.0,0.0,0.0,0.0,0.0,0.0,0.0,0.0,0.0,0.0
Jonny Brodzinski,NYR,C,2025-26,77.7666666666674,16.0,11.0,6.0,9.0,6.0,3.0,0.0,3.0,0.0,3.0,0.0,0.0,2.0,1.0,4.0,4.0,11.0,5.0,0.0,1.0,2.0,18.0,9.0,1.0,1.0,1.0,2.0,1.0,14.0,14.0,7.0,12.0,7.0,1.0,2.0,5.0,0.0,4.0,3.0,2.0,1.0,5.0,7.0,1.0,0.0,1.0,0.0,0.0,0.0,0.0,0.0,0.0,0.0,0.0,0.0,0.0,0.0,0.0,0.0,0.0,0.0,0.0,3.0,0.0,2.0,0.0,2.0,1.0,12.0,2.0,2.0,5.0,1.0,3.0,1.0,0.0,2.0,0.0,0.0,0.0,3.755,2.725,0.505,0.065,0.20500000000000002,0.255,0.0,3.755
Matthew Robertson,NYR,D,2025-26,154.31666666666672,12.0,6.0,1.0,17.0,6.0,7.0,4.0,3.0,0.0,2.0,0.0,0.0,3.0,3.0,0.0,6.0,11.0,8.0,1.0,4.0,0.0,17.0,4.0,0.0,1.0,0.0,0.0,2.0,3.0,48.0,31.0,11.0,5.0,1.0,2.0,6.0,1.0,23.0,6.0,25.0,7.0,5.0,6.0,56.0,30.0,2.0,9.0,7.0,2.0,0.0,0.0,0.0,0.0,2.0,0.0,0.0,0.0,0.0,0.0,0.0,0.0,0.0,3.0,0.0,0.0,1.0,0.0,3.0,12.0,0.0,0.0,9.0,5.0,3.0,0.0,0.0,0.0,0.0,0.0,0.0,3.8049999999999997,2.29,0.25,0.8549999999999999,0.29500000000000004,0.045,0.07,3.7349999999999994
Declan Chisholm,WSH,D,2025-26,71.28333333333299,5.0,4.0,0.0,12.0,4.0,5.0,3.0,2.0,1.0,0.0,0.0,2.0,3.0,2.0,0.0,8.0,4.0,3.0,0.0,4.0,0.0,7.0,5.0,0.0,3.0,1.0,2.0,0.0,1.0,23.0,15.0,7.0,7.0,1.0,2.0,0.0,0.0,10.0,5.0,13.0,3.0,2.0,5.0,23.0,14.0,3.0,6.0,0.0,1.0,0.0,0.0,0.0,0.0,1.0,0.0,0.0,0.0,0.0,0.0,0.0,0.0,0.0,0.0,0.0,0.0,2.0,1.0,0.0,5.0,0.0,0.0,4.0,1.0,7.0,0.0,0.0,0.0,0.0,0.0,0.0,2.55,1.4249999999999998,0.33499999999999996,0.48,0.21500000000000002,0.06,0.035,2.5149999999999997
Sonny Milano,WSH,L,2025-26,86.8333333333339,12.0,10.0,9.0,13.0,8.0,4.0,1.0,4.0,1.0,1.0,0.0,2.0,2.0,0.0,6.0,6.0,5.0,4.0,0.0,4.0,3.0,20.0,9.0,2.0,1.0,3.0,2.0,1.0,12.0,13.0,7.0,10.0,9.0,1.0,4.0,1.0,0.0,6.0,1.0,2.0,1.0,5.0,5.0,1.0,1.0,0.0,0.0,0.0,0.0,5.0,3.0,2.0,0.0,0.0,3.0,4.0,2.0,2.0,1.0,0.0,0.0,0.0,0.0,0.0,2.0,1.0,1.0,0.0,6.0,2.0,4.0,7.0,3.0,3.0,3.0,1.0,0.0,1.0,1.0,0.0,4.67,3.25,0.45999999999999996,0.015,0.39500000000000013,0.315,0.23500000000000001,4.435
Charlie Lindgren,WSH,G,2025-26,289.6833,0.0,0.0,0.0,0.0,0.0,0.0,0.0,0.0,0.0,0.0,0.0,0.0,0.0,0.0,0.0,0.0,0.0,0.0,0.0,0.0,0.0,0.0,0.0,0.0,0.0,0.0,0.0,0.0,0.0,18.0,18.0,2.0,0.0,0.0,0.0,2.0,1.0,9.0,17.0,15.0,17.0,2.0,0.0,0.0,0.0,0.0,0.0,0.0,0.0,0.0,0.0,0.0,0.0,0.0,0.0,0.0,0.0,0.0,0.0,0.0,0.0,0.0,0.0,0.0,0.0,0.0,0.0,0.0,0.0,0.0,0.0,0.0,0.0,0.0,0.0,0.0,0.0,0.0,0.0,0.0,0.0,0.0,0.0,0.0,0.0,0.0,0.0,0.0
Jonathan Quick,NYR,G,2025-26,262.7,0.0,0.0,0.0,0.0,0.0,0.0,0.0,0.0,0.0,0.0,0.0,0.0,0.0,0.0,0.0,0.0,0.0,0.0,0.0,0.0,0.0,0.0,0.0,0.0,0.0,0.0,0.0,0.0,0.0,17.0,17.0,0.0,0.0,0.0,0.0,0.0,0.0,9.0,5.0,17.0,4.0,0.0,0.0,0.0,0.0,0.0,0.0,0.0,0.0,0.0,0.0,0.0,0.0,0.0,0.0,0.0,0.0,0.0,0.0,0.0,0.0,0.0,0.0,0.0,0.0,0.0,0.0,0.0,0.0,0.0,0.0,0.0,0.0,0.0,0.0,0.0,0.0,0.0,0.0,0.0,0.0,0.0,0.0,0.0,0.0,0.0,0.0,0.0
Jacob Bernard-Docker,DET,D,2025-26,148.54999999999833,15.0,10.0,3.0,16.0,6.0,7.0,3.0,3.0,0.0,0.0,0.0,1.0,0.0,7.0,2.0,8.0,7.0,2.0,2.0,2.0,1.0,11.0,0.0,0.0,0.0,0.0,0.0,3.0,0.0,69.0,55.0,29.0,12.0,0.0,6.0,17.0,2.0,27.0,8.0,32.0,7.0,21.0,8.0,62.0,39.0,4.0,13.0,11.0,2.0,0.0,0.0,0.0,0.0,0.0,0.0,0.0,0.0,0.0,0.0,0.0,0.0,0.0,3.0,0.0,0.0,1.0,1.0,1.0,13.0,0.0,2.0,8.0,3.0,5.0,1.0,1.0,0.0,0.0,0.0,0.0,4.175000000000001,2.75,0.10500000000000001,0.75,0.57,0.0,0.0,4.175000000000001
Jonatan Berggren,DET,R,2025-26,40.9666666666663,6.0,5.0,5.0,3.0,2.0,0.0,1.0,0.0,0.0,2.0,0.0,0.0,1.0,0.0,1.0,1.0,4.0,1.0,0.0,0.0,1.0,6.0,2.0,2.0,0.0,0.0,0.0,0.0,6.0,6.0,4.0,5.0,3.0,1.0,1.0,2.0,1.0,2.0,0.0,0.0,0.0,3.0,2.0,1.0,0.0,1.0,0.0,0.0,0.0,3.0,1.0,0.0,0.0,0.0,2.0,3.0,2.0,2.0,0.0,0.0,1.0,0.0,0.0,0.0,2.0,2.0,0.0,0.0,5.0,0.0,1.0,1.0,0.0,1.0,0.0,1.0,0.0,0.0,0.0,0.0,1.5900000000000003,1.1700000000000002,0.0,0.065,0.15500000000000003,0.09,0.11,1.4800000000000002
Adam Henrique,EDM,C,2025-26,151.2000000000001,16.0,16.0,13.0,23.0,18.0,4.0,1.0,6.0,0.0,4.0,1.0,2.0,4.0,2.0,6.0,10.0,5.0,9.0,4.0,1.0,2.0,38.0,19.0,3.0,8.0,8.0,7.0,1.0,17.0,29.0,19.0,14.0,10.0,4.0,4.0,4.0,1.0,12.0,1.0,9.0,2.0,9.0,5.0,5.0,3.0,1.0,2.0,0.0,0.0,2.0,2.0,2.0,0.0,0.0,4.0,3.0,2.0,1.0,2.0,1.0,0.0,0.0,1.0,3.0,2.0,4.0,0.0,1.0,10.0,3.0,3.0,12.0,6.0,5.0,3.0,0.0,1.0,1.0,0.0,0.0,7.45,4.76,1.1400000000000001,0.12000000000000001,0.545,0.615,0.27,7.18
Alec Regula,EDM,D,2025-26,103.28333333333231,9.0,8.0,0.0,14.0,7.0,5.0,2.0,3.0,0.0,0.0,0.0,0.0,6.0,4.0,0.0,10.0,6.0,2.0,0.0,1.0,0.0,21.0,2.0,0.0,0.0,0.0,0.0,0.0,0.0,62.0,42.0,21.0,15.0,5.0,6.0,6.0,8.0,27.0,5.0,23.0,3.0,11.0,10.0,46.0,23.0,8.0,7.0,11.0,1.0,0.0,0.0,0.0,0.0,1.0,0.0,0.0,0.0,0.0,0.0,0.0,0.0,0.0,2.0,0.0,0.0,0.0,1.0,1.0,9.0,0.0,0.0,4.0,7.0,3.0,0.0,0.0,0.0,0.0,0.0,0.0,3.7300000000000004,1.8199999999999998,0.09,0.8650000000000001,0.9199999999999999,0.0,0.035,3.6950000000000007
Andrew Mangiapane,EDM,L,2025-26,147.28333333333433,17.0,13.0,14.0,16.0,8.0,7.0,1.0,5.0,2.0,1.0,0.0,0.0,7.0,0.0,7.0,11.0,5.0,3.0,3.0,3.0,2.0,43.0,28.0,6.0,7.0,3.0,7.0,0.0,13.0,23.0,11.0,13.0,11.0,4.0,1.0,2.0,1.0,5.0,2.0,5.0,1.0,5.0,8.0,3.0,1.0,1.0,1.0,1.0,0.0,0.0,0.0,0.0,0.0,0.0,1.0,0.0,0.0,1.0,0.0,0.0,0.0,0.0,2.0,1.0,6.0,0.0,1.0,0.0,9.0,4.0,4.0,5.0,9.0,2.0,2.0,2.0,1.0,3.0,0.0,0.0,6.484999999999999,4.255,1.375,0.065,0.405,0.33,0.055,6.43
Brett Kulak,EDM,D,2025-26,179.449999999998,18.0,11.0,0.0,13.0,3.0,9.0,1.0,0.0,0.0,0.0,0.0,0.0,3.0,2.0,3.0,6.0,9.0,2.0,4.0,0.0,0.0,16.0,7.0,1.0,1.0,0.0,0.0,0.0,3.0,62.0,46.0,26.0,13.0,0.0,5.0,13.0,4.0,17.0,9.0,26.0,7.0,16.0,10.0,65.0,40.0,4.0,10.0,7.0,2.0,0.0,0.0,0.0,0.0,1.0,0.0,0.0,0.0,0.0,0.0,0.0,0.0,0.0,2.0,0.0,0.0,0.0,1.0,1.0,14.0,2.0,2.0,7.0,3.0,3.0,1.0,1.0,0.0,2.0,0.0,0.0,3.8099999999999996,2.11,0.27,1.03,0.32000000000000006,0.045,0.035,3.7749999999999995
Connor McDavid,EDM,C,2025-26,256.0,41.0,30.0,30.0,89.0,52.0,28.0,9.0,25.0,3.0,25.0,4.0,12.0,7.0,1.0,20.0,33.0,11.0,27.0,8.0,20.0,4.0,131.0,108.0,19.0,36.0,6.0,28.0,4.0,22.0,65.0,35.0,42.0,41.0,28.0,6.0,1.0,4.0,30.0,5.0,13.0,8.0,18.0,24.0,9.0,3.0,4.0,2.0,2.0,1.0,51.0,45.0,40.0,5.0,0.0,17.0,60.0,38.0,13.0,29.0,9.0,5.0,4.0,4.0,3.0,2.0,16.0,2.0,2.0,21.0,8.0,12.0,51.0,19.0,19.0,6.0,2.0,4.0,0.0,4.0,4.0,27.715,15.000000000000002,5.6850000000000005,0.26,1.73,0.6,4.440000000000001,23.275000000000002
Darnell Nurse,EDM,D,2025-26,269.349999999999,36.0,25.0,4.0,28.0,13.0,11.0,4.0,4.0,0.0,0.0,0.0,4.0,1.0,7.0,10.0,8.0,17.0,9.0,3.0,5.0,1.0,46.0,12.0,1.0,1.0,0.0,1.0,4.0,0.0,93.0,65.0,40.0,25.0,4.0,9.0,15.0,4.0,43.0,8.0,39.0,9.0,21.0,19.0,105.0,61.0,6.0,22.0,21.0,4.0,0.0,0.0,0.0,0.0,5.0,2.0,2.0,2.0,0.0,0.0,0.0,0.0,0.0,4.0,0.0,0.0,3.0,1.0,2.0,25.0,4.0,7.0,19.0,3.0,6.0,5.0,1.0,1.0,2.0,1.0,1.0,8.860000000000001,5.425000000000001,0.6900000000000001,1.215,1.355,0.0,0.17500000000000002,8.685
David Tomasek,EDM,R,2025-26,57.216666666666704,6.0,5.0,1.0,6.0,5.0,1.0,0.0,1.0,0.0,2.0,1.0,1.0,1.0,1.0,3.0,2.0,3.0,4.0,0.0,0.0,0.0,21.0,5.0,3.0,1.0,2.0,1.0,2.0,4.0,15.0,3.0,8.0,6.0,3.0,0.0,2.0,0.0,3.0,0.0,1.0,3.0,2.0,6.0,1.0,0.0,1.0,0.0,0.0,0.0,2.0,1.0,0.0,0.0,1.0,6.0,1.0,1.0,6.0,1.0,1.0,0.0,0.0,0.0,0.0,0.0,0.0,0.0,0.0,3.0,0.0,3.0,4.0,0.0,2.0,3.0,0.0,0.0,0.0,0.0,0.0,2.2050000000000005,1.1400000000000001,0.21499999999999997,0.065,0.18,0.15,0.45500000000000007,1.7499999999999998
Evan Bouchard,EDM,D,2025-26,259.033333333333,39.0,25.0,10.0,59.0,29.0,24.0,6.0,16.0,2.0,0.0,0.0,8.0,10.0,10.0,7.0,24.0,17.0,9.0,11.0,8.0,0.0,30.0,18.0,1.0,9.0,0.0,4.0,2.0,3.0,100.0,73.0,38.0,25.0,2.0,13.0,13.0,5.0,45.0,19.0,46.0,14.0,22.0,16.0,78.0,38.0,11.0,13.0,13.0,1.0,4.0,2.0,0.0,1.0,6.0,12.0,48.0,13.0,4.0,8.0,2.0,0.0,0.0,7.0,0.0,0.0,6.0,0.0,5.0,29.0,5.0,5.0,29.0,17.0,12.0,3.0,0.0,2.0,2.0,0.0,2.0,13.86,9.495000000000001,1.055,1.4249999999999998,0.8450000000000001,0.045,0.9950000000000001,12.865000000000002
Isaac Howard,EDM,L,2025-26,53.55,10.0,8.0,4.0,2.0,1.0,1.0,0.0,1.0,0.0,0.0,1.0,1.0,0.0,0.0,4.0,1.0,5.0,1.0,0.0,0.0,1.0,18.0,10.0,1.0,2.0,2.0,0.0,2.0,6.0,2.0,1.0,0.0,0.0,0.0,0.0,0.0,1.0,0.0,0.0,0.0,1.0,0.0,0.0,0.0,0.0,0.0,0.0,0.0,0.0,0.0,0.0,0.0,0.0,0.0,1.0,0.0,0.0,0.0,0.0,0.0,0.0,0.0,0.0,2.0,0.0,0.0,0.0,0.0,5.0,2.0,2.0,1.0,0.0,1.0,2.0,0.0,2.0,0.0,0.0,0.0,2.115,1.4949999999999997,0.475,0.0,-0.035,0.18,0.0,2.115
Kasperi Kapanen,EDM,R,2025-26,74.31666666666631,6.0,6.0,6.0,10.0,8.0,1.0,1.0,2.0,0.0,2.0,0.0,1.0,3.0,0.0,4.0,4.0,1.0,5.0,1.0,1.0,0.0,16.0,9.0,2.0,1.0,3.0,2.0,0.0,8.0,16.0,9.0,15.0,11.0,1.0,3.0,4.0,0.0,5.0,1.0,1.0,1.0,8.0,7.0,1.0,0.0,1.0,0.0,0.0,0.0,2.0,1.0,1.0,2.0,1.0,1.0,0.0,0.0,0.0,0.0,0.0,0.0,0.0,0.0,0.0,0.0,0.0,2.0,0.0,2.0,3.0,1.0,6.0,2.0,2.0,1.0,0.0,1.0,1.0,1.0,0.0,3.285,1.9200000000000002,0.425,0.065,0.44000000000000006,0.255,0.18000000000000002,3.1049999999999995
Leon Draisaitl,EDM,C,2025-26,219.3833333333337,22.0,20.0,18.0,88.0,57.0,25.0,6.0,32.0,5.0,9.0,4.0,8.0,10.0,10.0,8.0,38.0,10.0,25.0,1.0,21.0,6.0,85.0,65.0,17.0,19.0,6.0,9.0,1.0,19.0,77.0,37.0,52.0,46.0,13.0,10.0,6.0,6.0,24.0,4.0,11.0,4.0,20.0,32.0,5.0,2.0,2.0,1.0,1.0,0.0,12.0,10.0,7.0,4.0,0.0,24.0,28.0,17.0,17.0,12.0,3.0,4.0,1.0,5.0,3.0,0.0,11.0,0.0,3.0,13.0,6.0,2.0,46.0,20.0,22.0,1.0,1.0,5.0,1.0,0.0,0.0,20.595000000000002,13.085000000000004,2.6899999999999995,0.135,1.9300000000000004,0.555,2.2,18.395000000000003
Matt Savoie,EDM,C,2025-26,177.28333333333404,25.0,24.0,20.0,27.0,16.0,9.0,2.0,9.0,2.0,4.0,1.0,3.0,3.0,2.0,13.0,8.0,8.0,11.0,1.0,2.0,6.0,49.0,23.0,7.0,7.0,9.0,6.0,0.0,20.0,38.0,16.0,24.0,19.0,5.0,5.0,5.0,2.0,9.0,2.0,4.0,5.0,10.0,14.0,4.0,0.0,3.0,0.0,0.0,0.0,6.0,5.0,4.0,3.0,0.0,2.0,4.0,1.0,1.0,0.0,0.0,0.0,0.0,2.0,1.0,4.0,2.0,3.0,0.0,12.0,7.0,6.0,19.0,3.0,5.0,2.0,3.0,2.0,5.0,0.0,1.0,9.895000000000001,6.909999999999999,1.05,0.225,0.645,0.705,0.36,9.535
Mattias Ekholm,EDM,D,2025-26,260.633333333333,38.0,25.0,12.0,33.0,7.0,19.0,7.0,3.0,0.0,0.0,0.0,0.0,2.0,13.0,13.0,17.0,16.0,6.0,6.0,7.0,1.0,47.0,14.0,0.0,1.0,0.0,5.0,3.0,5.0,133.0,109.0,46.0,29.0,2.0,16.0,17.0,8.0,58.0,18.0,66.0,16.0,34.0,12.0,107.0,57.0,12.0,17.0,13.0,6.0,0.0,0.0,0.0,0.0,3.0,1.0,5.0,4.0,0.0,1.0,0.0,1.0,0.0,8.0,0.0,1.0,0.0,1.0,2.0,22.0,9.0,7.0,14.0,5.0,14.0,4.0,3.0,1.0,4.0,4.0,0.0,10.66,6.23,1.01,1.9099999999999997,1.275,0.075,0.16,10.5
Noah Philp,EDM,C,2025-26,67.6500000000001,6.0,6.0,4.0,6.0,4.0,1.0,1.0,4.0,0.0,0.0,1.0,2.0,1.0,0.0,3.0,3.0,1.0,3.0,1.0,0.0,1.0,24.0,10.0,3.0,2.0,3.0,3.0,0.0,13.0,21.0,8.0,14.0,12.0,7.0,0.0,2.0,1.0,6.0,5.0,2.0,6.0,5.0,9.0,1.0,0.0,0.0,0.0,0.0,0.0,0.0,0.0,0.0,0.0,0.0,0.0,0.0,0.0,0.0,0.0,0.0,0.0,0.0,1.0,1.0,1.0,0.0,0.0,0.0,3.0,1.0,2.0,3.0,0.0,3.0,0.0,1.0,1.0,0.0,0.0,1.0,2.8049999999999997,1.78,0.48000000000000004,0.03,0.18499999999999997,0.33,0.0,2.8049999999999997
Ryan Nugent-Hopkins,EDM,C,2025-26,148.0166666666687,7.0,6.0,4.0,25.0,15.0,7.0,3.0,4.0,2.0,6.0,0.0,1.0,2.0,2.0,2.0,13.0,4.0,9.0,1.0,5.0,2.0,34.0,18.0,2.0,7.0,4.0,5.0,1.0,9.0,35.0,21.0,26.0,21.0,7.0,6.0,5.0,0.0,17.0,3.0,7.0,0.0,14.0,12.0,6.0,2.0,2.0,1.0,2.0,0.0,7.0,6.0,4.0,3.0,1.0,12.0,26.0,11.0,11.0,8.0,2.0,0.0,1.0,2.0,1.0,1.0,5.0,3.0,2.0,5.0,0.0,2.0,12.0,5.0,8.0,1.0,0.0,0.0,0.0,0.0,1.0,7.129999999999999,3.1149999999999998,1.03,0.125,1.055,0.315,1.49,5.640000000000001
Trent Frederic,EDM,C,2025-26,159.5333333333327,17.0,15.0,12.0,16.0,10.0,5.0,1.0,8.0,0.0,1.0,1.0,4.0,2.0,0.0,3.0,8.0,13.0,6.0,1.0,4.0,6.0,32.0,16.0,8.0,3.0,4.0,4.0,0.0,15.0,23.0,19.0,14.0,12.0,8.0,3.0,2.0,0.0,16.0,1.0,7.0,1.0,12.0,2.0,1.0,0.0,0.0,0.0,0.0,0.0,1.0,1.0,1.0,0.0,0.0,0.0,1.0,1.0,0.0,0.0,0.0,0.0,0.0,5.0,1.0,3.0,2.0,1.0,1.0,14.0,2.0,1.0,8.0,3.0,5.0,1.0,0.0,1.0,1.0,0.0,0.0,6.515,4.714999999999999,0.58,0.03,0.7500000000000001,0.4049999999999999,0.035,6.48
Ty Emberson,EDM,D,2025-26,161.166666666666,7.0,5.0,0.0,13.0,7.0,3.0,3.0,1.0,0.0,1.0,0.0,0.0,2.0,3.0,1.0,5.0,6.0,4.0,0.0,2.0,0.0,15.0,6.0,2.0,2.0,0.0,1.0,0.0,3.0,57.0,42.0,23.0,12.0,2.0,5.0,11.0,4.0,26.0,11.0,23.0,7.0,15.0,8.0,65.0,44.0,3.0,11.0,13.0,4.0,0.0,0.0,0.0,0.0,3.0,0.0,0.0,0.0,0.0,0.0,0.0,0.0,0.0,2.0,0.0,0.0,0.0,1.0,3.0,6.0,1.0,0.0,8.0,2.0,3.0,0.0,0.0,0.0,0.0,0.0,0.0,2.9099999999999993,1.4349999999999998,0.23500000000000001,0.6499999999999999,0.44,0.045,0.10500000000000001,2.805
Vasily Podkolzin,EDM,R,2025-26,200.433333333334,30.0,22.0,16.0,48.0,28.0,12.0,8.0,16.0,3.0,7.0,2.0,4.0,7.0,5.0,12.0,22.0,12.0,16.0,4.0,7.0,1.0,44.0,28.0,6.0,11.0,6.0,12.0,0.0,19.0,51.0,25.0,35.0,27.0,7.0,11.0,8.0,3.0,19.0,3.0,4.0,7.0,18.0,17.0,7.0,2.0,3.0,0.0,1.0,0.0,0.0,0.0,0.0,0.0,2.0,5.0,1.0,0.0,3.0,0.0,0.0,0.0,0.0,5.0,1.0,4.0,5.0,0.0,1.0,18.0,6.0,6.0,24.0,10.0,14.0,5.0,0.0,1.0,1.0,4.0,1.0,12.525,8.77,1.6500000000000001,0.245,1.0700000000000003,0.5549999999999999,0.235,12.290000000000004
Aatu Räty,VAN,C,2025-26,121.0833333333333,10.0,6.0,4.0,14.0,8.0,6.0,0.0,2.0,0.0,1.0,0.0,0.0,4.0,0.0,1.0,6.0,6.0,4.0,0.0,4.0,2.0,31.0,9.0,3.0,3.0,2.0,1.0,1.0,15.0,17.0,9.0,11.0,7.0,4.0,0.0,4.0,1.0,2.0,0.0,4.0,0.0,4.0,7.0,3.0,0.0,2.0,0.0,0.0,0.0,0.0,0.0,0.0,0.0,0.0,0.0,0.0,0.0,0.0,0.0,0.0,0.0,0.0,2.0,0.0,4.0,1.0,0.0,1.0,8.0,0.0,1.0,8.0,1.0,5.0,1.0,0.0,0.0,0.0,0.0,0.0,3.4400000000000004,2.3,0.36,0.17,0.29500000000000004,0.315,0.0,3.4400000000000004
Arshdeep Bains,VAN,L,2025-26,63.033333333332905,4.0,4.0,4.0,10.0,6.0,4.0,0.0,2.0,0.0,2.0,0.0,0.0,2.0,0.0,3.0,3.0,1.0,6.0,0.0,2.0,0.0,19.0,7.0,1.0,2.0,3.0,1.0,2.0,5.0,6.0,4.0,6.0,6.0,1.0,3.0,0.0,0.0,4.0,1.0,0.0,0.0,4.0,2.0,3.0,0.0,2.0,0.0,0.0,0.0,2.0,0.0,1.0,0.0,0.0,0.0,1.0,1.0,0.0,1.0,0.0,0.0,0.0,0.0,0.0,1.0,1.0,1.0,0.0,1.0,1.0,2.0,7.0,0.0,3.0,1.0,0.0,0.0,1.0,0.0,1.0,2.6300000000000003,1.5000000000000002,0.39499999999999996,0.16,0.275,0.21000000000000002,0.09,2.54
Braeden Cootes,VAN,C,2025-26,9.8833333333333,0.0,0.0,0.0,1.0,1.0,0.0,0.0,1.0,0.0,1.0,0.0,0.0,0.0,0.0,0.0,0.0,0.0,1.0,0.0,0.0,0.0,2.0,0.0,0.0,0.0,0.0,0.0,0.0,1.0,1.0,1.0,0.0,0.0,0.0,0.0,0.0,0.0,1.0,0.0,1.0,0.0,0.0,0.0,0.0,0.0,0.0,0.0,0.0,0.0,0.0,0.0,0.0,0.0,0.0,0.0,0.0,0.0,0.0,0.0,0.0,0.0,0.0,0.0,0.0,0.0,0.0,0.0,0.0,0.0,0.0,0.0,1.0,0.0,0.0,0.0,0.0,0.0,0.0,0.0,0.0,0.2,0.16,0.0,0.0,0.025,0.015,0.0,0.2
Brock Boeser,VAN,R,2025-26,222.816666666669,30.0,22.0,19.0,32.0,17.0,11.0,4.0,7.0,0.0,7.0,1.0,2.0,2.0,5.0,8.0,10.0,15.0,13.0,2.0,5.0,4.0,60.0,15.0,10.0,6.0,7.0,3.0,1.0,27.0,39.0,24.0,25.0,21.0,4.0,10.0,4.0,2.0,17.0,3.0,9.0,4.0,13.0,12.0,3.0,0.0,2.0,0.0,0.0,0.0,3.0,2.0,2.0,0.0,0.0,12.0,7.0,2.0,11.0,0.0,0.0,2.0,0.0,7.0,3.0,5.0,2.0,0.0,0.0,20.0,4.0,5.0,22.0,3.0,7.0,2.0,2.0,0.0,3.0,0.0,1.0,9.975,7.050000000000001,0.425,0.19,0.915,0.7200000000000001,0.675,9.3
Conor Garland,VAN,R,2025-26,147.86666666666628,17.0,14.0,11.0,28.0,20.0,6.0,2.0,11.0,1.0,6.0,3.0,3.0,2.0,4.0,9.0,14.0,6.0,10.0,1.0,2.0,0.0,50.0,34.0,9.0,10.0,3.0,8.0,1.0,14.0,29.0,21.0,22.0,20.0,10.0,9.0,2.0,2.0,17.0,4.0,2.0,4.0,17.0,5.0,1.0,1.0,0.0,0.0,0.0,0.0,9.0,6.0,3.0,5.0,0.0,8.0,18.0,11.0,1.0,4.0,1.0,3.0,1.0,0.0,1.0,2.0,3.0,2.0,1.0,8.0,4.0,5.0,12.0,7.0,9.0,0.0,2.0,1.0,3.0,0.0,1.0,9.03,5.5,1.5999999999999999,0.015,0.8450000000000002,0.345,0.7250000000000001,8.305
Derek Forbort,VAN,D,2025-26,9.3333333333333,1.0,1.0,1.0,1.0,0.0,1.0,0.0,0.0,0.0,0.0,0.0,0.0,0.0,1.0,1.0,1.0,0.0,0.0,0.0,0.0,0.0,0.0,0.0,0.0,0.0,0.0,0.0,0.0,1.0,5.0,2.0,1.0,1.0,0.0,1.0,0.0,1.0,1.0,0.0,0.0,2.0,1.0,0.0,3.0,1.0,1.0,0.0,0.0,0.0,0.0,0.0,0.0,0.0,0.0,0.0,0.0,0.0,0.0,0.0,0.0,0.0,0.0,0.0,0.0,0.0,0.0,0.0,0.0,0.0,0.0,1.0,0.0,0.0,1.0,1.0,0.0,0.0,0.0,0.0,0.0,0.34,0.225,0.0,0.11,-0.010000000000000002,0.015,0.0,0.34
Drew O'Connor,VAN,L,2025-26,225.20000000000036,35.0,30.0,21.0,37.0,25.0,5.0,7.0,11.0,2.0,3.0,2.0,4.0,8.0,5.0,13.0,19.0,15.0,11.0,4.0,5.0,0.0,60.0,38.0,14.0,13.0,9.0,12.0,3.0,28.0,48.0,27.0,35.0,27.0,12.0,9.0,8.0,3.0,16.0,4.0,3.0,8.0,21.0,14.0,2.0,0.0,1.0,0.0,0.0,0.0,1.0,0.0,1.0,4.0,2.0,3.0,1.0,0.0,1.0,0.0,0.0,0.0,0.0,1.0,7.0,6.0,4.0,2.0,2.0,22.0,7.0,6.0,18.0,6.0,13.0,4.0,1.0,4.0,1.0,2.0,1.0,12.490000000000002,8.42,1.845,0.095,0.9250000000000002,0.825,0.38,12.11
Other Elias Pettersson,VAN,D,2025-26,218.53333333333333,15.0,11.0,2.0,21.0,15.0,4.0,2.0,4.0,0.0,4.0,0.0,0.0,2.0,4.0,3.0,6.0,10.0,10.0,0.0,4.0,2.0,19.0,3.0,0.0,0.0,0.0,0.0,1.0,3.0,78.0,63.0,30.0,17.0,1.0,11.0,13.0,6.0,32.0,15.0,32.0,12.0,23.0,7.0,86.0,52.0,4.0,18.0,15.0,4.0,0.0,0.0,0.0,0.0,0.0,0.0,0.0,0.0,0.0,0.0,0.0,0.0,0.0,4.0,0.0,0.0,0.0,4.0,6.0,12.0,1.0,2.0,15.0,2.0,4.0,1.0,1.0,0.0,1.0,0.0,0.0,4.829999999999999,3.155,0.16999999999999998,1.01,0.45,0.045,0.0,4.829999999999999
Elias Pettersson,VAN,C,2025-26,230.2333333333346,21.0,15.0,9.0,47.0,32.0,10.0,5.0,11.0,1.0,5.0,0.0,5.0,8.0,1.0,9.0,20.0,7.0,17.0,2.0,7.0,3.0,73.0,39.0,12.0,13.0,3.0,7.0,2.0,18.0,53.0,26.0,26.0,15.0,8.0,3.0,11.0,4.0,15.0,7.0,10.0,11.0,12.0,14.0,13.0,9.0,3.0,2.0,4.0,0.0,24.0,20.0,10.0,1.0,0.0,9.0,26.0,12.0,3.0,9.0,3.0,1.0,0.0,0.0,3.0,3.0,5.0,3.0,0.0,12.0,3.0,6.0,26.0,8.0,12.0,2.0,2.0,1.0,1.0,1.0,2.0,10.620000000000001,6.9350000000000005,1.6700000000000002,0.16999999999999998,0.27,0.405,1.1700000000000002,9.450000000000001
Evander Kane,VAN,L,2025-26,200.6833333333317,52.0,46.0,25.0,17.0,10.0,6.0,1.0,5.0,0.0,1.0,0.0,1.0,0.0,4.0,19.0,8.0,26.0,5.0,3.0,3.0,3.0,61.0,33.0,7.0,8.0,12.0,6.0,2.0,21.0,37.0,17.0,26.0,10.0,4.0,1.0,16.0,0.0,7.0,4.0,2.0,7.0,15.0,11.0,2.0,0.0,2.0,0.0,0.0,0.0,1.0,1.0,1.0,0.0,0.0,4.0,4.0,3.0,1.0,2.0,0.0,0.0,0.0,2.0,2.0,4.0,2.0,3.0,3.0,32.0,7.0,13.0,8.0,1.0,7.0,6.0,7.0,4.0,2.0,1.0,0.0,10.905000000000003,8.01,1.5700000000000003,0.13,0.14,0.8550000000000001,0.2,10.705000000000002
Filip Chytil,VAN,C,2025-26,19.9000000000003,3.0,3.0,3.0,7.0,5.0,1.0,1.0,4.0,0.0,0.0,0.0,0.0,0.0,0.0,2.0,2.0,1.0,2.0,0.0,2.0,0.0,6.0,3.0,1.0,1.0,0.0,2.0,0.0,5.0,2.0,1.0,2.0,2.0,2.0,0.0,0.0,0.0,1.0,0.0,0.0,0.0,1.0,1.0,0.0,0.0,0.0,0.0,0.0,0.0,0.0,0.0,0.0,0.0,0.0,0.0,0.0,0.0,0.0,0.0,0.0,0.0,0.0,1.0,0.0,1.0,0.0,0.0,1.0,1.0,1.0,1.0,5.0,0.0,2.0,1.0,0.0,1.0,0.0,0.0,0.0,1.7000000000000002,1.33,0.2,0.0,0.095,0.075,0.0,1.7000000000000002
Filip Hronek,VAN,D,2025-26,348.08333333333394,23.0,15.0,3.0,58.0,30.0,22.0,6.0,10.0,0.0,2.0,1.0,2.0,5.0,13.0,5.0,21.0,12.0,20.0,2.0,7.0,1.0,30.0,11.0,4.0,3.0,0.0,4.0,3.0,3.0,133.0,95.0,57.0,28.0,2.0,9.0,29.0,10.0,44.0,36.0,51.0,25.0,34.0,23.0,141.0,94.0,15.0,31.0,23.0,3.0,6.0,3.0,3.0,0.0,3.0,8.0,26.0,14.0,1.0,8.0,1.0,1.0,0.0,4.0,0.0,0.0,7.0,2.0,4.0,18.0,1.0,4.0,36.0,9.0,12.0,3.0,0.0,0.0,1.0,0.0,1.0,10.035,6.749999999999999,0.64,1.9149999999999998,-0.05499999999999999,0.045,0.7400000000000001,9.295
Jake DeBrusk,VAN,L,2025-26,199.06666666666698,29.0,22.0,15.0,22.0,14.0,5.0,3.0,7.0,1.0,2.0,2.0,4.0,1.0,3.0,16.0,8.0,10.0,14.0,0.0,5.0,0.0,53.0,23.0,4.0,5.0,7.0,12.0,5.0,18.0,43.0,19.0,31.0,14.0,8.0,2.0,17.0,2.0,12.0,2.0,3.0,1.0,14.0,17.0,5.0,1.0,3.0,0.0,0.0,0.0,2.0,2.0,1.0,1.0,2.0,11.0,6.0,2.0,9.0,2.0,0.0,0.0,0.0,0.0,1.0,3.0,1.0,0.0,0.0,13.0,3.0,13.0,14.0,2.0,6.0,8.0,3.0,1.0,0.0,1.0,1.0,9.965,6.0,1.6900000000000002,0.24,0.6849999999999999,0.5850000000000001,0.7650000000000001,9.200000000000001
Jonathan Lekkerimäki,VAN,R,2025-26,13.75,3.0,2.0,0.0,1.0,0.0,1.0,0.0,0.0,0.0,0.0,0.0,0.0,1.0,0.0,1.0,1.0,1.0,0.0,1.0,0.0,0.0,3.0,2.0,0.0,1.0,1.0,1.0,0.0,1.0,5.0,3.0,3.0,2.0,0.0,1.0,1.0,0.0,1.0,0.0,2.0,0.0,1.0,2.0,1.0,0.0,0.0,0.0,0.0,0.0,0.0,0.0,0.0,0.0,0.0,0.0,0.0,0.0,0.0,0.0,0.0,0.0,0.0,1.0,0.0,0.0,0.0,0.0,0.0,2.0,0.0,1.0,0.0,0.0,1.0,1.0,0.0,0.0,0.0,0.0,0.0,0.61,0.27999999999999997,0.145,0.03,0.095,0.06,0.0,0.61
Kiefer Sherwood,VAN,L,2025-26,110.6166666666657,18.0,14.0,4.0,23.0,13.0,9.0,1.0,3.0,0.0,7.0,0.0,1.0,1.0,4.0,10.0,8.0,8.0,14.0,0.0,4.0,1.0,41.0,16.0,2.0,0.0,7.0,3.0,0.0,9.0,23.0,10.0,18.0,10.0,4.0,0.0,8.0,3.0,3.0,3.0,0.0,3.0,7.0,11.0,6.0,0.0,3.0,0.0,0.0,1.0,2.0,1.0,1.0,3.0,2.0,6.0,5.0,3.0,4.0,2.0,1.0,0.0,0.0,1.0,0.0,0.0,1.0,0.0,0.0,8.0,5.0,5.0,15.0,3.0,5.0,3.0,1.0,4.0,1.0,0.0,0.0,5.924999999999999,3.56,0.7949999999999999,0.27,0.215,0.45000000000000007,0.6350000000000001,5.29
Marcus Pettersson,VAN,D,2025-26,323.066666666666,24.0,19.0,4.0,31.0,18.0,10.0,3.0,8.0,3.0,1.0,1.0,0.0,1.0,7.0,2.0,10.0,19.0,14.0,2.0,4.0,1.0,13.0,5.0,3.0,3.0,1.0,1.0,1.0,2.0,104.0,79.0,41.0,15.0,2.0,7.0,26.0,11.0,31.0,23.0,39.0,10.0,29.0,12.0,102.0,63.0,13.0,23.0,14.0,3.0,0.0,0.0,0.0,0.0,5.0,0.0,1.0,1.0,0.0,0.0,0.0,0.0,0.0,4.0,0.0,1.0,3.0,5.0,4.0,22.0,1.0,1.0,21.0,3.0,7.0,0.0,1.0,0.0,0.0,1.0,0.0,7.32,5.125,0.18,1.62,0.14499999999999996,0.075,0.17500000000000002,7.1450000000000005
Quinn Hughes,VAN,D,2025-26,100.133333333333,14.0,11.0,4.0,27.0,16.0,8.0,3.0,6.0,1.0,2.0,1.0,1.0,8.0,3.0,3.0,15.0,7.0,3.0,3.0,1.0,0.0,20.0,16.0,1.0,9.0,0.0,4.0,0.0,2.0,44.0,36.0,22.0,19.0,2.0,13.0,3.0,3.0,22.0,6.0,15.0,2.0,18.0,4.0,29.0,19.0,2.0,8.0,5.0,2.0,6.0,3.0,2.0,0.0,0.0,5.0,20.0,13.0,0.0,3.0,1.0,0.0,0.0,1.0,0.0,0.0,2.0,0.0,2.0,10.0,4.0,0.0,10.0,8.0,8.0,0.0,0.0,1.0,1.0,2.0,0.0,6.279999999999999,3.8449999999999998,0.8949999999999999,0.305,0.9350000000000002,0.03,0.27,6.01
Tyler Myers,VAN,D,2025-26,159.400000000001,23.0,17.0,5.0,8.0,4.0,3.0,1.0,0.0,0.0,0.0,0.0,1.0,1.0,2.0,7.0,4.0,15.0,2.0,0.0,3.0,1.0,15.0,8.0,0.0,1.0,0.0,0.0,0.0,2.0,57.0,42.0,19.0,12.0,1.0,6.0,7.0,5.0,18.0,12.0,25.0,10.0,12.0,7.0,77.0,50.0,7.0,13.0,10.0,1.0,0.0,0.0,0.0,0.0,2.0,0.0,0.0,0.0,0.0,0.0,0.0,0.0,0.0,6.0,1.0,0.0,0.0,0.0,1.0,16.0,2.0,5.0,3.0,4.0,1.0,2.0,2.0,2.0,0.0,0.0,0.0,4.555,2.8000000000000003,0.36,1.195,0.09999999999999998,0.03,0.07,4.485000000000001
Thatcher Demko,VAN,G,2025-26,288.6833,0.0,0.0,0.0,0.0,0.0,0.0,0.0,0.0,0.0,0.0,0.0,0.0,0.0,0.0,0.0,0.0,0.0,0.0,0.0,0.0,0.0,0.0,0.0,0.0,0.0,0.0,0.0,0.0,0.0,20.0,20.0,1.0,0.0,0.0,0.0,1.0,0.0,13.0,3.0,19.0,2.0,1.0,0.0,0.0,0.0,0.0,0.0,0.0,0.0,0.0,0.0,0.0,0.0,0.0,0.0,0.0,0.0,0.0,0.0,0.0,0.0,0.0,0.0,0.0,0.0,0.0,0.0,0.0,0.0,0.0,0.0,0.0,0.0,0.0,0.0,0.0,0.0,0.0,0.0,0.0,0.0,0.0,0.0,0.0,0.0,0.0,0.0,0.0
Calvin Pickard,EDM,G,2025-26,292.2334,0.0,0.0,0.0,0.0,0.0,0.0,0.0,0.0,0.0,0.0,0.0,0.0,0.0,0.0,0.0,0.0,0.0,0.0,0.0,0.0,0.0,0.0,0.0,0.0,0.0,0.0,0.0,0.0,0.0,15.0,15.0,2.0,1.0,0.0,1.0,1.0,0.0,5.0,8.0,13.0,8.0,2.0,0.0,0.0,0.0,0.0,0.0,0.0,0.0,0.0,0.0,0.0,0.0,0.0,0.0,0.0,0.0,0.0,0.0,0.0,0.0,0.0,0.0,0.0,0.0,0.0,0.0,0.0,0.0,0.0,0.0,0.0,0.0,0.0,0.0,0.0,0.0,0.0,0.0,0.0,0.0,0.0,0.0,0.0,0.0,0.0,0.0,0.0
Adam Klapka,CGY,R,2025-26,104.133333333332,11.0,9.0,7.0,12.0,6.0,5.0,1.0,2.0,0.0,1.0,2.0,3.0,1.0,1.0,5.0,3.0,4.0,6.0,2.0,4.0,1.0,34.0,14.0,9.0,2.0,9.0,1.0,0.0,10.0,21.0,14.0,14.0,8.0,6.0,1.0,6.0,2.0,7.0,2.0,2.0,3.0,10.0,4.0,1.0,1.0,0.0,0.0,0.0,0.0,1.0,0.0,0.0,0.0,0.0,0.0,1.0,1.0,0.0,1.0,0.0,0.0,0.0,0.0,0.0,4.0,1.0,0.0,0.0,6.0,3.0,2.0,9.0,2.0,1.0,1.0,1.0,1.0,1.0,1.0,0.0,3.9050000000000002,2.72,0.27999999999999997,0.015,0.28,0.5549999999999999,0.055,3.8499999999999996
Blake Coleman,CGY,L,2025-26,151.416666666667,24.0,20.0,15.0,22.0,15.0,6.0,1.0,8.0,0.0,4.0,0.0,2.0,7.0,0.0,10.0,11.0,10.0,4.0,2.0,3.0,0.0,48.0,22.0,9.0,9.0,5.0,4.0,3.0,20.0,37.0,12.0,22.0,14.0,6.0,2.0,8.0,1.0,7.0,0.0,4.0,5.0,7.0,15.0,1.0,0.0,1.0,0.0,0.0,0.0,0.0,0.0,0.0,3.0,1.0,3.0,3.0,0.0,3.0,0.0,0.0,0.0,0.0,1.0,2.0,3.0,0.0,0.0,1.0,14.0,5.0,5.0,10.0,6.0,6.0,2.0,2.0,2.0,3.0,0.0,1.0,7.835,5.48,0.91,0.065,0.49,0.5249999999999999,0.365,7.470000000000001
Brayden Pachal,CGY,D,2025-26,85.983333333333,7.0,7.0,0.0,10.0,6.0,3.0,1.0,2.0,0.0,0.0,0.0,0.0,0.0,4.0,3.0,4.0,2.0,3.0,0.0,1.0,0.0,6.0,3.0,0.0,0.0,0.0,0.0,0.0,1.0,39.0,21.0,16.0,11.0,0.0,4.0,5.0,0.0,12.0,10.0,13.0,9.0,8.0,8.0,32.0,17.0,5.0,3.0,3.0,0.0,0.0,0.0,0.0,0.0,0.0,0.0,0.0,0.0,0.0,0.0,0.0,0.0,0.0,1.0,0.0,0.0,0.0,1.0,2.0,4.0,2.0,1.0,6.0,1.0,3.0,1.0,0.0,0.0,1.0,1.0,0.0,2.23,1.345,0.135,0.7150000000000001,0.01999999999999999,0.015,0.0,2.23
Connor Zary,CGY,C,2025-26,135.23333333333397,21.0,17.0,11.0,20.0,13.0,7.0,0.0,6.0,0.0,1.0,2.0,4.0,5.0,2.0,14.0,12.0,5.0,4.0,1.0,1.0,0.0,41.0,26.0,1.0,9.0,3.0,5.0,2.0,15.0,33.0,14.0,20.0,12.0,3.0,3.0,8.0,0.0,10.0,2.0,7.0,5.0,7.0,13.0,4.0,0.0,1.0,0.0,0.0,0.0,5.0,2.0,2.0,0.0,0.0,4.0,4.0,2.0,4.0,0.0,0.0,1.0,0.0,1.0,1.0,1.0,2.0,1.0,0.0,7.0,8.0,6.0,8.0,8.0,4.0,4.0,2.0,4.0,3.0,1.0,0.0,7.465,4.755000000000001,1.4700000000000002,0.165,0.42500000000000004,0.36000000000000004,0.29,7.175
Jake Bean,CGY,D,2025-26,47.083333333333,5.0,4.0,1.0,10.0,4.0,6.0,0.0,2.0,0.0,0.0,0.0,0.0,1.0,3.0,0.0,4.0,4.0,3.0,0.0,3.0,0.0,10.0,2.0,2.0,1.0,0.0,0.0,1.0,0.0,22.0,17.0,10.0,6.0,1.0,4.0,4.0,0.0,7.0,2.0,9.0,0.0,8.0,2.0,17.0,7.0,3.0,1.0,1.0,0.0,0.0,0.0,0.0,0.0,0.0,0.0,0.0,0.0,0.0,0.0,0.0,0.0,0.0,1.0,0.0,0.0,0.0,0.0,1.0,5.0,0.0,0.0,6.0,2.0,2.0,0.0,0.0,0.0,0.0,0.0,0.0,2.0650000000000004,1.26,0.035,0.455,0.31500000000000006,0.0,0.0,2.0650000000000004
Joel Farabee,CGY,L,2025-26,166.766666666667,18.0,15.0,14.0,35.0,20.0,9.0,6.0,7.0,1.0,3.0,1.0,5.0,8.0,0.0,10.0,13.0,5.0,16.0,2.0,8.0,3.0,48.0,19.0,6.0,6.0,4.0,5.0,4.0,18.0,38.0,16.0,25.0,16.0,6.0,5.0,9.0,2.0,10.0,4.0,2.0,9.0,12.0,13.0,4.0,1.0,0.0,1.0,0.0,2.0,2.0,2.0,1.0,3.0,0.0,1.0,2.0,2.0,1.0,2.0,1.0,0.0,0.0,3.0,1.0,4.0,3.0,1.0,1.0,7.0,4.0,7.0,19.0,7.0,9.0,2.0,4.0,1.0,1.0,1.0,1.0,8.3,6.034999999999999,1.0,0.06,0.35500000000000004,0.44999999999999996,0.4,7.900000000000002
Joel Hanley,CGY,D,2025-26,170.433333333333,19.0,12.0,2.0,19.0,7.0,10.0,2.0,0.0,0.0,1.0,0.0,1.0,2.0,3.0,0.0,5.0,15.0,8.0,1.0,5.0,0.0,11.0,1.0,0.0,0.0,0.0,0.0,1.0,6.0,70.0,53.0,21.0,9.0,0.0,5.0,12.0,3.0,29.0,5.0,38.0,5.0,12.0,9.0,59.0,29.0,3.0,12.0,8.0,1.0,0.0,0.0,0.0,0.0,0.0,0.0,0.0,0.0,0.0,0.0,0.0,0.0,0.0,4.0,0.0,0.0,1.0,1.0,0.0,18.0,1.0,0.0,14.0,3.0,2.0,0.0,0.0,0.0,0.0,1.0,0.0,4.6,2.8150000000000004,0.08,0.9249999999999999,0.6900000000000001,0.09,0.0,4.6
Justin Kirkland,CGY,C,2025-26,31.9333333333333,2.0,1.0,1.0,5.0,2.0,3.0,0.0,0.0,0.0,1.0,0.0,0.0,1.0,1.0,1.0,2.0,1.0,2.0,0.0,1.0,1.0,9.0,3.0,1.0,1.0,2.0,2.0,0.0,3.0,10.0,4.0,8.0,6.0,4.0,1.0,2.0,0.0,3.0,1.0,1.0,1.0,3.0,5.0,1.0,0.0,1.0,0.0,0.0,0.0,2.0,1.0,0.0,0.0,0.0,0.0,0.0,0.0,0.0,0.0,0.0,0.0,0.0,1.0,0.0,1.0,0.0,2.0,0.0,1.0,0.0,1.0,3.0,0.0,2.0,0.0,1.0,0.0,0.0,0.0,0.0,1.215,0.6000000000000001,0.19999999999999998,0.065,0.215,0.135,0.0,1.215
Kevin Bahl,CGY,D,2025-26,201.36666666666497,13.0,7.0,1.0,31.0,12.0,16.0,3.0,5.0,0.0,1.0,0.0,2.0,3.0,9.0,2.0,16.0,7.0,3.0,1.0,4.0,1.0,17.0,7.0,5.0,5.0,0.0,2.0,1.0,5.0,93.0,69.0,36.0,19.0,0.0,13.0,17.0,7.0,36.0,13.0,38.0,11.0,24.0,12.0,86.0,47.0,7.0,15.0,15.0,3.0,0.0,0.0,0.0,0.0,1.0,1.0,3.0,2.0,0.0,1.0,0.0,0.0,0.0,2.0,0.0,0.0,1.0,0.0,4.0,11.0,1.0,1.0,15.0,6.0,10.0,1.0,0.0,0.0,0.0,1.0,0.0,5.930000000000001,3.5550000000000006,0.235,1.25,0.7250000000000001,0.075,0.09,5.84
MacKenzie Weegar,CGY,D,2025-26,200.64999999999898,27.0,22.0,3.0,25.0,11.0,11.0,3.0,3.0,1.0,0.0,0.0,1.0,5.0,4.0,4.0,12.0,15.0,9.0,6.0,6.0,0.0,34.0,12.0,2.0,5.0,0.0,3.0,3.0,3.0,124.0,99.0,52.0,40.0,5.0,23.0,12.0,8.0,63.0,19.0,54.0,15.0,37.0,15.0,68.0,33.0,9.0,8.0,8.0,5.0,4.0,2.0,3.0,0.0,2.0,7.0,25.0,11.0,0.0,6.0,0.0,0.0,0.0,3.0,0.0,0.0,1.0,0.0,3.0,21.0,3.0,3.0,13.0,7.0,5.0,3.0,0.0,0.0,1.0,2.0,0.0,8.620000000000001,4.220000000000001,0.7200000000000001,1.345,1.785,0.045,0.505,8.115
Matt Coronato,CGY,R,2025-26,149.3499999999997,38.0,36.0,19.0,39.0,27.0,9.0,3.0,10.0,2.0,11.0,2.0,5.0,5.0,6.0,19.0,20.0,13.0,18.0,2.0,1.0,5.0,51.0,27.0,8.0,9.0,11.0,8.0,1.0,14.0,37.0,19.0,26.0,20.0,11.0,5.0,6.0,1.0,15.0,5.0,1.0,8.0,17.0,9.0,9.0,0.0,4.0,0.0,0.0,0.0,10.0,9.0,6.0,0.0,0.0,9.0,7.0,4.0,9.0,2.0,0.0,1.0,0.0,4.0,2.0,2.0,3.0,0.0,3.0,19.0,10.0,9.0,19.0,8.0,12.0,5.0,1.0,2.0,4.0,4.0,2.0,12.685,8.805000000000001,1.3299999999999998,0.41000000000000003,0.6200000000000001,0.7050000000000002,0.8150000000000001,11.870000000000003
Matvei Gridin,CGY,R,2025-26,47.833333333333,8.0,7.0,6.0,5.0,2.0,3.0,0.0,0.0,0.0,1.0,0.0,0.0,1.0,1.0,6.0,2.0,2.0,1.0,0.0,3.0,0.0,15.0,12.0,1.0,4.0,2.0,3.0,1.0,4.0,14.0,4.0,9.0,5.0,0.0,0.0,4.0,0.0,2.0,1.0,3.0,1.0,1.0,8.0,0.0,0.0,0.0,0.0,0.0,0.0,1.0,1.0,1.0,0.0,0.0,2.0,3.0,2.0,1.0,1.0,0.0,1.0,0.0,0.0,0.0,0.0,1.0,0.0,0.0,2.0,1.0,5.0,2.0,1.0,2.0,3.0,2.0,1.0,0.0,0.0,0.0,2.62,1.475,0.695,0.0,0.155,0.15,0.14500000000000002,2.475
Mikael Backlund,CGY,C,2025-26,165.75,30.0,23.0,16.0,38.0,26.0,8.0,4.0,13.0,1.0,6.0,1.0,2.0,6.0,5.0,14.0,16.0,13.0,17.0,1.0,4.0,5.0,45.0,26.0,7.0,8.0,7.0,5.0,1.0,25.0,56.0,30.0,36.0,31.0,8.0,11.0,5.0,2.0,23.0,3.0,9.0,6.0,19.0,17.0,10.0,0.0,5.0,0.0,0.0,0.0,3.0,2.0,3.0,5.0,0.0,3.0,3.0,2.0,1.0,1.0,0.0,1.0,0.0,3.0,6.0,4.0,2.0,2.0,2.0,16.0,6.0,8.0,22.0,3.0,13.0,4.0,1.0,2.0,3.0,0.0,3.0,12.035000000000002,7.870000000000001,1.165,0.475,1.3450000000000004,0.6900000000000002,0.49,11.545000000000002
Morgan Frost,CGY,C,2025-26,154.08333333333397,17.0,17.0,11.0,42.0,22.0,16.0,4.0,8.0,1.0,3.0,1.0,4.0,4.0,5.0,11.0,21.0,5.0,13.0,1.0,9.0,5.0,46.0,34.0,6.0,14.0,4.0,9.0,0.0,18.0,37.0,25.0,19.0,10.0,3.0,3.0,9.0,3.0,11.0,4.0,12.0,5.0,10.0,9.0,12.0,7.0,2.0,3.0,3.0,0.0,10.0,7.0,6.0,0.0,0.0,7.0,15.0,8.0,6.0,6.0,1.0,2.0,0.0,2.0,3.0,2.0,4.0,6.0,0.0,6.0,3.0,8.0,20.0,7.0,15.0,5.0,0.0,1.0,0.0,2.0,3.0,9.81,6.23,1.7550000000000001,0.16,0.31,0.45000000000000007,0.9049999999999999,8.905
Nazem Kadri,CGY,C,2025-26,164.066666666665,34.0,31.0,22.0,41.0,30.0,8.0,3.0,12.0,4.0,7.0,0.0,4.0,3.0,4.0,13.0,17.0,18.0,14.0,1.0,8.0,2.0,69.0,53.0,14.0,14.0,7.0,14.0,0.0,10.0,45.0,26.0,36.0,29.0,19.0,5.0,7.0,1.0,19.0,3.0,5.0,3.0,20.0,16.0,9.0,2.0,4.0,0.0,1.0,0.0,5.0,4.0,4.0,0.0,0.0,9.0,10.0,1.0,4.0,1.0,0.0,0.0,0.0,1.0,4.0,2.0,10.0,3.0,4.0,21.0,4.0,9.0,21.0,8.0,12.0,6.0,3.0,2.0,1.0,1.0,0.0,13.950000000000001,8.925,2.5250000000000004,0.34,1.28,0.465,0.4149999999999999,13.535
Rasmus Andersson,CGY,D,2025-26,182.983333333334,26.0,20.0,5.0,28.0,19.0,7.0,2.0,6.0,1.0,0.0,0.0,1.0,5.0,9.0,4.0,15.0,16.0,7.0,2.0,1.0,2.0,28.0,9.0,3.0,4.0,0.0,2.0,4.0,4.0,86.0,61.0,33.0,19.0,3.0,5.0,14.0,5.0,27.0,18.0,37.0,13.0,19.0,14.0,59.0,41.0,7.0,9.0,5.0,3.0,4.0,1.0,0.0,0.0,0.0,4.0,7.0,4.0,1.0,2.0,0.0,0.0,0.0,4.0,1.0,0.0,2.0,1.0,1.0,22.0,0.0,4.0,13.0,4.0,11.0,1.0,2.0,0.0,0.0,0.0,1.0,7.01,4.99,0.5199999999999999,1.02,0.255,0.06,0.165,6.844999999999999
Ryan Lomberg,CGY,L,2025-26,81.7166666666667,8.0,6.0,3.0,6.0,4.0,2.0,0.0,4.0,1.0,0.0,1.0,2.0,0.0,0.0,7.0,3.0,0.0,3.0,1.0,2.0,0.0,23.0,10.0,3.0,1.0,2.0,2.0,1.0,13.0,10.0,5.0,5.0,3.0,1.0,0.0,2.0,0.0,2.0,2.0,3.0,3.0,2.0,3.0,4.0,1.0,1.0,1.0,0.0,0.0,0.0,0.0,0.0,0.0,0.0,0.0,0.0,0.0,0.0,0.0,0.0,0.0,0.0,0.0,0.0,0.0,1.0,3.0,2.0,1.0,1.0,6.0,3.0,2.0,1.0,3.0,3.0,0.0,0.0,1.0,0.0,2.6850000000000005,1.835,0.4600000000000001,0.125,-0.02000000000000001,0.28500000000000003,0.0,2.6850000000000005
Yegor Sharangovich,CGY,C,2025-26,147.23333333333332,23.0,15.0,9.0,15.0,12.0,1.0,2.0,6.0,0.0,4.0,0.0,1.0,3.0,1.0,7.0,6.0,14.0,6.0,1.0,2.0,3.0,27.0,15.0,11.0,2.0,4.0,5.0,1.0,19.0,34.0,21.0,21.0,16.0,5.0,3.0,5.0,1.0,14.0,1.0,10.0,2.0,10.0,11.0,11.0,4.0,2.0,1.0,1.0,2.0,10.0,6.0,8.0,0.0,1.0,5.0,8.0,4.0,3.0,1.0,0.0,1.0,0.0,0.0,1.0,4.0,2.0,0.0,2.0,16.0,2.0,5.0,9.0,2.0,4.0,3.0,2.0,1.0,1.0,0.0,0.0,6.875,4.325,0.49,0.25500000000000006,0.8049999999999999,0.465,0.535,6.34
Stuart Skinner,EDM,G,2025-26,301.20009999999996,0.0,0.0,0.0,0.0,0.0,0.0,0.0,0.0,0.0,0.0,0.0,0.0,0.0,0.0,0.0,0.0,0.0,0.0,0.0,0.0,0.0,0.0,0.0,0.0,0.0,0.0,0.0,0.0,0.0,29.0,29.0,0.0,0.0,0.0,0.0,0.0,0.0,15.0,6.0,29.0,4.0,0.0,0.0,0.0,0.0,0.0,0.0,0.0,0.0,0.0,0.0,0.0,0.0,0.0,0.0,0.0,0.0,0.0,0.0,0.0,0.0,0.0,0.0,0.0,0.0,0.0,0.0,0.0,0.0,0.0,0.0,0.0,0.0,0.0,0.0,0.0,0.0,0.0,0.0,0.0,0.0,0.0,0.0,0.0,0.0,0.0,0.0,0.0
Dustin Wolf,CGY,G,2025-26,208.1001,0.0,0.0,0.0,0.0,0.0,0.0,0.0,0.0,0.0,0.0,0.0,0.0,0.0,0.0,0.0,0.0,0.0,0.0,0.0,0.0,0.0,0.0,0.0,0.0,0.0,0.0,0.0,0.0,0.0,21.0,21.0,1.0,0.0,0.0,0.0,1.0,0.0,11.0,5.0,20.0,5.0,1.0,0.0,0.0,0.0,0.0,0.0,0.0,0.0,0.0,0.0,0.0,0.0,0.0,0.0,0.0,0.0,0.0,0.0,0.0,0.0,0.0,0.0,0.0,0.0,0.0,0.0,0.0,0.0,0.0,0.0,0.0,0.0,0.0,0.0,0.0,0.0,0.0,0.0,0.0,0.0,0.0,0.0,0.0,0.0,0.0,0.0,0.0
Easton Cowan,TOR,R,2025-26,93.199999999999,14.0,8.0,3.0,21.0,16.0,4.0,1.0,10.0,0.0,1.0,2.0,4.0,5.0,0.0,9.0,10.0,4.0,9.0,1.0,2.0,1.0,45.0,28.0,2.0,9.0,9.0,5.0,1.0,13.0,23.0,12.0,16.0,9.0,3.0,2.0,7.0,2.0,6.0,1.0,2.0,1.0,8.0,8.0,1.0,0.0,1.0,0.0,0.0,0.0,7.0,3.0,2.0,0.0,0.0,2.0,3.0,1.0,2.0,0.0,0.0,0.0,0.0,0.0,0.0,0.0,3.0,0.0,3.0,5.0,4.0,5.0,11.0,2.0,8.0,4.0,0.0,1.0,1.0,2.0,1.0,6.7,3.9800000000000004,1.4799999999999998,0.065,0.395,0.6,0.18000000000000002,6.52
James van Riemsdyk,DET,L,2025-26,145.96666666666607,12.0,8.0,7.0,19.0,9.0,9.0,1.0,3.0,1.0,3.0,0.0,0.0,5.0,3.0,3.0,8.0,6.0,7.0,0.0,5.0,0.0,28.0,12.0,4.0,3.0,9.0,4.0,2.0,10.0,31.0,16.0,21.0,13.0,5.0,5.0,8.0,0.0,12.0,0.0,5.0,1.0,11.0,10.0,4.0,3.0,0.0,1.0,2.0,0.0,4.0,1.0,2.0,0.0,0.0,7.0,6.0,3.0,4.0,1.0,0.0,0.0,0.0,2.0,0.0,1.0,1.0,0.0,0.0,9.0,1.0,2.0,10.0,3.0,6.0,1.0,0.0,1.0,0.0,0.0,0.0,5.315000000000001,3.0650000000000004,0.65,-0.020000000000000004,0.72,0.555,0.345,4.970000000000001
Alex Vlasic,CHI,D,2025-26,329.400000000001,29.0,20.0,4.0,38.0,21.0,13.0,4.0,9.0,2.0,2.0,2.0,2.0,4.0,10.0,2.0,19.0,22.0,10.0,1.0,5.0,2.0,44.0,12.0,4.0,2.0,0.0,2.0,3.0,3.0,147.0,111.0,55.0,38.0,4.0,25.0,17.0,8.0,73.0,16.0,65.0,12.0,38.0,17.0,153.0,92.0,23.0,39.0,21.0,5.0,0.0,0.0,0.0,0.0,2.0,0.0,0.0,0.0,0.0,0.0,0.0,0.0,0.0,10.0,1.0,0.0,5.0,0.0,4.0,26.0,2.0,1.0,18.0,7.0,13.0,0.0,1.0,0.0,1.0,1.0,0.0,12.01,6.170000000000001,0.575,2.975,2.1750000000000003,0.045,0.07,11.94
Louis Crevier,CHI,D,2025-26,251.3833333333323,28.0,18.0,3.0,21.0,12.0,7.0,2.0,5.0,1.0,0.0,0.0,1.0,1.0,8.0,3.0,8.0,20.0,10.0,4.0,3.0,1.0,30.0,6.0,1.0,2.0,0.0,2.0,0.0,4.0,105.0,72.0,33.0,20.0,2.0,8.0,13.0,4.0,39.0,13.0,52.0,12.0,15.0,18.0,89.0,49.0,13.0,18.0,16.0,1.0,0.0,0.0,0.0,0.0,0.0,0.0,0.0,0.0,0.0,0.0,0.0,0.0,0.0,7.0,0.0,0.0,0.0,0.0,5.0,24.0,2.0,2.0,12.0,1.0,8.0,1.0,1.0,0.0,1.0,0.0,0.0,6.98,4.32,0.335,1.4649999999999996,0.7999999999999999,0.06,0.0,6.98
Barrett Hayton,UTA,C,2025-26,241.11666666666528,38.0,27.0,27.0,31.0,13.0,13.0,5.0,6.0,2.0,2.0,0.0,2.0,3.0,2.0,11.0,16.0,19.0,8.0,6.0,7.0,6.0,67.0,39.0,10.0,13.0,4.0,10.0,3.0,29.0,48.0,30.0,26.0,19.0,8.0,6.0,7.0,2.0,22.0,3.0,16.0,3.0,12.0,14.0,5.0,1.0,2.0,0.0,1.0,0.0,6.0,3.0,2.0,0.0,0.0,10.0,8.0,6.0,9.0,6.0,2.0,0.0,2.0,3.0,7.0,5.0,3.0,0.0,1.0,26.0,2.0,10.0,14.0,4.0,13.0,7.0,1.0,0.0,2.0,0.0,2.0,13.155000000000003,8.355,1.9599999999999997,0.185,1.0050000000000001,0.615,1.0350000000000001,12.120000000000001
Brandon Tanev,UTA,L,2025-26,153.21666666666744,7.0,5.0,5.0,14.0,8.0,6.0,0.0,3.0,0.0,1.0,0.0,1.0,4.0,0.0,3.0,8.0,3.0,4.0,1.0,3.0,1.0,47.0,12.0,5.0,2.0,7.0,3.0,2.0,14.0,37.0,22.0,18.0,8.0,4.0,1.0,10.0,1.0,11.0,2.0,12.0,2.0,9.0,9.0,4.0,1.0,2.0,0.0,0.0,0.0,0.0,0.0,0.0,0.0,0.0,0.0,0.0,0.0,0.0,0.0,0.0,0.0,0.0,0.0,0.0,2.0,1.0,7.0,0.0,3.0,3.0,1.0,4.0,7.0,3.0,0.0,0.0,1.0,0.0,2.0,1.0,3.9349999999999996,2.26,0.55,0.185,0.41500000000000004,0.525,0.0,3.9349999999999996
Clayton Keller,UTA,R,2025-26,286.366666666666,57.0,42.0,36.0,93.0,56.0,28.0,9.0,28.0,5.0,10.0,6.0,12.0,6.0,5.0,20.0,38.0,17.0,27.0,12.0,14.0,7.0,94.0,61.0,12.0,26.0,6.0,21.0,3.0,29.0,60.0,35.0,36.0,26.0,11.0,3.0,10.0,4.0,23.0,0.0,18.0,1.0,13.0,23.0,8.0,2.0,4.0,1.0,1.0,0.0,27.0,20.0,15.0,0.0,0.0,13.0,44.0,23.0,8.0,15.0,5.0,3.0,2.0,9.0,2.0,1.0,12.0,0.0,2.0,35.0,6.0,15.0,51.0,16.0,24.0,10.0,2.0,3.0,2.0,0.0,3.0,25.620000000000005,17.67,3.465,0.29500000000000004,1.4500000000000002,0.7050000000000001,2.035,23.585
Dmitri Simashev,UTA,D,2025-26,116.299999999999,9.0,7.0,2.0,8.0,6.0,1.0,1.0,0.0,0.0,1.0,0.0,1.0,1.0,2.0,4.0,3.0,5.0,4.0,0.0,0.0,0.0,13.0,3.0,2.0,0.0,0.0,0.0,0.0,2.0,41.0,29.0,17.0,10.0,2.0,3.0,7.0,5.0,16.0,6.0,16.0,1.0,8.0,9.0,49.0,37.0,4.0,7.0,8.0,0.0,0.0,0.0,0.0,0.0,0.0,0.0,0.0,0.0,0.0,0.0,0.0,0.0,0.0,3.0,0.0,0.0,3.0,0.0,1.0,5.0,2.0,2.0,5.0,1.0,2.0,1.0,0.0,0.0,0.0,2.0,1.0,2.6550000000000002,1.4449999999999998,0.045,0.63,0.505,0.03,0.0,2.6550000000000002
Dylan Guenther,UTA,R,2025-26,251.08333333333502,63.0,43.0,32.0,40.0,25.0,13.0,2.0,16.0,2.0,6.0,2.0,4.0,3.0,4.0,31.0,16.0,23.0,20.0,7.0,6.0,8.0,83.0,41.0,14.0,9.0,10.0,16.0,4.0,29.0,58.0,25.0,41.0,28.0,9.0,7.0,13.0,2.0,14.0,6.0,7.0,9.0,16.0,25.0,15.0,6.0,4.0,2.0,1.0,0.0,4.0,2.0,2.0,0.0,2.0,23.0,17.0,9.0,12.0,1.0,0.0,6.0,0.0,17.0,3.0,7.0,6.0,2.0,5.0,29.0,16.0,17.0,24.0,8.0,8.0,13.0,2.0,9.0,5.0,1.0,2.0,17.79,12.579999999999998,2.2350000000000003,0.43000000000000005,0.8050000000000002,0.8850000000000002,0.8550000000000001,16.935
Ian Cole,UTA,D,2025-26,281.21666666666795,25.0,14.0,7.0,36.0,20.0,11.0,5.0,4.0,1.0,0.0,0.0,0.0,4.0,13.0,6.0,19.0,15.0,14.0,2.0,5.0,1.0,12.0,1.0,0.0,0.0,0.0,0.0,2.0,2.0,128.0,91.0,40.0,23.0,1.0,12.0,17.0,11.0,47.0,8.0,56.0,14.0,24.0,16.0,91.0,50.0,10.0,13.0,13.0,5.0,0.0,0.0,0.0,1.0,8.0,0.0,0.0,0.0,0.0,0.0,0.0,0.0,0.0,4.0,2.0,0.0,3.0,4.0,7.0,19.0,2.0,4.0,17.0,6.0,13.0,3.0,1.0,1.0,0.0,1.0,0.0,8.51,5.279999999999999,0.115,1.5400000000000003,1.21,0.03,0.3350000000000001,8.175
Jack McBain,UTA,C,2025-26,221.75000000000009,35.0,24.0,21.0,29.0,20.0,7.0,2.0,8.0,1.0,8.0,1.0,4.0,0.0,4.0,9.0,7.0,21.0,19.0,4.0,6.0,6.0,56.0,13.0,6.0,2.0,11.0,1.0,3.0,19.0,56.0,33.0,38.0,27.0,10.0,8.0,11.0,3.0,19.0,8.0,10.0,5.0,20.0,18.0,7.0,2.0,3.0,1.0,1.0,0.0,2.0,0.0,0.0,2.0,2.0,1.0,0.0,0.0,1.0,0.0,0.0,0.0,0.0,3.0,4.0,10.0,6.0,2.0,0.0,26.0,4.0,5.0,22.0,0.0,7.0,2.0,3.0,1.0,2.0,1.0,0.0,10.52,7.834999999999999,0.475,0.23,0.9650000000000001,0.7799999999999999,0.23500000000000001,10.284999999999998
JJ Peterka,UTA,R,2025-26,259.93333333333203,38.0,34.0,24.0,50.0,29.0,13.0,8.0,19.0,4.0,4.0,3.0,7.0,2.0,8.0,13.0,21.0,16.0,19.0,5.0,10.0,5.0,90.0,53.0,10.0,13.0,8.0,18.0,3.0,30.0,61.0,37.0,37.0,31.0,16.0,8.0,6.0,2.0,26.0,1.0,15.0,3.0,20.0,17.0,8.0,3.0,5.0,2.0,1.0,0.0,9.0,8.0,8.0,0.0,0.0,5.0,14.0,2.0,3.0,2.0,0.0,0.0,1.0,4.0,0.0,2.0,2.0,4.0,3.0,24.0,8.0,5.0,26.0,9.0,14.0,3.0,3.0,2.0,1.0,3.0,0.0,17.300000000000004,10.975000000000001,3.0300000000000002,0.30000000000000004,1.5950000000000004,0.81,0.59,16.710000000000004
John Marino,UTA,D,2025-26,342.69999999999897,26.0,17.0,5.0,55.0,36.0,14.0,5.0,10.0,1.0,1.0,0.0,4.0,3.0,11.0,4.0,17.0,11.0,23.0,5.0,11.0,3.0,26.0,9.0,1.0,2.0,1.0,2.0,2.0,7.0,133.0,95.0,53.0,34.0,4.0,17.0,19.0,5.0,57.0,23.0,62.0,16.0,28.0,25.0,100.0,49.0,14.0,14.0,10.0,2.0,0.0,0.0,0.0,1.0,3.0,0.0,1.0,0.0,0.0,0.0,0.0,0.0,0.0,6.0,0.0,0.0,6.0,0.0,8.0,20.0,1.0,5.0,34.0,6.0,14.0,4.0,0.0,0.0,0.0,1.0,1.0,11.504999999999999,7.29,0.54,2.115,1.25,0.15000000000000002,0.16,11.344999999999999
Kailer Yamamoto,UTA,R,2025-26,151.13333333333358,14.0,10.0,10.0,28.0,20.0,4.0,4.0,5.0,1.0,3.0,1.0,3.0,8.0,2.0,7.0,12.0,6.0,13.0,0.0,4.0,3.0,45.0,26.0,3.0,10.0,10.0,7.0,3.0,22.0,32.0,13.0,23.0,18.0,11.0,1.0,5.0,1.0,9.0,1.0,2.0,4.0,10.0,13.0,2.0,0.0,1.0,0.0,0.0,0.0,4.0,3.0,2.0,0.0,0.0,1.0,2.0,0.0,1.0,0.0,0.0,0.0,0.0,2.0,1.0,5.0,6.0,0.0,1.0,7.0,2.0,5.0,15.0,7.0,6.0,3.0,1.0,0.0,1.0,1.0,1.0,7.8950000000000005,4.69,1.5250000000000001,0.095,0.6800000000000002,0.78,0.125,7.7700000000000005
Kevin Stenlund,UTA,C,2025-26,203.58333333333212,20.0,16.0,8.0,23.0,8.0,11.0,4.0,2.0,0.0,1.0,1.0,1.0,3.0,4.0,11.0,8.0,9.0,12.0,0.0,10.0,3.0,49.0,16.0,8.0,1.0,10.0,3.0,2.0,25.0,57.0,38.0,29.0,13.0,4.0,5.0,16.0,2.0,24.0,1.0,19.0,0.0,17.0,12.0,10.0,1.0,5.0,0.0,0.0,0.0,1.0,1.0,0.0,6.0,4.0,0.0,1.0,0.0,0.0,0.0,0.0,0.0,0.0,0.0,2.0,2.0,2.0,1.0,0.0,9.0,6.0,5.0,14.0,3.0,6.0,5.0,0.0,3.0,1.0,2.0,0.0,7.444999999999999,4.075,0.5950000000000001,0.4600000000000001,1.0200000000000002,0.8250000000000001,0.47000000000000003,6.9750000000000005
Lawson Crouse,UTA,L,2025-26,239.26666666666642,31.0,22.0,18.0,32.0,16.0,15.0,1.0,12.0,3.0,1.0,2.0,6.0,6.0,8.0,17.0,20.0,6.0,9.0,5.0,7.0,4.0,77.0,44.0,9.0,12.0,11.0,11.0,0.0,24.0,47.0,23.0,28.0,24.0,11.0,6.0,4.0,1.0,19.0,1.0,9.0,7.0,13.0,15.0,9.0,4.0,4.0,1.0,1.0,0.0,2.0,0.0,0.0,4.0,1.0,0.0,2.0,1.0,0.0,1.0,0.0,0.0,0.0,4.0,1.0,6.0,2.0,2.0,1.0,14.0,7.0,10.0,12.0,1.0,19.0,7.0,2.0,2.0,3.0,1.0,1.0,12.540000000000001,7.865,2.18,0.29500000000000004,1.035,0.855,0.31,12.23
Logan Cooley,UTA,C,2025-26,175.783333333332,26.0,18.0,14.0,48.0,27.0,16.0,5.0,17.0,2.0,6.0,3.0,5.0,6.0,3.0,13.0,17.0,9.0,15.0,3.0,13.0,1.0,73.0,49.0,8.0,15.0,7.0,14.0,2.0,12.0,42.0,27.0,25.0,23.0,15.0,4.0,2.0,3.0,20.0,4.0,9.0,4.0,15.0,10.0,6.0,1.0,2.0,1.0,0.0,0.0,11.0,8.0,5.0,2.0,1.0,5.0,11.0,4.0,4.0,3.0,2.0,0.0,1.0,7.0,0.0,2.0,8.0,1.0,0.0,13.0,5.0,8.0,27.0,8.0,13.0,6.0,1.0,3.0,1.0,1.0,1.0,13.64,8.405000000000001,2.6849999999999996,0.22,1.0250000000000001,0.495,0.81,12.830000000000002
Michael Carcone,UTA,L,2025-26,224.76666666666839,45.0,34.0,22.0,43.0,28.0,14.0,1.0,13.0,4.0,4.0,3.0,6.0,2.0,3.0,20.0,15.0,19.0,20.0,2.0,11.0,3.0,97.0,57.0,6.0,18.0,17.0,16.0,5.0,23.0,41.0,25.0,34.0,23.0,13.0,7.0,11.0,0.0,19.0,1.0,2.0,4.0,23.0,11.0,5.0,3.0,0.0,1.0,0.0,0.0,4.0,0.0,2.0,0.0,0.0,3.0,3.0,3.0,2.0,3.0,1.0,0.0,1.0,5.0,3.0,3.0,6.0,0.0,2.0,25.0,5.0,15.0,27.0,4.0,11.0,11.0,2.0,2.0,2.0,1.0,2.0,16.290000000000003,10.219999999999999,3.349999999999999,0.09,1.105,1.1099999999999997,0.41500000000000004,15.875
Mikhail Sergachev,UTA,D,2025-26,336.18333333333305,39.0,22.0,4.0,74.0,38.0,28.0,8.0,19.0,2.0,1.0,0.0,6.0,13.0,12.0,5.0,28.0,24.0,24.0,4.0,10.0,1.0,55.0,21.0,2.0,8.0,1.0,8.0,2.0,7.0,145.0,112.0,63.0,38.0,3.0,20.0,25.0,13.0,55.0,14.0,57.0,13.0,42.0,21.0,119.0,58.0,22.0,20.0,15.0,5.0,4.0,2.0,2.0,3.0,8.0,16.0,40.0,22.0,0.0,6.0,0.0,0.0,0.0,10.0,0.0,1.0,7.0,3.0,11.0,34.0,3.0,2.0,41.0,17.0,12.0,2.0,0.0,0.0,0.0,1.0,0.0,16.72,10.104999999999999,1.3649999999999995,2.495,1.7599999999999996,0.15000000000000002,0.8450000000000001,15.875
Nate Schmidt,UTA,D,2025-26,325.033333333334,36.0,22.0,6.0,46.0,28.0,14.0,4.0,13.0,0.0,1.0,0.0,4.0,6.0,8.0,4.0,17.0,24.0,13.0,6.0,8.0,1.0,38.0,11.0,3.0,4.0,0.0,0.0,1.0,5.0,124.0,78.0,54.0,34.0,6.0,7.0,20.0,7.0,50.0,11.0,49.0,9.0,22.0,32.0,113.0,56.0,19.0,15.0,15.0,6.0,1.0,1.0,0.0,1.0,4.0,3.0,5.0,1.0,0.0,1.0,0.0,0.0,0.0,12.0,2.0,1.0,3.0,0.0,6.0,31.0,4.0,1.0,28.0,9.0,9.0,0.0,0.0,0.0,1.0,2.0,1.0,12.399999999999999,7.640000000000001,0.39499999999999996,2.3000000000000003,1.74,0.075,0.25,12.149999999999999
Nick Schmaltz,UTA,C,2025-26,279.45,39.0,34.0,23.0,90.0,47.0,30.0,13.0,24.0,3.0,11.0,3.0,7.0,11.0,5.0,18.0,38.0,8.0,22.0,7.0,14.0,6.0,92.0,56.0,14.0,22.0,8.0,16.0,3.0,24.0,61.0,26.0,47.0,33.0,16.0,11.0,14.0,0.0,20.0,1.0,7.0,3.0,19.0,28.0,14.0,5.0,5.0,0.0,0.0,0.0,35.0,29.0,19.0,3.0,3.0,15.0,19.0,8.0,13.0,5.0,2.0,3.0,0.0,7.0,3.0,4.0,14.0,1.0,3.0,19.0,8.0,10.0,47.0,15.0,27.0,3.0,3.0,2.0,1.0,5.0,4.0,21.5,13.875,2.8750000000000004,0.52,1.5150000000000001,0.7200000000000001,1.995,19.505
Olli Määttä,UTA,D,2025-26,81.900000000001,6.0,4.0,2.0,13.0,8.0,2.0,3.0,4.0,0.0,0.0,0.0,2.0,3.0,2.0,1.0,5.0,4.0,5.0,1.0,3.0,0.0,9.0,1.0,2.0,0.0,0.0,0.0,0.0,1.0,38.0,21.0,19.0,13.0,1.0,4.0,6.0,0.0,14.0,4.0,13.0,8.0,8.0,11.0,27.0,16.0,2.0,2.0,4.0,0.0,0.0,0.0,0.0,0.0,0.0,0.0,0.0,0.0,0.0,0.0,0.0,0.0,0.0,0.0,0.0,0.0,2.0,0.0,2.0,4.0,0.0,2.0,7.0,3.0,3.0,2.0,0.0,0.0,0.0,0.0,0.0,2.74,1.9350000000000003,-0.045,0.45,0.385,0.015,0.0,2.74
Vitek Vanecek,UTA,G,2025-26,269.5001,0.0,0.0,0.0,0.0,0.0,0.0,0.0,0.0,0.0,0.0,0.0,0.0,0.0,0.0,0.0,0.0,0.0,0.0,0.0,0.0,0.0,0.0,0.0,0.0,0.0,0.0,0.0,0.0,0.0,26.0,26.0,1.0,0.0,0.0,0.0,1.0,0.0,16.0,4.0,25.0,4.0,1.0,0.0,0.0,0.0,0.0,0.0,0.0,0.0,0.0,0.0,0.0,0.0,0.0,0.0,0.0,0.0,0.0,0.0,0.0,0.0,0.0,0.0,0.0,0.0,0.0,0.0,0.0,0.0,0.0,0.0,0.0,0.0,0.0,0.0,0.0,0.0,0.0,0.0,0.0,0.0,0.0,0.0,0.0,0.0,0.0,0.0,0.0
Adam Ginning,PHI,D,2025-26,53.483333333333995,5.0,4.0,0.0,3.0,2.0,0.0,1.0,1.0,0.0,0.0,0.0,0.0,0.0,1.0,0.0,1.0,3.0,1.0,1.0,0.0,0.0,7.0,0.0,0.0,0.0,0.0,0.0,0.0,0.0,16.0,12.0,5.0,4.0,2.0,0.0,1.0,0.0,7.0,5.0,9.0,4.0,3.0,2.0,23.0,7.0,4.0,2.0,2.0,1.0,0.0,0.0,0.0,0.0,0.0,0.0,0.0,0.0,0.0,0.0,0.0,0.0,0.0,1.0,0.0,0.0,0.0,0.0,1.0,5.0,0.0,0.0,2.0,0.0,1.0,0.0,0.0,0.0,0.0,0.0,0.0,1.3600000000000003,0.66,0.0,0.7,0.0,0.0,0.0,1.3600000000000003
Bobby Brink,PHI,R,2025-26,184.050000000002,19.0,15.0,13.0,29.0,19.0,8.0,2.0,14.0,1.0,3.0,2.0,8.0,4.0,2.0,9.0,12.0,4.0,13.0,2.0,4.0,0.0,44.0,23.0,6.0,5.0,10.0,6.0,0.0,21.0,45.0,22.0,32.0,20.0,9.0,5.0,12.0,0.0,15.0,1.0,5.0,3.0,17.0,15.0,4.0,1.0,1.0,1.0,0.0,1.0,12.0,12.0,6.0,0.0,0.0,5.0,8.0,3.0,3.0,1.0,0.0,1.0,0.0,1.0,1.0,2.0,4.0,0.0,1.0,9.0,4.0,5.0,17.0,5.0,7.0,3.0,1.0,3.0,1.0,0.0,1.0,9.695,6.3500000000000005,1.0950000000000002,0.12000000000000001,0.9349999999999999,0.765,0.43000000000000005,9.265
Christian Dvorak,PHI,C,2025-26,259.7666666666637,31.0,27.0,28.0,37.0,24.0,11.0,2.0,9.0,1.0,4.0,1.0,5.0,5.0,4.0,13.0,18.0,11.0,13.0,6.0,5.0,5.0,53.0,32.0,6.0,12.0,11.0,8.0,2.0,24.0,55.0,38.0,35.0,18.0,4.0,9.0,17.0,5.0,20.0,4.0,10.0,4.0,23.0,12.0,10.0,2.0,2.0,0.0,0.0,1.0,2.0,1.0,0.0,3.0,3.0,8.0,4.0,2.0,5.0,1.0,0.0,1.0,1.0,1.0,4.0,7.0,5.0,1.0,1.0,18.0,9.0,4.0,19.0,6.0,12.0,2.0,0.0,5.0,1.0,3.0,2.0,13.135,8.790000000000001,1.6800000000000002,0.325,0.8500000000000002,0.8550000000000001,0.6350000000000001,12.5
Egor Zamula,PHI,D,2025-26,69.5,3.0,3.0,1.0,4.0,1.0,2.0,1.0,0.0,0.0,0.0,0.0,0.0,1.0,0.0,1.0,2.0,2.0,1.0,0.0,1.0,0.0,4.0,0.0,1.0,0.0,0.0,0.0,0.0,0.0,24.0,20.0,4.0,4.0,0.0,3.0,0.0,2.0,10.0,3.0,13.0,4.0,3.0,1.0,21.0,10.0,2.0,5.0,3.0,1.0,0.0,0.0,0.0,0.0,0.0,0.0,0.0,0.0,0.0,0.0,0.0,0.0,0.0,0.0,0.0,0.0,1.0,1.0,0.0,2.0,1.0,0.0,2.0,1.0,1.0,0.0,0.0,1.0,0.0,0.0,0.0,0.9950000000000001,0.5549999999999999,-0.045,0.34,0.14500000000000002,0.0,0.0,0.9950000000000001
Garnet Hathaway,PHI,R,2025-26,131.4833333333325,6.0,5.0,3.0,9.0,6.0,1.0,2.0,3.0,0.0,1.0,0.0,1.0,2.0,2.0,4.0,5.0,2.0,3.0,0.0,1.0,1.0,18.0,6.0,3.0,2.0,3.0,2.0,0.0,8.0,23.0,10.0,13.0,9.0,1.0,3.0,4.0,0.0,6.0,4.0,6.0,6.0,4.0,9.0,2.0,1.0,1.0,0.0,0.0,0.0,0.0,0.0,0.0,1.0,0.0,0.0,0.0,0.0,0.0,0.0,0.0,0.0,0.0,1.0,1.0,1.0,0.0,0.0,1.0,2.0,2.0,2.0,3.0,0.0,5.0,1.0,1.0,2.0,0.0,0.0,0.0,2.4400000000000004,1.6899999999999997,0.245,0.08,0.11499999999999998,0.255,0.055,2.3850000000000002
Jamie Drysdale,PHI,D,2025-26,345.133333333337,30.0,27.0,3.0,49.0,23.0,19.0,7.0,10.0,0.0,1.0,1.0,4.0,10.0,5.0,6.0,19.0,19.0,14.0,3.0,6.0,0.0,34.0,14.0,2.0,5.0,1.0,5.0,0.0,9.0,123.0,93.0,52.0,31.0,5.0,16.0,21.0,11.0,55.0,16.0,47.0,16.0,35.0,17.0,117.0,70.0,12.0,21.0,20.0,1.0,8.0,4.0,5.0,0.0,0.0,5.0,19.0,12.0,1.0,4.0,1.0,0.0,0.0,4.0,0.0,0.0,5.0,0.0,5.0,24.0,3.0,3.0,30.0,11.0,8.0,1.0,0.0,1.0,1.0,1.0,2.0,11.295,6.7250000000000005,0.8150000000000001,1.75,1.3400000000000003,0.18,0.485,10.809999999999999
Jett Luchanko,PHI,C,2025-26,16.4833333333334,1.0,0.0,1.0,1.0,1.0,0.0,0.0,1.0,0.0,0.0,1.0,0.0,0.0,0.0,0.0,0.0,1.0,1.0,0.0,0.0,1.0,5.0,3.0,0.0,0.0,0.0,1.0,0.0,0.0,4.0,2.0,3.0,2.0,0.0,0.0,1.0,1.0,1.0,2.0,0.0,1.0,1.0,2.0,0.0,0.0,0.0,0.0,0.0,0.0,0.0,0.0,0.0,0.0,0.0,0.0,0.0,0.0,0.0,0.0,0.0,0.0,0.0,0.0,0.0,0.0,0.0,0.0,0.0,1.0,0.0,0.0,1.0,0.0,0.0,0.0,0.0,0.0,0.0,0.0,0.0,0.61,0.43,0.19,0.0,-0.010000000000000002,0.0,0.0,0.61
Matvei Michkov,PHI,R,2025-26,237.66666666666742,41.0,33.0,27.0,47.0,31.0,10.0,6.0,17.0,0.0,5.0,4.0,1.0,9.0,2.0,19.0,18.0,16.0,19.0,4.0,11.0,2.0,73.0,38.0,12.0,10.0,9.0,12.0,3.0,16.0,48.0,20.0,27.0,19.0,1.0,6.0,8.0,3.0,10.0,1.0,7.0,4.0,10.0,17.0,3.0,0.0,3.0,0.0,0.0,0.0,7.0,4.0,2.0,0.0,0.0,5.0,9.0,5.0,3.0,3.0,0.0,2.0,0.0,1.0,2.0,3.0,3.0,0.0,2.0,22.0,11.0,8.0,28.0,10.0,8.0,6.0,2.0,4.0,0.0,7.0,0.0,14.485000000000001,10.570000000000002,1.935,0.195,0.74,0.645,0.39999999999999997,14.085
Nick Seeler,PHI,D,2025-26,291.233333333333,19.0,13.0,3.0,30.0,23.0,5.0,2.0,13.0,1.0,0.0,1.0,1.0,0.0,6.0,1.0,7.0,14.0,14.0,0.0,4.0,3.0,20.0,1.0,1.0,1.0,0.0,0.0,0.0,6.0,81.0,71.0,26.0,13.0,0.0,7.0,13.0,6.0,37.0,25.0,45.0,13.0,20.0,6.0,93.0,58.0,7.0,23.0,10.0,0.0,0.0,0.0,0.0,0.0,3.0,0.0,0.0,0.0,0.0,0.0,0.0,0.0,0.0,1.0,0.0,0.0,1.0,2.0,11.0,17.0,1.0,0.0,23.0,2.0,5.0,0.0,0.0,1.0,0.0,0.0,0.0,6.84,5.174999999999999,0.0,1.4199999999999997,0.05,0.09,0.10500000000000001,6.734999999999999
Nikita Grebenkin,PHI,R,2025-26,148.35,14.0,12.0,10.0,28.0,20.0,8.0,0.0,12.0,1.0,6.0,2.0,3.0,3.0,3.0,6.0,11.0,4.0,14.0,4.0,8.0,2.0,35.0,18.0,7.0,7.0,7.0,6.0,4.0,16.0,28.0,17.0,23.0,16.0,9.0,2.0,7.0,2.0,11.0,2.0,1.0,2.0,14.0,9.0,3.0,2.0,1.0,2.0,1.0,0.0,0.0,0.0,0.0,0.0,0.0,0.0,0.0,0.0,0.0,0.0,0.0,0.0,0.0,1.0,3.0,3.0,3.0,0.0,1.0,8.0,2.0,4.0,17.0,6.0,5.0,2.0,2.0,2.0,0.0,0.0,0.0,7.560000000000001,5.32,0.9650000000000001,0.025,0.6950000000000002,0.5549999999999999,0.0,7.560000000000001
Noah Cates,PHI,L,2025-26,238.3333333333343,31.0,27.0,23.0,28.0,13.0,12.0,3.0,8.0,2.0,3.0,0.0,3.0,3.0,3.0,16.0,11.0,11.0,9.0,1.0,4.0,0.0,68.0,26.0,2.0,11.0,7.0,10.0,7.0,40.0,42.0,24.0,30.0,21.0,10.0,7.0,9.0,0.0,17.0,5.0,6.0,6.0,18.0,12.0,12.0,0.0,6.0,0.0,0.0,0.0,8.0,5.0,1.0,4.0,2.0,4.0,2.0,1.0,3.0,0.0,0.0,1.0,0.0,2.0,5.0,3.0,2.0,3.0,0.0,15.0,8.0,8.0,17.0,3.0,8.0,5.0,2.0,4.0,1.0,3.0,0.0,11.840000000000003,7.215000000000001,1.875,0.5700000000000001,0.775,0.9150000000000001,0.49,11.350000000000003
Noah Juulsen,PHI,D,2025-26,158.6500000000004,7.0,5.0,2.0,10.0,4.0,4.0,2.0,1.0,0.0,0.0,1.0,1.0,0.0,4.0,1.0,4.0,5.0,4.0,1.0,1.0,0.0,14.0,3.0,0.0,0.0,0.0,0.0,0.0,6.0,67.0,49.0,34.0,19.0,3.0,10.0,15.0,3.0,30.0,9.0,21.0,11.0,25.0,9.0,63.0,36.0,5.0,16.0,8.0,6.0,0.0,0.0,0.0,0.0,3.0,0.0,0.0,0.0,0.0,0.0,0.0,0.0,0.0,2.0,0.0,0.0,1.0,5.0,1.0,6.0,1.0,0.0,6.0,1.0,3.0,0.0,0.0,0.0,0.0,0.0,0.0,3.435,1.5150000000000001,0.135,0.875,0.7150000000000001,0.09,0.10500000000000001,3.33
Owen Tippett,PHI,R,2025-26,263.40000000000003,43.0,27.0,19.0,35.0,18.0,14.0,3.0,11.0,2.0,2.0,1.0,4.0,8.0,4.0,24.0,19.0,15.0,11.0,3.0,7.0,3.0,72.0,45.0,15.0,7.0,13.0,8.0,3.0,22.0,69.0,43.0,48.0,29.0,13.0,10.0,19.0,7.0,24.0,8.0,8.0,12.0,28.0,20.0,16.0,4.0,7.0,3.0,0.0,0.0,14.0,11.0,8.0,1.0,0.0,14.0,7.0,3.0,9.0,3.0,0.0,0.0,0.0,4.0,3.0,4.0,1.0,0.0,1.0,18.0,10.0,15.0,14.0,7.0,14.0,8.0,4.0,3.0,2.0,3.0,3.0,14.055000000000001,8.715,1.8950000000000005,0.6200000000000001,0.9150000000000003,0.9150000000000003,0.9950000000000001,13.059999999999999
Sean Couturier,PHI,C,2025-26,249.7000000000007,36.0,27.0,23.0,40.0,22.0,15.0,3.0,9.0,0.0,1.0,2.0,2.0,12.0,4.0,10.0,19.0,19.0,9.0,4.0,5.0,2.0,79.0,33.0,4.0,12.0,6.0,11.0,4.0,31.0,58.0,31.0,43.0,22.0,8.0,4.0,21.0,1.0,15.0,2.0,8.0,3.0,22.0,21.0,11.0,2.0,6.0,0.0,1.0,1.0,3.0,0.0,0.0,3.0,3.0,7.0,6.0,2.0,4.0,2.0,1.0,0.0,0.0,2.0,1.0,6.0,3.0,0.0,1.0,26.0,5.0,5.0,20.0,11.0,9.0,4.0,1.0,2.0,2.0,1.0,0.0,13.369999999999997,8.525,2.0500000000000003,0.45500000000000007,0.9700000000000002,0.735,0.6350000000000001,12.735
Travis Konecny,PHI,R,2025-26,265.449999999999,40.0,33.0,25.0,57.0,37.0,16.0,4.0,22.0,3.0,8.0,1.0,6.0,6.0,1.0,19.0,20.0,13.0,23.0,4.0,14.0,9.0,87.0,50.0,8.0,16.0,13.0,15.0,6.0,31.0,70.0,42.0,45.0,30.0,16.0,7.0,15.0,6.0,24.0,2.0,10.0,8.0,26.0,19.0,9.0,1.0,4.0,0.0,0.0,0.0,12.0,9.0,4.0,2.0,0.0,8.0,14.0,9.0,6.0,5.0,2.0,0.0,0.0,4.0,3.0,3.0,3.0,1.0,2.0,21.0,6.0,13.0,37.0,14.0,6.0,7.0,5.0,1.0,2.0,2.0,1.0,18.590000000000003,11.995000000000001,2.9250000000000003,0.395,1.3,1.0499999999999998,0.925,17.665
Travis Sanheim,PHI,D,2025-26,369.4,30.0,22.0,11.0,54.0,26.0,18.0,10.0,19.0,2.0,0.0,0.0,2.0,6.0,10.0,10.0,25.0,14.0,15.0,1.0,6.0,3.0,51.0,21.0,6.0,10.0,1.0,9.0,2.0,14.0,136.0,96.0,45.0,26.0,6.0,7.0,19.0,14.0,47.0,10.0,60.0,12.0,22.0,23.0,127.0,82.0,12.0,24.0,11.0,4.0,4.0,0.0,2.0,4.0,5.0,3.0,6.0,4.0,1.0,2.0,0.0,0.0,0.0,4.0,0.0,0.0,2.0,3.0,10.0,20.0,4.0,6.0,29.0,11.0,14.0,5.0,0.0,1.0,2.0,1.0,1.0,14.294999999999998,8.715,1.2399999999999998,2.14,1.3150000000000004,0.255,0.63,13.665000000000003
Trevor Zegras,PHI,C,2025-26,284.16666666666737,27.0,21.0,17.0,58.0,37.0,14.0,7.0,18.0,3.0,8.0,4.0,6.0,8.0,6.0,15.0,28.0,8.0,21.0,2.0,13.0,2.0,86.0,51.0,8.0,16.0,5.0,10.0,4.0,24.0,55.0,29.0,43.0,32.0,10.0,12.0,11.0,1.0,25.0,6.0,8.0,7.0,20.0,23.0,9.0,3.0,3.0,1.0,2.0,0.0,22.0,15.0,8.0,0.0,0.0,13.0,19.0,14.0,5.0,8.0,0.0,4.0,0.0,4.0,2.0,5.0,8.0,0.0,1.0,12.0,9.0,6.0,29.0,11.0,18.0,4.0,2.0,1.0,4.0,4.0,0.0,15.485000000000001,9.755,2.625,0.235,1.2900000000000003,0.5850000000000001,0.9950000000000003,14.490000000000002
Tyson Foerster,PHI,R,2025-26,103.983333333333,17.0,13.0,11.0,10.0,4.0,4.0,2.0,3.0,0.0,0.0,1.0,0.0,2.0,1.0,7.0,4.0,6.0,5.0,2.0,2.0,1.0,33.0,8.0,1.0,1.0,8.0,2.0,2.0,19.0,23.0,12.0,20.0,9.0,2.0,5.0,11.0,1.0,5.0,2.0,0.0,3.0,11.0,9.0,1.0,0.0,1.0,0.0,0.0,0.0,5.0,3.0,3.0,1.0,1.0,5.0,3.0,0.0,5.0,0.0,0.0,0.0,0.0,0.0,1.0,4.0,0.0,1.0,0.0,10.0,1.0,6.0,6.0,2.0,2.0,2.0,4.0,0.0,0.0,1.0,0.0,5.24,3.3,0.495,0.065,0.265,0.645,0.47,4.77
Samuel Ersson,PHI,G,2025-26,372.73330000000004,0.0,0.0,0.0,0.0,0.0,0.0,0.0,0.0,0.0,0.0,0.0,0.0,0.0,0.0,0.0,0.0,0.0,0.0,0.0,0.0,0.0,0.0,0.0,0.0,0.0,0.0,0.0,0.0,0.0,32.0,32.0,3.0,0.0,0.0,0.0,3.0,1.0,16.0,4.0,28.0,4.0,3.0,0.0,0.0,0.0,0.0,0.0,0.0,0.0,0.0,0.0,0.0,0.0,0.0,0.0,0.0,0.0,0.0,0.0,0.0,0.0,0.0,0.0,0.0,0.0,0.0,0.0,0.0,0.0,0.0,0.0,0.0,0.0,0.0,0.0,0.0,0.0,0.0,0.0,0.0,0.0,0.0,0.0,0.0,0.0,0.0,0.0,0.0
Nicolas Deslauriers,PHI,L,2025-26,38.4666666666666,5.0,4.0,2.0,3.0,2.0,1.0,0.0,0.0,0.0,0.0,0.0,0.0,0.0,0.0,5.0,0.0,0.0,3.0,0.0,1.0,0.0,17.0,5.0,1.0,0.0,2.0,1.0,1.0,8.0,8.0,5.0,4.0,3.0,3.0,0.0,1.0,1.0,3.0,1.0,1.0,2.0,3.0,1.0,4.0,1.0,2.0,1.0,0.0,1.0,0.0,0.0,0.0,0.0,0.0,0.0,0.0,0.0,0.0,0.0,0.0,0.0,0.0,1.0,0.0,0.0,0.0,0.0,0.0,0.0,0.0,5.0,3.0,0.0,0.0,4.0,1.0,0.0,0.0,0.0,0.0,1.46,0.76,0.27,0.14500000000000002,0.07499999999999998,0.21,0.0,1.46
Rodrigo Abols,PHI,C,2025-26,86.3333333333336,11.0,9.0,5.0,7.0,5.0,2.0,0.0,2.0,0.0,0.0,1.0,0.0,1.0,0.0,2.0,5.0,7.0,2.0,0.0,0.0,1.0,27.0,10.0,0.0,4.0,3.0,0.0,0.0,6.0,17.0,12.0,9.0,4.0,1.0,3.0,5.0,1.0,7.0,1.0,4.0,2.0,7.0,2.0,5.0,0.0,4.0,0.0,0.0,0.0,0.0,0.0,0.0,0.0,0.0,0.0,0.0,0.0,0.0,0.0,0.0,0.0,0.0,1.0,0.0,1.0,0.0,2.0,2.0,9.0,2.0,0.0,2.0,0.0,5.0,0.0,0.0,0.0,1.0,1.0,0.0,3.215,2.04,0.45,0.29000000000000004,0.21000000000000002,0.22500000000000003,0.0,3.215
Dan Vladar,PHI,G,2025-26,538.7333,0.0,0.0,0.0,0.0,0.0,0.0,0.0,0.0,0.0,0.0,0.0,0.0,0.0,0.0,0.0,0.0,0.0,0.0,0.0,0.0,0.0,0.0,0.0,0.0,0.0,0.0,0.0,0.0,0.0,24.0,24.0,2.0,0.0,0.0,0.0,2.0,0.0,14.0,10.0,22.0,10.0,2.0,0.0,0.0,0.0,0.0,0.0,0.0,0.0,0.0,0.0,0.0,0.0,0.0,0.0,0.0,0.0,0.0,0.0,0.0,0.0,0.0,0.0,0.0,0.0,0.0,0.0,0.0,0.0,0.0,0.0,0.0,0.0,0.0,0.0,0.0,0.0,0.0,0.0,0.0,0.0,0.0,0.0,0.0,0.0,0.0,0.0,0.0
Uvis Balinskis,FLA,D,2025-26,144.01666666666668,5.0,4.0,2.0,19.0,16.0,3.0,0.0,4.0,0.0,0.0,0.0,1.0,3.0,7.0,2.0,10.0,2.0,5.0,0.0,2.0,0.0,26.0,4.0,0.0,0.0,0.0,0.0,2.0,6.0,46.0,37.0,14.0,10.0,1.0,7.0,4.0,4.0,25.0,7.0,23.0,8.0,10.0,4.0,47.0,32.0,7.0,11.0,9.0,1.0,5.0,2.0,1.0,0.0,0.0,4.0,8.0,6.0,2.0,1.0,0.0,0.0,0.0,0.0,0.0,0.0,0.0,0.0,3.0,3.0,2.0,0.0,9.0,3.0,7.0,0.0,0.0,2.0,0.0,0.0,0.0,3.8850000000000007,2.2600000000000002,0.25,0.635,0.45000000000000007,0.09,0.2,3.6850000000000005
Artem Zub,OTT,D,2025-26,318.46666666666806,28.0,21.0,4.0,24.0,14.0,7.0,3.0,8.0,0.0,1.0,0.0,0.0,4.0,4.0,4.0,8.0,18.0,5.0,2.0,1.0,1.0,22.0,2.0,2.0,1.0,1.0,0.0,1.0,6.0,106.0,69.0,40.0,26.0,0.0,6.0,14.0,8.0,38.0,14.0,45.0,10.0,16.0,24.0,121.0,69.0,18.0,21.0,14.0,4.0,1.0,0.0,0.0,1.0,8.0,0.0,0.0,0.0,0.0,0.0,0.0,0.0,0.0,4.0,0.0,0.0,3.0,0.0,3.0,24.0,2.0,2.0,15.0,4.0,5.0,2.0,0.0,0.0,1.0,1.0,0.0,8.875,4.780000000000001,0.035,2.5700000000000003,1.02,0.135,0.335,8.540000000000001
Brady Tkachuk,OTT,L,2025-26,155.366666666666,29.0,24.0,15.0,34.0,25.0,7.0,2.0,16.0,0.0,5.0,6.0,3.0,5.0,3.0,8.0,10.0,19.0,21.0,1.0,2.0,3.0,48.0,24.0,3.0,11.0,9.0,10.0,2.0,30.0,33.0,18.0,18.0,12.0,4.0,3.0,6.0,1.0,11.0,1.0,9.0,3.0,8.0,10.0,5.0,0.0,2.0,0.0,0.0,1.0,11.0,5.0,4.0,0.0,0.0,13.0,11.0,8.0,11.0,5.0,0.0,1.0,2.0,4.0,1.0,0.0,5.0,0.0,4.0,21.0,2.0,6.0,24.0,2.0,8.0,3.0,3.0,0.0,1.0,1.0,0.0,12.165000000000003,7.885,1.565,0.215,0.555,0.8549999999999999,1.09,11.075000000000003
Claude Giroux,OTT,R,2025-26,235.3000000000002,23.0,18.0,13.0,38.0,25.0,12.0,1.0,14.0,1.0,3.0,0.0,6.0,7.0,4.0,7.0,19.0,5.0,9.0,9.0,4.0,1.0,64.0,24.0,3.0,7.0,11.0,7.0,3.0,22.0,34.0,21.0,24.0,17.0,2.0,8.0,7.0,5.0,11.0,1.0,5.0,1.0,11.0,13.0,6.0,1.0,3.0,0.0,0.0,0.0,16.0,11.0,8.0,2.0,3.0,6.0,22.0,13.0,2.0,6.0,0.0,4.0,0.0,3.0,1.0,4.0,5.0,1.0,0.0,15.0,5.0,2.0,18.0,8.0,12.0,0.0,0.0,2.0,2.0,1.0,2.0,11.360000000000003,7.085000000000001,1.4350000000000003,0.28,0.8000000000000002,0.8250000000000002,0.9350000000000002,10.425
David Perron,OTT,L,2025-26,174.8833333333336,15.0,12.0,9.0,22.0,17.0,5.0,0.0,8.0,0.0,1.0,0.0,2.0,3.0,1.0,2.0,7.0,11.0,12.0,1.0,2.0,2.0,40.0,10.0,4.0,3.0,12.0,2.0,2.0,24.0,40.0,17.0,23.0,15.0,2.0,7.0,8.0,2.0,11.0,1.0,5.0,7.0,10.0,13.0,1.0,0.0,1.0,0.0,0.0,0.0,4.0,3.0,2.0,0.0,0.0,6.0,12.0,4.0,2.0,4.0,1.0,0.0,0.0,3.0,2.0,2.0,1.0,1.0,0.0,11.0,2.0,1.0,15.0,4.0,3.0,1.0,0.0,2.0,0.0,0.0,0.0,6.735000000000001,4.364999999999999,0.45000000000000007,0.065,0.52,0.9000000000000001,0.43500000000000005,6.300000000000001
Donovan Sebrango,OTT,D,2025-26,16.066666666667,2.0,2.0,0.0,2.0,0.0,1.0,1.0,0.0,0.0,0.0,0.0,0.0,0.0,2.0,1.0,2.0,1.0,0.0,0.0,0.0,0.0,2.0,0.0,1.0,0.0,0.0,0.0,0.0,1.0,6.0,6.0,0.0,0.0,0.0,0.0,0.0,0.0,2.0,3.0,6.0,2.0,0.0,0.0,4.0,1.0,0.0,0.0,0.0,0.0,0.0,0.0,0.0,0.0,0.0,0.0,0.0,0.0,0.0,0.0,0.0,0.0,0.0,1.0,0.0,0.0,0.0,0.0,0.0,1.0,0.0,1.0,0.0,0.0,2.0,1.0,0.0,0.0,0.0,0.0,0.0,0.21000000000000002,0.26,-0.045,0.105,-0.125,0.015,0.0,0.21000000000000002
Dylan Cozens,OTT,C,2025-26,251.19999999999598,41.0,29.0,23.0,39.0,26.0,9.0,4.0,10.0,3.0,6.0,1.0,6.0,6.0,3.0,23.0,18.0,13.0,14.0,3.0,6.0,3.0,81.0,51.0,12.0,13.0,9.0,13.0,0.0,26.0,55.0,25.0,38.0,28.0,18.0,4.0,10.0,2.0,17.0,3.0,7.0,6.0,16.0,22.0,10.0,5.0,2.0,4.0,2.0,0.0,8.0,4.0,3.0,0.0,0.0,14.0,15.0,7.0,10.0,3.0,1.0,2.0,0.0,6.0,2.0,3.0,4.0,2.0,1.0,18.0,8.0,15.0,21.0,7.0,11.0,8.0,1.0,5.0,0.0,3.0,5.0,14.71,9.345000000000002,2.47,0.15499999999999997,1.0900000000000003,0.795,0.8550000000000002,13.855
Fabian Zetterlund,OTT,L,2025-26,231.73333333333437,34.0,25.0,18.0,25.0,19.0,4.0,2.0,11.0,0.0,4.0,3.0,3.0,4.0,2.0,13.0,11.0,14.0,10.0,4.0,6.0,3.0,71.0,25.0,4.0,9.0,7.0,7.0,1.0,23.0,33.0,16.0,22.0,11.0,3.0,2.0,11.0,4.0,5.0,2.0,5.0,3.0,7.0,15.0,6.0,4.0,1.0,1.0,1.0,0.0,4.0,1.0,2.0,0.0,0.0,5.0,3.0,2.0,5.0,1.0,0.0,0.0,0.0,8.0,1.0,4.0,4.0,2.0,1.0,18.0,8.0,6.0,14.0,4.0,7.0,5.0,1.0,4.0,2.0,2.0,0.0,10.22,7.359999999999999,1.3650000000000002,0.1,0.33499999999999996,0.6600000000000001,0.4,9.820000000000002
Jake Sanderson,OTT,D,2025-26,294.91666666666697,39.0,27.0,10.0,46.0,22.0,20.0,4.0,7.0,2.0,2.0,0.0,0.0,10.0,13.0,8.0,24.0,16.0,12.0,4.0,10.0,1.0,48.0,14.0,2.0,4.0,1.0,3.0,3.0,5.0,184.0,148.0,80.0,54.0,7.0,31.0,26.0,13.0,83.0,9.0,75.0,11.0,59.0,21.0,93.0,59.0,10.0,12.0,8.0,3.0,11.0,7.0,6.0,1.0,2.0,15.0,25.0,10.0,4.0,6.0,1.0,1.0,0.0,8.0,1.0,0.0,2.0,0.0,2.0,29.0,5.0,4.0,19.0,11.0,16.0,2.0,1.0,1.0,1.0,3.0,0.0,14.34,7.5150000000000015,0.81,1.7100000000000002,3.265,0.12,0.92,13.42
Kurtis MacDermid,OTT,L,2025-26,13.966666666666601,0.0,0.0,0.0,0.0,0.0,0.0,0.0,0.0,0.0,0.0,0.0,0.0,0.0,0.0,0.0,0.0,0.0,0.0,0.0,0.0,0.0,2.0,0.0,0.0,0.0,0.0,0.0,0.0,2.0,0.0,0.0,0.0,0.0,0.0,0.0,0.0,0.0,0.0,0.0,0.0,0.0,0.0,0.0,0.0,0.0,0.0,0.0,0.0,0.0,0.0,0.0,0.0,0.0,0.0,0.0,0.0,0.0,0.0,0.0,0.0,0.0,0.0,0.0,0.0,0.0,0.0,0.0,0.0,0.0,0.0,0.0,0.0,0.0,0.0,0.0,0.0,0.0,0.0,0.0,0.0,0.03,0.0,0.0,0.0,0.0,0.03,0.0,0.03
Lars Eller,OTT,C,2025-26,182.3666666666674,11.0,9.0,8.0,14.0,7.0,5.0,2.0,2.0,0.0,1.0,0.0,1.0,2.0,1.0,4.0,4.0,6.0,7.0,0.0,5.0,1.0,39.0,16.0,6.0,3.0,7.0,2.0,0.0,22.0,52.0,29.0,35.0,21.0,10.0,4.0,14.0,3.0,17.0,3.0,8.0,2.0,18.0,17.0,2.0,0.0,1.0,0.0,0.0,0.0,0.0,0.0,0.0,1.0,1.0,1.0,0.0,0.0,1.0,0.0,0.0,0.0,0.0,1.0,1.0,3.0,0.0,0.0,0.0,7.0,3.0,1.0,9.0,2.0,3.0,1.0,0.0,1.0,1.0,0.0,0.0,5.17,2.7399999999999998,0.5599999999999999,0.095,0.9850000000000001,0.6449999999999999,0.14500000000000002,5.025
Michael Amadio,OTT,R,2025-26,280.883333333335,30.0,26.0,22.0,47.0,22.0,18.0,7.0,11.0,2.0,7.0,0.0,3.0,6.0,4.0,18.0,18.0,9.0,21.0,1.0,12.0,3.0,99.0,40.0,12.0,11.0,14.0,11.0,5.0,37.0,58.0,31.0,43.0,31.0,15.0,6.0,12.0,1.0,22.0,4.0,6.0,3.0,23.0,20.0,6.0,1.0,2.0,0.0,1.0,0.0,1.0,1.0,0.0,1.0,2.0,1.0,1.0,1.0,1.0,1.0,0.0,0.0,0.0,3.0,6.0,1.0,3.0,1.0,0.0,12.0,6.0,12.0,28.0,8.0,11.0,7.0,4.0,1.0,1.0,4.0,0.0,13.690000000000003,8.644999999999998,2.04,0.195,1.3900000000000001,1.185,0.23500000000000001,13.455000000000004
Nick Cousins,OTT,C,2025-26,211.46666666666627,14.0,11.0,5.0,26.0,12.0,14.0,0.0,5.0,0.0,3.0,1.0,1.0,4.0,1.0,3.0,9.0,9.0,14.0,2.0,9.0,0.0,53.0,21.0,6.0,5.0,7.0,3.0,4.0,21.0,56.0,31.0,29.0,15.0,8.0,3.0,14.0,4.0,16.0,2.0,13.0,3.0,14.0,15.0,2.0,1.0,0.0,0.0,0.0,0.0,0.0,0.0,0.0,0.0,1.0,0.0,0.0,0.0,0.0,0.0,0.0,0.0,0.0,1.0,1.0,0.0,3.0,6.0,1.0,11.0,3.0,0.0,16.0,6.0,4.0,0.0,0.0,1.0,0.0,2.0,0.0,6.125000000000001,3.685000000000001,0.98,0.045,0.75,0.63,0.035,6.090000000000001
Nick Jensen,OTT,D,2025-26,221.016666666666,21.0,12.0,3.0,28.0,16.0,10.0,2.0,5.0,1.0,0.0,0.0,4.0,5.0,7.0,2.0,13.0,13.0,9.0,4.0,6.0,1.0,20.0,2.0,1.0,1.0,0.0,0.0,2.0,4.0,79.0,59.0,34.0,21.0,2.0,12.0,13.0,3.0,42.0,18.0,36.0,14.0,20.0,14.0,58.0,42.0,6.0,16.0,10.0,1.0,1.0,1.0,1.0,0.0,2.0,0.0,0.0,0.0,0.0,0.0,0.0,0.0,0.0,1.0,1.0,0.0,1.0,1.0,2.0,18.0,1.0,2.0,14.0,4.0,10.0,0.0,1.0,0.0,1.0,0.0,1.0,6.000000000000001,4.390000000000001,0.115,0.665,0.665,0.06,0.10500000000000001,5.8950000000000005
Nikolas Matinpalo,OTT,D,2025-26,215.88333333333168,17.0,12.0,6.0,17.0,8.0,6.0,3.0,1.0,0.0,0.0,0.0,0.0,5.0,3.0,2.0,8.0,11.0,3.0,3.0,1.0,1.0,20.0,2.0,1.0,0.0,0.0,0.0,0.0,4.0,74.0,52.0,31.0,10.0,0.0,6.0,21.0,6.0,24.0,18.0,25.0,12.0,20.0,11.0,76.0,44.0,6.0,13.0,9.0,1.0,0.0,0.0,0.0,0.0,4.0,0.0,0.0,0.0,0.0,0.0,0.0,0.0,0.0,1.0,1.0,0.0,1.0,0.0,1.0,14.0,3.0,0.0,9.0,5.0,3.0,0.0,0.0,0.0,1.0,2.0,0.0,4.444999999999999,3.04,0.045,1.2599999999999998,-0.10000000000000003,0.06,0.14,4.305
Ridly Greig,OTT,C,2025-26,205.4000000000007,28.0,24.0,21.0,21.0,16.0,3.0,2.0,8.0,0.0,4.0,1.0,5.0,1.0,2.0,13.0,11.0,14.0,10.0,1.0,2.0,3.0,56.0,29.0,9.0,6.0,5.0,9.0,1.0,20.0,35.0,23.0,23.0,16.0,8.0,3.0,7.0,3.0,11.0,7.0,7.0,6.0,13.0,10.0,7.0,2.0,3.0,0.0,0.0,0.0,6.0,4.0,3.0,5.0,3.0,5.0,2.0,1.0,4.0,1.0,1.0,0.0,0.0,1.0,6.0,3.0,2.0,1.0,0.0,15.0,5.0,8.0,10.0,5.0,6.0,5.0,2.0,0.0,0.0,5.0,1.0,10.075000000000001,6.659999999999999,1.4300000000000002,0.28500000000000003,0.38,0.5249999999999999,0.7949999999999998,9.280000000000001
Shane Pinto,OTT,C,2025-26,265.0999999999993,38.0,28.0,17.0,46.0,30.0,14.0,2.0,13.0,0.0,6.0,1.0,5.0,8.0,2.0,17.0,18.0,17.0,20.0,0.0,7.0,2.0,79.0,42.0,6.0,15.0,10.0,11.0,4.0,27.0,50.0,25.0,36.0,24.0,11.0,5.0,12.0,6.0,15.0,4.0,4.0,5.0,15.0,21.0,10.0,2.0,4.0,1.0,1.0,0.0,13.0,7.0,4.0,5.0,1.0,8.0,5.0,3.0,7.0,2.0,0.0,0.0,0.0,3.0,3.0,3.0,6.0,7.0,2.0,20.0,9.0,9.0,26.0,4.0,15.0,7.0,2.0,2.0,2.0,5.0,0.0,14.435000000000002,9.015000000000002,2.3649999999999998,0.35500000000000004,0.9000000000000001,0.855,0.9450000000000001,13.49
Thomas Chabot,OTT,D,2025-26,202.66666666666765,21.0,18.0,3.0,35.0,16.0,16.0,3.0,8.0,3.0,0.0,0.0,5.0,4.0,8.0,4.0,15.0,13.0,12.0,1.0,10.0,1.0,43.0,12.0,3.0,4.0,0.0,3.0,3.0,1.0,78.0,52.0,29.0,21.0,4.0,8.0,8.0,4.0,34.0,6.0,34.0,6.0,14.0,15.0,57.0,31.0,10.0,8.0,9.0,3.0,4.0,2.0,0.0,0.0,2.0,4.0,13.0,9.0,1.0,4.0,0.0,0.0,0.0,3.0,0.0,0.0,5.0,3.0,2.0,17.0,2.0,2.0,20.0,7.0,8.0,1.0,1.0,0.0,1.0,1.0,0.0,8.465000000000002,5.194999999999999,0.6749999999999999,1.07,1.165,0.015,0.3450000000000001,8.12
Tim Stützle,OTT,C,2025-26,264.36666666666605,35.0,29.0,27.0,70.0,47.0,15.0,8.0,17.0,3.0,10.0,2.0,8.0,7.0,5.0,12.0,23.0,17.0,23.0,4.0,15.0,6.0,106.0,75.0,12.0,25.0,10.0,20.0,4.0,21.0,61.0,32.0,36.0,32.0,15.0,8.0,4.0,0.0,27.0,6.0,11.0,10.0,21.0,15.0,9.0,3.0,3.0,1.0,1.0,0.0,30.0,23.0,17.0,4.0,2.0,7.0,27.0,11.0,5.0,6.0,2.0,4.0,0.0,4.0,4.0,2.0,10.0,1.0,3.0,23.0,4.0,8.0,44.0,13.0,13.0,4.0,2.0,2.0,2.0,0.0,2.0,20.135,12.225000000000003,4.074999999999999,0.27499999999999997,1.2350000000000003,0.765,1.56,18.575000000000003
Linus Ullmark,OTT,G,2025-26,437.5834,0.0,0.0,0.0,0.0,0.0,0.0,0.0,0.0,0.0,0.0,0.0,0.0,0.0,0.0,0.0,0.0,0.0,0.0,0.0,0.0,0.0,0.0,0.0,0.0,0.0,0.0,0.0,0.0,0.0,21.0,21.0,1.0,0.0,0.0,0.0,1.0,0.0,12.0,7.0,20.0,5.0,1.0,0.0,0.0,0.0,0.0,0.0,0.0,0.0,0.0,0.0,0.0,0.0,0.0,0.0,0.0,0.0,0.0,0.0,0.0,0.0,0.0,0.0,0.0,0.0,0.0,0.0,0.0,0.0,0.0,0.0,0.0,0.0,0.0,0.0,0.0,0.0,0.0,0.0,0.0,0.0,0.0,0.0,0.0,0.0,0.0,0.0,0.0
Emil Andrae,PHI,D,2025-26,160.40000000000168,11.0,5.0,0.0,25.0,16.0,8.0,1.0,7.0,2.0,0.0,0.0,1.0,3.0,5.0,0.0,14.0,5.0,7.0,2.0,6.0,0.0,20.0,9.0,2.0,4.0,1.0,2.0,1.0,9.0,65.0,50.0,35.0,22.0,3.0,15.0,13.0,3.0,34.0,11.0,24.0,7.0,23.0,12.0,62.0,33.0,6.0,15.0,9.0,2.0,0.0,0.0,0.0,0.0,0.0,0.0,0.0,0.0,0.0,0.0,0.0,0.0,0.0,2.0,0.0,0.0,0.0,3.0,3.0,10.0,1.0,0.0,11.0,7.0,7.0,0.0,0.0,0.0,1.0,0.0,0.0,5.8100000000000005,3.2199999999999998,0.45999999999999996,0.9600000000000001,0.99,0.18,0.0,5.8100000000000005
Daniil Tarasov,FLA,G,2025-26,174.9333,0.0,0.0,0.0,0.0,0.0,0.0,0.0,0.0,0.0,0.0,0.0,0.0,0.0,0.0,0.0,0.0,0.0,0.0,0.0,0.0,0.0,0.0,0.0,0.0,0.0,0.0,0.0,0.0,0.0,10.0,10.0,2.0,0.0,0.0,0.0,2.0,0.0,5.0,3.0,8.0,3.0,2.0,0.0,0.0,0.0,0.0,0.0,0.0,0.0,0.0,0.0,0.0,0.0,0.0,0.0,0.0,0.0,0.0,0.0,0.0,0.0,0.0,0.0,0.0,0.0,0.0,0.0,0.0,0.0,0.0,0.0,0.0,0.0,0.0,0.0,0.0,0.0,0.0,0.0,0.0,0.0,0.0,0.0,0.0,0.0,0.0,0.0,0.0
Brian Halonen,N.J,L,2025-26,36.15,8.0,7.0,3.0,3.0,2.0,1.0,0.0,2.0,0.0,0.0,0.0,0.0,0.0,1.0,5.0,2.0,3.0,0.0,0.0,0.0,0.0,16.0,3.0,2.0,0.0,7.0,2.0,0.0,2.0,7.0,4.0,5.0,5.0,4.0,1.0,0.0,0.0,3.0,1.0,1.0,0.0,3.0,2.0,0.0,0.0,0.0,0.0,0.0,0.0,0.0,0.0,0.0,0.0,0.0,0.0,0.0,0.0,0.0,0.0,0.0,0.0,0.0,1.0,1.0,0.0,0.0,1.0,0.0,3.0,3.0,2.0,1.0,1.0,1.0,2.0,0.0,1.0,1.0,1.0,0.0,1.975,1.26,0.15500000000000003,0.0,0.21500000000000002,0.345,0.0,1.975
Jake Allen,N.J,G,2025-26,560.3498999999999,0.0,0.0,0.0,0.0,0.0,0.0,0.0,0.0,0.0,0.0,0.0,0.0,0.0,0.0,0.0,0.0,0.0,0.0,0.0,0.0,0.0,0.0,0.0,0.0,0.0,0.0,0.0,0.0,0.0,56.0,56.0,5.0,1.0,0.0,1.0,4.0,1.0,30.0,18.0,50.0,18.0,5.0,0.0,0.0,0.0,0.0,0.0,0.0,0.0,0.0,0.0,0.0,0.0,0.0,0.0,0.0,0.0,0.0,0.0,0.0,0.0,0.0,0.0,0.0,0.0,0.0,0.0,0.0,0.0,0.0,0.0,0.0,0.0,0.0,0.0,0.0,0.0,0.0,0.0,0.0,0.0,0.0,0.0,0.0,0.0,0.0,0.0,0.0
Juuso Parssinen,NYR,C,2025-26,24.266666666666598,4.0,3.0,2.0,4.0,2.0,2.0,0.0,0.0,0.0,1.0,0.0,0.0,0.0,0.0,1.0,0.0,3.0,4.0,0.0,2.0,0.0,8.0,3.0,0.0,0.0,0.0,0.0,1.0,5.0,3.0,1.0,2.0,2.0,2.0,0.0,0.0,0.0,1.0,0.0,0.0,0.0,1.0,1.0,1.0,1.0,0.0,0.0,0.0,0.0,0.0,0.0,0.0,0.0,0.0,0.0,0.0,0.0,0.0,0.0,0.0,0.0,0.0,2.0,0.0,1.0,0.0,2.0,0.0,3.0,1.0,0.0,4.0,0.0,0.0,0.0,0.0,0.0,1.0,0.0,0.0,1.095,0.74,0.17,0.015,0.095,0.075,0.0,1.095
Ben Jones,MIN,C,2025-26,73.6499999999999,5.0,4.0,3.0,9.0,8.0,1.0,0.0,4.0,0.0,1.0,0.0,3.0,2.0,1.0,2.0,7.0,3.0,2.0,0.0,0.0,0.0,15.0,9.0,1.0,4.0,1.0,2.0,0.0,5.0,15.0,9.0,11.0,5.0,1.0,1.0,6.0,1.0,3.0,1.0,2.0,2.0,6.0,5.0,1.0,0.0,0.0,0.0,0.0,0.0,0.0,0.0,0.0,1.0,1.0,0.0,0.0,0.0,0.0,0.0,0.0,0.0,0.0,2.0,0.0,1.0,1.0,0.0,1.0,3.0,1.0,1.0,2.0,2.0,5.0,0.0,1.0,0.0,0.0,1.0,0.0,2.64,1.7850000000000001,0.47,0.03,0.145,0.12,0.09,2.5500000000000003
Brock Faber,MIN,D,2025-26,371.56666666666604,49.0,38.0,6.0,54.0,27.0,19.0,8.0,11.0,2.0,2.0,1.0,3.0,7.0,9.0,12.0,19.0,22.0,12.0,10.0,11.0,0.0,38.0,18.0,5.0,3.0,0.0,4.0,2.0,2.0,139.0,93.0,51.0,37.0,6.0,18.0,14.0,6.0,61.0,16.0,55.0,17.0,32.0,19.0,120.0,82.0,12.0,22.0,18.0,3.0,5.0,5.0,3.0,0.0,6.0,3.0,4.0,1.0,0.0,1.0,0.0,0.0,0.0,9.0,1.0,2.0,2.0,0.0,6.0,32.0,6.0,10.0,34.0,9.0,11.0,7.0,1.0,1.0,3.0,2.0,2.0,13.754999999999999,8.910000000000002,0.8750000000000001,1.9050000000000002,1.665,0.03,0.37,13.385000000000002
Danila Yurov,MIN,R,2025-26,184.6333333333331,28.0,22.0,22.0,25.0,9.0,13.0,3.0,4.0,0.0,3.0,0.0,1.0,3.0,5.0,13.0,12.0,10.0,7.0,4.0,7.0,1.0,46.0,25.0,5.0,5.0,8.0,3.0,0.0,20.0,33.0,20.0,23.0,15.0,7.0,2.0,8.0,1.0,11.0,3.0,7.0,5.0,12.0,11.0,8.0,5.0,3.0,0.0,1.0,0.0,3.0,2.0,1.0,0.0,0.0,2.0,4.0,2.0,0.0,1.0,0.0,0.0,0.0,3.0,7.0,4.0,0.0,1.0,0.0,14.0,2.0,12.0,12.0,3.0,10.0,4.0,5.0,1.0,0.0,2.0,2.0,8.725000000000001,6.16,1.065,0.22999999999999998,0.52,0.6599999999999999,0.09,8.635000000000002
David Jiricek,MIN,D,2025-26,55.416666666665996,4.0,4.0,1.0,5.0,4.0,0.0,1.0,0.0,0.0,1.0,0.0,0.0,0.0,2.0,0.0,2.0,4.0,3.0,0.0,0.0,1.0,1.0,0.0,0.0,0.0,0.0,0.0,0.0,0.0,17.0,14.0,6.0,3.0,0.0,2.0,3.0,1.0,8.0,1.0,9.0,0.0,4.0,2.0,20.0,13.0,1.0,2.0,3.0,2.0,0.0,0.0,0.0,0.0,1.0,0.0,0.0,0.0,0.0,0.0,0.0,0.0,0.0,1.0,0.0,0.0,2.0,1.0,0.0,4.0,0.0,0.0,3.0,0.0,2.0,0.0,0.0,0.0,0.0,0.0,0.0,1.3449999999999998,0.78,0.0,0.26,0.27,0.0,0.035,1.3099999999999998
Jake Middleton,MIN,D,2025-26,231.133333333333,20.0,13.0,5.0,29.0,15.0,9.0,5.0,6.0,2.0,1.0,0.0,2.0,5.0,6.0,3.0,14.0,13.0,7.0,2.0,2.0,1.0,29.0,17.0,2.0,6.0,0.0,5.0,2.0,3.0,100.0,78.0,37.0,17.0,4.0,4.0,20.0,3.0,45.0,15.0,53.0,3.0,21.0,16.0,96.0,64.0,8.0,18.0,10.0,3.0,0.0,0.0,0.0,0.0,1.0,0.0,0.0,0.0,0.0,0.0,0.0,0.0,0.0,3.0,1.0,1.0,3.0,6.0,4.0,17.0,0.0,3.0,12.0,8.0,9.0,3.0,0.0,0.0,0.0,0.0,0.0,8.259999999999998,4.585,1.02,1.4849999999999999,1.0900000000000003,0.045,0.035,8.225
Jared Spurgeon,MIN,D,2025-26,276.03333333333507,21.0,15.0,7.0,37.0,20.0,12.0,5.0,6.0,1.0,1.0,0.0,2.0,1.0,6.0,4.0,9.0,9.0,15.0,5.0,7.0,3.0,24.0,7.0,2.0,2.0,2.0,2.0,0.0,4.0,118.0,82.0,38.0,20.0,1.0,5.0,18.0,9.0,41.0,8.0,60.0,8.0,13.0,25.0,98.0,57.0,9.0,22.0,10.0,1.0,0.0,0.0,0.0,0.0,3.0,3.0,9.0,2.0,1.0,2.0,0.0,0.0,0.0,3.0,0.0,0.0,2.0,1.0,5.0,17.0,2.0,2.0,28.0,2.0,7.0,2.0,0.0,0.0,0.0,1.0,0.0,8.989999999999998,5.415000000000001,0.33499999999999996,1.6550000000000002,1.165,0.15000000000000002,0.27,8.72
Joel Eriksson Ek,MIN,C,2025-26,207.1499999999973,30.0,23.0,15.0,31.0,21.0,8.0,2.0,9.0,2.0,2.0,0.0,1.0,6.0,1.0,7.0,13.0,14.0,13.0,5.0,10.0,2.0,61.0,28.0,8.0,15.0,10.0,6.0,5.0,19.0,40.0,22.0,25.0,21.0,9.0,9.0,4.0,2.0,15.0,2.0,6.0,3.0,14.0,11.0,9.0,2.0,6.0,1.0,1.0,0.0,2.0,2.0,2.0,3.0,0.0,12.0,8.0,4.0,7.0,2.0,1.0,1.0,0.0,1.0,4.0,7.0,2.0,0.0,2.0,21.0,2.0,6.0,17.0,5.0,9.0,3.0,1.0,0.0,0.0,2.0,1.0,10.990000000000002,6.755,1.405,0.39499999999999996,0.9350000000000002,0.7349999999999999,0.7650000000000001,10.224999999999998
Jonas Brodin,MIN,D,2025-26,246.21666666666798,22.0,17.0,1.0,28.0,12.0,12.0,4.0,5.0,1.0,1.0,0.0,0.0,4.0,6.0,3.0,11.0,13.0,9.0,4.0,4.0,0.0,24.0,9.0,0.0,0.0,0.0,1.0,2.0,2.0,100.0,82.0,31.0,15.0,1.0,10.0,16.0,7.0,38.0,18.0,53.0,8.0,22.0,9.0,106.0,65.0,14.0,22.0,12.0,3.0,0.0,0.0,0.0,0.0,2.0,0.0,0.0,0.0,0.0,0.0,0.0,0.0,0.0,3.0,1.0,0.0,2.0,2.0,4.0,19.0,1.0,2.0,17.0,4.0,7.0,1.0,0.0,1.0,0.0,0.0,1.0,7.0,3.9650000000000003,0.53,1.84,0.5650000000000001,0.03,0.07,6.93
Kirill Kaprizov,MIN,L,2025-26,303.516666666668,45.0,34.0,28.0,78.0,41.0,28.0,9.0,24.0,3.0,4.0,3.0,7.0,10.0,8.0,16.0,36.0,18.0,23.0,6.0,14.0,8.0,109.0,75.0,19.0,31.0,7.0,22.0,2.0,33.0,83.0,50.0,54.0,39.0,16.0,15.0,15.0,7.0,28.0,8.0,13.0,11.0,29.0,25.0,4.0,1.0,3.0,0.0,0.0,0.0,18.0,15.0,12.0,0.0,0.0,25.0,25.0,17.0,16.0,12.0,0.0,2.0,1.0,8.0,3.0,6.0,6.0,3.0,2.0,26.0,9.0,9.0,37.0,14.0,27.0,4.0,3.0,3.0,1.0,4.0,2.0,22.365,14.15,3.8000000000000003,0.21000000000000002,1.4000000000000004,0.81,1.9950000000000003,20.37
Marcus Foligno,MIN,L,2025-26,172.03333333333202,14.0,9.0,8.0,32.0,19.0,11.0,2.0,8.0,0.0,4.0,0.0,3.0,8.0,3.0,9.0,14.0,5.0,12.0,0.0,8.0,4.0,47.0,18.0,6.0,5.0,11.0,5.0,2.0,28.0,40.0,16.0,27.0,19.0,7.0,3.0,8.0,1.0,11.0,2.0,6.0,4.0,9.0,18.0,7.0,3.0,3.0,2.0,0.0,0.0,0.0,0.0,0.0,2.0,3.0,0.0,0.0,0.0,0.0,0.0,0.0,0.0,0.0,0.0,2.0,2.0,1.0,3.0,0.0,5.0,6.0,3.0,18.0,6.0,8.0,0.0,2.0,2.0,1.0,1.0,1.0,7.910000000000001,4.925000000000001,0.8850000000000001,0.24,0.73,0.915,0.215,7.695000000000001
Marcus Johansson,MIN,L,2025-26,174.48333333333468,18.0,15.0,10.0,28.0,19.0,5.0,4.0,6.0,1.0,7.0,0.0,3.0,1.0,3.0,7.0,6.0,6.0,10.0,2.0,12.0,3.0,47.0,21.0,6.0,9.0,5.0,3.0,5.0,14.0,47.0,26.0,30.0,18.0,7.0,4.0,12.0,1.0,15.0,1.0,10.0,3.0,15.0,15.0,4.0,1.0,1.0,1.0,0.0,0.0,8.0,6.0,4.0,1.0,2.0,0.0,4.0,2.0,0.0,1.0,1.0,0.0,0.0,2.0,2.0,0.0,2.0,2.0,1.0,11.0,2.0,5.0,19.0,2.0,7.0,3.0,1.0,0.0,1.0,1.0,1.0,7.81,5.0150000000000015,1.0150000000000001,0.125,0.865,0.435,0.355,7.455
Matt Boldy,MIN,L,2025-26,231.716666666666,49.0,39.0,27.0,53.0,30.0,18.0,5.0,18.0,4.0,3.0,4.0,8.0,7.0,1.0,18.0,20.0,21.0,22.0,7.0,9.0,4.0,86.0,51.0,3.0,14.0,10.0,14.0,3.0,28.0,49.0,28.0,38.0,27.0,12.0,4.0,11.0,0.0,19.0,3.0,7.0,4.0,21.0,17.0,13.0,5.0,6.0,1.0,2.0,0.0,23.0,18.0,15.0,6.0,5.0,21.0,34.0,16.0,11.0,8.0,2.0,3.0,0.0,4.0,2.0,6.0,4.0,3.0,6.0,31.0,10.0,8.0,32.0,12.0,8.0,7.0,1.0,4.0,2.0,4.0,0.0,19.88,12.225,3.035,0.42999999999999994,1.175,0.8700000000000001,2.145,17.735
Ryan Hartman,MIN,R,2025-26,242.26666666666898,45.0,31.0,21.0,46.0,30.0,10.0,6.0,15.0,3.0,6.0,0.0,2.0,7.0,8.0,13.0,26.0,23.0,11.0,7.0,5.0,4.0,71.0,49.0,7.0,14.0,4.0,16.0,0.0,15.0,45.0,25.0,29.0,16.0,7.0,5.0,13.0,2.0,11.0,6.0,6.0,9.0,17.0,12.0,10.0,2.0,7.0,0.0,0.0,1.0,1.0,1.0,1.0,0.0,0.0,4.0,4.0,2.0,2.0,0.0,0.0,2.0,0.0,8.0,3.0,4.0,3.0,4.0,3.0,32.0,6.0,7.0,19.0,11.0,15.0,4.0,0.0,2.0,2.0,2.0,3.0,14.279999999999998,10.150000000000002,2.77,0.5,0.30999999999999994,0.405,0.145,14.135
Tyler Pitlick,MIN,C,2025-26,59.5666666666668,7.0,3.0,4.0,2.0,2.0,0.0,0.0,1.0,1.0,1.0,0.0,0.0,0.0,0.0,4.0,0.0,2.0,2.0,1.0,0.0,1.0,17.0,8.0,1.0,1.0,3.0,1.0,2.0,9.0,16.0,10.0,11.0,4.0,3.0,0.0,7.0,1.0,5.0,1.0,2.0,3.0,7.0,4.0,3.0,1.0,1.0,0.0,0.0,0.0,0.0,0.0,0.0,0.0,0.0,0.0,0.0,0.0,0.0,0.0,0.0,0.0,0.0,0.0,0.0,0.0,0.0,0.0,0.0,3.0,0.0,4.0,2.0,0.0,0.0,1.0,2.0,0.0,0.0,0.0,1.0,2.18,1.2349999999999999,0.44,0.11,0.125,0.27,0.0,2.18
Vinnie Hinostroza,MIN,C,2025-26,128.7833333333351,14.0,9.0,6.0,21.0,14.0,5.0,2.0,8.0,4.0,2.0,2.0,2.0,4.0,0.0,8.0,8.0,5.0,11.0,1.0,6.0,1.0,34.0,20.0,6.0,6.0,6.0,6.0,0.0,13.0,23.0,12.0,13.0,8.0,4.0,2.0,5.0,2.0,8.0,5.0,4.0,6.0,6.0,7.0,7.0,1.0,1.0,1.0,0.0,1.0,1.0,1.0,1.0,0.0,0.0,1.0,0.0,0.0,1.0,0.0,0.0,0.0,0.0,1.0,1.0,2.0,2.0,1.0,2.0,6.0,2.0,6.0,13.0,4.0,4.0,4.0,1.0,0.0,0.0,2.0,1.0,5.965000000000001,4.155,0.9600000000000001,0.2,0.095,0.46499999999999997,0.09,5.875000000000001
Vladimir Tarasenko,MIN,R,2025-26,191.8666666666666,27.0,23.0,16.0,34.0,21.0,9.0,4.0,7.0,0.0,7.0,1.0,4.0,7.0,2.0,9.0,17.0,13.0,11.0,3.0,8.0,3.0,38.0,19.0,12.0,7.0,7.0,7.0,2.0,10.0,34.0,19.0,23.0,16.0,9.0,3.0,7.0,4.0,11.0,5.0,4.0,6.0,11.0,12.0,4.0,2.0,2.0,1.0,2.0,0.0,5.0,4.0,4.0,0.0,0.0,9.0,16.0,8.0,6.0,3.0,1.0,0.0,0.0,5.0,2.0,1.0,1.0,3.0,3.0,17.0,4.0,6.0,16.0,6.0,12.0,4.0,2.0,2.0,1.0,0.0,0.0,9.18,6.760000000000001,0.77,0.065,0.45000000000000007,0.4650000000000001,0.67,8.510000000000002
Yakov Trenin,MIN,C,2025-26,217.14999999999867,30.0,21.0,21.0,24.0,13.0,7.0,4.0,6.0,1.0,2.0,1.0,2.0,1.0,0.0,8.0,7.0,18.0,13.0,2.0,8.0,2.0,62.0,27.0,7.0,7.0,16.0,3.0,3.0,30.0,46.0,24.0,28.0,14.0,5.0,5.0,14.0,3.0,12.0,6.0,8.0,10.0,13.0,15.0,1.0,0.0,1.0,0.0,0.0,0.0,0.0,0.0,0.0,2.0,1.0,0.0,0.0,0.0,0.0,0.0,0.0,0.0,0.0,3.0,2.0,9.0,7.0,2.0,1.0,22.0,5.0,3.0,17.0,2.0,5.0,3.0,0.0,1.0,2.0,2.0,0.0,9.38,6.6000000000000005,1.17,0.065,0.22999999999999998,1.17,0.145,9.235
Zeev Buium,MIN,D,2025-26,126.916666666667,11.0,10.0,5.0,11.0,7.0,3.0,1.0,3.0,0.0,0.0,0.0,2.0,2.0,2.0,3.0,4.0,7.0,3.0,1.0,1.0,0.0,21.0,11.0,1.0,0.0,0.0,2.0,0.0,0.0,43.0,28.0,19.0,12.0,0.0,7.0,7.0,2.0,15.0,2.0,14.0,5.0,12.0,7.0,36.0,22.0,5.0,9.0,9.0,0.0,9.0,7.0,6.0,0.0,0.0,3.0,9.0,5.0,0.0,0.0,0.0,0.0,0.0,0.0,1.0,0.0,2.0,0.0,0.0,8.0,1.0,2.0,7.0,3.0,1.0,2.0,0.0,0.0,1.0,0.0,0.0,4.130000000000001,2.3800000000000003,0.56,0.43,0.5499999999999999,0.0,0.21000000000000002,3.920000000000001
Filip Gustavsson,MIN,G,2025-26,589.4333,0.0,0.0,0.0,0.0,0.0,0.0,0.0,0.0,0.0,0.0,0.0,0.0,0.0,0.0,0.0,0.0,0.0,0.0,0.0,0.0,0.0,0.0,0.0,0.0,0.0,0.0,0.0,0.0,0.0,30.0,30.0,3.0,1.0,0.0,1.0,2.0,0.0,17.0,8.0,27.0,7.0,3.0,0.0,0.0,0.0,0.0,0.0,0.0,0.0,0.0,0.0,0.0,0.0,0.0,0.0,0.0,0.0,0.0,0.0,0.0,0.0,0.0,0.0,0.0,0.0,0.0,0.0,0.0,0.0,0.0,0.0,0.0,0.0,0.0,0.0,0.0,0.0,0.0,0.0,0.0,0.0,0.0,0.0,0.0,0.0,0.0,0.0,0.0
Jack Roslovic,EDM,C,2025-26,142.666666666667,16.0,13.0,12.0,33.0,18.0,14.0,1.0,12.0,3.0,3.0,3.0,6.0,3.0,3.0,10.0,15.0,4.0,12.0,2.0,5.0,4.0,51.0,32.0,10.0,11.0,7.0,7.0,3.0,15.0,35.0,23.0,25.0,22.0,11.0,8.0,3.0,2.0,19.0,1.0,5.0,2.0,16.0,9.0,1.0,0.0,1.0,0.0,0.0,0.0,1.0,1.0,1.0,0.0,0.0,5.0,5.0,2.0,3.0,0.0,0.0,0.0,0.0,3.0,0.0,1.0,2.0,1.0,1.0,6.0,4.0,6.0,16.0,7.0,10.0,5.0,1.0,2.0,0.0,2.0,0.0,9.729999999999999,6.305,1.4799999999999998,0.065,1.1400000000000001,0.54,0.2,9.53
Troy Stecher,EDM,D,2025-26,15.533333333333,0.0,0.0,0.0,0.0,0.0,0.0,0.0,0.0,0.0,0.0,0.0,0.0,0.0,0.0,0.0,0.0,0.0,0.0,0.0,0.0,0.0,3.0,0.0,0.0,0.0,0.0,0.0,1.0,0.0,3.0,3.0,1.0,0.0,0.0,0.0,1.0,0.0,2.0,2.0,2.0,2.0,1.0,0.0,6.0,2.0,0.0,0.0,1.0,0.0,0.0,0.0,0.0,0.0,0.0,0.0,0.0,0.0,0.0,0.0,0.0,0.0,0.0,0.0,0.0,0.0,0.0,0.0,0.0,0.0,0.0,0.0,0.0,0.0,0.0,0.0,0.0,0.0,0.0,0.0,0.0,0.05499999999999998,0.0,0.035,0.10999999999999999,-0.09000000000000001,0.0,0.0,0.05499999999999998
Adam Pelech,NYI,D,2025-26,343.18333333333396,36.0,23.0,4.0,45.0,26.0,11.0,8.0,10.0,0.0,0.0,1.0,2.0,9.0,5.0,6.0,15.0,16.0,14.0,8.0,7.0,2.0,46.0,12.0,3.0,2.0,0.0,2.0,7.0,4.0,159.0,113.0,68.0,33.0,4.0,15.0,35.0,5.0,50.0,29.0,65.0,24.0,43.0,25.0,112.0,59.0,21.0,14.0,17.0,2.0,1.0,0.0,0.0,0.0,4.0,1.0,1.0,1.0,0.0,1.0,0.0,0.0,0.0,2.0,0.0,1.0,1.0,0.0,6.0,26.0,4.0,6.0,26.0,10.0,9.0,4.0,0.0,2.0,1.0,1.0,2.0,11.239999999999998,7.095000000000001,0.76,2.58,0.5499999999999999,0.06,0.195,11.044999999999998
Alexander Romanov,NYI,D,2025-26,99.533333333334,12.0,8.0,1.0,5.0,4.0,1.0,0.0,2.0,0.0,0.0,0.0,0.0,2.0,0.0,2.0,2.0,6.0,3.0,3.0,1.0,0.0,4.0,0.0,0.0,0.0,0.0,0.0,0.0,0.0,46.0,31.0,9.0,7.0,0.0,1.0,2.0,7.0,12.0,7.0,21.0,7.0,3.0,6.0,36.0,18.0,3.0,3.0,6.0,2.0,0.0,0.0,0.0,0.0,0.0,0.0,0.0,0.0,0.0,0.0,0.0,0.0,0.0,3.0,1.0,0.0,0.0,0.0,1.0,9.0,2.0,1.0,3.0,2.0,0.0,1.0,0.0,0.0,0.0,2.0,0.0,2.2849999999999997,1.5099999999999998,0.0,0.72,0.055000000000000014,0.0,0.0,2.2849999999999997
Anders Lee,NYI,L,2025-26,250.3,48.0,38.0,30.0,36.0,25.0,10.0,1.0,15.0,1.0,5.0,5.0,3.0,2.0,5.0,10.0,16.0,26.0,13.0,6.0,10.0,5.0,53.0,28.0,6.0,9.0,11.0,10.0,2.0,22.0,43.0,19.0,34.0,21.0,3.0,9.0,13.0,0.0,13.0,5.0,4.0,6.0,15.0,19.0,6.0,0.0,4.0,0.0,0.0,0.0,5.0,1.0,3.0,0.0,0.0,8.0,6.0,3.0,6.0,1.0,0.0,0.0,0.0,3.0,4.0,10.0,5.0,1.0,1.0,38.0,4.0,6.0,17.0,7.0,12.0,4.0,1.0,2.0,1.0,1.0,1.0,14.785,10.855,1.6100000000000003,0.33,0.675,0.8250000000000001,0.4900000000000001,14.294999999999998
Anthony Duclair,NYI,L,2025-26,180.9333333333334,15.0,11.0,10.0,32.0,19.0,9.0,4.0,10.0,2.0,3.0,3.0,3.0,4.0,2.0,5.0,14.0,7.0,10.0,3.0,6.0,5.0,35.0,18.0,7.0,8.0,6.0,5.0,0.0,13.0,31.0,16.0,21.0,11.0,4.0,3.0,10.0,0.0,8.0,4.0,4.0,3.0,12.0,9.0,3.0,0.0,2.0,0.0,0.0,0.0,5.0,2.0,1.0,1.0,0.0,3.0,9.0,6.0,3.0,4.0,1.0,1.0,0.0,3.0,1.0,0.0,2.0,4.0,3.0,8.0,6.0,1.0,13.0,8.0,9.0,0.0,1.0,2.0,0.0,2.0,0.0,7.915000000000001,5.67,0.77,0.16,0.33999999999999997,0.46499999999999997,0.51,7.405
Bo Horvat,NYI,C,2025-26,213.083333333333,32.0,27.0,18.0,43.0,28.0,14.0,1.0,17.0,4.0,4.0,5.0,9.0,3.0,1.0,19.0,20.0,9.0,14.0,2.0,2.0,5.0,65.0,45.0,7.0,19.0,5.0,17.0,2.0,18.0,35.0,21.0,22.0,16.0,6.0,6.0,6.0,1.0,15.0,4.0,6.0,6.0,14.0,8.0,9.0,2.0,4.0,0.0,0.0,0.0,9.0,6.0,4.0,4.0,3.0,14.0,10.0,5.0,11.0,4.0,2.0,2.0,0.0,3.0,5.0,0.0,5.0,1.0,3.0,13.0,8.0,11.0,22.0,7.0,14.0,7.0,0.0,2.0,3.0,2.0,4.0,15.11,9.575000000000001,2.7150000000000003,0.37999999999999995,0.585,0.49500000000000005,1.36,13.75
Casey Cizikas,NYI,C,2025-26,192.41666666666563,24.0,18.0,15.0,16.0,9.0,5.0,2.0,6.0,2.0,1.0,1.0,2.0,1.0,3.0,7.0,6.0,13.0,4.0,3.0,3.0,4.0,38.0,15.0,3.0,6.0,10.0,5.0,2.0,20.0,37.0,20.0,24.0,13.0,8.0,0.0,11.0,2.0,11.0,4.0,8.0,6.0,10.0,14.0,6.0,1.0,3.0,0.0,0.0,0.0,0.0,0.0,0.0,1.0,3.0,1.0,0.0,0.0,1.0,0.0,0.0,0.0,0.0,2.0,3.0,6.0,2.0,1.0,1.0,17.0,4.0,3.0,8.0,3.0,5.0,3.0,0.0,1.0,0.0,1.0,0.0,7.7299999999999995,5.23,0.885,0.27,0.38,0.75,0.215,7.514999999999999
Emil Heineman,NYI,L,2025-26,273.666666666668,43.0,35.0,30.0,31.0,20.0,11.0,0.0,8.0,1.0,5.0,1.0,3.0,10.0,3.0,16.0,18.0,16.0,13.0,7.0,4.0,10.0,64.0,28.0,13.0,10.0,8.0,7.0,7.0,35.0,50.0,29.0,32.0,22.0,11.0,8.0,10.0,5.0,18.0,6.0,6.0,9.0,18.0,14.0,6.0,3.0,1.0,1.0,1.0,0.0,4.0,1.0,2.0,1.0,0.0,10.0,5.0,0.0,5.0,0.0,0.0,0.0,0.0,12.0,5.0,7.0,2.0,3.0,0.0,26.0,7.0,9.0,13.0,5.0,13.0,2.0,4.0,4.0,2.0,0.0,3.0,12.949999999999998,9.55,1.305,0.11499999999999999,0.6950000000000002,0.8850000000000002,0.39999999999999997,12.55
Jean-Gabriel Pageau,NYI,C,2025-26,224.7666666666657,20.0,16.0,13.0,30.0,21.0,7.0,2.0,11.0,0.0,3.0,3.0,2.0,1.0,1.0,7.0,9.0,11.0,10.0,2.0,6.0,1.0,50.0,30.0,4.0,6.0,6.0,8.0,3.0,25.0,53.0,38.0,31.0,22.0,9.0,6.0,9.0,0.0,23.0,8.0,19.0,8.0,19.0,12.0,7.0,2.0,1.0,2.0,1.0,2.0,3.0,2.0,1.0,3.0,2.0,0.0,1.0,1.0,0.0,1.0,0.0,0.0,0.0,2.0,2.0,4.0,2.0,5.0,3.0,13.0,4.0,3.0,20.0,4.0,6.0,2.0,1.0,1.0,0.0,2.0,0.0,9.575,5.990000000000001,1.7149999999999999,0.11499999999999999,0.7850000000000001,0.6450000000000001,0.325,9.25
Kyle Palmieri,NYI,C,2025-26,105.61666666666599,18.0,13.0,9.0,20.0,12.0,6.0,2.0,6.0,0.0,2.0,1.0,1.0,2.0,2.0,9.0,10.0,6.0,8.0,2.0,5.0,5.0,24.0,12.0,5.0,4.0,5.0,2.0,0.0,5.0,30.0,18.0,18.0,11.0,2.0,6.0,7.0,3.0,9.0,2.0,3.0,3.0,12.0,6.0,4.0,0.0,2.0,0.0,0.0,0.0,2.0,2.0,1.0,1.0,0.0,5.0,13.0,7.0,3.0,5.0,2.0,1.0,1.0,1.0,0.0,2.0,2.0,0.0,0.0,8.0,4.0,6.0,9.0,5.0,5.0,3.0,2.0,0.0,3.0,1.0,1.0,6.36,4.375,0.425,0.19,0.43500000000000005,0.3,0.635,5.7250000000000005
Marc Gatcomb,NYI,C,2025-26,94.3833333333333,10.0,10.0,4.0,8.0,5.0,1.0,2.0,1.0,0.0,3.0,0.0,0.0,1.0,0.0,2.0,1.0,7.0,6.0,1.0,1.0,2.0,23.0,8.0,4.0,1.0,1.0,0.0,2.0,8.0,21.0,9.0,15.0,7.0,4.0,1.0,8.0,1.0,3.0,2.0,3.0,3.0,5.0,10.0,2.0,0.0,1.0,0.0,0.0,0.0,0.0,0.0,0.0,0.0,0.0,0.0,0.0,0.0,0.0,0.0,0.0,0.0,0.0,0.0,1.0,1.0,0.0,1.0,1.0,8.0,1.0,1.0,6.0,0.0,2.0,1.0,0.0,1.0,0.0,0.0,0.0,2.49,1.8350000000000002,0.25,0.095,0.14500000000000002,0.16499999999999998,0.0,2.49
Mathew Barzal,NYI,C,2025-26,293.06666666666695,35.0,25.0,18.0,81.0,53.0,22.0,6.0,23.0,3.0,11.0,6.0,10.0,5.0,1.0,13.0,28.0,12.0,24.0,6.0,15.0,4.0,125.0,96.0,21.0,27.0,12.0,24.0,1.0,23.0,77.0,54.0,49.0,37.0,25.0,3.0,12.0,7.0,33.0,5.0,17.0,6.0,30.0,19.0,6.0,1.0,0.0,1.0,1.0,0.0,48.0,35.0,29.0,0.0,0.0,11.0,49.0,28.0,7.0,12.0,3.0,10.0,0.0,3.0,1.0,1.0,9.0,1.0,5.0,22.0,7.0,6.0,42.0,19.0,19.0,3.0,2.0,2.0,4.0,1.0,1.0,22.430000000000003,12.805000000000003,4.73,0.10999999999999999,1.7350000000000003,0.885,2.165,20.265
Matthew Schaefer,NYI,D,2025-26,350.433333333335,36.0,28.0,6.0,47.0,24.0,12.0,11.0,13.0,2.0,0.0,0.0,7.0,11.0,1.0,13.0,17.0,12.0,10.0,4.0,10.0,1.0,87.0,48.0,10.0,11.0,3.0,8.0,3.0,6.0,165.0,112.0,87.0,47.0,15.0,15.0,40.0,13.0,62.0,15.0,54.0,16.0,45.0,42.0,129.0,72.0,15.0,13.0,14.0,2.0,16.0,9.0,5.0,0.0,5.0,24.0,39.0,17.0,3.0,6.0,0.0,0.0,0.0,4.0,0.0,1.0,4.0,1.0,5.0,20.0,6.0,9.0,27.0,13.0,6.0,4.0,1.0,1.0,4.0,1.0,4.0,15.85,7.885000000000001,2.255,2.53,2.1100000000000003,0.22500000000000003,0.8450000000000003,15.004999999999999
Max Shabanov,NYI,R,2025-26,78.8000000000007,12.0,8.0,6.0,15.0,9.0,2.0,4.0,3.0,2.0,0.0,0.0,1.0,4.0,2.0,4.0,10.0,5.0,2.0,1.0,0.0,0.0,18.0,12.0,3.0,5.0,4.0,2.0,0.0,7.0,23.0,10.0,20.0,15.0,4.0,3.0,5.0,0.0,5.0,1.0,1.0,1.0,9.0,11.0,1.0,0.0,0.0,0.0,0.0,0.0,6.0,6.0,4.0,0.0,0.0,2.0,5.0,2.0,2.0,1.0,0.0,0.0,0.0,0.0,1.0,4.0,2.0,0.0,0.0,8.0,2.0,2.0,5.0,2.0,8.0,1.0,1.0,0.0,2.0,0.0,0.0,4.565000000000001,2.85,0.5149999999999999,0.03,0.58,0.285,0.305,4.26
Maxim Tsyplakov,NYI,R,2025-26,61.616666666666696,10.0,8.0,6.0,14.0,9.0,2.0,3.0,2.0,0.0,5.0,0.0,1.0,2.0,1.0,5.0,4.0,4.0,7.0,0.0,3.0,1.0,25.0,15.0,2.0,2.0,1.0,2.0,2.0,9.0,10.0,6.0,9.0,7.0,6.0,0.0,2.0,0.0,4.0,2.0,0.0,2.0,6.0,3.0,1.0,0.0,0.0,0.0,0.0,0.0,2.0,0.0,0.0,0.0,0.0,0.0,0.0,0.0,0.0,0.0,0.0,0.0,0.0,0.0,0.0,1.0,1.0,0.0,1.0,5.0,1.0,4.0,8.0,3.0,3.0,2.0,2.0,1.0,0.0,0.0,0.0,3.6850000000000005,2.5050000000000003,0.765,0.03,0.20500000000000002,0.18000000000000002,0.0,3.6850000000000005
Ryan Pulock,NYI,D,2025-26,301.43333333333305,28.0,20.0,1.0,42.0,18.0,17.0,7.0,9.0,0.0,1.0,0.0,3.0,6.0,10.0,3.0,16.0,13.0,13.0,7.0,9.0,0.0,28.0,7.0,1.0,2.0,0.0,1.0,3.0,4.0,109.0,80.0,40.0,31.0,5.0,12.0,9.0,14.0,49.0,16.0,45.0,10.0,21.0,19.0,119.0,74.0,12.0,31.0,26.0,2.0,0.0,0.0,0.0,1.0,3.0,1.0,1.0,0.0,0.0,0.0,0.0,0.0,0.0,9.0,0.0,0.0,2.0,1.0,7.0,23.0,3.0,2.0,22.0,10.0,10.0,2.0,0.0,2.0,1.0,0.0,0.0,9.129999999999999,5.735000000000001,0.43,1.345,1.4000000000000001,0.06,0.16,8.969999999999999
Scott Mayfield,NYI,D,2025-26,276.43333333333203,24.0,18.0,3.0,19.0,9.0,9.0,1.0,4.0,1.0,1.0,0.0,0.0,2.0,4.0,2.0,6.0,12.0,5.0,6.0,3.0,1.0,16.0,3.0,3.0,1.0,0.0,2.0,1.0,6.0,110.0,82.0,43.0,17.0,2.0,6.0,26.0,4.0,41.0,25.0,50.0,15.0,28.0,15.0,78.0,32.0,13.0,11.0,5.0,9.0,0.0,0.0,0.0,0.0,11.0,0.0,0.0,0.0,0.0,0.0,0.0,0.0,0.0,3.0,0.0,0.0,0.0,0.0,1.0,18.0,3.0,3.0,13.0,1.0,5.0,2.0,0.0,2.0,1.0,0.0,1.0,6.38,3.725,0.14500000000000002,1.815,0.22000000000000003,0.09,0.3850000000000001,5.995
Simon Holmstrom,NYI,R,2025-26,247.13333333333202,27.0,23.0,21.0,50.0,22.0,21.0,7.0,11.0,1.0,6.0,0.0,4.0,11.0,0.0,8.0,23.0,11.0,9.0,3.0,11.0,4.0,68.0,43.0,7.0,16.0,13.0,10.0,2.0,24.0,47.0,26.0,32.0,20.0,9.0,5.0,12.0,1.0,14.0,2.0,8.0,3.0,17.0,15.0,8.0,2.0,3.0,1.0,0.0,0.0,23.0,15.0,12.0,4.0,5.0,7.0,8.0,2.0,2.0,0.0,0.0,1.0,0.0,2.0,2.0,4.0,6.0,0.0,1.0,17.0,4.0,5.0,20.0,13.0,16.0,1.0,2.0,1.0,2.0,0.0,2.0,13.825000000000003,8.540000000000001,2.24,0.30000000000000004,0.8750000000000001,0.9450000000000001,0.925,12.9
Tony DeAngelo,NYI,D,2025-26,295.450000000001,32.0,23.0,7.0,62.0,31.0,22.0,9.0,12.0,2.0,3.0,2.0,7.0,13.0,9.0,10.0,24.0,10.0,9.0,8.0,12.0,2.0,36.0,15.0,2.0,0.0,1.0,1.0,3.0,3.0,102.0,74.0,34.0,13.0,0.0,5.0,21.0,8.0,34.0,20.0,44.0,17.0,22.0,12.0,90.0,57.0,4.0,29.0,18.0,1.0,6.0,2.0,1.0,0.0,0.0,5.0,18.0,11.0,1.0,5.0,0.0,0.0,0.0,0.0,1.0,2.0,5.0,2.0,9.0,21.0,7.0,4.0,33.0,16.0,11.0,3.0,1.0,1.0,3.0,3.0,0.0,10.695,8.670000000000002,0.7450000000000001,0.815,0.00999999999999994,0.09,0.365,10.33
Ilya Sorokin,NYI,G,2025-26,607.8999,0.0,0.0,0.0,0.0,0.0,0.0,0.0,0.0,0.0,0.0,0.0,0.0,0.0,0.0,0.0,0.0,0.0,0.0,0.0,0.0,0.0,0.0,0.0,0.0,0.0,0.0,0.0,0.0,0.0,29.0,29.0,2.0,0.0,0.0,0.0,2.0,0.0,19.0,7.0,27.0,7.0,2.0,0.0,0.0,0.0,0.0,0.0,0.0,0.0,0.0,0.0,0.0,0.0,0.0,0.0,0.0,0.0,0.0,0.0,0.0,0.0,0.0,0.0,0.0,0.0,0.0,0.0,0.0,0.0,0.0,0.0,0.0,0.0,0.0,0.0,0.0,0.0,0.0,0.0,0.0,0.0,0.0,0.0,0.0,0.0,0.0,0.0,0.0
Liam Ohgren,MIN,L,2025-26,29.783333333334,3.0,3.0,1.0,2.0,2.0,0.0,0.0,0.0,0.0,1.0,0.0,0.0,0.0,0.0,1.0,0.0,1.0,0.0,1.0,2.0,0.0,10.0,2.0,1.0,0.0,0.0,0.0,0.0,2.0,4.0,1.0,2.0,0.0,0.0,0.0,2.0,0.0,0.0,0.0,0.0,0.0,1.0,1.0,1.0,0.0,1.0,0.0,0.0,0.0,1.0,1.0,0.0,0.0,0.0,0.0,0.0,0.0,0.0,0.0,0.0,0.0,0.0,0.0,0.0,0.0,0.0,1.0,0.0,2.0,1.0,0.0,2.0,0.0,0.0,0.0,0.0,0.0,0.0,1.0,0.0,0.6000000000000001,0.46,0.045,0.065,0.0,0.03,0.0,0.6000000000000001
Marco Rossi,MIN,C,2025-26,71.050000000001,7.0,5.0,5.0,13.0,3.0,8.0,2.0,0.0,0.0,2.0,0.0,0.0,0.0,0.0,4.0,2.0,2.0,5.0,0.0,6.0,1.0,19.0,11.0,1.0,4.0,2.0,3.0,1.0,6.0,13.0,6.0,10.0,10.0,1.0,3.0,0.0,0.0,4.0,0.0,2.0,1.0,4.0,6.0,2.0,0.0,2.0,0.0,0.0,0.0,0.0,0.0,0.0,1.0,0.0,1.0,2.0,2.0,0.0,0.0,0.0,0.0,0.0,0.0,2.0,2.0,1.0,1.0,0.0,3.0,2.0,2.0,7.0,6.0,0.0,2.0,0.0,0.0,1.0,1.0,0.0,3.24,1.81,0.6499999999999999,0.13,0.41500000000000004,0.18,0.055,3.1849999999999996
Zach Bogosian,MIN,D,2025-26,107.3833333333333,9.0,6.0,0.0,17.0,13.0,3.0,1.0,6.0,0.0,2.0,0.0,2.0,0.0,1.0,1.0,2.0,5.0,10.0,2.0,5.0,0.0,9.0,1.0,2.0,0.0,1.0,0.0,0.0,1.0,36.0,20.0,15.0,6.0,1.0,2.0,9.0,1.0,12.0,8.0,13.0,5.0,6.0,9.0,51.0,40.0,1.0,11.0,9.0,1.0,0.0,0.0,0.0,0.0,2.0,0.0,0.0,0.0,0.0,0.0,0.0,0.0,0.0,2.0,0.0,0.0,3.0,1.0,3.0,7.0,1.0,1.0,15.0,1.0,1.0,1.0,0.0,0.0,0.0,1.0,0.0,3.0100000000000002,2.4450000000000003,-0.045,0.42499999999999993,0.055000000000000035,0.06,0.07,2.94
Linus Karlsson,VAN,C,2025-26,200.4666666666657,31.0,27.0,23.0,38.0,24.0,11.0,3.0,13.0,1.0,6.0,2.0,4.0,8.0,6.0,9.0,16.0,18.0,17.0,1.0,7.0,0.0,67.0,20.0,5.0,8.0,7.0,8.0,4.0,19.0,50.0,30.0,33.0,23.0,10.0,6.0,10.0,4.0,18.0,4.0,7.0,9.0,19.0,14.0,7.0,3.0,2.0,1.0,0.0,0.0,1.0,1.0,0.0,0.0,0.0,6.0,4.0,2.0,6.0,0.0,0.0,1.0,0.0,0.0,10.0,8.0,2.0,0.0,3.0,21.0,5.0,4.0,20.0,6.0,12.0,4.0,0.0,2.0,0.0,2.0,0.0,11.685,8.48,1.255,0.22000000000000003,0.7999999999999999,0.6000000000000002,0.33,11.355
Max Sasson,VAN,C,2025-26,163.400000000001,21.0,16.0,8.0,28.0,20.0,3.0,5.0,10.0,0.0,4.0,2.0,2.0,4.0,4.0,10.0,14.0,6.0,13.0,4.0,4.0,3.0,42.0,27.0,6.0,7.0,5.0,6.0,0.0,15.0,30.0,19.0,19.0,15.0,8.0,5.0,4.0,0.0,17.0,3.0,7.0,2.0,12.0,7.0,5.0,2.0,0.0,0.0,1.0,0.0,0.0,0.0,0.0,0.0,0.0,0.0,0.0,0.0,0.0,0.0,0.0,0.0,0.0,2.0,0.0,1.0,3.0,0.0,5.0,10.0,5.0,6.0,14.0,2.0,12.0,4.0,1.0,2.0,1.0,2.0,1.0,8.005,5.425000000000001,1.2750000000000001,0.07999999999999999,0.7750000000000001,0.44999999999999996,0.0,8.005
Teddy Blueger,VAN,C,2025-26,133.833333333333,12.0,8.0,8.0,17.0,8.0,8.0,1.0,4.0,0.0,1.0,1.0,2.0,1.0,5.0,5.0,7.0,6.0,8.0,1.0,4.0,2.0,38.0,19.0,0.0,4.0,4.0,5.0,1.0,7.0,27.0,19.0,21.0,11.0,4.0,5.0,10.0,0.0,12.0,4.0,5.0,3.0,14.0,7.0,6.0,4.0,1.0,1.0,1.0,0.0,0.0,0.0,0.0,3.0,0.0,0.0,0.0,0.0,0.0,0.0,0.0,0.0,0.0,0.0,0.0,2.0,2.0,0.0,0.0,7.0,1.0,4.0,9.0,0.0,8.0,1.0,3.0,1.0,0.0,0.0,0.0,5.48,3.3250000000000006,1.165,0.1,0.44000000000000006,0.28500000000000003,0.165,5.315
Victor Mancini,VAN,D,2025-26,46.9499999999997,1.0,1.0,0.0,1.0,0.0,0.0,1.0,0.0,0.0,0.0,0.0,0.0,0.0,1.0,1.0,0.0,0.0,0.0,0.0,0.0,0.0,1.0,0.0,0.0,0.0,0.0,0.0,1.0,0.0,9.0,7.0,4.0,2.0,0.0,1.0,2.0,3.0,2.0,5.0,2.0,1.0,2.0,2.0,20.0,15.0,2.0,6.0,6.0,0.0,0.0,0.0,0.0,0.0,0.0,0.0,0.0,0.0,0.0,0.0,0.0,0.0,0.0,0.0,0.0,0.0,0.0,1.0,0.0,0.0,0.0,1.0,0.0,0.0,1.0,0.0,0.0,0.0,0.0,0.0,1.0,0.18999999999999995,0.13,0.035,0.11499999999999999,-0.09000000000000001,0.0,0.0,0.18999999999999995
Adam Erne,DAL,L,2025-26,127.51666666666671,16.0,15.0,7.0,12.0,5.0,6.0,1.0,2.0,2.0,3.0,0.0,0.0,1.0,2.0,6.0,4.0,8.0,5.0,1.0,1.0,2.0,36.0,11.0,1.0,2.0,2.0,3.0,2.0,13.0,29.0,13.0,14.0,11.0,4.0,2.0,3.0,2.0,7.0,1.0,5.0,3.0,6.0,8.0,3.0,0.0,1.0,0.0,0.0,0.0,0.0,0.0,0.0,0.0,0.0,0.0,0.0,0.0,0.0,0.0,0.0,0.0,0.0,2.0,3.0,3.0,3.0,1.0,0.0,10.0,1.0,5.0,8.0,0.0,4.0,4.0,1.0,1.0,0.0,0.0,0.0,4.505,2.98,0.685,0.135,0.4200000000000001,0.28500000000000003,0.0,4.505
Alex Petrovic,DAL,D,2025-26,206.333333333334,20.0,20.0,5.0,22.0,9.0,8.0,5.0,6.0,0.0,1.0,0.0,0.0,4.0,4.0,3.0,9.0,17.0,9.0,0.0,4.0,1.0,9.0,4.0,0.0,1.0,0.0,0.0,0.0,2.0,106.0,65.0,41.0,20.0,0.0,8.0,21.0,4.0,35.0,11.0,42.0,16.0,19.0,22.0,76.0,37.0,3.0,12.0,10.0,3.0,0.0,0.0,0.0,0.0,1.0,0.0,0.0,0.0,0.0,0.0,0.0,0.0,0.0,1.0,1.0,0.0,1.0,2.0,3.0,17.0,0.0,3.0,12.0,5.0,5.0,3.0,0.0,0.0,0.0,0.0,0.0,6.2,3.91,0.18,1.415,0.63,0.03,0.035,6.165
Colin Blackwell,DAL,C,2025-26,172.1000000000013,22.0,16.0,10.0,27.0,19.0,7.0,1.0,9.0,0.0,8.0,5.0,4.0,1.0,2.0,9.0,7.0,8.0,15.0,3.0,5.0,3.0,45.0,25.0,10.0,6.0,6.0,6.0,0.0,27.0,39.0,19.0,25.0,16.0,10.0,1.0,9.0,2.0,13.0,1.0,5.0,3.0,12.0,13.0,4.0,0.0,4.0,0.0,0.0,0.0,1.0,0.0,0.0,5.0,4.0,0.0,0.0,0.0,0.0,0.0,0.0,0.0,0.0,2.0,0.0,3.0,5.0,3.0,1.0,13.0,3.0,6.0,20.0,2.0,5.0,4.0,2.0,1.0,1.0,1.0,0.0,8.9,5.779999999999999,1.0050000000000001,0.28,0.7450000000000001,0.6749999999999999,0.4149999999999999,8.484999999999998
Esa Lindell,DAL,D,2025-26,369.400000000001,30.0,21.0,6.0,45.0,25.0,10.0,10.0,11.0,1.0,1.0,1.0,1.0,3.0,14.0,1.0,18.0,20.0,13.0,6.0,6.0,3.0,36.0,6.0,0.0,2.0,0.0,3.0,5.0,4.0,181.0,123.0,82.0,33.0,1.0,17.0,49.0,14.0,58.0,31.0,61.0,27.0,47.0,35.0,164.0,96.0,16.0,20.0,22.0,7.0,0.0,0.0,0.0,0.0,7.0,2.0,4.0,2.0,2.0,0.0,0.0,2.0,0.0,7.0,0.0,1.0,3.0,0.0,11.0,27.0,2.0,1.0,27.0,7.0,11.0,1.0,0.0,1.0,1.0,0.0,0.0,11.315,6.959999999999999,0.6100000000000001,2.755,0.575,0.06,0.35500000000000004,10.959999999999997
Ilya Lyubushkin,DAL,D,2025-26,202.13333333333404,16.0,13.0,3.0,23.0,9.0,9.0,5.0,2.0,0.0,0.0,0.0,1.0,7.0,6.0,2.0,13.0,12.0,7.0,2.0,2.0,2.0,13.0,2.0,1.0,0.0,0.0,1.0,1.0,0.0,96.0,52.0,31.0,19.0,0.0,7.0,12.0,2.0,29.0,13.0,39.0,13.0,11.0,20.0,73.0,46.0,8.0,9.0,15.0,2.0,0.0,0.0,0.0,0.0,4.0,0.0,0.0,0.0,0.0,0.0,0.0,0.0,0.0,1.0,1.0,0.0,0.0,0.0,1.0,14.0,0.0,2.0,10.0,7.0,6.0,2.0,0.0,0.0,0.0,0.0,0.0,4.985,3.2150000000000003,0.135,1.0150000000000001,0.4800000000000001,0.0,0.14,4.845
Jason Robertson,DAL,L,2025-26,318.01666666666625,64.0,47.0,44.0,62.0,37.0,19.0,6.0,17.0,3.0,12.0,3.0,6.0,5.0,8.0,25.0,18.0,28.0,28.0,6.0,16.0,6.0,103.0,53.0,11.0,15.0,16.0,14.0,5.0,31.0,85.0,45.0,66.0,38.0,15.0,13.0,28.0,3.0,25.0,7.0,2.0,14.0,40.0,26.0,5.0,0.0,5.0,0.0,0.0,0.0,10.0,5.0,6.0,0.0,1.0,28.0,32.0,13.0,22.0,10.0,3.0,2.0,2.0,6.0,3.0,2.0,2.0,1.0,3.0,38.0,14.0,12.0,40.0,7.0,15.0,7.0,4.0,4.0,4.0,6.0,1.0,23.119999999999997,15.375,2.835,0.325,1.2200000000000002,1.1850000000000003,2.18,20.939999999999998
Justin Hryckowian,DAL,C,2025-26,223.06666666666794,20.0,17.0,13.0,28.0,19.0,6.0,3.0,10.0,1.0,1.0,4.0,5.0,1.0,0.0,4.0,10.0,14.0,12.0,1.0,6.0,6.0,76.0,26.0,3.0,7.0,10.0,5.0,5.0,33.0,48.0,23.0,31.0,21.0,8.0,6.0,10.0,0.0,18.0,2.0,12.0,3.0,11.0,20.0,5.0,2.0,2.0,0.0,1.0,0.0,5.0,3.0,3.0,2.0,2.0,0.0,4.0,4.0,0.0,4.0,1.0,0.0,0.0,1.0,1.0,3.0,2.0,3.0,0.0,16.0,1.0,3.0,18.0,3.0,7.0,2.0,1.0,0.0,1.0,0.0,0.0,10.39,6.260000000000001,1.485,0.15,1.01,0.945,0.54,9.85
Lian Bichsel,DAL,D,2025-26,187.4500000000003,15.0,10.0,2.0,17.0,5.0,5.0,7.0,1.0,1.0,0.0,0.0,1.0,2.0,7.0,0.0,10.0,11.0,4.0,3.0,2.0,0.0,20.0,8.0,1.0,1.0,1.0,2.0,0.0,2.0,81.0,58.0,21.0,10.0,2.0,6.0,11.0,1.0,34.0,12.0,46.0,16.0,11.0,10.0,72.0,41.0,5.0,9.0,12.0,3.0,0.0,0.0,0.0,0.0,4.0,0.0,0.0,0.0,0.0,0.0,0.0,0.0,0.0,1.0,0.0,0.0,1.0,1.0,1.0,15.0,0.0,0.0,7.0,2.0,8.0,0.0,0.0,0.0,0.0,0.0,0.0,4.4350000000000005,2.5149999999999997,0.425,1.06,0.21999999999999997,0.075,0.14,4.295
Mavrik Bourque,DAL,C,2025-26,283.23333333333255,34.0,30.0,22.0,49.0,31.0,12.0,6.0,22.0,1.0,3.0,8.0,9.0,8.0,4.0,17.0,20.0,14.0,21.0,2.0,8.0,9.0,92.0,40.0,8.0,14.0,10.0,10.0,3.0,35.0,50.0,22.0,35.0,23.0,6.0,5.0,12.0,3.0,13.0,1.0,7.0,3.0,12.0,23.0,9.0,0.0,5.0,0.0,0.0,0.0,8.0,3.0,3.0,0.0,1.0,4.0,6.0,3.0,4.0,3.0,0.0,0.0,2.0,6.0,2.0,3.0,6.0,1.0,0.0,17.0,9.0,8.0,28.0,7.0,14.0,6.0,1.0,2.0,2.0,5.0,0.0,16.23,11.129999999999997,2.0949999999999998,0.445,0.9900000000000001,0.9749999999999999,0.595,15.635
Mikko Rantanen,DAL,R,2025-26,229.7833333333327,21.0,18.0,16.0,44.0,28.0,14.0,2.0,19.0,3.0,3.0,4.0,7.0,6.0,2.0,9.0,17.0,5.0,15.0,5.0,12.0,4.0,64.0,47.0,20.0,17.0,7.0,11.0,2.0,20.0,60.0,38.0,50.0,35.0,20.0,6.0,15.0,4.0,22.0,4.0,1.0,5.0,33.0,17.0,4.0,0.0,4.0,0.0,0.0,0.0,6.0,5.0,5.0,0.0,0.0,11.0,24.0,14.0,9.0,10.0,1.0,1.0,4.0,2.0,1.0,3.0,2.0,1.0,3.0,11.0,5.0,5.0,26.0,9.0,9.0,1.0,3.0,2.0,2.0,1.0,1.0,14.165000000000003,8.545000000000002,1.8900000000000001,0.26,1.46,0.6150000000000001,1.3950000000000002,12.770000000000001
Miro Heiskanen,DAL,D,2025-26,333.11666666666497,36.0,25.0,3.0,33.0,17.0,14.0,2.0,11.0,2.0,1.0,0.0,2.0,7.0,3.0,6.0,14.0,16.0,7.0,6.0,6.0,2.0,40.0,17.0,5.0,8.0,1.0,4.0,4.0,2.0,141.0,109.0,60.0,22.0,6.0,8.0,38.0,8.0,51.0,12.0,63.0,13.0,38.0,22.0,133.0,73.0,18.0,15.0,15.0,4.0,4.0,2.0,2.0,0.0,4.0,5.0,31.0,10.0,3.0,6.0,1.0,0.0,0.0,5.0,0.0,1.0,0.0,2.0,4.0,28.0,4.0,4.0,18.0,7.0,8.0,3.0,0.0,1.0,2.0,1.0,1.0,11.870000000000001,6.345000000000001,0.9,2.6400000000000006,1.1700000000000004,0.075,0.7400000000000002,11.130000000000003
Nathan Bastian,DAL,R,2025-26,93.78333333333299,9.0,8.0,7.0,9.0,7.0,2.0,0.0,3.0,0.0,4.0,3.0,2.0,1.0,0.0,2.0,2.0,6.0,4.0,1.0,2.0,2.0,21.0,5.0,5.0,0.0,3.0,1.0,2.0,15.0,11.0,4.0,5.0,2.0,1.0,0.0,3.0,1.0,1.0,0.0,0.0,3.0,3.0,2.0,3.0,1.0,0.0,0.0,0.0,0.0,0.0,0.0,0.0,0.0,0.0,0.0,0.0,0.0,0.0,0.0,0.0,0.0,0.0,1.0,1.0,3.0,3.0,0.0,0.0,7.0,0.0,2.0,7.0,0.0,2.0,1.0,1.0,0.0,0.0,0.0,0.0,3.1100000000000008,2.5600000000000005,0.125,0.075,-0.010000000000000002,0.35999999999999993,0.0,3.1100000000000008
Radek Faksa,DAL,C,2025-26,135.4999999999992,8.0,6.0,4.0,13.0,7.0,5.0,1.0,2.0,0.0,2.0,0.0,1.0,0.0,1.0,4.0,3.0,2.0,5.0,2.0,3.0,1.0,43.0,16.0,2.0,2.0,8.0,5.0,2.0,19.0,33.0,15.0,21.0,8.0,5.0,2.0,13.0,0.0,8.0,1.0,6.0,3.0,9.0,12.0,5.0,0.0,2.0,0.0,0.0,1.0,0.0,0.0,0.0,4.0,5.0,0.0,0.0,0.0,0.0,0.0,0.0,0.0,0.0,2.0,1.0,1.0,2.0,0.0,0.0,3.0,0.0,5.0,9.0,1.0,2.0,3.0,0.0,0.0,0.0,0.0,2.0,4.640000000000001,2.08,0.9750000000000002,0.205,0.3400000000000001,0.645,0.395,4.245
Roope Hintz,DAL,C,2025-26,184.400000000001,25.0,15.0,15.0,28.0,15.0,11.0,2.0,10.0,2.0,0.0,2.0,4.0,4.0,1.0,13.0,10.0,8.0,13.0,3.0,5.0,1.0,48.0,33.0,5.0,8.0,10.0,9.0,0.0,18.0,31.0,16.0,16.0,9.0,2.0,2.0,7.0,1.0,9.0,4.0,8.0,5.0,7.0,9.0,5.0,4.0,0.0,1.0,1.0,0.0,17.0,16.0,12.0,2.0,3.0,9.0,15.0,9.0,9.0,8.0,0.0,0.0,0.0,2.0,0.0,6.0,4.0,1.0,1.0,10.0,8.0,7.0,17.0,3.0,8.0,4.0,1.0,1.0,4.0,3.0,1.0,10.72,6.415,1.755,0.034999999999999996,0.22499999999999998,0.72,1.57,9.15
Sam Steel,DAL,C,2025-26,279.23333333333403,23.0,20.0,19.0,39.0,24.0,14.0,1.0,10.0,0.0,2.0,4.0,6.0,8.0,2.0,14.0,16.0,6.0,15.0,0.0,12.0,4.0,83.0,43.0,9.0,5.0,10.0,13.0,2.0,24.0,65.0,32.0,43.0,29.0,12.0,6.0,14.0,3.0,18.0,5.0,10.0,8.0,19.0,24.0,5.0,2.0,0.0,0.0,0.0,0.0,2.0,1.0,1.0,8.0,4.0,1.0,1.0,0.0,1.0,0.0,0.0,0.0,0.0,4.0,3.0,1.0,3.0,0.0,2.0,9.0,9.0,5.0,23.0,6.0,10.0,3.0,2.0,5.0,2.0,2.0,0.0,12.56,7.635000000000001,2.315,0.12,1.01,0.81,0.67,11.889999999999999
Thomas Harley,DAL,D,2025-26,324.3833333333321,27.0,22.0,9.0,40.0,18.0,16.0,6.0,10.0,0.0,1.0,2.0,1.0,9.0,10.0,8.0,19.0,16.0,7.0,1.0,5.0,4.0,39.0,21.0,5.0,7.0,0.0,5.0,0.0,6.0,169.0,127.0,59.0,39.0,5.0,21.0,20.0,7.0,79.0,19.0,82.0,19.0,38.0,21.0,116.0,71.0,13.0,24.0,20.0,3.0,4.0,0.0,1.0,0.0,1.0,4.0,12.0,4.0,0.0,2.0,0.0,0.0,0.0,1.0,0.0,0.0,4.0,2.0,5.0,17.0,4.0,5.0,20.0,12.0,8.0,5.0,0.0,1.0,1.0,2.0,0.0,11.540000000000001,6.600000000000001,0.9949999999999998,1.6649999999999998,2.0100000000000002,0.09,0.18000000000000002,11.360000000000001
Tyler Seguin,DAL,C,2025-26,106.76666666666699,9.0,6.0,6.0,21.0,17.0,1.0,3.0,9.0,1.0,4.0,3.0,5.0,3.0,2.0,2.0,11.0,3.0,6.0,3.0,1.0,2.0,35.0,15.0,2.0,5.0,1.0,3.0,3.0,7.0,15.0,6.0,11.0,9.0,3.0,1.0,2.0,0.0,4.0,1.0,2.0,1.0,4.0,7.0,4.0,0.0,4.0,0.0,0.0,0.0,5.0,4.0,2.0,0.0,0.0,3.0,1.0,0.0,3.0,0.0,0.0,0.0,0.0,0.0,1.0,1.0,2.0,0.0,1.0,7.0,1.0,1.0,10.0,5.0,6.0,1.0,0.0,0.0,1.0,0.0,0.0,5.86,4.015000000000001,0.855,0.26,0.34500000000000003,0.15,0.235,5.625000000000001
Wyatt Johnston,DAL,C,2025-26,318.8833333333329,54.0,41.0,37.0,45.0,28.0,15.0,2.0,17.0,3.0,2.0,4.0,10.0,1.0,2.0,18.0,16.0,22.0,17.0,10.0,12.0,6.0,87.0,48.0,14.0,14.0,12.0,10.0,4.0,25.0,61.0,32.0,39.0,27.0,14.0,4.0,12.0,3.0,20.0,4.0,13.0,5.0,16.0,23.0,10.0,2.0,6.0,0.0,0.0,0.0,25.0,18.0,11.0,3.0,0.0,23.0,26.0,17.0,19.0,16.0,1.0,1.0,1.0,2.0,6.0,11.0,4.0,1.0,1.0,36.0,6.0,12.0,27.0,7.0,11.0,5.0,4.0,2.0,1.0,3.0,2.0,20.430000000000003,13.139999999999997,2.22,0.48000000000000004,1.13,0.9150000000000001,2.545,17.885
Adam Fantilli,CBJ,C,2025-26,227.41666666666703,36.0,30.0,25.0,37.0,29.0,7.0,1.0,20.0,3.0,2.0,1.0,5.0,3.0,2.0,12.0,20.0,22.0,12.0,1.0,3.0,1.0,76.0,51.0,12.0,16.0,9.0,16.0,3.0,28.0,56.0,26.0,31.0,23.0,11.0,3.0,8.0,2.0,15.0,5.0,11.0,9.0,13.0,18.0,2.0,1.0,0.0,0.0,0.0,0.0,17.0,12.0,8.0,0.0,0.0,8.0,6.0,4.0,6.0,3.0,0.0,0.0,0.0,2.0,7.0,2.0,1.0,0.0,4.0,24.0,4.0,8.0,16.0,9.0,12.0,1.0,5.0,0.0,1.0,3.0,2.0,14.930000000000001,9.845,2.74,0.055,0.6900000000000002,0.8250000000000001,0.7750000000000001,14.155000000000001
Boone Jenner,CBJ,C,2025-26,175.6166666666673,26.0,18.0,10.0,30.0,19.0,7.0,4.0,8.0,1.0,4.0,1.0,2.0,5.0,2.0,16.0,11.0,10.0,17.0,0.0,7.0,1.0,52.0,15.0,8.0,7.0,9.0,7.0,3.0,21.0,26.0,10.0,23.0,12.0,3.0,2.0,11.0,1.0,4.0,1.0,1.0,2.0,8.0,15.0,3.0,0.0,2.0,0.0,0.0,0.0,1.0,1.0,0.0,1.0,8.0,2.0,3.0,2.0,2.0,1.0,0.0,0.0,0.0,1.0,1.0,3.0,2.0,5.0,1.0,10.0,6.0,10.0,18.0,4.0,8.0,4.0,5.0,2.0,0.0,3.0,1.0,8.425,5.805000000000001,0.805,0.18000000000000002,0.4150000000000001,0.7200000000000001,0.5,7.925
Charlie Coyle,CBJ,C,2025-26,202.14999999999898,28.0,25.0,22.0,45.0,32.0,10.0,3.0,11.0,1.0,7.0,3.0,6.0,3.0,1.0,11.0,11.0,15.0,29.0,0.0,12.0,2.0,63.0,23.0,12.0,8.0,6.0,8.0,6.0,22.0,43.0,25.0,25.0,15.0,5.0,4.0,10.0,1.0,11.0,2.0,13.0,3.0,11.0,14.0,5.0,1.0,2.0,0.0,0.0,0.0,4.0,2.0,2.0,2.0,3.0,6.0,9.0,4.0,6.0,4.0,2.0,0.0,1.0,2.0,5.0,3.0,7.0,2.0,3.0,16.0,4.0,7.0,34.0,5.0,6.0,5.0,1.0,2.0,0.0,2.0,1.0,12.260000000000002,8.735,1.1449999999999998,0.215,0.6250000000000001,0.6,0.9400000000000001,11.320000000000004
Cole Sillinger,CBJ,C,2025-26,208.44999999999902,25.0,19.0,9.0,37.0,20.0,14.0,3.0,8.0,0.0,3.0,1.0,2.0,4.0,2.0,10.0,10.0,12.0,22.0,2.0,9.0,2.0,66.0,29.0,7.0,6.0,16.0,7.0,4.0,25.0,45.0,24.0,28.0,16.0,6.0,2.0,12.0,1.0,13.0,7.0,10.0,7.0,13.0,15.0,18.0,8.0,5.0,5.0,1.0,0.0,0.0,0.0,0.0,2.0,0.0,2.0,3.0,2.0,0.0,1.0,0.0,0.0,0.0,5.0,1.0,3.0,4.0,5.0,2.0,15.0,3.0,7.0,27.0,5.0,5.0,4.0,2.0,0.0,1.0,1.0,1.0,9.685,6.035,1.5150000000000001,0.48,0.395,1.095,0.165,9.520000000000001
Damon Severson,CBJ,D,2025-26,280.333333333334,19.0,11.0,6.0,46.0,28.0,13.0,5.0,13.0,1.0,2.0,1.0,8.0,6.0,11.0,4.0,20.0,13.0,20.0,1.0,2.0,3.0,23.0,6.0,1.0,3.0,2.0,2.0,2.0,2.0,101.0,67.0,41.0,25.0,2.0,11.0,16.0,6.0,40.0,19.0,43.0,13.0,18.0,23.0,91.0,47.0,10.0,15.0,9.0,2.0,3.0,1.0,2.0,0.0,1.0,2.0,6.0,4.0,0.0,0.0,0.0,1.0,0.0,4.0,0.0,0.0,4.0,2.0,4.0,15.0,1.0,3.0,26.0,9.0,11.0,2.0,0.0,1.0,0.0,0.0,1.0,9.91,6.765000000000001,0.405,1.7599999999999998,0.7549999999999999,0.12,0.10500000000000001,9.805000000000001
Dante Fabbro,CBJ,D,2025-26,213.53333333333302,16.0,10.0,1.0,15.0,7.0,7.0,1.0,5.0,0.0,0.0,0.0,0.0,2.0,7.0,2.0,9.0,11.0,6.0,0.0,1.0,0.0,21.0,2.0,0.0,0.0,0.0,0.0,2.0,2.0,81.0,61.0,42.0,16.0,2.0,8.0,26.0,4.0,26.0,16.0,30.0,9.0,27.0,15.0,100.0,63.0,10.0,17.0,8.0,1.0,0.0,0.0,0.0,0.0,0.0,0.0,0.0,0.0,0.0,0.0,0.0,0.0,0.0,0.0,0.0,0.0,0.0,0.0,3.0,14.0,1.0,1.0,6.0,4.0,5.0,1.0,0.0,1.0,0.0,0.0,0.0,5.015000000000001,2.6750000000000003,0.16,1.815,0.33499999999999996,0.03,0.0,5.015000000000001
Denton Mateychuk,CBJ,D,2025-26,221.84999999999997,22.0,21.0,8.0,36.0,16.0,14.0,6.0,6.0,1.0,1.0,0.0,0.0,3.0,10.0,5.0,16.0,11.0,14.0,4.0,7.0,0.0,20.0,8.0,1.0,3.0,0.0,1.0,2.0,3.0,76.0,61.0,29.0,17.0,1.0,7.0,12.0,4.0,33.0,17.0,37.0,13.0,20.0,9.0,95.0,61.0,12.0,18.0,15.0,4.0,2.0,0.0,0.0,0.0,1.0,0.0,3.0,2.0,0.0,0.0,0.0,0.0,0.0,4.0,3.0,0.0,3.0,0.0,4.0,17.0,0.0,5.0,20.0,5.0,11.0,3.0,0.0,0.0,0.0,0.0,2.0,7.535,5.220000000000001,0.44,1.425,0.3700000000000001,0.045,0.035,7.5
Dmitri Voronkov,CBJ,L,2025-26,133.3333333333334,16.0,15.0,13.0,26.0,19.0,4.0,3.0,11.0,0.0,0.0,2.0,4.0,9.0,2.0,5.0,14.0,11.0,11.0,0.0,4.0,2.0,27.0,7.0,2.0,3.0,7.0,4.0,2.0,11.0,19.0,8.0,15.0,11.0,5.0,2.0,4.0,0.0,7.0,2.0,2.0,1.0,6.0,9.0,5.0,1.0,2.0,0.0,0.0,0.0,1.0,0.0,0.0,0.0,0.0,6.0,2.0,1.0,4.0,1.0,0.0,0.0,0.0,1.0,2.0,5.0,3.0,2.0,0.0,11.0,2.0,3.0,12.0,5.0,9.0,1.0,2.0,1.0,1.0,0.0,0.0,7.4700000000000015,5.540000000000001,0.515,0.20500000000000002,0.455,0.48,0.275,7.195
Isac Lundestrom,CBJ,C,2025-26,31.0666666666663,2.0,1.0,1.0,3.0,2.0,1.0,0.0,1.0,0.0,1.0,0.0,0.0,0.0,0.0,2.0,0.0,0.0,1.0,0.0,1.0,0.0,7.0,2.0,0.0,0.0,0.0,1.0,0.0,1.0,7.0,3.0,3.0,2.0,1.0,1.0,1.0,0.0,1.0,0.0,1.0,1.0,2.0,1.0,0.0,0.0,0.0,0.0,0.0,0.0,0.0,0.0,0.0,0.0,0.0,0.0,0.0,0.0,0.0,0.0,0.0,0.0,0.0,0.0,0.0,0.0,0.0,0.0,0.0,0.0,1.0,1.0,3.0,0.0,0.0,1.0,0.0,0.0,1.0,0.0,0.0,0.75,0.53,0.14500000000000002,0.0,0.060000000000000005,0.015,0.0,0.75
Ivan Provorov,CBJ,D,2025-26,300.133333333333,21.0,15.0,4.0,40.0,21.0,15.0,4.0,8.0,0.0,0.0,0.0,2.0,7.0,14.0,2.0,24.0,15.0,11.0,2.0,4.0,3.0,18.0,5.0,2.0,1.0,1.0,1.0,2.0,3.0,136.0,107.0,58.0,27.0,6.0,13.0,31.0,10.0,56.0,29.0,52.0,20.0,45.0,13.0,101.0,65.0,11.0,17.0,16.0,1.0,1.0,1.0,0.0,0.0,3.0,5.0,6.0,1.0,2.0,0.0,0.0,0.0,0.0,3.0,0.0,0.0,1.0,0.0,5.0,18.0,2.0,1.0,16.0,8.0,16.0,1.0,0.0,0.0,1.0,1.0,0.0,8.165000000000001,5.4399999999999995,0.26,1.5299999999999998,0.6300000000000001,0.09,0.21500000000000002,7.95
Jake Christiansen,CBJ,D,2025-26,96.333333333334,11.0,7.0,2.0,16.0,10.0,5.0,1.0,5.0,0.0,0.0,0.0,1.0,2.0,3.0,2.0,5.0,8.0,8.0,0.0,3.0,0.0,12.0,2.0,1.0,1.0,0.0,0.0,0.0,1.0,26.0,15.0,13.0,8.0,0.0,3.0,5.0,0.0,9.0,8.0,11.0,6.0,4.0,9.0,29.0,19.0,5.0,7.0,9.0,0.0,0.0,0.0,0.0,0.0,0.0,0.0,0.0,0.0,0.0,0.0,0.0,0.0,0.0,0.0,0.0,0.0,1.0,0.0,0.0,9.0,1.0,1.0,11.0,3.0,2.0,1.0,0.0,1.0,0.0,0.0,0.0,2.915,2.5450000000000004,0.045,0.29499999999999993,0.015000000000000013,0.015,0.0,2.915
Kent Johnson,CBJ,C,2025-26,166.55000000000072,20.0,16.0,14.0,27.0,18.0,8.0,1.0,7.0,0.0,2.0,2.0,7.0,5.0,0.0,10.0,13.0,8.0,9.0,2.0,5.0,2.0,67.0,32.0,7.0,9.0,7.0,10.0,3.0,26.0,33.0,18.0,23.0,15.0,12.0,2.0,8.0,2.0,11.0,0.0,5.0,2.0,11.0,12.0,2.0,1.0,1.0,0.0,0.0,0.0,10.0,6.0,2.0,0.0,0.0,4.0,4.0,1.0,3.0,1.0,0.0,0.0,0.0,0.0,1.0,3.0,3.0,0.0,1.0,9.0,5.0,6.0,14.0,7.0,6.0,4.0,1.0,2.0,2.0,1.0,1.0,9.350000000000001,5.765000000000001,1.7800000000000002,0.08,0.7300000000000001,0.7050000000000001,0.29000000000000004,9.06
Kirill Marchenko,CBJ,R,2025-26,224.54999999999998,47.0,36.0,28.0,41.0,20.0,15.0,6.0,9.0,1.0,5.0,0.0,3.0,5.0,3.0,19.0,16.0,22.0,19.0,2.0,12.0,6.0,77.0,48.0,16.0,13.0,22.0,16.0,1.0,22.0,57.0,23.0,37.0,20.0,5.0,7.0,17.0,1.0,13.0,3.0,5.0,11.0,17.0,20.0,9.0,3.0,4.0,0.0,0.0,0.0,20.0,12.0,6.0,0.0,0.0,9.0,18.0,9.0,5.0,7.0,1.0,0.0,0.0,5.0,4.0,2.0,4.0,1.0,0.0,28.0,11.0,8.0,24.0,9.0,8.0,5.0,1.0,6.0,5.0,0.0,1.0,15.53,10.049999999999999,2.3549999999999995,0.365,0.5349999999999999,1.32,0.9050000000000001,14.625
Mathieu Olivier,CBJ,R,2025-26,193.13333333333298,30.0,26.0,21.0,25.0,11.0,10.0,4.0,6.0,0.0,4.0,1.0,2.0,1.0,1.0,10.0,4.0,19.0,17.0,1.0,10.0,2.0,59.0,19.0,9.0,4.0,12.0,7.0,5.0,27.0,40.0,18.0,25.0,16.0,6.0,4.0,9.0,1.0,10.0,1.0,6.0,4.0,11.0,14.0,2.0,0.0,1.0,0.0,0.0,0.0,0.0,0.0,0.0,2.0,1.0,0.0,0.0,0.0,0.0,0.0,0.0,0.0,0.0,1.0,4.0,4.0,1.0,4.0,0.0,20.0,4.0,6.0,20.0,1.0,3.0,3.0,1.0,2.0,1.0,1.0,2.0,9.405000000000001,6.575,1.0100000000000002,0.095,0.635,0.945,0.14500000000000002,9.26
Sean Monahan,CBJ,C,2025-26,152.63333333333298,12.0,9.0,9.0,33.0,24.0,8.0,1.0,9.0,1.0,4.0,2.0,6.0,4.0,1.0,2.0,8.0,8.0,16.0,1.0,9.0,0.0,38.0,15.0,7.0,7.0,7.0,2.0,1.0,20.0,24.0,13.0,17.0,13.0,4.0,8.0,4.0,0.0,13.0,0.0,2.0,2.0,11.0,6.0,4.0,2.0,1.0,0.0,1.0,0.0,1.0,1.0,1.0,3.0,2.0,3.0,7.0,3.0,3.0,2.0,1.0,0.0,0.0,3.0,2.0,1.0,2.0,0.0,1.0,10.0,1.0,1.0,24.0,3.0,6.0,1.0,0.0,0.0,1.0,0.0,0.0,7.685000000000001,5.19,0.505,0.08499999999999999,0.7100000000000001,0.615,0.5800000000000001,7.105000000000001
Yegor Chinakhov,CBJ,R,2025-26,50.0333333333337,7.0,6.0,5.0,6.0,5.0,1.0,0.0,4.0,0.0,0.0,1.0,1.0,2.0,0.0,5.0,3.0,1.0,3.0,1.0,0.0,0.0,16.0,6.0,4.0,1.0,5.0,4.0,0.0,3.0,12.0,8.0,8.0,4.0,4.0,0.0,4.0,2.0,3.0,0.0,0.0,1.0,6.0,2.0,1.0,0.0,0.0,0.0,0.0,0.0,1.0,1.0,1.0,0.0,0.0,0.0,1.0,1.0,0.0,1.0,0.0,0.0,0.0,1.0,2.0,0.0,0.0,0.0,0.0,2.0,0.0,5.0,3.0,0.0,3.0,1.0,3.0,0.0,0.0,0.0,1.0,2.7449999999999997,1.865,0.31,0.03,0.18000000000000002,0.27,0.09,2.655
Zach Aston-Reese,CBJ,C,2025-26,27.883333333333002,4.0,4.0,2.0,4.0,2.0,2.0,0.0,1.0,0.0,0.0,0.0,0.0,0.0,0.0,1.0,0.0,2.0,2.0,1.0,3.0,1.0,8.0,2.0,0.0,0.0,4.0,0.0,1.0,7.0,6.0,3.0,4.0,0.0,0.0,0.0,4.0,0.0,0.0,0.0,0.0,0.0,3.0,1.0,0.0,0.0,0.0,0.0,0.0,0.0,0.0,0.0,0.0,0.0,0.0,0.0,0.0,0.0,0.0,0.0,0.0,0.0,0.0,0.0,0.0,1.0,0.0,2.0,0.0,3.0,1.0,0.0,4.0,0.0,0.0,0.0,0.0,0.0,1.0,0.0,0.0,1.29,0.88,0.125,0.0,0.0,0.285,0.0,1.29
Zach Werenski,CBJ,D,2025-26,268.91666666666606,51.0,39.0,13.0,58.0,26.0,27.0,5.0,14.0,2.0,1.0,0.0,0.0,5.0,8.0,14.0,18.0,25.0,27.0,3.0,15.0,2.0,56.0,32.0,4.0,6.0,0.0,7.0,1.0,2.0,122.0,101.0,51.0,41.0,13.0,15.0,10.0,10.0,62.0,12.0,56.0,9.0,35.0,16.0,87.0,57.0,13.0,17.0,12.0,0.0,13.0,11.0,11.0,1.0,1.0,7.0,23.0,16.0,4.0,11.0,1.0,0.0,0.0,8.0,2.0,0.0,4.0,1.0,8.0,36.0,8.0,7.0,39.0,7.0,12.0,1.0,3.0,4.0,2.0,1.0,3.0,16.869999999999997,10.1,1.6800000000000002,1.475,2.25,0.03,1.3350000000000002,15.535000000000002
Elvis Merzlikins,CBJ,G,2025-26,275.73339999999996,0.0,0.0,0.0,0.0,0.0,0.0,0.0,0.0,0.0,0.0,0.0,0.0,0.0,0.0,0.0,0.0,0.0,0.0,0.0,0.0,0.0,0.0,0.0,0.0,0.0,0.0,0.0,0.0,0.0,25.0,25.0,4.0,1.0,0.0,1.0,3.0,1.0,12.0,9.0,20.0,8.0,4.0,0.0,0.0,0.0,0.0,0.0,0.0,0.0,0.0,0.0,0.0,0.0,0.0,0.0,0.0,0.0,0.0,0.0,0.0,0.0,0.0,0.0,0.0,0.0,0.0,0.0,0.0,0.0,0.0,0.0,0.0,0.0,0.0,0.0,0.0,0.0,0.0,0.0,0.0,0.0,0.0,0.0,0.0,0.0,0.0,0.0,0.0
Jake Oettinger,DAL,G,2025-26,695.8002000000001,0.0,0.0,0.0,0.0,0.0,0.0,0.0,0.0,0.0,0.0,0.0,0.0,0.0,0.0,0.0,0.0,0.0,0.0,0.0,0.0,0.0,0.0,0.0,0.0,0.0,0.0,0.0,0.0,0.0,84.0,84.0,6.0,0.0,0.0,0.0,6.0,0.0,42.0,9.0,78.0,7.0,6.0,0.0,0.0,0.0,0.0,0.0,0.0,0.0,0.0,0.0,0.0,0.0,0.0,0.0,0.0,0.0,0.0,0.0,0.0,0.0,0.0,0.0,0.0,0.0,0.0,0.0,0.0,0.0,0.0,0.0,0.0,0.0,0.0,0.0,0.0,0.0,0.0,0.0,0.0,0.0,0.0,0.0,0.0,0.0,0.0,0.0,0.0
Ilya Solovyov,COL,D,2025-26,70.466666666667,6.0,3.0,0.0,11.0,6.0,5.0,0.0,1.0,1.0,0.0,0.0,0.0,1.0,3.0,0.0,4.0,4.0,2.0,1.0,2.0,0.0,7.0,2.0,0.0,0.0,0.0,0.0,2.0,1.0,31.0,25.0,11.0,7.0,0.0,5.0,4.0,2.0,17.0,2.0,15.0,1.0,8.0,3.0,19.0,11.0,1.0,6.0,5.0,1.0,0.0,0.0,0.0,0.0,0.0,0.0,0.0,0.0,0.0,0.0,0.0,0.0,0.0,2.0,0.0,0.0,2.0,0.0,1.0,6.0,0.0,0.0,7.0,2.0,2.0,0.0,0.0,0.0,0.0,0.0,0.0,2.16,1.285,0.16,0.13499999999999998,0.565,0.015,0.0,2.16
Matt Duchene,DAL,C,2025-26,180.2,16.0,14.0,12.0,34.0,21.0,12.0,1.0,9.0,3.0,6.0,2.0,1.0,3.0,1.0,7.0,13.0,8.0,8.0,0.0,4.0,2.0,44.0,34.0,10.0,13.0,8.0,11.0,0.0,15.0,38.0,16.0,20.0,12.0,4.0,3.0,8.0,2.0,8.0,4.0,6.0,4.0,8.0,12.0,5.0,2.0,2.0,1.0,0.0,0.0,12.0,9.0,7.0,0.0,0.0,4.0,13.0,7.0,3.0,5.0,1.0,0.0,0.0,1.0,1.0,2.0,8.0,0.0,1.0,9.0,4.0,3.0,18.0,6.0,10.0,1.0,1.0,0.0,2.0,2.0,1.0,9.24,5.735,1.685,0.175,0.3400000000000001,0.585,0.72,8.519999999999998
Nils Lundkvist,DAL,D,2025-26,211.01666666666503,19.0,16.0,3.0,29.0,19.0,6.0,4.0,9.0,1.0,0.0,0.0,2.0,4.0,7.0,4.0,12.0,5.0,10.0,8.0,3.0,2.0,18.0,6.0,2.0,3.0,0.0,3.0,1.0,0.0,97.0,73.0,26.0,13.0,2.0,5.0,13.0,3.0,45.0,16.0,56.0,12.0,14.0,12.0,81.0,51.0,2.0,18.0,10.0,2.0,0.0,0.0,0.0,0.0,0.0,0.0,1.0,1.0,0.0,0.0,0.0,0.0,0.0,8.0,1.0,0.0,1.0,1.0,9.0,14.0,2.0,3.0,15.0,7.0,6.0,3.0,0.0,1.0,0.0,2.0,0.0,6.665,4.65,0.37999999999999995,1.0350000000000004,0.6000000000000001,0.0,0.0,6.665
Jake Walman,EDM,D,2025-26,144.0666666666667,13.0,8.0,2.0,15.0,8.0,5.0,2.0,5.0,0.0,1.0,0.0,3.0,0.0,1.0,1.0,2.0,5.0,6.0,4.0,7.0,2.0,11.0,3.0,3.0,1.0,0.0,1.0,0.0,2.0,48.0,35.0,29.0,20.0,5.0,9.0,9.0,2.0,22.0,10.0,14.0,7.0,19.0,10.0,50.0,29.0,7.0,8.0,6.0,1.0,0.0,0.0,0.0,0.0,1.0,1.0,1.0,1.0,1.0,0.0,0.0,0.0,0.0,4.0,0.0,0.0,2.0,0.0,3.0,10.0,2.0,1.0,12.0,2.0,1.0,1.0,0.0,1.0,1.0,0.0,0.0,4.575,2.81,0.055,0.935,0.6550000000000001,0.03,0.09,4.485
Jayden Struble,MTL,D,2025-26,203.5999999999997,11.0,6.0,2.0,31.0,21.0,8.0,2.0,4.0,1.0,2.0,0.0,3.0,2.0,3.0,0.0,8.0,8.0,8.0,1.0,8.0,0.0,21.0,4.0,1.0,1.0,0.0,1.0,1.0,3.0,60.0,44.0,18.0,6.0,0.0,2.0,12.0,4.0,17.0,6.0,32.0,4.0,8.0,10.0,60.0,35.0,10.0,5.0,10.0,1.0,0.0,0.0,0.0,0.0,0.0,0.0,0.0,0.0,0.0,0.0,0.0,0.0,0.0,2.0,0.0,0.0,3.0,4.0,6.0,11.0,0.0,0.0,23.0,5.0,3.0,0.0,0.0,0.0,0.0,0.0,0.0,5.285,3.595,0.22499999999999998,1.1350000000000002,0.28500000000000014,0.045,0.0,5.285
Joe Veleno,MTL,C,2025-26,123.7333333333331,15.0,12.0,5.0,17.0,8.0,9.0,0.0,3.0,0.0,2.0,2.0,1.0,3.0,1.0,8.0,5.0,5.0,7.0,1.0,5.0,0.0,43.0,18.0,4.0,4.0,10.0,1.0,2.0,17.0,20.0,14.0,12.0,6.0,4.0,1.0,6.0,0.0,11.0,3.0,7.0,3.0,7.0,5.0,4.0,2.0,2.0,0.0,0.0,0.0,0.0,0.0,0.0,3.0,0.0,0.0,1.0,1.0,0.0,1.0,0.0,0.0,1.0,0.0,0.0,2.0,1.0,0.0,0.0,7.0,2.0,6.0,12.0,1.0,4.0,2.0,2.0,0.0,1.0,1.0,2.0,5.2250000000000005,3.0749999999999997,0.7550000000000001,0.16,0.275,0.7049999999999998,0.255,4.970000000000001
Jeffrey Viel,BOS,L,2025-26,23.716666666667003,6.0,5.0,4.0,3.0,3.0,0.0,0.0,1.0,0.0,2.0,0.0,0.0,0.0,0.0,1.0,0.0,4.0,3.0,0.0,0.0,0.0,8.0,2.0,0.0,0.0,3.0,0.0,0.0,8.0,5.0,2.0,2.0,2.0,1.0,1.0,0.0,0.0,2.0,0.0,1.0,1.0,1.0,1.0,0.0,0.0,0.0,0.0,0.0,0.0,0.0,0.0,0.0,0.0,0.0,0.0,0.0,0.0,0.0,0.0,0.0,0.0,0.0,0.0,0.0,4.0,0.0,0.0,0.0,5.0,1.0,0.0,3.0,0.0,0.0,0.0,0.0,1.0,0.0,0.0,0.0,1.56,1.1300000000000001,0.09,0.0,0.08499999999999999,0.255,0.0,1.56
Michael Callahan,BOS,D,2025-26,28.366666666667,2.0,2.0,1.0,2.0,0.0,1.0,1.0,0.0,0.0,0.0,0.0,0.0,1.0,0.0,0.0,1.0,1.0,0.0,1.0,0.0,1.0,4.0,0.0,0.0,0.0,0.0,0.0,1.0,0.0,20.0,13.0,8.0,7.0,1.0,2.0,1.0,1.0,10.0,1.0,9.0,2.0,3.0,5.0,14.0,11.0,0.0,2.0,4.0,0.0,0.0,0.0,0.0,0.0,0.0,0.0,0.0,0.0,0.0,0.0,0.0,0.0,0.0,1.0,0.0,0.0,0.0,0.0,0.0,1.0,1.0,0.0,1.0,1.0,0.0,0.0,0.0,0.0,1.0,0.0,0.0,0.8949999999999998,0.40499999999999997,0.035,0.06499999999999997,0.39,0.0,0.0,0.8949999999999998
Nikita Nesterenko,ANA,C,2025-26,107.00000000000001,9.0,8.0,8.0,13.0,11.0,2.0,0.0,5.0,0.0,4.0,2.0,1.0,2.0,1.0,3.0,3.0,3.0,7.0,1.0,1.0,0.0,28.0,9.0,4.0,1.0,4.0,1.0,2.0,9.0,24.0,15.0,18.0,12.0,3.0,4.0,6.0,1.0,10.0,0.0,3.0,2.0,11.0,7.0,2.0,1.0,1.0,1.0,1.0,0.0,0.0,0.0,0.0,1.0,0.0,0.0,0.0,0.0,0.0,0.0,0.0,0.0,0.0,0.0,1.0,1.0,1.0,1.0,0.0,6.0,2.0,1.0,10.0,1.0,2.0,0.0,1.0,1.0,0.0,1.0,0.0,4.26,2.915,0.35,0.025,0.6000000000000001,0.31500000000000006,0.055,4.205
Petr Mrazek,ANA,G,2025-26,123.58340000000001,0.0,0.0,0.0,0.0,0.0,0.0,0.0,0.0,0.0,0.0,0.0,0.0,0.0,0.0,0.0,0.0,0.0,0.0,0.0,0.0,0.0,0.0,0.0,0.0,0.0,0.0,0.0,0.0,0.0,9.0,9.0,1.0,0.0,0.0,0.0,1.0,0.0,5.0,2.0,8.0,2.0,1.0,0.0,0.0,0.0,0.0,0.0,0.0,0.0,0.0,0.0,0.0,0.0,0.0,0.0,0.0,0.0,0.0,0.0,0.0,0.0,0.0,0.0,0.0,0.0,0.0,0.0,0.0,0.0,0.0,0.0,0.0,0.0,0.0,0.0,0.0,0.0,0.0,0.0,0.0,0.0,0.0,0.0,0.0,0.0,0.0,0.0,0.0
Joonas Korpisalo,BOS,G,2025-26,439.2334,0.0,0.0,0.0,0.0,0.0,0.0,0.0,0.0,0.0,0.0,0.0,0.0,0.0,0.0,0.0,0.0,0.0,0.0,0.0,0.0,0.0,0.0,0.0,0.0,0.0,0.0,0.0,0.0,0.0,29.0,29.0,1.0,0.0,0.0,0.0,1.0,0.0,16.0,5.0,28.0,4.0,1.0,0.0,0.0,0.0,0.0,0.0,0.0,0.0,0.0,0.0,0.0,0.0,0.0,0.0,0.0,0.0,0.0,0.0,0.0,0.0,0.0,0.0,0.0,0.0,0.0,0.0,0.0,0.0,0.0,0.0,0.0,0.0,0.0,0.0,0.0,0.0,0.0,0.0,0.0,0.0,0.0,0.0,0.0,0.0,0.0,0.0,0.0
Anthony Cirelli,T.B,C,2025-26,258.75000000000057,45.0,34.0,31.0,44.0,20.0,17.0,7.0,13.0,4.0,1.0,1.0,7.0,5.0,4.0,14.0,19.0,20.0,11.0,7.0,10.0,4.0,56.0,31.0,7.0,14.0,9.0,9.0,1.0,23.0,46.0,34.0,20.0,11.0,4.0,6.0,9.0,5.0,20.0,3.0,14.0,3.0,15.0,5.0,13.0,3.0,4.0,0.0,0.0,0.0,4.0,2.0,2.0,5.0,7.0,3.0,5.0,3.0,3.0,1.0,0.0,0.0,0.0,3.0,12.0,12.0,2.0,1.0,2.0,27.0,7.0,10.0,23.0,8.0,12.0,6.0,2.0,1.0,3.0,3.0,2.0,15.4,11.009999999999998,1.61,0.545,0.675,0.75,0.8100000000000002,14.590000000000002
Brandon Hagel,T.B,L,2025-26,331.066666666666,65.0,45.0,45.0,91.0,57.0,25.0,9.0,32.0,14.0,12.0,2.0,10.0,10.0,4.0,28.0,38.0,26.0,37.0,9.0,18.0,14.0,135.0,84.0,24.0,24.0,14.0,24.0,4.0,49.0,94.0,49.0,59.0,47.0,14.0,14.0,12.0,2.0,36.0,5.0,17.0,11.0,30.0,29.0,9.0,1.0,5.0,0.0,0.0,0.0,20.0,13.0,10.0,18.0,3.0,12.0,18.0,5.0,9.0,3.0,0.0,1.0,0.0,6.0,5.0,8.0,14.0,12.0,9.0,35.0,11.0,19.0,47.0,18.0,25.0,11.0,4.0,1.0,2.0,7.0,3.0,29.97500000000001,19.89,4.16,0.47000000000000003,1.985,1.3649999999999998,2.1050000000000004,27.870000000000005
Brayden Point,T.B,C,2025-26,256.9166666666657,33.0,29.0,23.0,71.0,37.0,24.0,10.0,17.0,6.0,9.0,0.0,12.0,3.0,4.0,16.0,25.0,8.0,24.0,7.0,14.0,5.0,93.0,70.0,16.0,23.0,9.0,18.0,0.0,31.0,54.0,35.0,37.0,31.0,9.0,14.0,6.0,1.0,26.0,3.0,11.0,2.0,23.0,14.0,10.0,4.0,4.0,2.0,1.0,0.0,26.0,21.0,14.0,0.0,0.0,23.0,3.0,1.0,22.0,1.0,0.0,0.0,0.0,3.0,3.0,4.0,15.0,3.0,3.0,15.0,9.0,8.0,42.0,15.0,14.0,5.0,1.0,2.0,2.0,5.0,2.0,19.715000000000003,11.8,3.4199999999999995,0.31,1.5600000000000003,0.87,1.755,17.96
Curtis Douglas,T.B,C,2025-26,31.766666666666698,3.0,2.0,3.0,2.0,2.0,0.0,0.0,1.0,0.0,0.0,0.0,0.0,1.0,0.0,1.0,1.0,0.0,1.0,0.0,0.0,0.0,12.0,2.0,1.0,1.0,0.0,0.0,1.0,6.0,9.0,7.0,5.0,4.0,1.0,3.0,1.0,0.0,5.0,0.0,4.0,0.0,3.0,2.0,1.0,1.0,0.0,0.0,0.0,0.0,0.0,0.0,0.0,0.0,0.0,0.0,0.0,0.0,0.0,0.0,0.0,0.0,0.0,0.0,1.0,1.0,0.0,1.0,0.0,2.0,0.0,1.0,1.0,0.0,1.0,1.0,0.0,0.0,0.0,0.0,0.0,1.1900000000000002,0.74,0.08,0.015,0.265,0.09,0.0,1.1900000000000002
Darren Raddysh,T.B,D,2025-26,357.0500000000009,60.0,38.0,12.0,69.0,37.0,25.0,7.0,15.0,0.0,2.0,1.0,5.0,10.0,15.0,9.0,28.0,42.0,23.0,5.0,10.0,3.0,59.0,12.0,4.0,1.0,1.0,1.0,3.0,4.0,158.0,120.0,70.0,54.0,5.0,26.0,16.0,13.0,77.0,19.0,62.0,10.0,44.0,26.0,117.0,67.0,12.0,19.0,14.0,3.0,4.0,2.0,1.0,1.0,1.0,13.0,29.0,17.0,4.0,7.0,1.0,0.0,0.0,15.0,0.0,1.0,6.0,1.0,11.0,48.0,3.0,9.0,40.0,14.0,15.0,8.0,0.0,0.0,1.0,2.0,1.0,18.015,11.79,0.5200000000000001,2.0349999999999997,2.7999999999999994,0.105,0.765,17.25
Dominic James,T.B,C,2025-26,198.45000000000059,34.0,26.0,21.0,32.0,24.0,7.0,1.0,20.0,4.0,2.0,3.0,5.0,6.0,2.0,18.0,16.0,12.0,13.0,2.0,2.0,2.0,78.0,41.0,14.0,9.0,1.0,12.0,4.0,27.0,52.0,26.0,31.0,21.0,13.0,3.0,10.0,1.0,13.0,1.0,11.0,8.0,14.0,17.0,3.0,1.0,0.0,0.0,0.0,1.0,2.0,2.0,2.0,0.0,0.0,2.0,7.0,1.0,1.0,0.0,0.0,1.0,0.0,4.0,3.0,2.0,6.0,1.0,2.0,16.0,10.0,8.0,16.0,6.0,10.0,4.0,1.0,6.0,1.0,3.0,3.0,12.559999999999999,9.165,2.0149999999999997,0.06,0.7450000000000002,0.44999999999999996,0.125,12.434999999999999
Emil Lilleberg,T.B,D,2025-26,236.66666666666796,21.0,11.0,7.0,34.0,15.0,12.0,7.0,5.0,1.0,1.0,0.0,1.0,6.0,4.0,3.0,14.0,13.0,12.0,3.0,7.0,1.0,31.0,7.0,2.0,5.0,1.0,3.0,2.0,3.0,110.0,73.0,37.0,27.0,6.0,10.0,10.0,6.0,44.0,11.0,47.0,15.0,20.0,17.0,85.0,44.0,13.0,15.0,10.0,4.0,0.0,0.0,0.0,0.0,1.0,0.0,0.0,0.0,0.0,0.0,0.0,0.0,0.0,5.0,1.0,1.0,5.0,2.0,4.0,16.0,3.0,2.0,19.0,5.0,10.0,1.0,1.0,0.0,1.0,2.0,0.0,8.315,4.9350000000000005,0.46,1.6600000000000001,1.135,0.09,0.035,8.28
Erik Cernak,T.B,D,2025-26,252.78333333333404,20.0,16.0,2.0,23.0,10.0,8.0,5.0,4.0,0.0,0.0,0.0,2.0,1.0,4.0,5.0,6.0,9.0,9.0,2.0,3.0,0.0,35.0,3.0,2.0,2.0,0.0,3.0,3.0,2.0,90.0,64.0,33.0,21.0,0.0,9.0,12.0,7.0,27.0,12.0,39.0,8.0,18.0,15.0,86.0,57.0,9.0,18.0,13.0,2.0,0.0,0.0,0.0,0.0,2.0,0.0,0.0,0.0,0.0,0.0,0.0,0.0,0.0,6.0,0.0,0.0,2.0,2.0,4.0,14.0,2.0,4.0,16.0,5.0,2.0,3.0,0.0,0.0,0.0,2.0,1.0,5.909999999999999,3.5649999999999995,0.31500000000000006,1.22,0.7100000000000001,0.03,0.07,5.839999999999999
Gage Goncalves,T.B,C,2025-26,255.96666666666644,26.0,21.0,22.0,47.0,27.0,15.0,5.0,12.0,3.0,7.0,1.0,7.0,4.0,5.0,11.0,18.0,11.0,24.0,2.0,13.0,3.0,64.0,37.0,10.0,8.0,7.0,7.0,5.0,31.0,63.0,42.0,31.0,22.0,5.0,11.0,9.0,2.0,28.0,3.0,20.0,7.0,20.0,11.0,5.0,0.0,1.0,0.0,0.0,0.0,7.0,3.0,4.0,0.0,0.0,2.0,8.0,4.0,2.0,3.0,2.0,1.0,1.0,4.0,3.0,7.0,6.0,0.0,0.0,14.0,5.0,7.0,29.0,6.0,12.0,3.0,2.0,3.0,1.0,0.0,1.0,13.19,8.810000000000002,1.7749999999999997,0.185,1.12,0.7799999999999998,0.52,12.67
J.J. Moser,T.B,D,2025-26,434.166666666667,49.0,27.0,11.0,83.0,36.0,36.0,11.0,15.0,2.0,0.0,0.0,3.0,10.0,15.0,5.0,34.0,28.0,28.0,3.0,23.0,1.0,63.0,29.0,3.0,5.0,2.0,5.0,1.0,16.0,139.0,79.0,70.0,43.0,10.0,13.0,27.0,5.0,46.0,13.0,46.0,12.0,28.0,42.0,153.0,89.0,23.0,21.0,20.0,7.0,1.0,1.0,1.0,0.0,5.0,0.0,3.0,3.0,0.0,2.0,0.0,0.0,0.0,8.0,0.0,1.0,7.0,3.0,8.0,43.0,4.0,2.0,45.0,15.0,23.0,2.0,0.0,0.0,3.0,1.0,0.0,18.225,11.475,1.48,2.84,1.7799999999999998,0.33000000000000007,0.32000000000000006,17.905
Jake Guentzel,T.B,C,2025-26,320.9833333333353,51.0,38.0,33.0,73.0,40.0,25.0,8.0,23.0,4.0,5.0,5.0,6.0,10.0,5.0,23.0,30.0,20.0,33.0,5.0,13.0,9.0,95.0,56.0,10.0,18.0,7.0,16.0,2.0,33.0,84.0,44.0,56.0,35.0,7.0,11.0,21.0,5.0,26.0,6.0,12.0,9.0,27.0,29.0,14.0,5.0,5.0,2.0,1.0,0.0,8.0,6.0,3.0,2.0,1.0,17.0,41.0,15.0,14.0,8.0,1.0,2.0,4.0,5.0,3.0,15.0,7.0,0.0,1.0,27.0,13.0,11.0,40.0,12.0,21.0,7.0,1.0,2.0,4.0,6.0,3.0,22.110000000000003,14.845000000000002,3.0200000000000005,0.45000000000000007,1.3499999999999999,0.8099999999999999,1.6350000000000002,20.474999999999998
Mitchell Chaffee,T.B,R,2025-26,8.9333333333333,3.0,3.0,3.0,1.0,1.0,0.0,0.0,0.0,0.0,0.0,0.0,0.0,0.0,1.0,0.0,1.0,3.0,0.0,0.0,0.0,0.0,0.0,0.0,0.0,0.0,1.0,0.0,0.0,1.0,1.0,0.0,1.0,1.0,0.0,0.0,0.0,0.0,0.0,0.0,0.0,0.0,0.0,1.0,0.0,0.0,0.0,0.0,0.0,0.0,0.0,0.0,0.0,0.0,0.0,0.0,0.0,0.0,0.0,0.0,0.0,0.0,0.0,0.0,1.0,1.0,0.0,0.0,0.0,3.0,0.0,0.0,0.0,0.0,1.0,0.0,0.0,0.0,0.0,0.0,0.0,0.675,0.5800000000000001,0.0,0.0,0.035,0.06,0.0,0.675
Nikita Kucherov,T.B,R,2025-26,376.15000000000003,93.0,63.0,48.0,124.0,74.0,37.0,13.0,45.0,10.0,16.0,9.0,9.0,16.0,12.0,30.0,51.0,49.0,43.0,11.0,24.0,21.0,110.0,75.0,30.0,35.0,10.0,29.0,9.0,39.0,105.0,54.0,69.0,58.0,14.0,19.0,11.0,7.0,35.0,8.0,15.0,12.0,32.0,37.0,8.0,1.0,3.0,1.0,0.0,0.0,50.0,41.0,35.0,0.0,0.0,19.0,89.0,49.0,6.0,33.0,10.0,13.0,3.0,26.0,5.0,6.0,18.0,5.0,6.0,62.0,15.0,16.0,62.0,23.0,37.0,9.0,4.0,4.0,4.0,6.0,3.0,37.28000000000001,25.964999999999993,3.9349999999999996,0.31500000000000006,2.2050000000000005,1.0350000000000001,3.825,33.455000000000005
Oliver Bjorkstrand,T.B,R,2025-26,236.91666666666683,35.0,20.0,23.0,36.0,26.0,9.0,1.0,10.0,0.0,11.0,1.0,5.0,4.0,3.0,12.0,10.0,19.0,17.0,2.0,4.0,4.0,81.0,34.0,10.0,5.0,11.0,7.0,8.0,24.0,65.0,30.0,45.0,29.0,11.0,7.0,16.0,1.0,22.0,1.0,11.0,5.0,18.0,27.0,8.0,2.0,2.0,1.0,1.0,2.0,5.0,2.0,2.0,0.0,0.0,17.0,16.0,5.0,15.0,3.0,2.0,2.0,0.0,6.0,2.0,3.0,5.0,5.0,2.0,22.0,7.0,6.0,24.0,4.0,8.0,3.0,2.0,2.0,1.0,4.0,1.0,13.86,8.58,1.745,0.19499999999999998,1.3550000000000002,0.8550000000000002,1.1300000000000003,12.73
Pontus Holmberg,T.B,R,2025-26,270.83333333333303,31.0,21.0,17.0,58.0,42.0,9.0,7.0,19.0,1.0,12.0,4.0,7.0,9.0,5.0,16.0,23.0,11.0,30.0,2.0,7.0,3.0,80.0,40.0,7.0,12.0,23.0,12.0,4.0,31.0,63.0,33.0,37.0,22.0,11.0,2.0,15.0,1.0,19.0,5.0,14.0,8.0,18.0,19.0,5.0,2.0,1.0,0.0,1.0,0.0,1.0,0.0,1.0,1.0,0.0,0.0,1.0,0.0,0.0,0.0,0.0,0.0,0.0,4.0,2.0,6.0,2.0,2.0,0.0,15.0,9.0,7.0,34.0,10.0,14.0,3.0,3.0,2.0,2.0,3.0,1.0,15.0,10.219999999999999,2.285,0.11499999999999999,0.7899999999999999,1.4999999999999998,0.09,14.91
Ryan McDonagh,T.B,D,2025-26,229.16666666666498,21.0,12.0,6.0,40.0,25.0,12.0,3.0,8.0,0.0,0.0,0.0,3.0,5.0,10.0,5.0,20.0,12.0,8.0,4.0,7.0,2.0,30.0,9.0,1.0,3.0,0.0,2.0,0.0,3.0,112.0,78.0,42.0,28.0,5.0,9.0,14.0,5.0,48.0,14.0,51.0,10.0,21.0,21.0,80.0,41.0,14.0,11.0,11.0,4.0,1.0,0.0,0.0,1.0,3.0,0.0,0.0,0.0,0.0,0.0,0.0,0.0,0.0,4.0,0.0,0.0,3.0,2.0,10.0,15.0,1.0,5.0,17.0,8.0,15.0,4.0,1.0,1.0,0.0,0.0,0.0,9.315000000000001,5.69,0.4699999999999999,1.6099999999999997,1.3399999999999999,0.045,0.16,9.155000000000001
Victor Hedman,T.B,D,2025-26,158.699999999999,20.0,11.0,2.0,27.0,17.0,6.0,4.0,9.0,1.0,0.0,0.0,2.0,1.0,10.0,0.0,12.0,14.0,10.0,1.0,4.0,2.0,23.0,7.0,3.0,2.0,0.0,4.0,1.0,2.0,69.0,46.0,29.0,19.0,0.0,7.0,10.0,3.0,26.0,11.0,29.0,8.0,14.0,15.0,50.0,30.0,6.0,8.0,9.0,3.0,6.0,0.0,1.0,1.0,2.0,13.0,14.0,5.0,1.0,3.0,0.0,0.0,0.0,7.0,0.0,0.0,2.0,1.0,4.0,20.0,0.0,0.0,13.0,3.0,11.0,0.0,0.0,0.0,0.0,0.0,0.0,6.72,4.49,0.43500000000000005,0.735,0.6500000000000001,0.03,0.38,6.34
Yanni Gourde,T.B,C,2025-26,326.1499999999993,46.0,37.0,23.0,62.0,33.0,22.0,7.0,14.0,1.0,8.0,2.0,2.0,8.0,4.0,27.0,26.0,17.0,25.0,1.0,16.0,3.0,119.0,53.0,9.0,15.0,24.0,12.0,3.0,34.0,84.0,52.0,50.0,31.0,10.0,6.0,19.0,1.0,35.0,7.0,26.0,7.0,25.0,25.0,8.0,3.0,3.0,1.0,0.0,0.0,0.0,0.0,0.0,8.0,4.0,1.0,0.0,0.0,1.0,0.0,0.0,0.0,0.0,8.0,6.0,4.0,7.0,0.0,0.0,19.0,11.0,16.0,35.0,12.0,15.0,10.0,6.0,3.0,4.0,4.0,0.0,17.924999999999994,11.200000000000003,2.745,0.28500000000000003,1.4700000000000002,1.59,0.635,17.29
Landon Slaggert,CHI,L,2025-26,128.54999999999998,14.0,12.0,6.0,12.0,7.0,4.0,1.0,3.0,0.0,2.0,0.0,2.0,0.0,3.0,7.0,4.0,7.0,6.0,0.0,5.0,0.0,28.0,9.0,7.0,2.0,9.0,2.0,1.0,19.0,35.0,16.0,21.0,16.0,7.0,5.0,5.0,1.0,12.0,3.0,4.0,7.0,11.0,10.0,4.0,0.0,0.0,0.0,0.0,0.0,0.0,0.0,0.0,0.0,0.0,0.0,0.0,0.0,0.0,0.0,0.0,0.0,0.0,0.0,0.0,4.0,1.0,2.0,0.0,7.0,2.0,5.0,7.0,1.0,4.0,3.0,2.0,0.0,0.0,2.0,0.0,4.31,2.755,0.23500000000000001,0.12,0.51,0.69,0.0,4.31
Lukas Reichel,CHI,L,2025-26,10.966666666667,0.0,0.0,0.0,1.0,0.0,1.0,0.0,0.0,0.0,0.0,0.0,0.0,0.0,0.0,0.0,1.0,0.0,0.0,0.0,0.0,0.0,2.0,1.0,0.0,0.0,1.0,0.0,0.0,0.0,6.0,3.0,4.0,2.0,1.0,0.0,2.0,0.0,1.0,0.0,0.0,0.0,3.0,1.0,0.0,0.0,0.0,0.0,0.0,0.0,0.0,0.0,0.0,0.0,0.0,0.0,0.0,0.0,0.0,0.0,0.0,0.0,0.0,0.0,0.0,0.0,0.0,0.0,0.0,0.0,0.0,0.0,0.0,1.0,0.0,0.0,0.0,0.0,0.0,0.0,0.0,0.24,0.055,0.045,0.0,0.095,0.045,0.0,0.24
Andrei Vasilevskiy,T.B,G,2025-26,690.8501,0.0,0.0,0.0,0.0,0.0,0.0,0.0,0.0,0.0,0.0,0.0,0.0,0.0,0.0,0.0,0.0,0.0,0.0,0.0,0.0,0.0,0.0,0.0,0.0,0.0,0.0,0.0,0.0,0.0,59.0,59.0,4.0,2.0,0.0,2.0,2.0,1.0,37.0,5.0,53.0,4.0,4.0,0.0,0.0,0.0,0.0,0.0,0.0,0.0,0.0,0.0,0.0,0.0,0.0,0.0,0.0,0.0,0.0,0.0,0.0,0.0,0.0,0.0,0.0,0.0,0.0,0.0,0.0,0.0,0.0,0.0,0.0,0.0,0.0,0.0,0.0,0.0,0.0,0.0,0.0,0.0,0.0,0.0,0.0,0.0,0.0,0.0,0.0
Adam Wilsby,NSH,D,2025-26,225.666666666668,22.0,19.0,8.0,26.0,17.0,5.0,4.0,4.0,0.0,0.0,0.0,2.0,5.0,7.0,4.0,15.0,15.0,8.0,1.0,3.0,0.0,26.0,15.0,2.0,6.0,1.0,3.0,2.0,0.0,81.0,58.0,34.0,19.0,5.0,7.0,15.0,11.0,27.0,18.0,25.0,13.0,21.0,13.0,78.0,45.0,9.0,15.0,11.0,2.0,0.0,0.0,0.0,0.0,3.0,1.0,0.0,0.0,0.0,0.0,0.0,0.0,0.0,1.0,3.0,0.0,1.0,0.0,5.0,18.0,1.0,3.0,11.0,5.0,10.0,2.0,0.0,0.0,1.0,0.0,1.0,7.2650000000000015,4.555000000000001,0.8200000000000001,1.4849999999999997,0.25500000000000006,0.045,0.10500000000000001,7.160000000000001
Brady Skjei,NSH,D,2025-26,283.51666666666597,29.0,20.0,3.0,24.0,10.0,11.0,3.0,5.0,1.0,1.0,0.0,4.0,4.0,8.0,5.0,14.0,18.0,6.0,1.0,2.0,0.0,33.0,14.0,3.0,4.0,0.0,5.0,1.0,3.0,110.0,74.0,52.0,28.0,5.0,11.0,24.0,7.0,40.0,17.0,38.0,19.0,29.0,23.0,113.0,72.0,10.0,18.0,18.0,7.0,4.0,1.0,2.0,1.0,3.0,5.0,7.0,4.0,2.0,3.0,0.0,0.0,0.0,9.0,1.0,1.0,2.0,3.0,3.0,24.0,0.0,5.0,9.0,3.0,11.0,2.0,1.0,0.0,0.0,0.0,2.0,8.66,4.629999999999999,0.805,1.9549999999999998,0.7200000000000001,0.045,0.505,8.155000000000001
Cole Smith,NSH,R,2025-26,91.25000000000071,12.0,8.0,5.0,7.0,4.0,3.0,0.0,1.0,0.0,2.0,1.0,0.0,0.0,1.0,2.0,2.0,7.0,4.0,1.0,1.0,0.0,29.0,8.0,2.0,0.0,3.0,0.0,1.0,10.0,16.0,11.0,15.0,8.0,3.0,3.0,7.0,0.0,7.0,1.0,1.0,1.0,10.0,5.0,3.0,1.0,2.0,1.0,1.0,0.0,0.0,0.0,0.0,2.0,0.0,0.0,0.0,0.0,0.0,0.0,0.0,0.0,0.0,0.0,1.0,3.0,1.0,1.0,1.0,10.0,2.0,0.0,5.0,1.0,1.0,0.0,0.0,1.0,0.0,1.0,0.0,3.135,1.96,0.305,0.09,0.385,0.28500000000000003,0.11,3.025
Erik Haula,NSH,L,2025-26,197.21666666666704,24.0,14.0,7.0,30.0,20.0,10.0,0.0,6.0,0.0,3.0,0.0,2.0,3.0,0.0,7.0,7.0,12.0,13.0,2.0,6.0,2.0,41.0,16.0,4.0,6.0,7.0,3.0,0.0,23.0,37.0,21.0,26.0,13.0,3.0,6.0,13.0,1.0,10.0,2.0,5.0,4.0,15.0,11.0,10.0,2.0,4.0,2.0,1.0,0.0,11.0,2.0,2.0,3.0,2.0,4.0,8.0,4.0,2.0,2.0,1.0,1.0,0.0,2.0,1.0,7.0,2.0,1.0,0.0,17.0,2.0,5.0,23.0,3.0,4.0,4.0,1.0,1.0,1.0,0.0,0.0,7.915,5.154999999999999,0.705,0.33999999999999997,0.49500000000000005,0.6599999999999999,0.56,7.355000000000001
Fedor Svechkov,NSH,C,2025-26,194.3166666666657,23.0,21.0,20.0,32.0,26.0,4.0,2.0,11.0,1.0,3.0,2.0,6.0,5.0,3.0,11.0,17.0,7.0,12.0,5.0,3.0,3.0,61.0,37.0,11.0,14.0,7.0,10.0,0.0,31.0,45.0,26.0,30.0,24.0,13.0,6.0,6.0,3.0,18.0,1.0,6.0,3.0,17.0,13.0,6.0,2.0,4.0,1.0,0.0,0.0,0.0,0.0,0.0,3.0,0.0,1.0,0.0,0.0,1.0,0.0,0.0,0.0,0.0,0.0,2.0,3.0,3.0,1.0,2.0,12.0,3.0,8.0,14.0,7.0,11.0,4.0,0.0,1.0,0.0,2.0,2.0,11.510000000000002,7.365000000000002,1.72,0.275,1.1500000000000001,0.7800000000000001,0.22,11.290000000000001
Filip Forsberg,NSH,L,2025-26,248.383333333333,54.0,41.0,25.0,45.0,29.0,10.0,6.0,13.0,1.0,4.0,3.0,5.0,7.0,8.0,27.0,22.0,23.0,13.0,2.0,5.0,3.0,69.0,40.0,18.0,9.0,2.0,9.0,2.0,45.0,65.0,34.0,43.0,34.0,13.0,9.0,9.0,4.0,25.0,2.0,7.0,10.0,23.0,20.0,4.0,1.0,3.0,1.0,1.0,0.0,7.0,2.0,1.0,0.0,0.0,8.0,17.0,6.0,4.0,4.0,1.0,0.0,0.0,4.0,7.0,3.0,7.0,2.0,1.0,27.0,15.0,12.0,23.0,9.0,13.0,7.0,3.0,9.0,2.0,4.0,2.0,15.485000000000001,11.105,1.5550000000000002,0.155,1.395,0.7650000000000001,0.51,14.975
Justin Barron,NSH,D,2025-26,139.96666666666732,8.0,7.0,3.0,21.0,8.0,11.0,2.0,2.0,0.0,1.0,0.0,0.0,0.0,5.0,0.0,6.0,6.0,9.0,2.0,4.0,2.0,11.0,4.0,2.0,2.0,0.0,1.0,1.0,3.0,55.0,37.0,18.0,10.0,1.0,3.0,8.0,6.0,19.0,12.0,23.0,10.0,8.0,10.0,51.0,24.0,7.0,10.0,7.0,5.0,2.0,1.0,1.0,0.0,0.0,0.0,2.0,2.0,0.0,1.0,1.0,0.0,0.0,3.0,0.0,0.0,1.0,2.0,2.0,7.0,1.0,0.0,15.0,0.0,6.0,0.0,0.0,0.0,0.0,1.0,0.0,3.755,2.44,0.18,0.91,0.05499999999999998,0.045,0.125,3.63
Luke Evangelista,NSH,R,2025-26,234.3500000000003,33.0,26.0,16.0,55.0,34.0,19.0,2.0,19.0,3.0,6.0,3.0,5.0,7.0,5.0,17.0,23.0,9.0,21.0,5.0,10.0,0.0,86.0,44.0,16.0,16.0,11.0,12.0,8.0,21.0,50.0,35.0,35.0,23.0,13.0,9.0,12.0,4.0,21.0,3.0,7.0,3.0,24.0,11.0,5.0,1.0,0.0,0.0,0.0,0.0,16.0,7.0,6.0,0.0,0.0,6.0,6.0,3.0,3.0,1.0,0.0,2.0,0.0,2.0,1.0,2.0,4.0,1.0,3.0,16.0,6.0,11.0,31.0,4.0,20.0,7.0,3.0,3.0,1.0,2.0,1.0,14.485000000000001,9.79,2.2,0.135,1.1199999999999999,0.81,0.43000000000000005,14.055000000000003
Matthew Wood,NSH,R,2025-26,155.36666666666838,20.0,16.0,15.0,31.0,23.0,8.0,0.0,10.0,2.0,1.0,1.0,2.0,2.0,4.0,5.0,14.0,12.0,12.0,1.0,6.0,1.0,42.0,24.0,7.0,8.0,7.0,6.0,1.0,12.0,18.0,11.0,11.0,9.0,1.0,6.0,2.0,1.0,8.0,3.0,2.0,5.0,8.0,3.0,3.0,1.0,1.0,0.0,0.0,0.0,8.0,4.0,1.0,0.0,0.0,4.0,11.0,5.0,1.0,3.0,1.0,0.0,0.0,4.0,3.0,3.0,3.0,1.0,0.0,15.0,2.0,3.0,17.0,4.0,10.0,2.0,1.0,1.0,1.0,0.0,0.0,8.435000000000002,6.175000000000001,1.1300000000000001,0.11,0.235,0.495,0.29000000000000004,8.145
Michael Bunting,NSH,L,2025-26,152.85000000000002,21.0,11.0,9.0,24.0,17.0,4.0,3.0,9.0,0.0,2.0,1.0,4.0,2.0,1.0,9.0,10.0,5.0,7.0,2.0,5.0,1.0,38.0,22.0,3.0,5.0,6.0,4.0,2.0,25.0,21.0,7.0,14.0,8.0,1.0,4.0,6.0,0.0,6.0,2.0,2.0,3.0,5.0,9.0,2.0,1.0,0.0,1.0,1.0,0.0,2.0,1.0,1.0,0.0,0.0,4.0,5.0,2.0,3.0,1.0,0.0,0.0,0.0,0.0,3.0,5.0,5.0,3.0,3.0,11.0,3.0,6.0,14.0,4.0,6.0,3.0,2.0,1.0,1.0,1.0,1.0,7.405,5.114999999999999,1.145,-0.010000000000000002,0.255,0.6449999999999999,0.255,7.15
Michael McCarron,NSH,C,2025-26,130.5,14.0,13.0,10.0,9.0,2.0,5.0,2.0,1.0,0.0,1.0,0.0,0.0,1.0,0.0,4.0,1.0,8.0,5.0,0.0,4.0,2.0,24.0,12.0,6.0,2.0,8.0,1.0,0.0,20.0,26.0,20.0,13.0,9.0,3.0,3.0,4.0,5.0,12.0,8.0,6.0,7.0,9.0,4.0,3.0,1.0,2.0,1.0,0.0,0.0,0.0,0.0,0.0,3.0,2.0,0.0,0.0,0.0,0.0,0.0,0.0,0.0,0.0,1.0,1.0,1.0,1.0,3.0,0.0,10.0,2.0,2.0,7.0,2.0,0.0,0.0,2.0,0.0,1.0,1.0,0.0,4.155,2.715,0.32500000000000007,0.13,0.09,0.6599999999999999,0.235,3.92
Nick Perbix,NSH,D,2025-26,240.349999999997,20.0,17.0,5.0,26.0,13.0,9.0,4.0,6.0,0.0,0.0,0.0,0.0,9.0,4.0,4.0,16.0,13.0,5.0,1.0,4.0,2.0,25.0,10.0,4.0,1.0,0.0,2.0,0.0,2.0,74.0,58.0,25.0,15.0,1.0,9.0,10.0,7.0,28.0,15.0,33.0,12.0,18.0,7.0,88.0,57.0,7.0,22.0,10.0,3.0,1.0,1.0,0.0,2.0,10.0,0.0,0.0,0.0,0.0,0.0,0.0,0.0,0.0,4.0,0.0,0.0,2.0,2.0,1.0,16.0,1.0,3.0,10.0,9.0,7.0,2.0,1.0,0.0,0.0,1.0,0.0,6.6450000000000005,4.24,0.38,1.2550000000000001,0.2800000000000001,0.03,0.4600000000000001,6.185000000000001
Ozzy Wiesblatt,NSH,C,2025-26,55.83333333333301,5.0,4.0,3.0,4.0,4.0,0.0,0.0,2.0,1.0,2.0,0.0,1.0,0.0,0.0,2.0,0.0,3.0,3.0,0.0,0.0,2.0,16.0,6.0,1.0,1.0,4.0,1.0,0.0,3.0,6.0,4.0,4.0,3.0,2.0,0.0,1.0,0.0,3.0,1.0,2.0,1.0,2.0,2.0,0.0,0.0,0.0,0.0,0.0,0.0,0.0,0.0,0.0,0.0,0.0,0.0,0.0,0.0,0.0,0.0,0.0,0.0,0.0,1.0,1.0,0.0,1.0,0.0,0.0,3.0,2.0,0.0,4.0,0.0,0.0,0.0,0.0,1.0,1.0,0.0,0.0,1.935,1.3199999999999998,0.27999999999999997,0.0,0.11000000000000001,0.22499999999999998,0.0,1.935
Roman Josi,NSH,D,2025-26,268.716666666666,28.0,24.0,9.0,41.0,19.0,19.0,3.0,9.0,0.0,2.0,1.0,4.0,6.0,11.0,10.0,24.0,8.0,9.0,3.0,6.0,2.0,58.0,29.0,7.0,9.0,1.0,5.0,5.0,4.0,98.0,67.0,39.0,29.0,4.0,15.0,10.0,10.0,39.0,14.0,35.0,8.0,22.0,17.0,94.0,59.0,5.0,23.0,14.0,5.0,8.0,7.0,4.0,2.0,1.0,5.0,22.0,11.0,2.0,5.0,0.0,0.0,0.0,2.0,0.0,0.0,2.0,1.0,4.0,17.0,5.0,6.0,16.0,10.0,15.0,3.0,3.0,1.0,0.0,4.0,0.0,11.219999999999999,6.655,1.44,1.13,1.2200000000000002,0.105,0.67,10.55
Ryan O'Reilly,NSH,C,2025-26,236.400000000001,33.0,24.0,16.0,52.0,39.0,7.0,6.0,21.0,1.0,9.0,6.0,7.0,7.0,4.0,15.0,21.0,15.0,24.0,2.0,9.0,6.0,68.0,37.0,5.0,12.0,15.0,15.0,2.0,22.0,56.0,37.0,34.0,21.0,6.0,7.0,13.0,4.0,18.0,7.0,12.0,6.0,21.0,13.0,12.0,3.0,5.0,1.0,1.0,0.0,20.0,13.0,9.0,5.0,4.0,4.0,11.0,6.0,3.0,4.0,1.0,1.0,0.0,1.0,3.0,9.0,4.0,0.0,1.0,17.0,3.0,13.0,29.0,10.0,13.0,10.0,2.0,1.0,0.0,2.0,1.0,15.985000000000003,10.330000000000002,2.335,0.43500000000000005,0.73,1.005,1.1500000000000001,14.835000000000004
Spencer Stastney,NSH,D,2025-26,88.36666666666599,10.0,8.0,3.0,19.0,9.0,8.0,2.0,3.0,0.0,1.0,0.0,0.0,2.0,3.0,0.0,5.0,7.0,5.0,2.0,3.0,1.0,6.0,2.0,0.0,0.0,0.0,0.0,0.0,0.0,30.0,27.0,15.0,9.0,0.0,8.0,6.0,3.0,15.0,3.0,11.0,1.0,13.0,2.0,12.0,9.0,0.0,3.0,3.0,1.0,0.0,0.0,0.0,1.0,1.0,0.0,0.0,0.0,0.0,0.0,0.0,0.0,0.0,1.0,0.0,0.0,0.0,1.0,4.0,10.0,0.0,0.0,14.0,3.0,2.0,0.0,0.0,0.0,0.0,0.0,0.0,3.31,2.535,0.09,0.04499999999999999,0.55,0.0,0.09,3.22
Steven Stamkos,NSH,C,2025-26,229.18333333333297,35.0,30.0,19.0,32.0,23.0,7.0,2.0,12.0,1.0,4.0,1.0,5.0,6.0,3.0,15.0,16.0,18.0,15.0,0.0,4.0,6.0,53.0,26.0,6.0,8.0,8.0,8.0,0.0,25.0,51.0,31.0,27.0,20.0,5.0,7.0,7.0,6.0,17.0,6.0,11.0,6.0,14.0,13.0,8.0,5.0,2.0,2.0,1.0,0.0,4.0,3.0,2.0,0.0,0.0,13.0,9.0,7.0,8.0,6.0,1.0,1.0,0.0,3.0,2.0,4.0,2.0,2.0,5.0,19.0,6.0,10.0,15.0,4.0,13.0,3.0,4.0,4.0,0.0,2.0,3.0,12.085,8.265,1.34,0.16499999999999998,0.7050000000000001,0.7350000000000002,0.8750000000000002,11.21
Tyson Jost,NSH,C,2025-26,150.56666666666698,25.0,21.0,19.0,24.0,15.0,4.0,5.0,7.0,0.0,3.0,2.0,1.0,1.0,4.0,9.0,7.0,11.0,14.0,3.0,6.0,0.0,52.0,25.0,2.0,4.0,6.0,9.0,2.0,17.0,27.0,16.0,21.0,16.0,9.0,5.0,5.0,0.0,13.0,2.0,3.0,0.0,13.0,8.0,2.0,0.0,2.0,0.0,0.0,0.0,1.0,1.0,1.0,3.0,2.0,0.0,0.0,0.0,0.0,0.0,0.0,0.0,0.0,1.0,4.0,4.0,1.0,2.0,2.0,16.0,1.0,8.0,16.0,3.0,5.0,5.0,2.0,1.0,0.0,0.0,1.0,9.345,6.005,1.5999999999999999,0.13,0.8150000000000001,0.525,0.27,9.075000000000001
Nils Aman,VAN,C,2025-26,17.3166666666663,1.0,1.0,1.0,0.0,0.0,0.0,0.0,0.0,0.0,0.0,0.0,0.0,0.0,0.0,1.0,0.0,0.0,0.0,0.0,0.0,0.0,3.0,2.0,0.0,0.0,0.0,0.0,0.0,4.0,3.0,3.0,3.0,2.0,1.0,1.0,1.0,0.0,2.0,1.0,0.0,1.0,3.0,0.0,1.0,0.0,1.0,0.0,0.0,0.0,0.0,0.0,0.0,0.0,0.0,0.0,0.0,0.0,0.0,0.0,0.0,0.0,0.0,0.0,0.0,0.0,0.0,0.0,0.0,0.0,1.0,0.0,0.0,0.0,0.0,0.0,0.0,0.0,1.0,0.0,0.0,0.435,0.16999999999999998,0.09,0.065,0.05,0.06,0.0,0.435
P.O Joseph,VAN,D,2025-26,45.7833333333333,4.0,3.0,0.0,2.0,2.0,0.0,0.0,0.0,0.0,0.0,0.0,0.0,0.0,1.0,0.0,1.0,3.0,1.0,0.0,0.0,0.0,4.0,1.0,0.0,0.0,0.0,0.0,0.0,1.0,12.0,12.0,2.0,0.0,0.0,0.0,2.0,2.0,4.0,0.0,8.0,0.0,2.0,0.0,14.0,12.0,1.0,7.0,4.0,0.0,0.0,0.0,0.0,0.0,0.0,0.0,0.0,0.0,0.0,0.0,0.0,0.0,0.0,2.0,0.0,0.0,1.0,0.0,0.0,4.0,0.0,0.0,1.0,0.0,1.0,0.0,0.0,0.0,0.0,0.0,0.0,0.6099999999999999,0.44,0.045,0.009999999999999995,0.1,0.015,0.0,0.6099999999999999
Juuse Saros,NSH,G,2025-26,655.4332,0.0,0.0,0.0,0.0,0.0,0.0,0.0,0.0,0.0,0.0,0.0,0.0,0.0,0.0,0.0,0.0,0.0,0.0,0.0,0.0,0.0,0.0,0.0,0.0,0.0,0.0,0.0,0.0,0.0,67.0,67.0,4.0,0.0,0.0,0.0,4.0,1.0,36.0,12.0,62.0,9.0,4.0,0.0,0.0,0.0,0.0,0.0,0.0,0.0,0.0,0.0,0.0,0.0,0.0,0.0,0.0,0.0,0.0,0.0,0.0,0.0,0.0,0.0,0.0,0.0,0.0,0.0,0.0,0.0,0.0,0.0,0.0,0.0,0.0,0.0,0.0,0.0,0.0,0.0,0.0,0.0,0.0,0.0,0.0,0.0,0.0,0.0,0.0
Alex Iafallo,WPG,L,2025-26,171.61666666666628,14.0,12.0,6.0,19.0,9.0,9.0,1.0,3.0,1.0,4.0,1.0,0.0,3.0,1.0,9.0,6.0,4.0,11.0,1.0,7.0,2.0,51.0,24.0,3.0,6.0,8.0,4.0,2.0,27.0,32.0,11.0,21.0,14.0,4.0,4.0,7.0,1.0,8.0,4.0,4.0,6.0,6.0,15.0,7.0,0.0,3.0,0.0,0.0,0.0,0.0,0.0,0.0,1.0,1.0,1.0,4.0,0.0,1.0,0.0,0.0,0.0,0.0,0.0,2.0,3.0,2.0,2.0,1.0,5.0,4.0,5.0,13.0,3.0,3.0,3.0,1.0,0.0,1.0,1.0,0.0,6.08,3.27,1.235,0.32500000000000007,0.34,0.7649999999999999,0.14500000000000002,5.934999999999999
Cole Koepke,WPG,L,2025-26,88.8999999999997,15.0,13.0,5.0,9.0,4.0,5.0,0.0,1.0,0.0,2.0,0.0,0.0,2.0,2.0,7.0,5.0,7.0,4.0,0.0,2.0,0.0,25.0,11.0,1.0,1.0,7.0,3.0,0.0,15.0,17.0,9.0,8.0,5.0,3.0,1.0,3.0,1.0,7.0,0.0,4.0,1.0,4.0,4.0,3.0,0.0,2.0,0.0,0.0,1.0,0.0,0.0,0.0,2.0,1.0,0.0,0.0,0.0,0.0,0.0,0.0,0.0,0.0,1.0,1.0,1.0,0.0,1.0,0.0,8.0,3.0,4.0,4.0,1.0,4.0,4.0,0.0,2.0,0.0,0.0,0.0,4.0249999999999995,2.245,0.6149999999999999,0.165,0.31500000000000006,0.5399999999999999,0.14500000000000002,3.8799999999999994
Dylan DeMelo,WPG,D,2025-26,266.41666666666805,17.0,9.0,4.0,46.0,32.0,8.0,6.0,9.0,1.0,0.0,0.0,3.0,8.0,5.0,3.0,16.0,11.0,20.0,2.0,6.0,2.0,33.0,5.0,0.0,4.0,0.0,3.0,3.0,4.0,93.0,68.0,36.0,25.0,2.0,12.0,11.0,4.0,43.0,14.0,46.0,7.0,18.0,18.0,103.0,57.0,8.0,20.0,14.0,4.0,0.0,0.0,0.0,0.0,3.0,0.0,2.0,1.0,0.0,0.0,0.0,0.0,0.0,4.0,0.0,0.0,1.0,0.0,7.0,13.0,1.0,3.0,29.0,8.0,9.0,2.0,1.0,0.0,1.0,0.0,0.0,9.245,5.775,0.495,1.595,1.215,0.06,0.10500000000000001,9.14
Gabriel Vilardi,WPG,C,2025-26,220.49999999999903,44.0,38.0,36.0,37.0,13.0,16.0,8.0,7.0,0.0,5.0,2.0,3.0,4.0,6.0,9.0,19.0,21.0,15.0,8.0,9.0,5.0,45.0,21.0,9.0,9.0,10.0,7.0,4.0,35.0,38.0,22.0,23.0,20.0,4.0,10.0,3.0,0.0,19.0,2.0,8.0,6.0,14.0,9.0,7.0,4.0,2.0,1.0,0.0,0.0,5.0,2.0,2.0,0.0,0.0,7.0,11.0,3.0,7.0,2.0,1.0,1.0,0.0,6.0,6.0,14.0,1.0,1.0,0.0,34.0,2.0,8.0,16.0,9.0,12.0,4.0,4.0,2.0,0.0,0.0,0.0,13.819999999999999,10.08,1.0650000000000002,0.20500000000000002,0.8950000000000001,0.975,0.6000000000000001,13.219999999999997
Gustav Nyquist,WPG,R,2025-26,95.23333333333501,9.0,8.0,6.0,15.0,9.0,5.0,1.0,2.0,0.0,3.0,1.0,1.0,2.0,1.0,3.0,5.0,3.0,5.0,2.0,2.0,0.0,29.0,13.0,3.0,3.0,7.0,2.0,3.0,13.0,21.0,11.0,17.0,14.0,5.0,4.0,3.0,0.0,9.0,0.0,2.0,1.0,9.0,8.0,7.0,1.0,5.0,0.0,0.0,0.0,10.0,8.0,5.0,1.0,0.0,6.0,10.0,2.0,4.0,1.0,0.0,1.0,0.0,0.0,2.0,2.0,0.0,2.0,0.0,6.0,3.0,0.0,8.0,3.0,4.0,0.0,0.0,1.0,1.0,1.0,0.0,5.215,2.485,0.6649999999999999,0.37,0.6800000000000002,0.51,0.505,4.71
Haydn Fleury,WPG,D,2025-26,66.783333333332,3.0,0.0,0.0,7.0,5.0,1.0,1.0,1.0,1.0,0.0,0.0,0.0,1.0,0.0,0.0,1.0,3.0,3.0,0.0,5.0,0.0,5.0,2.0,1.0,0.0,0.0,0.0,0.0,0.0,32.0,24.0,6.0,4.0,0.0,2.0,2.0,2.0,15.0,5.0,19.0,3.0,3.0,3.0,30.0,24.0,0.0,8.0,7.0,0.0,0.0,0.0,0.0,0.0,2.0,0.0,0.0,0.0,0.0,0.0,0.0,0.0,0.0,0.0,0.0,0.0,0.0,1.0,1.0,3.0,0.0,0.0,4.0,1.0,2.0,0.0,0.0,0.0,0.0,0.0,0.0,1.315,0.8250000000000001,0.045,0.13999999999999996,0.235,0.0,0.07,1.245
Jonathan Toews,WPG,C,2025-26,181.433333333334,15.0,12.0,7.0,32.0,17.0,14.0,1.0,4.0,0.0,5.0,2.0,2.0,1.0,1.0,7.0,8.0,7.0,15.0,1.0,10.0,1.0,47.0,20.0,4.0,8.0,8.0,4.0,1.0,14.0,51.0,23.0,31.0,20.0,3.0,10.0,11.0,1.0,17.0,4.0,7.0,6.0,15.0,16.0,5.0,0.0,5.0,0.0,0.0,0.0,4.0,2.0,2.0,0.0,0.0,9.0,3.0,2.0,7.0,1.0,1.0,0.0,0.0,2.0,2.0,1.0,4.0,5.0,1.0,8.0,3.0,4.0,21.0,1.0,10.0,2.0,2.0,2.0,1.0,0.0,0.0,7.605,4.415,0.9750000000000001,0.325,0.775,0.5700000000000001,0.545,7.0600000000000005
Josh Morrissey,WPG,D,2025-26,243.45000000000104,21.0,16.0,3.0,48.0,26.0,16.0,6.0,13.0,1.0,1.0,1.0,3.0,5.0,10.0,7.0,16.0,11.0,15.0,1.0,11.0,1.0,26.0,11.0,1.0,3.0,1.0,1.0,2.0,1.0,109.0,81.0,33.0,28.0,3.0,9.0,5.0,13.0,44.0,7.0,54.0,10.0,14.0,19.0,99.0,64.0,7.0,20.0,12.0,3.0,3.0,3.0,1.0,0.0,1.0,4.0,8.0,2.0,0.0,1.0,0.0,0.0,0.0,5.0,0.0,0.0,3.0,2.0,10.0,14.0,5.0,2.0,30.0,8.0,10.0,2.0,0.0,0.0,2.0,2.0,0.0,10.035,6.360000000000001,0.575,1.43,1.4850000000000003,0.06,0.125,9.91
Kyle Connor,WPG,L,2025-26,219.783333333335,35.0,30.0,24.0,45.0,29.0,13.0,3.0,18.0,2.0,2.0,2.0,10.0,5.0,6.0,15.0,25.0,12.0,15.0,5.0,10.0,8.0,79.0,56.0,7.0,18.0,5.0,22.0,3.0,21.0,47.0,22.0,33.0,26.0,9.0,9.0,7.0,3.0,15.0,4.0,2.0,7.0,17.0,16.0,1.0,0.0,0.0,0.0,0.0,0.0,23.0,16.0,11.0,3.0,2.0,8.0,20.0,10.0,6.0,9.0,3.0,1.0,1.0,5.0,3.0,1.0,8.0,0.0,0.0,18.0,8.0,9.0,18.0,11.0,16.0,2.0,4.0,4.0,4.0,1.0,1.0,17.110000000000003,10.535000000000002,3.52,0.03,0.8999999999999998,0.54,1.5850000000000004,15.525000000000002
Logan Stanley,WPG,D,2025-26,205.31666666666797,30.0,23.0,1.0,16.0,12.0,4.0,0.0,7.0,1.0,0.0,0.0,2.0,0.0,2.0,4.0,4.0,21.0,8.0,3.0,3.0,0.0,23.0,2.0,1.0,0.0,1.0,0.0,0.0,2.0,88.0,65.0,21.0,12.0,0.0,4.0,9.0,4.0,38.0,22.0,53.0,14.0,8.0,13.0,78.0,53.0,5.0,17.0,13.0,1.0,0.0,0.0,0.0,0.0,0.0,5.0,6.0,1.0,0.0,0.0,0.0,0.0,0.0,3.0,0.0,0.0,2.0,3.0,2.0,24.0,0.0,6.0,11.0,3.0,2.0,5.0,0.0,0.0,0.0,0.0,1.0,5.345000000000001,4.1850000000000005,0.045,0.9299999999999998,0.11000000000000004,0.075,0.0,5.345000000000001
Luke Schenn,WPG,D,2025-26,114.183333333334,10.0,5.0,1.0,9.0,5.0,4.0,0.0,1.0,0.0,0.0,0.0,0.0,0.0,2.0,1.0,3.0,8.0,4.0,1.0,3.0,0.0,6.0,0.0,1.0,0.0,0.0,0.0,0.0,1.0,57.0,36.0,20.0,15.0,2.0,6.0,5.0,2.0,20.0,6.0,24.0,7.0,10.0,10.0,44.0,26.0,7.0,11.0,6.0,4.0,0.0,0.0,0.0,0.0,0.0,0.0,0.0,0.0,0.0,0.0,0.0,0.0,0.0,0.0,0.0,0.0,0.0,0.0,1.0,8.0,1.0,1.0,6.0,1.0,2.0,1.0,0.0,0.0,1.0,0.0,0.0,2.755,1.505,-0.045,0.71,0.5700000000000001,0.015,0.0,2.755
Mark Scheifele,WPG,C,2025-26,228.91666666666504,35.0,27.0,23.0,63.0,43.0,12.0,8.0,22.0,4.0,12.0,7.0,8.0,5.0,2.0,14.0,24.0,15.0,31.0,2.0,10.0,3.0,99.0,64.0,17.0,17.0,11.0,17.0,2.0,22.0,62.0,37.0,38.0,36.0,22.0,6.0,2.0,3.0,30.0,4.0,16.0,3.0,18.0,20.0,5.0,0.0,4.0,0.0,0.0,0.0,20.0,16.0,11.0,0.0,0.0,5.0,19.0,15.0,4.0,8.0,2.0,6.0,0.0,5.0,2.0,5.0,10.0,0.0,3.0,21.0,7.0,7.0,35.0,11.0,17.0,5.0,1.0,4.0,3.0,0.0,1.0,19.115000000000002,11.999999999999998,3.1200000000000006,0.29000000000000004,1.7650000000000001,0.8250000000000001,1.115,18.000000000000004
Morgan Barron,WPG,C,2025-26,105.9500000000007,14.0,11.0,7.0,12.0,10.0,1.0,1.0,3.0,0.0,3.0,2.0,2.0,0.0,2.0,8.0,4.0,5.0,5.0,1.0,1.0,0.0,55.0,25.0,5.0,4.0,11.0,5.0,0.0,6.0,28.0,12.0,21.0,12.0,9.0,1.0,9.0,0.0,6.0,1.0,3.0,3.0,9.0,12.0,3.0,0.0,3.0,0.0,0.0,0.0,0.0,0.0,0.0,1.0,0.0,0.0,0.0,0.0,0.0,0.0,0.0,0.0,0.0,0.0,3.0,2.0,1.0,1.0,0.0,5.0,4.0,5.0,8.0,2.0,2.0,3.0,1.0,1.0,2.0,1.0,1.0,5.4350000000000005,2.995,1.1749999999999998,0.195,0.43000000000000005,0.5850000000000001,0.055,5.38
Neal Pionk,WPG,D,2025-26,184.733333333333,17.0,9.0,0.0,27.0,17.0,7.0,3.0,4.0,0.0,0.0,0.0,0.0,6.0,5.0,2.0,13.0,11.0,10.0,3.0,2.0,0.0,22.0,6.0,2.0,1.0,1.0,0.0,1.0,0.0,82.0,56.0,32.0,25.0,3.0,8.0,7.0,5.0,29.0,15.0,39.0,13.0,12.0,20.0,83.0,49.0,9.0,12.0,13.0,1.0,1.0,0.0,0.0,0.0,1.0,2.0,10.0,7.0,0.0,3.0,0.0,0.0,0.0,5.0,0.0,0.0,2.0,4.0,4.0,14.0,1.0,2.0,14.0,6.0,7.0,1.0,1.0,0.0,0.0,1.0,0.0,5.8100000000000005,3.3750000000000004,0.21499999999999997,1.355,0.6200000000000001,0.045,0.2,5.61
Nino Niederreiter,WPG,R,2025-26,135.6666666666653,19.0,14.0,12.0,22.0,15.0,3.0,4.0,4.0,0.0,6.0,3.0,2.0,2.0,1.0,4.0,4.0,12.0,14.0,2.0,5.0,1.0,45.0,16.0,3.0,3.0,6.0,3.0,2.0,13.0,31.0,13.0,24.0,19.0,7.0,4.0,5.0,1.0,10.0,2.0,3.0,4.0,9.0,15.0,3.0,0.0,1.0,0.0,0.0,0.0,1.0,1.0,0.0,1.0,0.0,2.0,4.0,0.0,1.0,0.0,0.0,0.0,0.0,1.0,3.0,1.0,2.0,0.0,1.0,15.0,1.0,3.0,17.0,0.0,5.0,3.0,0.0,0.0,0.0,1.0,0.0,6.885000000000002,4.66,0.8200000000000001,0.125,0.705,0.465,0.11,6.775
Parker Ford,WPG,C,2025-26,40.766666666667,5.0,4.0,1.0,3.0,2.0,1.0,0.0,0.0,0.0,1.0,0.0,0.0,2.0,0.0,3.0,2.0,1.0,0.0,0.0,1.0,0.0,11.0,4.0,1.0,1.0,1.0,1.0,2.0,3.0,18.0,7.0,11.0,8.0,4.0,1.0,3.0,0.0,5.0,3.0,2.0,1.0,5.0,6.0,1.0,0.0,1.0,0.0,0.0,0.0,0.0,0.0,0.0,1.0,1.0,0.0,0.0,0.0,0.0,0.0,0.0,0.0,0.0,0.0,1.0,0.0,1.0,1.0,0.0,2.0,2.0,1.0,1.0,2.0,0.0,0.0,1.0,0.0,0.0,2.0,0.0,1.435,0.665,0.26,0.065,0.265,0.09,0.09,1.3450000000000002
Tanner Pearson,WPG,L,2025-26,103.6833333333333,13.0,10.0,7.0,12.0,7.0,5.0,0.0,4.0,1.0,1.0,0.0,0.0,1.0,2.0,6.0,5.0,6.0,6.0,0.0,2.0,2.0,32.0,14.0,3.0,0.0,3.0,3.0,0.0,9.0,36.0,20.0,25.0,14.0,7.0,3.0,11.0,3.0,11.0,4.0,5.0,5.0,12.0,13.0,4.0,0.0,1.0,0.0,0.0,0.0,0.0,0.0,0.0,0.0,0.0,1.0,1.0,1.0,0.0,1.0,0.0,0.0,0.0,0.0,1.0,0.0,3.0,1.0,1.0,7.0,3.0,3.0,7.0,1.0,4.0,1.0,2.0,2.0,1.0,0.0,0.0,4.504999999999999,2.915,0.6599999999999999,0.155,0.45000000000000007,0.27,0.055,4.449999999999999
Vladislav Namestnikov,WPG,C,2025-26,148.899999999999,14.0,10.0,5.0,24.0,12.0,10.0,2.0,1.0,0.0,6.0,0.0,3.0,1.0,2.0,3.0,8.0,7.0,11.0,2.0,8.0,2.0,51.0,22.0,9.0,11.0,4.0,2.0,3.0,23.0,36.0,16.0,23.0,14.0,1.0,5.0,9.0,0.0,9.0,2.0,6.0,7.0,10.0,13.0,4.0,0.0,1.0,0.0,0.0,0.0,8.0,5.0,1.0,0.0,2.0,6.0,4.0,4.0,3.0,3.0,0.0,0.0,1.0,0.0,1.0,4.0,2.0,3.0,0.0,11.0,0.0,3.0,16.0,2.0,6.0,3.0,0.0,0.0,0.0,0.0,0.0,5.715,3.365,0.8000000000000002,0.155,0.4,0.525,0.47,5.245
Nick Blankenburg,NSH,D,2025-26,136.71666666666601,12.0,7.0,6.0,23.0,15.0,7.0,1.0,4.0,0.0,1.0,1.0,1.0,3.0,4.0,4.0,10.0,6.0,10.0,1.0,4.0,1.0,28.0,5.0,3.0,2.0,2.0,3.0,5.0,1.0,42.0,26.0,19.0,10.0,5.0,3.0,9.0,1.0,16.0,4.0,14.0,3.0,11.0,8.0,48.0,30.0,6.0,9.0,5.0,3.0,5.0,1.0,2.0,0.0,1.0,2.0,8.0,5.0,0.0,3.0,0.0,0.0,0.0,1.0,2.0,1.0,0.0,1.0,6.0,8.0,2.0,2.0,12.0,6.0,5.0,1.0,1.0,1.0,0.0,0.0,0.0,5.600000000000001,3.47,0.43000000000000005,0.8200000000000001,0.5050000000000001,0.105,0.27,5.33
Connor Hellebuyck,WPG,G,2025-26,433.96669999999995,0.0,0.0,0.0,0.0,0.0,0.0,0.0,0.0,0.0,0.0,0.0,0.0,0.0,0.0,0.0,0.0,0.0,0.0,0.0,0.0,0.0,0.0,0.0,0.0,0.0,0.0,0.0,0.0,0.0,48.0,48.0,3.0,0.0,0.0,0.0,3.0,1.0,26.0,11.0,44.0,8.0,3.0,0.0,0.0,0.0,0.0,0.0,0.0,0.0,0.0,0.0,0.0,0.0,0.0,0.0,0.0,0.0,0.0,0.0,0.0,0.0,0.0,0.0,0.0,0.0,0.0,0.0,0.0,0.0,0.0,0.0,0.0,0.0,0.0,0.0,0.0,0.0,0.0,0.0,0.0,0.0,0.0,0.0,0.0,0.0,0.0,0.0,0.0
Brady Martin,NSH,C,2025-26,10.45,3.0,2.0,0.0,1.0,0.0,1.0,0.0,0.0,0.0,0.0,0.0,0.0,0.0,0.0,1.0,0.0,2.0,1.0,0.0,1.0,0.0,0.0,0.0,0.0,0.0,0.0,0.0,0.0,0.0,1.0,1.0,0.0,0.0,0.0,0.0,0.0,0.0,0.0,0.0,1.0,0.0,0.0,0.0,0.0,0.0,0.0,0.0,0.0,0.0,0.0,0.0,0.0,0.0,0.0,0.0,0.0,0.0,0.0,0.0,0.0,0.0,0.0,0.0,0.0,0.0,0.0,0.0,0.0,2.0,1.0,0.0,1.0,0.0,0.0,0.0,0.0,0.0,0.0,0.0,0.0,0.27999999999999997,0.27999999999999997,0.0,0.0,0.0,0.0,0.0,0.27999999999999997
Alexandre Texier,STL,L,2025-26,34.6833333333334,3.0,2.0,3.0,5.0,3.0,2.0,0.0,0.0,0.0,1.0,0.0,0.0,1.0,1.0,1.0,2.0,2.0,3.0,0.0,2.0,0.0,8.0,4.0,0.0,1.0,2.0,2.0,0.0,5.0,5.0,4.0,4.0,3.0,1.0,1.0,1.0,0.0,2.0,1.0,1.0,1.0,3.0,1.0,1.0,0.0,1.0,0.0,0.0,0.0,1.0,0.0,1.0,0.0,0.0,3.0,1.0,0.0,3.0,0.0,0.0,0.0,0.0,0.0,1.0,1.0,0.0,0.0,0.0,2.0,1.0,0.0,3.0,1.0,1.0,0.0,0.0,1.0,0.0,0.0,0.0,1.635,0.8300000000000001,0.29,0.065,0.085,0.16499999999999998,0.2,1.435
Brayden Schenn,STL,C,2025-26,249.26666666666705,25.0,24.0,20.0,53.0,30.0,18.0,5.0,16.0,3.0,6.0,5.0,1.0,7.0,2.0,12.0,19.0,9.0,20.0,3.0,13.0,5.0,55.0,30.0,7.0,12.0,3.0,11.0,2.0,23.0,41.0,22.0,28.0,23.0,7.0,5.0,5.0,0.0,18.0,6.0,10.0,6.0,12.0,16.0,14.0,8.0,4.0,2.0,3.0,0.0,13.0,6.0,5.0,1.0,0.0,8.0,7.0,2.0,4.0,2.0,0.0,0.0,1.0,2.0,5.0,1.0,10.0,1.0,1.0,13.0,2.0,10.0,31.0,8.0,14.0,5.0,4.0,2.0,0.0,0.0,1.0,13.210000000000004,9.280000000000001,1.7100000000000002,0.3100000000000001,0.8350000000000002,0.48000000000000004,0.595,12.615
Cam Fowler,STL,D,2025-26,360.45000000000005,24.0,21.0,7.0,39.0,20.0,14.0,5.0,10.0,2.0,1.0,0.0,4.0,5.0,8.0,6.0,14.0,13.0,7.0,2.0,6.0,3.0,47.0,21.0,3.0,6.0,0.0,4.0,2.0,1.0,128.0,92.0,54.0,36.0,3.0,14.0,18.0,4.0,46.0,14.0,56.0,10.0,32.0,22.0,116.0,57.0,17.0,17.0,14.0,4.0,4.0,1.0,0.0,0.0,1.0,3.0,18.0,15.0,1.0,6.0,0.0,1.0,0.0,0.0,0.0,0.0,4.0,5.0,4.0,18.0,2.0,4.0,25.0,5.0,9.0,0.0,2.0,0.0,0.0,2.0,2.0,11.799999999999999,6.26,1.0999999999999999,2.4349999999999996,1.5700000000000005,0.015,0.42000000000000004,11.379999999999999
Colton Parayko,STL,D,2025-26,368.65000000000293,31.0,17.0,4.0,42.0,18.0,18.0,6.0,9.0,0.0,0.0,3.0,5.0,8.0,9.0,6.0,21.0,17.0,13.0,3.0,6.0,0.0,71.0,25.0,6.0,6.0,2.0,5.0,4.0,2.0,135.0,96.0,64.0,37.0,6.0,14.0,27.0,6.0,49.0,24.0,53.0,20.0,37.0,27.0,123.0,78.0,6.0,22.0,16.0,3.0,2.0,1.0,0.0,0.0,2.0,0.0,0.0,0.0,0.0,0.0,0.0,0.0,0.0,11.0,1.0,0.0,4.0,0.0,7.0,23.0,3.0,5.0,20.0,12.0,10.0,5.0,0.0,1.0,1.0,1.0,0.0,10.650000000000002,6.494999999999999,1.27,1.7150000000000003,0.9800000000000002,0.12,0.07,10.580000000000002
Dylan Holloway,STL,L,2025-26,200.40000000000202,36.0,27.0,19.0,46.0,26.0,17.0,3.0,6.0,0.0,9.0,1.0,3.0,5.0,5.0,16.0,18.0,12.0,20.0,3.0,10.0,0.0,58.0,32.0,9.0,14.0,12.0,8.0,3.0,23.0,38.0,18.0,26.0,18.0,8.0,5.0,8.0,1.0,10.0,1.0,4.0,3.0,13.0,13.0,7.0,1.0,3.0,0.0,0.0,0.0,9.0,6.0,4.0,0.0,0.0,7.0,9.0,4.0,2.0,3.0,0.0,1.0,1.0,0.0,8.0,4.0,3.0,0.0,1.0,19.0,8.0,8.0,28.0,2.0,16.0,8.0,0.0,5.0,0.0,2.0,0.0,12.120000000000001,8.165,1.58,0.30000000000000004,0.74,0.885,0.45,11.670000000000003
Jake Neighbours,STL,L,2025-26,205.066666666667,21.0,19.0,17.0,33.0,20.0,7.0,6.0,10.0,3.0,5.0,1.0,5.0,7.0,0.0,8.0,13.0,8.0,17.0,3.0,10.0,5.0,56.0,26.0,11.0,10.0,5.0,4.0,3.0,18.0,37.0,22.0,27.0,20.0,4.0,10.0,7.0,2.0,14.0,3.0,1.0,4.0,19.0,8.0,5.0,2.0,2.0,0.0,1.0,0.0,0.0,0.0,0.0,0.0,0.0,5.0,2.0,0.0,5.0,0.0,0.0,0.0,0.0,2.0,3.0,5.0,3.0,4.0,0.0,13.0,5.0,3.0,19.0,8.0,6.0,2.0,1.0,2.0,0.0,3.0,0.0,9.63,6.905000000000001,1.0000000000000002,0.15,0.805,0.4949999999999999,0.275,9.354999999999999
Jimmy Snuggerud,STL,R,2025-26,241.78333333333404,53.0,39.0,31.0,39.0,28.0,9.0,2.0,14.0,3.0,6.0,8.0,7.0,9.0,2.0,20.0,18.0,27.0,13.0,4.0,6.0,6.0,75.0,46.0,13.0,8.0,5.0,10.0,2.0,23.0,46.0,26.0,29.0,23.0,12.0,4.0,6.0,3.0,19.0,2.0,7.0,4.0,16.0,13.0,4.0,1.0,2.0,1.0,1.0,0.0,8.0,4.0,3.0,0.0,0.0,6.0,10.0,6.0,5.0,5.0,2.0,1.0,1.0,9.0,8.0,5.0,5.0,6.0,0.0,32.0,7.0,14.0,20.0,6.0,13.0,10.0,4.0,1.0,2.0,3.0,0.0,16.569999999999997,11.945,2.105,0.12,1.0700000000000003,0.5700000000000002,0.7600000000000001,15.809999999999999
Jordan Kyrou,STL,R,2025-26,250.016666666665,48.0,38.0,32.0,45.0,27.0,15.0,3.0,18.0,1.0,4.0,3.0,8.0,11.0,1.0,21.0,20.0,16.0,11.0,7.0,8.0,6.0,95.0,61.0,13.0,13.0,5.0,15.0,4.0,24.0,46.0,18.0,33.0,27.0,8.0,9.0,6.0,2.0,13.0,3.0,1.0,8.0,15.0,18.0,7.0,1.0,4.0,0.0,0.0,1.0,20.0,13.0,9.0,0.0,0.0,9.0,16.0,7.0,5.0,3.0,1.0,1.0,0.0,4.0,4.0,2.0,2.0,4.0,2.0,24.0,12.0,12.0,23.0,9.0,13.0,7.0,4.0,5.0,1.0,5.0,1.0,17.745,12.040000000000003,3.124999999999999,0.32,0.885,0.585,0.7900000000000001,16.955
Justin Faulk,STL,D,2025-26,326.800000000002,29.0,21.0,9.0,34.0,18.0,8.0,8.0,10.0,2.0,1.0,0.0,1.0,3.0,12.0,7.0,15.0,14.0,8.0,4.0,3.0,1.0,38.0,8.0,3.0,2.0,0.0,1.0,2.0,3.0,129.0,91.0,56.0,27.0,3.0,11.0,29.0,8.0,50.0,16.0,49.0,16.0,34.0,22.0,109.0,62.0,10.0,18.0,14.0,5.0,4.0,2.0,3.0,0.0,1.0,6.0,18.0,8.0,3.0,5.0,0.0,0.0,0.0,3.0,0.0,1.0,0.0,4.0,6.0,21.0,0.0,8.0,18.0,4.0,12.0,7.0,0.0,0.0,0.0,0.0,1.0,10.104999999999999,6.2700000000000005,0.35000000000000003,1.785,1.0750000000000002,0.045,0.5800000000000001,9.525
Mathieu Joseph,STL,R,2025-26,142.533333333333,12.0,10.0,8.0,15.0,11.0,4.0,0.0,7.0,0.0,2.0,2.0,3.0,2.0,0.0,9.0,6.0,3.0,8.0,0.0,1.0,1.0,37.0,20.0,5.0,6.0,5.0,6.0,0.0,19.0,37.0,18.0,26.0,22.0,9.0,4.0,4.0,1.0,12.0,4.0,6.0,4.0,11.0,15.0,4.0,0.0,3.0,0.0,0.0,0.0,1.0,1.0,0.0,0.0,0.0,0.0,0.0,0.0,0.0,0.0,0.0,0.0,0.0,1.0,0.0,3.0,0.0,0.0,1.0,3.0,4.0,5.0,9.0,3.0,3.0,2.0,3.0,1.0,1.0,2.0,0.0,6.110000000000001,3.58,1.005,0.225,0.7899999999999999,0.51,0.0,6.110000000000001
Matthew Kessel,STL,D,2025-26,94.21666666666698,10.0,9.0,1.0,11.0,3.0,8.0,0.0,0.0,0.0,0.0,0.0,0.0,1.0,1.0,2.0,3.0,6.0,5.0,2.0,5.0,0.0,7.0,2.0,0.0,1.0,0.0,0.0,0.0,0.0,28.0,18.0,8.0,6.0,0.0,1.0,2.0,2.0,8.0,7.0,13.0,8.0,3.0,5.0,32.0,17.0,3.0,5.0,1.0,0.0,0.0,0.0,0.0,0.0,0.0,0.0,0.0,0.0,0.0,0.0,0.0,0.0,0.0,3.0,1.0,0.0,1.0,0.0,0.0,8.0,2.0,0.0,8.0,2.0,1.0,0.0,0.0,1.0,0.0,0.0,0.0,2.165,1.4949999999999999,0.09,0.695,-0.11500000000000005,0.0,0.0,2.165
Nathan Walker,STL,L,2025-26,134.51666666666702,15.0,12.0,11.0,11.0,8.0,3.0,0.0,5.0,0.0,1.0,1.0,2.0,1.0,3.0,5.0,7.0,9.0,4.0,1.0,0.0,2.0,42.0,10.0,4.0,4.0,6.0,3.0,3.0,7.0,24.0,13.0,16.0,13.0,7.0,3.0,3.0,2.0,9.0,0.0,3.0,1.0,8.0,8.0,4.0,0.0,2.0,0.0,0.0,0.0,0.0,0.0,0.0,2.0,0.0,0.0,0.0,0.0,0.0,0.0,0.0,0.0,0.0,1.0,2.0,5.0,1.0,1.0,2.0,10.0,1.0,4.0,4.0,4.0,3.0,1.0,2.0,1.0,0.0,0.0,1.0,5.454999999999999,3.5949999999999993,0.54,0.19,0.6450000000000001,0.375,0.11,5.344999999999999
Nick Bjugstad,STL,C,2025-26,95.6833333333337,12.0,10.0,3.0,11.0,8.0,3.0,0.0,3.0,0.0,1.0,0.0,2.0,1.0,1.0,5.0,4.0,4.0,5.0,2.0,2.0,0.0,27.0,12.0,2.0,2.0,3.0,1.0,3.0,12.0,22.0,8.0,14.0,9.0,2.0,4.0,5.0,1.0,5.0,0.0,0.0,3.0,7.0,7.0,4.0,1.0,1.0,1.0,1.0,0.0,0.0,0.0,0.0,1.0,0.0,0.0,0.0,0.0,0.0,0.0,0.0,0.0,0.0,0.0,0.0,2.0,1.0,2.0,1.0,6.0,4.0,2.0,7.0,1.0,3.0,1.0,1.0,1.0,1.0,2.0,0.0,3.6799999999999997,2.2800000000000002,0.61,0.08499999999999999,0.33499999999999996,0.31500000000000006,0.055,3.625
Pavel Buchnevich,STL,L,2025-26,262.8666666666656,33.0,24.0,16.0,50.0,32.0,13.0,5.0,17.0,1.0,5.0,6.0,9.0,5.0,5.0,15.0,16.0,12.0,21.0,2.0,14.0,5.0,65.0,40.0,12.0,12.0,13.0,9.0,2.0,20.0,50.0,27.0,37.0,25.0,5.0,9.0,12.0,0.0,16.0,1.0,6.0,3.0,21.0,16.0,11.0,5.0,4.0,2.0,2.0,0.0,7.0,4.0,3.0,1.0,0.0,6.0,3.0,1.0,4.0,1.0,0.0,0.0,0.0,7.0,2.0,3.0,10.0,1.0,1.0,17.0,6.0,9.0,31.0,4.0,15.0,5.0,3.0,2.0,2.0,1.0,1.0,14.370000000000003,9.805,1.825,0.285,1.135,0.885,0.435,13.935
Philip Broberg,STL,D,2025-26,355.33333333333377,27.0,17.0,12.0,43.0,17.0,18.0,8.0,11.0,2.0,1.0,0.0,3.0,7.0,7.0,10.0,23.0,12.0,8.0,2.0,8.0,6.0,70.0,34.0,4.0,10.0,3.0,13.0,3.0,3.0,126.0,87.0,59.0,40.0,6.0,17.0,19.0,12.0,47.0,21.0,38.0,17.0,37.0,22.0,110.0,77.0,10.0,27.0,18.0,2.0,1.0,1.0,1.0,0.0,0.0,2.0,4.0,2.0,0.0,2.0,0.0,0.0,0.0,3.0,0.0,1.0,3.0,2.0,3.0,16.0,2.0,8.0,19.0,15.0,9.0,5.0,1.0,1.0,0.0,1.0,2.0,12.405000000000001,7.325,2.17,1.3400000000000003,1.245,0.18,0.145,12.260000000000002
Pius Suter,STL,C,2025-26,167.13333333333432,14.0,13.0,12.0,22.0,12.0,9.0,1.0,10.0,1.0,2.0,0.0,2.0,5.0,2.0,2.0,13.0,9.0,7.0,3.0,3.0,6.0,41.0,15.0,0.0,7.0,3.0,9.0,1.0,17.0,37.0,17.0,18.0,14.0,4.0,2.0,4.0,0.0,7.0,3.0,10.0,6.0,7.0,11.0,12.0,2.0,2.0,0.0,1.0,0.0,1.0,0.0,1.0,1.0,0.0,4.0,3.0,2.0,3.0,2.0,1.0,0.0,1.0,1.0,3.0,2.0,1.0,0.0,0.0,11.0,2.0,1.0,8.0,6.0,8.0,1.0,0.0,1.0,1.0,0.0,0.0,7.670000000000001,4.93,1.2049999999999998,0.36,0.3500000000000001,0.39,0.435,7.235
Robert Thomas,STL,C,2025-26,244.79999999999998,23.0,16.0,15.0,78.0,41.0,25.0,12.0,28.0,6.0,2.0,3.0,9.0,15.0,7.0,12.0,36.0,5.0,26.0,4.0,14.0,6.0,76.0,46.0,7.0,16.0,10.0,14.0,3.0,25.0,65.0,37.0,43.0,38.0,11.0,13.0,5.0,5.0,26.0,1.0,12.0,2.0,20.0,23.0,9.0,3.0,5.0,0.0,0.0,1.0,22.0,19.0,10.0,5.0,0.0,4.0,25.0,13.0,3.0,9.0,3.0,3.0,0.0,1.0,3.0,1.0,6.0,3.0,3.0,11.0,4.0,8.0,39.0,14.0,24.0,5.0,1.0,1.0,2.0,1.0,1.0,18.880000000000003,11.775,2.63,0.38500000000000006,1.8750000000000004,0.825,1.3900000000000001,17.490000000000002
Tyler Tucker,STL,D,2025-26,220.5666666666673,20.0,13.0,7.0,27.0,10.0,14.0,3.0,4.0,0.0,0.0,0.0,2.0,3.0,8.0,7.0,12.0,8.0,11.0,5.0,5.0,1.0,29.0,4.0,3.0,2.0,0.0,2.0,3.0,1.0,69.0,42.0,31.0,20.0,1.0,8.0,11.0,6.0,24.0,17.0,21.0,19.0,15.0,16.0,81.0,47.0,9.0,13.0,8.0,1.0,0.0,0.0,0.0,0.0,0.0,0.0,0.0,0.0,0.0,0.0,0.0,0.0,0.0,3.0,1.0,0.0,0.0,3.0,6.0,12.0,3.0,5.0,14.0,3.0,10.0,4.0,0.0,0.0,1.0,2.0,1.0,6.135,4.3100000000000005,0.26,1.5100000000000002,0.04000000000000001,0.015,0.0,6.135
Jordan Binnington,STL,G,2025-26,569.85,0.0,0.0,0.0,0.0,0.0,0.0,0.0,0.0,0.0,0.0,0.0,0.0,0.0,0.0,0.0,0.0,0.0,0.0,0.0,0.0,0.0,0.0,0.0,0.0,0.0,0.0,0.0,0.0,0.0,98.0,98.0,14.0,9.0,0.0,9.0,5.0,1.0,66.0,14.0,83.0,13.0,14.0,0.0,0.0,0.0,0.0,0.0,0.0,0.0,0.0,0.0,0.0,0.0,0.0,0.0,0.0,0.0,0.0,0.0,0.0,0.0,0.0,0.0,0.0,0.0,0.0,0.0,0.0,0.0,0.0,0.0,0.0,0.0,0.0,0.0,0.0,0.0,0.0,0.0,0.0,0.0,0.0,0.0,0.0,0.0,0.0,0.0,0.0
Logan Mailloux,STL,D,2025-26,211.21666666666567,15.0,12.0,7.0,19.0,13.0,3.0,3.0,6.0,1.0,0.0,0.0,1.0,2.0,6.0,6.0,9.0,6.0,7.0,1.0,0.0,2.0,23.0,4.0,2.0,1.0,0.0,1.0,1.0,2.0,72.0,55.0,27.0,19.0,2.0,10.0,8.0,4.0,31.0,18.0,34.0,13.0,17.0,10.0,81.0,52.0,10.0,18.0,13.0,3.0,0.0,0.0,0.0,0.0,0.0,0.0,0.0,0.0,0.0,0.0,0.0,0.0,0.0,2.0,0.0,0.0,1.0,0.0,5.0,9.0,1.0,5.0,10.0,2.0,7.0,5.0,0.0,1.0,0.0,0.0,0.0,5.5,3.7699999999999996,0.18,1.165,0.355,0.03,0.0,5.5
Oskar Sundqvist,STL,C,2025-26,159.58333333333331,13.0,8.0,10.0,21.0,11.0,6.0,4.0,4.0,1.0,4.0,0.0,2.0,5.0,5.0,5.0,11.0,6.0,9.0,1.0,5.0,3.0,27.0,10.0,3.0,3.0,2.0,1.0,1.0,16.0,35.0,22.0,13.0,10.0,0.0,7.0,3.0,4.0,13.0,6.0,10.0,7.0,8.0,5.0,4.0,2.0,2.0,1.0,1.0,0.0,3.0,2.0,2.0,0.0,1.0,0.0,2.0,0.0,0.0,0.0,0.0,0.0,0.0,1.0,1.0,3.0,1.0,0.0,1.0,8.0,4.0,1.0,9.0,3.0,9.0,1.0,0.0,0.0,2.0,2.0,0.0,5.07,3.9050000000000007,0.405,0.10500000000000001,0.22000000000000003,0.33,0.10500000000000001,4.965
Liam O'Brien,UTA,C,2025-26,52.849999999999994,5.0,3.0,0.0,0.0,0.0,0.0,0.0,0.0,0.0,0.0,0.0,0.0,0.0,0.0,1.0,0.0,4.0,0.0,0.0,0.0,0.0,16.0,5.0,1.0,1.0,1.0,1.0,0.0,8.0,8.0,4.0,6.0,2.0,1.0,0.0,4.0,0.0,1.0,0.0,2.0,0.0,2.0,4.0,2.0,1.0,0.0,1.0,0.0,0.0,0.0,0.0,0.0,0.0,0.0,0.0,0.0,0.0,0.0,0.0,0.0,0.0,0.0,0.0,0.0,3.0,0.0,0.0,0.0,4.0,1.0,0.0,0.0,0.0,0.0,0.0,0.0,0.0,0.0,1.0,0.0,0.9,0.375,0.23500000000000001,0.03,0.095,0.165,0.0,0.9
Karel Vejmelka,UTA,G,2025-26,683.9836,0.0,0.0,0.0,0.0,0.0,0.0,0.0,0.0,0.0,0.0,0.0,0.0,0.0,0.0,0.0,0.0,0.0,0.0,0.0,0.0,0.0,0.0,0.0,0.0,0.0,0.0,0.0,0.0,0.0,64.0,64.0,8.0,3.0,0.0,3.0,5.0,2.0,39.0,14.0,53.0,11.0,8.0,0.0,0.0,0.0,0.0,0.0,0.0,0.0,0.0,0.0,0.0,0.0,0.0,0.0,0.0,0.0,0.0,0.0,0.0,0.0,0.0,0.0,0.0,0.0,0.0,0.0,0.0,0.0,0.0,0.0,0.0,0.0,0.0,0.0,0.0,0.0,0.0,0.0,0.0,0.0,0.0,0.0,0.0,0.0,0.0,0.0,0.0
Joel Hofer,STL,G,2025-26,417.9833999999999,0.0,0.0,0.0,0.0,0.0,0.0,0.0,0.0,0.0,0.0,0.0,0.0,0.0,0.0,0.0,0.0,0.0,0.0,0.0,0.0,0.0,0.0,0.0,0.0,0.0,0.0,0.0,0.0,0.0,77.0,77.0,10.0,3.0,0.0,3.0,7.0,2.0,46.0,20.0,65.0,18.0,10.0,0.0,0.0,0.0,0.0,0.0,0.0,0.0,0.0,0.0,0.0,0.0,0.0,0.0,0.0,0.0,0.0,0.0,0.0,0.0,0.0,0.0,0.0,0.0,0.0,0.0,0.0,0.0,0.0,0.0,0.0,0.0,0.0,0.0,0.0,0.0,0.0,0.0,0.0,0.0,0.0,0.0,0.0,0.0,0.0,0.0,0.0
Bryan Rust,PIT,R,2025-26,196.98333333333431,31.0,25.0,18.0,38.0,21.0,12.0,5.0,10.0,2.0,5.0,2.0,5.0,0.0,3.0,7.0,13.0,18.0,20.0,4.0,9.0,5.0,71.0,34.0,7.0,10.0,8.0,9.0,4.0,28.0,47.0,16.0,31.0,19.0,6.0,2.0,12.0,1.0,10.0,0.0,5.0,4.0,10.0,21.0,5.0,2.0,3.0,0.0,0.0,0.0,4.0,2.0,2.0,0.0,0.0,12.0,20.0,6.0,7.0,4.0,0.0,1.0,1.0,4.0,2.0,5.0,3.0,1.0,2.0,24.0,4.0,3.0,25.0,6.0,7.0,2.0,1.0,0.0,1.0,3.0,0.0,12.38,8.04,1.85,0.22500000000000003,0.7750000000000001,0.7799999999999998,0.7100000000000001,11.67
Filip Hallander,PIT,C,2025-26,59.85000000000001,13.0,11.0,10.0,12.0,7.0,3.0,2.0,1.0,0.0,3.0,0.0,2.0,2.0,0.0,7.0,5.0,4.0,4.0,1.0,0.0,1.0,15.0,14.0,1.0,4.0,1.0,5.0,0.0,2.0,8.0,7.0,7.0,5.0,3.0,2.0,2.0,0.0,6.0,3.0,1.0,3.0,6.0,1.0,0.0,0.0,0.0,0.0,0.0,0.0,0.0,0.0,0.0,0.0,0.0,0.0,0.0,0.0,0.0,0.0,0.0,0.0,0.0,0.0,2.0,3.0,1.0,0.0,0.0,6.0,3.0,4.0,7.0,2.0,3.0,1.0,3.0,1.0,2.0,0.0,0.0,3.9800000000000004,2.93,0.8600000000000001,0.0,0.115,0.075,0.0,3.9800000000000004
Joseph LaBate,VAN,C,2025-26,9.5333333333333,3.0,2.0,1.0,0.0,0.0,0.0,0.0,0.0,0.0,0.0,0.0,0.0,0.0,0.0,2.0,0.0,1.0,0.0,0.0,0.0,0.0,4.0,3.0,1.0,0.0,0.0,0.0,0.0,2.0,0.0,0.0,0.0,0.0,0.0,0.0,0.0,0.0,0.0,0.0,0.0,0.0,0.0,0.0,0.0,0.0,0.0,0.0,0.0,0.0,0.0,0.0,0.0,0.0,0.0,0.0,0.0,0.0,0.0,0.0,0.0,0.0,0.0,0.0,0.0,1.0,0.0,0.0,0.0,1.0,2.0,0.0,0.0,0.0,0.0,0.0,0.0,1.0,1.0,0.0,0.0,0.43999999999999995,0.31999999999999995,0.09000000000000001,0.0,0.0,0.03,0.0,0.43999999999999995
Kevin Lankinen,VAN,G,2025-26,354.63340000000005,0.0,0.0,0.0,0.0,0.0,0.0,0.0,0.0,0.0,0.0,0.0,0.0,0.0,0.0,0.0,0.0,0.0,0.0,0.0,0.0,0.0,0.0,0.0,0.0,0.0,0.0,0.0,0.0,0.0,15.0,15.0,4.0,0.0,0.0,0.0,4.0,1.0,2.0,3.0,10.0,3.0,4.0,0.0,0.0,0.0,0.0,0.0,0.0,0.0,0.0,0.0,0.0,0.0,0.0,0.0,0.0,0.0,0.0,0.0,0.0,0.0,0.0,0.0,0.0,0.0,0.0,0.0,0.0,0.0,0.0,0.0,0.0,0.0,0.0,0.0,0.0,0.0,0.0,0.0,0.0,0.0,0.0,0.0,0.0,0.0,0.0,0.0,0.0
Connor Clifton,PIT,D,2025-26,127.15000000000101,10.0,6.0,0.0,19.0,11.0,7.0,1.0,4.0,0.0,2.0,0.0,1.0,3.0,3.0,1.0,6.0,8.0,7.0,1.0,4.0,0.0,5.0,3.0,1.0,2.0,0.0,1.0,0.0,0.0,41.0,34.0,8.0,5.0,0.0,4.0,3.0,5.0,22.0,13.0,23.0,11.0,6.0,2.0,49.0,30.0,2.0,10.0,5.0,1.0,0.0,0.0,0.0,0.0,1.0,0.0,0.0,0.0,0.0,0.0,0.0,0.0,0.0,2.0,0.0,0.0,0.0,1.0,5.0,8.0,0.0,2.0,13.0,3.0,3.0,2.0,0.0,0.0,0.0,0.0,0.0,3.1599999999999997,2.3699999999999997,0.14500000000000002,0.725,-0.11500000000000003,0.0,0.035,3.1249999999999996
Tristan Jarry,PIT,G,2025-26,209.2999,0.0,0.0,0.0,0.0,0.0,0.0,0.0,0.0,0.0,0.0,0.0,0.0,0.0,0.0,0.0,0.0,0.0,0.0,0.0,0.0,0.0,0.0,0.0,0.0,0.0,0.0,0.0,0.0,0.0,8.0,8.0,1.0,0.0,0.0,0.0,1.0,0.0,4.0,4.0,7.0,4.0,1.0,0.0,0.0,0.0,0.0,0.0,0.0,0.0,0.0,0.0,0.0,0.0,0.0,0.0,0.0,0.0,0.0,0.0,0.0,0.0,0.0,0.0,0.0,0.0,0.0,0.0,0.0,0.0,0.0,0.0,0.0,0.0,0.0,0.0,0.0,0.0,0.0,0.0,0.0,0.0,0.0,0.0,0.0,0.0,0.0,0.0,0.0
Mathew Dumba,PIT,D,2025-26,57.050000000000004,4.0,1.0,2.0,7.0,4.0,3.0,0.0,2.0,0.0,0.0,0.0,1.0,0.0,1.0,0.0,2.0,3.0,3.0,0.0,1.0,1.0,2.0,0.0,0.0,0.0,0.0,0.0,2.0,0.0,22.0,18.0,10.0,5.0,0.0,3.0,5.0,2.0,9.0,3.0,10.0,3.0,6.0,4.0,29.0,15.0,3.0,5.0,3.0,1.0,0.0,0.0,0.0,0.0,0.0,0.0,0.0,0.0,0.0,0.0,0.0,0.0,0.0,2.0,0.0,0.0,1.0,0.0,2.0,4.0,0.0,0.0,5.0,1.0,1.0,0.0,0.0,0.0,0.0,0.0,0.0,2.0149999999999997,1.2149999999999999,0.07,0.54,0.19,0.0,0.0,2.0149999999999997
Alexey Toropchenko,STL,R,2025-26,139.89999999999998,11.0,9.0,7.0,9.0,6.0,3.0,0.0,5.0,0.0,0.0,0.0,0.0,3.0,1.0,6.0,6.0,4.0,3.0,1.0,2.0,0.0,48.0,18.0,2.0,1.0,9.0,4.0,2.0,13.0,31.0,18.0,19.0,14.0,9.0,1.0,5.0,5.0,10.0,1.0,1.0,5.0,12.0,7.0,3.0,0.0,1.0,0.0,0.0,1.0,1.0,1.0,0.0,0.0,2.0,0.0,0.0,0.0,0.0,0.0,0.0,0.0,0.0,0.0,0.0,2.0,0.0,0.0,1.0,5.0,3.0,3.0,3.0,3.0,3.0,1.0,2.0,1.0,1.0,0.0,0.0,4.8549999999999995,2.525,1.01,0.12,0.53,0.5999999999999999,0.07,4.784999999999999
Erik Gudbranson,CBJ,D,2025-26,85.566666666666,10.0,8.0,1.0,11.0,7.0,4.0,0.0,2.0,0.0,0.0,0.0,0.0,2.0,0.0,1.0,3.0,6.0,7.0,2.0,1.0,1.0,7.0,2.0,0.0,1.0,0.0,1.0,1.0,3.0,28.0,22.0,4.0,1.0,1.0,0.0,3.0,1.0,14.0,10.0,18.0,8.0,3.0,1.0,24.0,13.0,1.0,4.0,2.0,0.0,0.0,0.0,0.0,0.0,3.0,0.0,0.0,0.0,0.0,0.0,0.0,0.0,0.0,1.0,0.0,0.0,0.0,1.0,2.0,9.0,0.0,1.0,8.0,2.0,1.0,0.0,1.0,0.0,0.0,0.0,0.0,2.29,1.7850000000000001,0.18000000000000002,0.42,-0.24500000000000002,0.045,0.10500000000000001,2.185
Cam York,PHI,D,2025-26,271.633333333335,21.0,18.0,6.0,19.0,12.0,6.0,1.0,3.0,0.0,0.0,0.0,2.0,3.0,2.0,2.0,6.0,14.0,4.0,3.0,6.0,3.0,23.0,2.0,1.0,2.0,0.0,0.0,3.0,2.0,104.0,79.0,45.0,21.0,6.0,8.0,24.0,5.0,45.0,10.0,46.0,12.0,28.0,17.0,93.0,49.0,11.0,12.0,6.0,1.0,4.0,2.0,2.0,0.0,1.0,4.0,9.0,8.0,1.0,3.0,0.0,0.0,0.0,5.0,2.0,0.0,0.0,1.0,3.0,19.0,1.0,1.0,13.0,4.0,2.0,1.0,0.0,1.0,0.0,0.0,0.0,7.619999999999999,3.89,0.15000000000000002,2.135,1.09,0.03,0.325,7.294999999999999
Jonathan Drouin,NYI,L,2025-26,184.983333333333,16.0,13.0,12.0,29.0,11.0,11.0,7.0,2.0,0.0,4.0,3.0,4.0,3.0,2.0,5.0,10.0,5.0,7.0,5.0,5.0,3.0,30.0,17.0,3.0,7.0,4.0,5.0,1.0,16.0,34.0,17.0,15.0,10.0,0.0,4.0,5.0,1.0,11.0,5.0,8.0,10.0,8.0,7.0,11.0,3.0,3.0,0.0,0.0,0.0,16.0,10.0,8.0,0.0,0.0,6.0,17.0,7.0,5.0,1.0,1.0,3.0,0.0,2.0,1.0,6.0,2.0,1.0,0.0,8.0,3.0,4.0,16.0,6.0,6.0,3.0,0.0,1.0,1.0,1.0,1.0,7.275,4.779999999999999,0.9400000000000001,0.39,0.09999999999999998,0.42000000000000004,0.645,6.629999999999999
Kyle MacLean,NYI,C,2025-26,160.5166666666671,13.0,12.0,10.0,17.0,14.0,3.0,0.0,10.0,0.0,2.0,5.0,3.0,1.0,1.0,5.0,4.0,7.0,10.0,1.0,3.0,2.0,36.0,15.0,7.0,3.0,6.0,4.0,0.0,26.0,35.0,15.0,21.0,11.0,3.0,1.0,10.0,1.0,3.0,3.0,8.0,6.0,6.0,15.0,4.0,1.0,2.0,0.0,0.0,0.0,0.0,0.0,0.0,1.0,1.0,0.0,0.0,0.0,0.0,0.0,0.0,0.0,0.0,1.0,1.0,2.0,4.0,2.0,0.0,8.0,2.0,3.0,11.0,3.0,3.0,2.0,1.0,0.0,2.0,0.0,0.0,6.119999999999999,4.47,0.5800000000000001,0.175,0.14500000000000002,0.66,0.09,6.029999999999999
Marshall Warren,NYI,D,2025-26,11.333333333333,0.0,0.0,0.0,3.0,2.0,0.0,1.0,2.0,1.0,0.0,0.0,1.0,1.0,0.0,0.0,1.0,0.0,1.0,0.0,0.0,0.0,0.0,0.0,2.0,0.0,0.0,0.0,0.0,0.0,4.0,3.0,3.0,1.0,1.0,0.0,2.0,0.0,2.0,1.0,1.0,1.0,2.0,1.0,5.0,2.0,1.0,2.0,2.0,0.0,0.0,0.0,0.0,0.0,0.0,0.0,0.0,0.0,0.0,0.0,0.0,0.0,0.0,0.0,0.0,0.0,0.0,0.0,1.0,0.0,0.0,0.0,2.0,1.0,0.0,0.0,0.0,0.0,0.0,0.0,0.0,0.445,0.475,-0.09,0.045,0.015,0.0,0.0,0.445
Drake Batherson,OTT,R,2025-26,246.51666666666867,37.0,27.0,20.0,51.0,39.0,10.0,2.0,23.0,4.0,8.0,4.0,7.0,4.0,3.0,8.0,21.0,18.0,21.0,6.0,7.0,4.0,68.0,37.0,10.0,11.0,8.0,9.0,3.0,38.0,48.0,26.0,23.0,13.0,4.0,4.0,10.0,3.0,12.0,3.0,11.0,6.0,11.0,12.0,2.0,1.0,1.0,1.0,1.0,0.0,23.0,16.0,12.0,0.0,0.0,10.0,14.0,9.0,9.0,7.0,2.0,1.0,1.0,6.0,2.0,5.0,15.0,2.0,2.0,29.0,3.0,5.0,29.0,10.0,11.0,4.0,0.0,2.0,0.0,1.0,1.0,15.700000000000003,11.085,1.815,0.025,0.44000000000000006,0.9300000000000002,1.4049999999999998,14.295000000000002
Olle Lycksell,OTT,R,2025-26,19.266666666667,3.0,3.0,3.0,4.0,3.0,0.0,1.0,2.0,0.0,1.0,1.0,1.0,0.0,0.0,2.0,0.0,0.0,2.0,1.0,1.0,1.0,6.0,4.0,0.0,2.0,2.0,2.0,0.0,3.0,5.0,1.0,4.0,3.0,2.0,0.0,1.0,0.0,1.0,0.0,0.0,1.0,1.0,3.0,0.0,0.0,0.0,0.0,0.0,0.0,0.0,0.0,0.0,0.0,0.0,0.0,0.0,0.0,0.0,0.0,0.0,0.0,0.0,1.0,0.0,0.0,0.0,0.0,0.0,1.0,1.0,1.0,3.0,0.0,1.0,1.0,0.0,0.0,0.0,1.0,0.0,1.6250000000000002,1.1050000000000002,0.29,0.0,0.095,0.135,0.0,1.6250000000000002
Tyler Kleven,OTT,D,2025-26,282.93333333333294,29.0,22.0,2.0,22.0,10.0,8.0,4.0,3.0,0.0,0.0,0.0,0.0,3.0,9.0,4.0,12.0,24.0,8.0,0.0,3.0,1.0,16.0,2.0,0.0,1.0,0.0,0.0,1.0,5.0,146.0,103.0,48.0,22.0,2.0,9.0,26.0,12.0,54.0,25.0,64.0,26.0,26.0,22.0,111.0,68.0,11.0,12.0,13.0,3.0,0.0,0.0,0.0,1.0,5.0,0.0,0.0,0.0,0.0,0.0,0.0,0.0,0.0,6.0,0.0,0.0,0.0,3.0,3.0,25.0,3.0,1.0,10.0,3.0,9.0,1.0,0.0,1.0,0.0,2.0,0.0,6.76,4.045,0.125,1.95,0.3350000000000001,0.075,0.23,6.530000000000001
Alex Tuch,BUF,R,2025-26,269.6500000000003,54.0,43.0,26.0,60.0,41.0,14.0,5.0,21.0,1.0,9.0,2.0,7.0,12.0,5.0,28.0,32.0,18.0,19.0,3.0,3.0,6.0,77.0,51.0,6.0,11.0,6.0,14.0,3.0,26.0,61.0,37.0,41.0,32.0,13.0,10.0,9.0,2.0,29.0,5.0,9.0,7.0,26.0,15.0,8.0,4.0,3.0,2.0,0.0,1.0,8.0,4.0,3.0,9.0,6.0,7.0,4.0,2.0,3.0,1.0,0.0,0.0,0.0,4.0,4.0,3.0,4.0,0.0,1.0,26.0,11.0,16.0,27.0,12.0,20.0,12.0,4.0,4.0,5.0,2.0,0.0,19.4,13.125000000000002,2.9000000000000004,0.26,1.4250000000000005,0.66,1.03,18.37
Bowen Byram,BUF,D,2025-26,356.58333333333195,34.0,25.0,12.0,50.0,23.0,23.0,4.0,9.0,1.0,1.0,0.0,1.0,8.0,8.0,9.0,21.0,15.0,16.0,3.0,15.0,4.0,57.0,27.0,5.0,10.0,1.0,6.0,1.0,2.0,137.0,89.0,62.0,42.0,5.0,16.0,20.0,11.0,47.0,24.0,50.0,12.0,28.0,34.0,126.0,71.0,12.0,18.0,15.0,5.0,2.0,2.0,2.0,0.0,1.0,7.0,7.0,3.0,2.0,0.0,0.0,2.0,0.0,5.0,1.0,1.0,3.0,5.0,6.0,24.0,6.0,4.0,26.0,9.0,15.0,3.0,0.0,1.0,4.0,0.0,1.0,13.214999999999998,7.8950000000000005,1.355,2.29,1.3850000000000005,0.075,0.21500000000000002,12.999999999999998
Conor Timmins,BUF,D,2025-26,195.00000000000105,17.0,12.0,1.0,33.0,16.0,12.0,5.0,8.0,0.0,0.0,0.0,4.0,4.0,11.0,2.0,19.0,9.0,9.0,3.0,3.0,1.0,23.0,13.0,1.0,6.0,0.0,3.0,0.0,1.0,82.0,55.0,39.0,27.0,2.0,11.0,12.0,3.0,30.0,16.0,32.0,9.0,20.0,19.0,70.0,45.0,6.0,17.0,5.0,2.0,1.0,0.0,1.0,0.0,2.0,0.0,2.0,1.0,0.0,1.0,1.0,0.0,0.0,0.0,0.0,0.0,0.0,0.0,3.0,14.0,2.0,1.0,14.0,9.0,9.0,1.0,0.0,0.0,0.0,2.0,0.0,7.28,4.3950000000000005,0.7050000000000001,1.1500000000000001,0.82,0.015,0.195,7.085
Jack Quinn,BUF,R,2025-26,264.34999999999894,53.0,35.0,29.0,48.0,33.0,9.0,6.0,21.0,3.0,3.0,4.0,6.0,6.0,4.0,30.0,26.0,16.0,7.0,4.0,9.0,3.0,85.0,50.0,14.0,9.0,12.0,15.0,1.0,26.0,59.0,29.0,41.0,24.0,6.0,10.0,17.0,2.0,20.0,8.0,7.0,12.0,20.0,21.0,10.0,3.0,3.0,2.0,2.0,0.0,7.0,6.0,2.0,1.0,1.0,5.0,9.0,3.0,4.0,1.0,0.0,1.0,0.0,4.0,4.0,4.0,5.0,1.0,2.0,23.0,11.0,19.0,20.0,11.0,17.0,10.0,8.0,5.0,3.0,3.0,1.0,17.29,12.555,2.4800000000000004,0.25,0.6400000000000001,0.93,0.43499999999999994,16.854999999999997
Jason Zucker,BUF,L,2025-26,162.0666666666673,30.0,25.0,18.0,31.0,17.0,8.0,6.0,7.0,1.0,1.0,3.0,4.0,2.0,3.0,16.0,13.0,10.0,9.0,2.0,8.0,5.0,39.0,25.0,8.0,8.0,3.0,6.0,2.0,19.0,36.0,19.0,24.0,17.0,6.0,9.0,7.0,2.0,12.0,2.0,3.0,2.0,14.0,10.0,3.0,0.0,2.0,0.0,0.0,0.0,2.0,1.0,1.0,0.0,0.0,14.0,10.0,6.0,13.0,4.0,1.0,0.0,0.0,3.0,2.0,3.0,5.0,3.0,2.0,13.0,4.0,13.0,18.0,2.0,11.0,9.0,2.0,0.0,0.0,4.0,2.0,10.705,7.199999999999999,1.165,0.16,0.7550000000000001,0.42000000000000004,1.0050000000000001,9.700000000000001
Jiri Kulich,BUF,C,2025-26,53.866666666667,7.0,7.0,4.0,7.0,4.0,3.0,0.0,2.0,1.0,0.0,0.0,1.0,0.0,1.0,3.0,4.0,1.0,2.0,3.0,1.0,1.0,11.0,7.0,3.0,2.0,1.0,4.0,0.0,3.0,7.0,6.0,3.0,3.0,2.0,0.0,0.0,2.0,4.0,1.0,2.0,1.0,2.0,1.0,2.0,0.0,2.0,0.0,0.0,0.0,4.0,2.0,1.0,0.0,0.0,2.0,2.0,0.0,1.0,0.0,0.0,0.0,0.0,0.0,1.0,0.0,0.0,1.0,0.0,4.0,1.0,2.0,3.0,0.0,4.0,0.0,2.0,0.0,1.0,0.0,0.0,2.5250000000000004,1.6800000000000002,0.4,0.13,0.135,0.09,0.09,2.4350000000000005
Josh Doan,BUF,R,2025-26,255.56666666666732,42.0,36.0,26.0,37.0,29.0,6.0,2.0,16.0,4.0,7.0,0.0,3.0,3.0,5.0,17.0,18.0,21.0,17.0,2.0,4.0,1.0,84.0,41.0,9.0,8.0,12.0,13.0,3.0,38.0,48.0,23.0,33.0,19.0,8.0,9.0,14.0,2.0,16.0,2.0,4.0,6.0,17.0,16.0,8.0,0.0,5.0,0.0,0.0,0.0,3.0,0.0,0.0,0.0,0.0,14.0,14.0,6.0,13.0,3.0,0.0,1.0,1.0,1.0,5.0,5.0,0.0,4.0,2.0,24.0,8.0,10.0,17.0,7.0,12.0,6.0,2.0,2.0,0.0,4.0,2.0,15.915000000000001,9.93,2.26,0.415,0.7850000000000003,1.1099999999999999,1.415,14.5
Josh Dunne,BUF,C,2025-26,103.3499999999993,7.0,6.0,6.0,6.0,2.0,2.0,2.0,2.0,0.0,0.0,0.0,0.0,0.0,0.0,1.0,0.0,6.0,4.0,0.0,2.0,0.0,18.0,5.0,2.0,1.0,5.0,1.0,1.0,15.0,14.0,5.0,8.0,5.0,1.0,0.0,3.0,3.0,1.0,2.0,1.0,4.0,1.0,7.0,3.0,1.0,1.0,1.0,0.0,0.0,0.0,0.0,0.0,0.0,0.0,0.0,0.0,0.0,0.0,0.0,0.0,0.0,0.0,1.0,0.0,1.0,0.0,4.0,0.0,6.0,1.0,0.0,6.0,0.0,0.0,0.0,0.0,0.0,0.0,0.0,0.0,2.3949999999999996,1.6350000000000002,0.22499999999999998,0.095,-0.010000000000000009,0.45,0.0,2.3949999999999996
Mason Geertsen,BUF,L,2025-26,9.266666666666701,0.0,0.0,0.0,0.0,0.0,0.0,0.0,0.0,0.0,0.0,0.0,0.0,0.0,0.0,0.0,0.0,0.0,0.0,0.0,0.0,0.0,2.0,0.0,0.0,0.0,0.0,0.0,0.0,2.0,1.0,1.0,1.0,1.0,1.0,0.0,0.0,0.0,1.0,0.0,0.0,0.0,1.0,0.0,0.0,0.0,0.0,0.0,0.0,0.0,0.0,0.0,0.0,0.0,0.0,0.0,0.0,0.0,0.0,0.0,0.0,0.0,0.0,0.0,0.0,0.0,0.0,0.0,0.0,0.0,0.0,0.0,0.0,0.0,0.0,0.0,0.0,0.0,0.0,0.0,0.0,0.09,0.0,0.0,0.0,0.060000000000000005,0.03,0.0,0.09
Mattias Samuelsson,BUF,D,2025-26,395.0166666666661,40.0,32.0,9.0,54.0,27.0,18.0,9.0,11.0,1.0,2.0,2.0,2.0,5.0,16.0,4.0,26.0,25.0,19.0,8.0,11.0,2.0,40.0,11.0,2.0,6.0,2.0,3.0,3.0,5.0,134.0,95.0,57.0,39.0,7.0,18.0,18.0,7.0,64.0,20.0,54.0,17.0,34.0,23.0,137.0,85.0,17.0,25.0,15.0,2.0,0.0,0.0,0.0,0.0,3.0,0.0,0.0,0.0,0.0,0.0,0.0,0.0,0.0,4.0,1.0,1.0,4.0,0.0,4.0,34.0,2.0,4.0,28.0,6.0,20.0,4.0,0.0,0.0,0.0,2.0,0.0,13.610000000000003,8.570000000000002,0.675,2.425,1.6700000000000004,0.165,0.10500000000000001,13.505000000000003
Owen Power,BUF,D,2025-26,368.40000000000106,29.0,21.0,5.0,70.0,43.0,16.0,11.0,12.0,1.0,4.0,0.0,9.0,7.0,16.0,5.0,32.0,13.0,22.0,5.0,10.0,2.0,36.0,18.0,9.0,7.0,1.0,2.0,1.0,6.0,163.0,125.0,66.0,45.0,9.0,21.0,21.0,16.0,74.0,31.0,66.0,25.0,43.0,23.0,125.0,87.0,6.0,25.0,21.0,3.0,7.0,5.0,5.0,0.0,2.0,3.0,8.0,5.0,0.0,4.0,1.0,0.0,0.0,8.0,1.0,0.0,3.0,1.0,9.0,23.0,4.0,2.0,38.0,11.0,20.0,1.0,1.0,0.0,2.0,2.0,0.0,12.87,8.825,0.55,1.395,1.4650000000000003,0.135,0.5000000000000001,12.370000000000003
Peyton Krebs,BUF,C,2025-26,286.416666666665,38.0,25.0,17.0,54.0,31.0,17.0,6.0,17.0,2.0,9.0,1.0,1.0,7.0,6.0,17.0,21.0,16.0,23.0,1.0,11.0,2.0,89.0,44.0,9.0,15.0,10.0,10.0,3.0,32.0,55.0,29.0,35.0,23.0,14.0,1.0,12.0,2.0,17.0,11.0,11.0,9.0,16.0,19.0,9.0,3.0,4.0,0.0,0.0,1.0,0.0,0.0,0.0,0.0,0.0,0.0,0.0,0.0,0.0,0.0,0.0,0.0,0.0,3.0,2.0,6.0,5.0,1.0,1.0,21.0,7.0,10.0,31.0,3.0,20.0,6.0,2.0,3.0,2.0,2.0,2.0,13.769999999999998,9.729999999999999,2.2300000000000004,0.35000000000000003,0.53,0.9300000000000002,0.0,13.769999999999998
Rasmus Dahlin,BUF,D,2025-26,365.39999999999907,46.0,36.0,12.0,81.0,49.0,26.0,6.0,23.0,5.0,4.0,3.0,12.0,9.0,21.0,6.0,38.0,25.0,21.0,9.0,11.0,3.0,68.0,29.0,5.0,10.0,0.0,7.0,4.0,6.0,168.0,123.0,90.0,61.0,8.0,30.0,29.0,6.0,69.0,28.0,59.0,15.0,58.0,32.0,114.0,68.0,17.0,15.0,14.0,4.0,21.0,17.0,10.0,0.0,3.0,14.0,42.0,21.0,3.0,9.0,2.0,0.0,0.0,9.0,0.0,0.0,7.0,2.0,6.0,39.0,2.0,5.0,40.0,14.0,27.0,3.0,0.0,0.0,1.0,1.0,2.0,20.635,12.999999999999996,1.605,2.1499999999999995,2.355,0.09,1.435,19.2
Ryan McLeod,BUF,C,2025-26,271.43333333333305,27.0,23.0,15.0,76.0,40.0,34.0,2.0,19.0,2.0,5.0,2.0,6.0,10.0,7.0,12.0,37.0,9.0,21.0,6.0,12.0,1.0,90.0,64.0,11.0,26.0,16.0,22.0,2.0,26.0,91.0,65.0,47.0,39.0,13.0,18.0,8.0,6.0,45.0,8.0,29.0,9.0,30.0,17.0,13.0,6.0,1.0,3.0,2.0,1.0,17.0,16.0,7.0,6.0,2.0,6.0,8.0,3.0,2.0,1.0,1.0,0.0,0.0,1.0,2.0,2.0,4.0,0.0,0.0,15.0,6.0,6.0,37.0,9.0,30.0,5.0,0.0,0.0,2.0,2.0,1.0,18.2,10.49,3.665,0.195,1.8950000000000005,1.11,0.8450000000000002,17.355
Tage Thompson,BUF,C,2025-26,294.99999999999727,63.0,53.0,35.0,56.0,39.0,12.0,5.0,18.0,3.0,9.0,2.0,4.0,5.0,8.0,29.0,26.0,27.0,20.0,1.0,6.0,9.0,97.0,61.0,11.0,15.0,12.0,11.0,6.0,41.0,73.0,42.0,39.0,30.0,12.0,9.0,9.0,5.0,26.0,4.0,17.0,6.0,20.0,19.0,5.0,2.0,0.0,0.0,1.0,1.0,30.0,17.0,15.0,0.0,0.0,22.0,31.0,19.0,10.0,11.0,1.0,3.0,1.0,10.0,4.0,0.0,9.0,1.0,2.0,34.0,6.0,23.0,29.0,8.0,19.0,13.0,2.0,3.0,1.0,2.0,7.0,21.619999999999997,14.235000000000003,3.065,0.065,1.35,1.155,1.7500000000000004,19.87
Tyson Kozak,BUF,C,2025-26,115.76666666666561,12.0,9.0,7.0,7.0,6.0,1.0,0.0,2.0,1.0,2.0,0.0,1.0,0.0,0.0,4.0,1.0,6.0,4.0,1.0,1.0,3.0,19.0,7.0,2.0,1.0,6.0,0.0,1.0,18.0,20.0,12.0,10.0,7.0,4.0,1.0,3.0,1.0,6.0,4.0,5.0,2.0,6.0,4.0,3.0,1.0,1.0,0.0,0.0,0.0,0.0,0.0,0.0,0.0,1.0,0.0,0.0,0.0,0.0,0.0,0.0,0.0,0.0,2.0,1.0,2.0,1.0,4.0,0.0,8.0,1.0,3.0,6.0,0.0,1.0,1.0,1.0,0.0,1.0,0.0,1.0,3.5999999999999996,2.4700000000000006,0.25999999999999995,0.11,0.185,0.54,0.035,3.565
Zach Benson,BUF,L,2025-26,183.75,23.0,21.0,15.0,38.0,19.0,15.0,4.0,9.0,1.0,2.0,2.0,5.0,4.0,1.0,9.0,14.0,9.0,15.0,4.0,11.0,5.0,57.0,28.0,3.0,13.0,5.0,8.0,3.0,15.0,32.0,20.0,22.0,14.0,7.0,2.0,8.0,0.0,11.0,3.0,6.0,4.0,14.0,8.0,3.0,1.0,1.0,1.0,0.0,0.0,4.0,2.0,3.0,3.0,0.0,6.0,16.0,11.0,4.0,5.0,1.0,4.0,1.0,2.0,2.0,2.0,2.0,1.0,0.0,12.0,3.0,8.0,23.0,2.0,13.0,5.0,3.0,0.0,2.0,1.0,0.0,10.555,6.985,1.6700000000000002,0.095,0.52,0.44999999999999996,0.8350000000000001,9.720000000000002
Zach Metsa,BUF,D,2025-26,72.7666666666662,3.0,3.0,1.0,3.0,0.0,2.0,1.0,0.0,0.0,0.0,0.0,0.0,1.0,0.0,0.0,1.0,2.0,1.0,1.0,1.0,0.0,7.0,3.0,1.0,1.0,0.0,1.0,0.0,2.0,26.0,21.0,8.0,3.0,0.0,2.0,5.0,4.0,12.0,8.0,12.0,3.0,5.0,3.0,28.0,17.0,2.0,7.0,3.0,2.0,0.0,0.0,0.0,0.0,0.0,0.0,0.0,0.0,0.0,0.0,0.0,0.0,0.0,0.0,0.0,0.0,0.0,1.0,0.0,3.0,0.0,0.0,2.0,0.0,1.0,0.0,0.0,0.0,0.0,0.0,0.0,1.08,0.485,0.14500000000000002,0.39999999999999997,0.019999999999999983,0.03,0.0,1.08
Owen Beck,MTL,C,2025-26,24.3666666666667,2.0,1.0,0.0,1.0,1.0,0.0,0.0,1.0,0.0,0.0,1.0,1.0,0.0,0.0,1.0,0.0,1.0,1.0,0.0,0.0,0.0,2.0,2.0,0.0,0.0,1.0,0.0,0.0,0.0,3.0,1.0,0.0,0.0,0.0,0.0,0.0,0.0,1.0,0.0,1.0,1.0,0.0,0.0,1.0,0.0,1.0,0.0,0.0,0.0,0.0,0.0,0.0,0.0,0.0,0.0,0.0,0.0,0.0,0.0,0.0,0.0,0.0,0.0,0.0,0.0,1.0,0.0,0.0,1.0,1.0,0.0,1.0,0.0,0.0,0.0,0.0,0.0,1.0,0.0,0.0,0.6000000000000001,0.41,0.09,0.065,-0.010000000000000002,0.045,0.0,0.6000000000000001
Alex Lyon,BUF,G,2025-26,372.8834,0.0,0.0,0.0,0.0,0.0,0.0,0.0,0.0,0.0,0.0,0.0,0.0,0.0,0.0,0.0,0.0,0.0,0.0,0.0,0.0,0.0,0.0,0.0,0.0,0.0,0.0,0.0,0.0,0.0,21.0,21.0,0.0,0.0,0.0,0.0,0.0,0.0,13.0,4.0,21.0,3.0,0.0,0.0,0.0,0.0,0.0,0.0,0.0,0.0,0.0,0.0,0.0,0.0,0.0,0.0,0.0,0.0,0.0,0.0,0.0,0.0,0.0,0.0,0.0,0.0,0.0,0.0,0.0,0.0,0.0,0.0,0.0,0.0,0.0,0.0,0.0,0.0,0.0,0.0,0.0,0.0,0.0,0.0,0.0,0.0,0.0,0.0,0.0
Jonathan Aspirot,BOS,D,2025-26,222.0000000000017,16.0,9.0,4.0,27.0,14.0,10.0,3.0,4.0,1.0,0.0,0.0,1.0,5.0,7.0,0.0,14.0,13.0,4.0,2.0,4.0,1.0,17.0,7.0,1.0,5.0,0.0,1.0,4.0,0.0,94.0,74.0,30.0,19.0,1.0,8.0,11.0,6.0,41.0,18.0,53.0,16.0,15.0,15.0,103.0,66.0,9.0,24.0,17.0,0.0,0.0,0.0,0.0,0.0,2.0,0.0,2.0,2.0,0.0,0.0,0.0,0.0,0.0,6.0,0.0,0.0,2.0,0.0,2.0,16.0,0.0,0.0,13.0,6.0,8.0,0.0,0.0,0.0,0.0,0.0,0.0,6.194999999999999,3.785,0.46499999999999997,1.375,0.5,0.0,0.07,6.124999999999999
Beck Malenstyn,BUF,L,2025-26,189.21666666666675,27.0,19.0,13.0,16.0,8.0,6.0,2.0,1.0,1.0,5.0,0.0,1.0,0.0,2.0,7.0,3.0,16.0,10.0,4.0,5.0,0.0,69.0,22.0,4.0,2.0,6.0,3.0,4.0,21.0,37.0,23.0,24.0,14.0,9.0,4.0,10.0,2.0,15.0,4.0,8.0,5.0,13.0,11.0,5.0,1.0,1.0,1.0,0.0,0.0,0.0,0.0,0.0,1.0,0.0,0.0,0.0,0.0,0.0,0.0,0.0,0.0,0.0,0.0,4.0,8.0,1.0,3.0,1.0,20.0,4.0,3.0,13.0,1.0,2.0,0.0,2.0,2.0,2.0,0.0,1.0,6.91,4.450000000000001,1.115,0.155,0.5500000000000003,0.5850000000000001,0.055,6.8549999999999995
Jordan Greenway,BUF,L,2025-26,144.0166666666663,16.0,12.0,8.0,14.0,6.0,7.0,1.0,2.0,0.0,1.0,1.0,3.0,2.0,2.0,5.0,7.0,9.0,7.0,0.0,4.0,2.0,35.0,7.0,4.0,4.0,8.0,3.0,3.0,18.0,37.0,17.0,25.0,10.0,1.0,3.0,15.0,1.0,9.0,3.0,7.0,2.0,9.0,16.0,2.0,0.0,1.0,0.0,0.0,0.0,0.0,0.0,0.0,1.0,4.0,0.0,0.0,0.0,0.0,0.0,0.0,0.0,0.0,0.0,4.0,0.0,3.0,3.0,0.0,11.0,3.0,2.0,7.0,3.0,4.0,1.0,0.0,1.0,1.0,1.0,1.0,5.025,3.3000000000000003,0.4050000000000001,0.095,0.4,0.63,0.195,4.83
Michael Kesselring,BUF,D,2025-26,134.58333333333468,16.0,10.0,3.0,16.0,8.0,4.0,4.0,3.0,0.0,1.0,0.0,2.0,0.0,4.0,2.0,7.0,11.0,6.0,1.0,3.0,2.0,18.0,7.0,3.0,3.0,0.0,2.0,2.0,1.0,64.0,50.0,32.0,18.0,3.0,13.0,14.0,3.0,28.0,8.0,21.0,10.0,26.0,6.0,51.0,35.0,5.0,10.0,7.0,1.0,0.0,0.0,0.0,0.0,0.0,0.0,0.0,0.0,0.0,0.0,0.0,0.0,0.0,3.0,0.0,0.0,0.0,0.0,3.0,13.0,2.0,1.0,9.0,3.0,4.0,1.0,0.0,0.0,2.0,0.0,0.0,4.765000000000001,2.955,0.36,0.7350000000000001,0.7000000000000001,0.015,0.0,4.765000000000001
Isak Rosen,BUF,R,2025-26,71.2666666666666,4.0,4.0,3.0,9.0,3.0,5.0,1.0,1.0,1.0,1.0,0.0,1.0,3.0,1.0,2.0,5.0,1.0,3.0,1.0,1.0,0.0,17.0,10.0,2.0,2.0,0.0,1.0,0.0,6.0,6.0,4.0,4.0,3.0,0.0,2.0,1.0,0.0,3.0,1.0,1.0,0.0,3.0,1.0,1.0,0.0,0.0,0.0,0.0,0.0,1.0,1.0,1.0,0.0,0.0,3.0,7.0,4.0,1.0,1.0,0.0,2.0,0.0,0.0,0.0,1.0,1.0,0.0,0.0,2.0,1.0,1.0,3.0,2.0,4.0,1.0,0.0,0.0,0.0,1.0,0.0,2.14,1.315,0.41500000000000004,0.03,0.14500000000000002,0.09,0.14500000000000002,1.9949999999999997
Ukko-Pekka Luukkonen,BUF,G,2025-26,468.0167,0.0,0.0,0.0,0.0,0.0,0.0,0.0,0.0,0.0,0.0,0.0,0.0,0.0,0.0,0.0,0.0,0.0,0.0,0.0,0.0,0.0,0.0,0.0,0.0,0.0,0.0,0.0,0.0,0.0,30.0,30.0,4.0,1.0,0.0,1.0,3.0,0.0,18.0,5.0,26.0,5.0,4.0,0.0,0.0,0.0,0.0,0.0,0.0,0.0,0.0,0.0,0.0,0.0,0.0,0.0,0.0,0.0,0.0,0.0,0.0,0.0,0.0,0.0,0.0,0.0,0.0,0.0,0.0,0.0,0.0,0.0,0.0,0.0,0.0,0.0,0.0,0.0,0.0,0.0,0.0,0.0,0.0,0.0,0.0,0.0,0.0,0.0,0.0
Corey Perry,L.A,R,2025-26,74.53333333333369,15.0,13.0,10.0,10.0,4.0,5.0,1.0,3.0,0.0,1.0,0.0,1.0,1.0,1.0,2.0,2.0,7.0,3.0,4.0,1.0,0.0,14.0,3.0,0.0,0.0,3.0,0.0,1.0,8.0,15.0,7.0,9.0,5.0,0.0,2.0,4.0,0.0,5.0,0.0,3.0,0.0,4.0,5.0,3.0,0.0,2.0,0.0,0.0,0.0,3.0,3.0,1.0,0.0,0.0,6.0,4.0,3.0,5.0,2.0,2.0,0.0,0.0,0.0,2.0,4.0,1.0,0.0,1.0,13.0,0.0,2.0,8.0,0.0,2.0,2.0,0.0,0.0,0.0,0.0,0.0,4.38,3.0050000000000003,0.16999999999999998,0.16,0.30000000000000004,0.255,0.49000000000000005,3.8900000000000006
Dennis Cholowski,N.J,D,2025-26,74.250000000001,7.0,5.0,2.0,14.0,8.0,6.0,0.0,2.0,0.0,0.0,0.0,0.0,4.0,3.0,1.0,8.0,5.0,4.0,0.0,3.0,1.0,6.0,1.0,0.0,0.0,0.0,0.0,0.0,0.0,25.0,19.0,9.0,4.0,0.0,2.0,5.0,2.0,10.0,6.0,12.0,5.0,5.0,4.0,24.0,15.0,2.0,3.0,4.0,1.0,0.0,0.0,0.0,0.0,0.0,0.0,0.0,0.0,0.0,0.0,0.0,0.0,0.0,1.0,0.0,0.0,1.0,1.0,3.0,6.0,1.0,0.0,6.0,4.0,4.0,0.0,0.0,0.0,0.0,1.0,0.0,2.23,1.835,0.045,0.345,0.00499999999999997,0.0,0.0,2.23
Juho Lammikko,N.J,C,2025-26,25.6333333333337,3.0,3.0,2.0,2.0,2.0,0.0,0.0,1.0,0.0,0.0,0.0,0.0,1.0,0.0,3.0,2.0,0.0,0.0,0.0,0.0,1.0,8.0,5.0,0.0,2.0,0.0,1.0,0.0,3.0,3.0,1.0,3.0,2.0,1.0,1.0,1.0,0.0,1.0,0.0,0.0,0.0,1.0,2.0,2.0,0.0,2.0,0.0,0.0,0.0,0.0,0.0,0.0,0.0,0.0,0.0,0.0,0.0,0.0,0.0,0.0,0.0,0.0,1.0,0.0,0.0,0.0,0.0,1.0,0.0,0.0,3.0,0.0,2.0,0.0,1.0,2.0,0.0,0.0,0.0,0.0,1.245,0.6950000000000001,0.28,0.13,0.095,0.045,0.0,1.245
Stefan Noesen,N.J,R,2025-26,78.78333333333339,13.0,8.0,3.0,7.0,6.0,0.0,1.0,6.0,1.0,0.0,2.0,3.0,0.0,0.0,3.0,3.0,9.0,3.0,0.0,1.0,0.0,15.0,2.0,1.0,1.0,4.0,1.0,2.0,13.0,17.0,9.0,9.0,7.0,0.0,3.0,2.0,2.0,4.0,2.0,2.0,4.0,5.0,4.0,1.0,0.0,1.0,0.0,0.0,0.0,0.0,0.0,0.0,0.0,0.0,0.0,0.0,0.0,0.0,0.0,0.0,0.0,0.0,2.0,1.0,2.0,1.0,0.0,0.0,10.0,1.0,2.0,4.0,2.0,1.0,1.0,0.0,0.0,0.0,1.0,1.0,3.3200000000000003,2.575,0.17,0.065,0.135,0.375,0.0,3.3200000000000003
Curtis Lazar,EDM,C,2025-26,72.4500000000001,6.0,4.0,4.0,4.0,4.0,0.0,0.0,2.0,0.0,1.0,0.0,3.0,0.0,0.0,1.0,1.0,4.0,2.0,1.0,0.0,2.0,13.0,4.0,3.0,0.0,2.0,1.0,2.0,10.0,6.0,3.0,6.0,4.0,0.0,2.0,2.0,0.0,2.0,1.0,0.0,0.0,3.0,3.0,2.0,0.0,0.0,0.0,0.0,0.0,0.0,0.0,0.0,1.0,1.0,0.0,0.0,0.0,0.0,0.0,0.0,0.0,0.0,1.0,0.0,1.0,0.0,1.0,0.0,5.0,1.0,0.0,3.0,0.0,1.0,0.0,0.0,0.0,0.0,0.0,0.0,2.2550000000000003,1.5399999999999998,0.16999999999999998,0.06,0.155,0.24,0.09,2.1650000000000005
Ian Moore,ANA,D,2025-26,188.76666666666873,13.0,10.0,2.0,28.0,16.0,9.0,3.0,10.0,0.0,1.0,0.0,2.0,7.0,7.0,3.0,14.0,9.0,12.0,0.0,3.0,1.0,12.0,0.0,1.0,0.0,0.0,0.0,1.0,7.0,66.0,53.0,30.0,17.0,2.0,11.0,13.0,8.0,28.0,12.0,22.0,10.0,23.0,7.0,84.0,49.0,5.0,12.0,12.0,2.0,0.0,0.0,0.0,0.0,1.0,0.0,0.0,0.0,0.0,0.0,0.0,0.0,0.0,2.0,0.0,0.0,0.0,3.0,5.0,10.0,2.0,1.0,14.0,6.0,8.0,0.0,1.0,0.0,2.0,0.0,0.0,5.920000000000001,3.9950000000000006,-0.009999999999999995,1.27,0.525,0.105,0.035,5.885000000000001
Jansen Harkins,ANA,C,2025-26,115.71666666666601,10.0,6.0,4.0,15.0,10.0,4.0,1.0,2.0,0.0,3.0,0.0,0.0,2.0,2.0,5.0,8.0,5.0,6.0,0.0,2.0,0.0,20.0,10.0,4.0,4.0,7.0,1.0,0.0,10.0,19.0,9.0,11.0,6.0,4.0,0.0,5.0,2.0,6.0,6.0,3.0,5.0,4.0,7.0,6.0,2.0,3.0,0.0,0.0,0.0,0.0,0.0,0.0,1.0,1.0,0.0,0.0,0.0,0.0,0.0,0.0,0.0,0.0,0.0,1.0,2.0,2.0,0.0,1.0,5.0,3.0,2.0,7.0,3.0,5.0,1.0,0.0,0.0,2.0,0.0,1.0,3.395,2.2849999999999997,0.325,0.255,-0.025000000000000015,0.46499999999999997,0.09,3.305
Arvid Soderblom,CHI,G,2025-26,145.3667,0.0,0.0,0.0,0.0,0.0,0.0,0.0,0.0,0.0,0.0,0.0,0.0,0.0,0.0,0.0,0.0,0.0,0.0,0.0,0.0,0.0,0.0,0.0,0.0,0.0,0.0,0.0,0.0,0.0,8.0,8.0,1.0,0.0,0.0,0.0,1.0,0.0,4.0,2.0,7.0,2.0,1.0,0.0,0.0,0.0,0.0,0.0,0.0,0.0,0.0,0.0,0.0,0.0,0.0,0.0,0.0,0.0,0.0,0.0,0.0,0.0,0.0,0.0,0.0,0.0,0.0,0.0,0.0,0.0,0.0,0.0,0.0,0.0,0.0,0.0,0.0,0.0,0.0,0.0,0.0,0.0,0.0,0.0,0.0,0.0,0.0,0.0,0.0
Berkly Catton,SEA,C,2025-26,147.4499999999999,18.0,14.0,13.0,24.0,15.0,9.0,0.0,5.0,0.0,7.0,0.0,0.0,4.0,3.0,8.0,12.0,8.0,8.0,1.0,2.0,2.0,45.0,28.0,4.0,7.0,5.0,8.0,1.0,18.0,32.0,17.0,22.0,18.0,3.0,9.0,4.0,0.0,13.0,4.0,3.0,7.0,14.0,8.0,3.0,0.0,3.0,0.0,0.0,0.0,10.0,9.0,5.0,0.0,0.0,4.0,10.0,2.0,2.0,0.0,0.0,2.0,0.0,0.0,1.0,2.0,3.0,1.0,3.0,10.0,3.0,5.0,11.0,7.0,6.0,2.0,2.0,0.0,2.0,1.0,1.0,7.790000000000001,4.680000000000001,1.5550000000000002,0.20500000000000002,0.5700000000000001,0.495,0.28500000000000003,7.505000000000001
Kaapo Kakko,SEA,R,2025-26,141.366666666667,13.0,12.0,9.0,22.0,15.0,5.0,2.0,6.0,0.0,1.0,3.0,3.0,1.0,4.0,5.0,12.0,7.0,9.0,1.0,4.0,2.0,36.0,19.0,3.0,8.0,4.0,6.0,2.0,16.0,19.0,7.0,15.0,13.0,4.0,3.0,2.0,1.0,5.0,0.0,0.0,3.0,6.0,9.0,8.0,0.0,6.0,0.0,0.0,0.0,6.0,2.0,4.0,0.0,0.0,5.0,9.0,4.0,4.0,2.0,0.0,1.0,0.0,2.0,3.0,2.0,2.0,2.0,1.0,8.0,2.0,3.0,9.0,8.0,4.0,2.0,1.0,1.0,0.0,1.0,0.0,7.140000000000001,4.205,1.1199999999999999,0.45000000000000007,0.47500000000000003,0.42,0.47,6.670000000000001
Oliver Moore,CHI,C,2025-26,112.7333333333333,15.0,10.0,8.0,18.0,11.0,7.0,0.0,7.0,1.0,1.0,0.0,2.0,4.0,3.0,7.0,10.0,6.0,7.0,0.0,3.0,3.0,37.0,22.0,11.0,7.0,3.0,5.0,3.0,20.0,32.0,16.0,19.0,15.0,7.0,4.0,4.0,0.0,12.0,4.0,7.0,3.0,9.0,10.0,1.0,0.0,0.0,0.0,0.0,0.0,2.0,1.0,0.0,1.0,0.0,2.0,1.0,1.0,1.0,1.0,1.0,0.0,0.0,3.0,1.0,1.0,2.0,1.0,0.0,8.0,3.0,4.0,8.0,4.0,6.0,3.0,1.0,1.0,0.0,1.0,0.0,6.090000000000001,3.9700000000000006,0.875,0.03,0.58,0.43499999999999994,0.2,5.89
Zakhar Bardakov,COL,C,2025-26,91.01666666666661,11.0,10.0,5.0,11.0,7.0,3.0,1.0,3.0,0.0,2.0,2.0,1.0,2.0,1.0,2.0,3.0,7.0,7.0,0.0,2.0,0.0,21.0,7.0,4.0,1.0,6.0,3.0,0.0,8.0,21.0,14.0,13.0,9.0,5.0,2.0,4.0,3.0,8.0,1.0,1.0,3.0,10.0,3.0,4.0,1.0,1.0,0.0,0.0,0.0,0.0,0.0,0.0,1.0,0.0,0.0,0.0,0.0,0.0,0.0,0.0,0.0,0.0,1.0,1.0,1.0,1.0,3.0,0.0,9.0,0.0,2.0,8.0,2.0,1.0,1.0,1.0,0.0,0.0,0.0,0.0,3.6899999999999995,2.4299999999999997,0.29999999999999993,0.14,0.375,0.39,0.055,3.635
John Beecher,BOS,C,2025-26,19.6500000000003,3.0,3.0,3.0,2.0,1.0,1.0,0.0,0.0,0.0,0.0,0.0,0.0,0.0,1.0,2.0,2.0,0.0,0.0,1.0,0.0,1.0,5.0,3.0,1.0,0.0,0.0,1.0,0.0,2.0,4.0,1.0,4.0,3.0,1.0,0.0,1.0,0.0,1.0,0.0,0.0,0.0,1.0,3.0,1.0,1.0,0.0,0.0,1.0,0.0,0.0,0.0,0.0,0.0,0.0,0.0,0.0,0.0,0.0,0.0,0.0,0.0,0.0,0.0,1.0,1.0,0.0,0.0,0.0,1.0,0.0,2.0,0.0,0.0,2.0,2.0,0.0,0.0,0.0,0.0,0.0,0.9650000000000001,0.685,0.14500000000000002,-0.025,0.13,0.03,0.0,0.9650000000000001
Michael Misa,S.J,C,2025-26,86.7999999999987,8.0,7.0,8.0,14.0,10.0,2.0,2.0,5.0,0.0,3.0,1.0,2.0,3.0,0.0,3.0,5.0,5.0,6.0,0.0,4.0,0.0,18.0,13.0,7.0,4.0,6.0,0.0,3.0,13.0,19.0,11.0,7.0,5.0,3.0,2.0,2.0,1.0,6.0,2.0,6.0,4.0,4.0,3.0,3.0,1.0,0.0,1.0,0.0,0.0,1.0,1.0,1.0,0.0,0.0,1.0,0.0,0.0,1.0,0.0,0.0,0.0,0.0,0.0,1.0,3.0,2.0,0.0,1.0,5.0,0.0,3.0,9.0,3.0,2.0,2.0,1.0,0.0,0.0,0.0,0.0,3.985,2.88,0.37500000000000006,0.06,0.11500000000000002,0.46499999999999997,0.09,3.895
Patrick Giles,S.J,R,2025-26,8.0833333333333,1.0,1.0,0.0,0.0,0.0,0.0,0.0,0.0,0.0,0.0,0.0,0.0,0.0,0.0,0.0,0.0,1.0,0.0,0.0,0.0,0.0,2.0,1.0,0.0,0.0,0.0,0.0,0.0,2.0,3.0,2.0,2.0,1.0,0.0,0.0,1.0,1.0,0.0,0.0,0.0,0.0,1.0,1.0,1.0,1.0,0.0,1.0,1.0,0.0,0.0,0.0,0.0,0.0,0.0,0.0,0.0,0.0,0.0,0.0,0.0,0.0,0.0,0.0,0.0,0.0,0.0,0.0,0.0,1.0,0.0,0.0,0.0,0.0,0.0,0.0,0.0,0.0,0.0,0.0,0.0,0.145,0.075,0.045,-0.04,0.035,0.03,0.0,0.145
Vincent Desharnais,S.J,D,2025-26,153.983333333333,11.0,6.0,0.0,13.0,8.0,5.0,0.0,4.0,0.0,0.0,0.0,1.0,2.0,1.0,1.0,3.0,6.0,7.0,2.0,2.0,0.0,14.0,1.0,0.0,0.0,0.0,0.0,0.0,1.0,65.0,41.0,26.0,17.0,1.0,7.0,9.0,4.0,21.0,11.0,23.0,11.0,14.0,12.0,59.0,37.0,7.0,8.0,9.0,2.0,0.0,0.0,0.0,0.0,0.0,0.0,0.0,0.0,0.0,0.0,0.0,0.0,0.0,1.0,0.0,0.0,0.0,1.0,2.0,10.0,0.0,1.0,10.0,2.0,1.0,0.0,1.0,0.0,0.0,0.0,0.0,3.43,2.07,0.045,0.95,0.35,0.015,0.0,3.43
Taylor Makar,COL,L,2025-26,9.4666666666667,0.0,0.0,0.0,2.0,1.0,1.0,0.0,1.0,0.0,0.0,0.0,0.0,2.0,0.0,0.0,2.0,0.0,0.0,0.0,0.0,0.0,2.0,1.0,1.0,1.0,0.0,0.0,0.0,0.0,1.0,1.0,1.0,1.0,0.0,1.0,0.0,0.0,1.0,0.0,0.0,0.0,1.0,0.0,0.0,0.0,0.0,0.0,0.0,0.0,0.0,0.0,0.0,0.0,0.0,0.0,0.0,0.0,0.0,0.0,0.0,0.0,0.0,0.0,0.0,0.0,0.0,0.0,0.0,0.0,0.0,0.0,0.0,0.0,2.0,0.0,0.0,0.0,0.0,0.0,0.0,0.275,0.215,0.0,0.0,0.060000000000000005,0.0,0.0,0.275
Mackenzie Blackwood,COL,G,2025-26,145.48340000000002,0.0,0.0,0.0,0.0,0.0,0.0,0.0,0.0,0.0,0.0,0.0,0.0,0.0,0.0,0.0,0.0,0.0,0.0,0.0,0.0,0.0,0.0,0.0,0.0,0.0,0.0,0.0,0.0,0.0,7.0,7.0,0.0,0.0,0.0,0.0,0.0,0.0,4.0,4.0,7.0,3.0,0.0,0.0,0.0,0.0,0.0,0.0,0.0,0.0,0.0,0.0,0.0,0.0,0.0,0.0,0.0,0.0,0.0,0.0,0.0,0.0,0.0,0.0,0.0,0.0,0.0,0.0,0.0,0.0,0.0,0.0,0.0,0.0,0.0,0.0,0.0,0.0,0.0,0.0,0.0,0.0,0.0,0.0,0.0,0.0,0.0,0.0,0.0
Yaroslav Askarov,S.J,G,2025-26,614.9666,0.0,0.0,0.0,0.0,0.0,0.0,0.0,0.0,0.0,0.0,0.0,0.0,0.0,0.0,0.0,0.0,0.0,0.0,0.0,0.0,0.0,0.0,0.0,0.0,0.0,0.0,0.0,0.0,0.0,40.0,40.0,5.0,1.0,0.0,1.0,4.0,1.0,21.0,12.0,34.0,11.0,5.0,0.0,0.0,0.0,0.0,0.0,0.0,0.0,0.0,0.0,0.0,0.0,0.0,0.0,0.0,0.0,0.0,0.0,0.0,0.0,0.0,0.0,0.0,0.0,0.0,0.0,0.0,0.0,0.0,0.0,0.0,0.0,0.0,0.0,0.0,0.0,0.0,0.0,0.0,0.0,0.0,0.0,0.0,0.0,0.0,0.0,0.0
Jack Ahcan,COL,D,2025-26,29.566666666667004,3.0,2.0,1.0,5.0,5.0,0.0,0.0,4.0,1.0,0.0,0.0,0.0,2.0,1.0,0.0,3.0,1.0,2.0,0.0,0.0,0.0,5.0,2.0,0.0,1.0,0.0,0.0,0.0,0.0,6.0,3.0,5.0,4.0,0.0,2.0,1.0,0.0,2.0,1.0,0.0,0.0,3.0,2.0,12.0,6.0,3.0,2.0,1.0,0.0,0.0,0.0,0.0,0.0,0.0,0.0,0.0,0.0,0.0,0.0,0.0,0.0,0.0,1.0,0.0,0.0,0.0,1.0,0.0,3.0,0.0,0.0,2.0,1.0,2.0,0.0,0.0,0.0,0.0,0.0,0.0,1.63,1.08,0.09,0.30500000000000005,0.155,0.0,0.0,1.63
Tristen Nielsen,COL,C,2025-26,5.4166666666667,0.0,0.0,0.0,1.0,1.0,0.0,0.0,0.0,0.0,1.0,0.0,0.0,0.0,0.0,0.0,0.0,0.0,1.0,0.0,0.0,0.0,0.0,0.0,0.0,0.0,0.0,0.0,0.0,0.0,2.0,1.0,1.0,1.0,0.0,1.0,0.0,0.0,1.0,0.0,0.0,1.0,1.0,0.0,0.0,0.0,0.0,0.0,0.0,0.0,0.0,0.0,0.0,0.0,0.0,0.0,0.0,0.0,0.0,0.0,0.0,0.0,0.0,0.0,0.0,0.0,0.0,0.0,0.0,0.0,0.0,0.0,1.0,0.0,0.0,0.0,0.0,0.0,0.0,0.0,0.0,0.095,0.07,0.0,0.0,0.025,0.0,0.0,0.095
Charle-Edouard D'Astous,T.B,D,2025-26,358.70000000000203,26.0,15.0,4.0,54.0,31.0,17.0,6.0,13.0,0.0,3.0,0.0,8.0,8.0,10.0,2.0,22.0,22.0,19.0,2.0,14.0,1.0,57.0,19.0,7.0,5.0,1.0,4.0,3.0,6.0,187.0,125.0,82.0,58.0,9.0,17.0,24.0,7.0,64.0,17.0,80.0,14.0,38.0,44.0,118.0,59.0,15.0,12.0,14.0,2.0,1.0,0.0,0.0,0.0,2.0,3.0,7.0,3.0,1.0,1.0,0.0,0.0,0.0,3.0,1.0,0.0,10.0,5.0,6.0,24.0,1.0,1.0,29.0,10.0,15.0,1.0,0.0,0.0,0.0,1.0,0.0,13.52,7.385,0.8650000000000001,2.41,2.5450000000000004,0.135,0.18,13.340000000000003
Max Crozier,T.B,D,2025-26,95.06666666666601,4.0,4.0,1.0,19.0,12.0,6.0,1.0,4.0,0.0,1.0,0.0,0.0,2.0,3.0,2.0,5.0,2.0,10.0,0.0,1.0,0.0,13.0,5.0,1.0,2.0,0.0,1.0,0.0,5.0,29.0,19.0,10.0,5.0,2.0,2.0,5.0,1.0,13.0,6.0,13.0,5.0,5.0,5.0,36.0,25.0,3.0,6.0,3.0,0.0,0.0,0.0,0.0,0.0,0.0,0.0,0.0,0.0,0.0,0.0,0.0,0.0,0.0,0.0,0.0,0.0,1.0,1.0,7.0,2.0,0.0,2.0,14.0,1.0,4.0,1.0,0.0,0.0,0.0,0.0,1.0,3.0050000000000003,1.9800000000000002,0.235,0.6,0.11500000000000002,0.075,0.0,3.0050000000000003
Zemgus Girgensons,T.B,C,2025-26,291.36666666666537,39.0,29.0,26.0,31.0,16.0,12.0,3.0,6.0,0.0,5.0,1.0,2.0,4.0,2.0,17.0,11.0,17.0,15.0,5.0,6.0,2.0,80.0,31.0,9.0,8.0,18.0,11.0,7.0,31.0,54.0,29.0,32.0,17.0,5.0,5.0,15.0,1.0,14.0,6.0,14.0,4.0,14.0,18.0,8.0,3.0,3.0,0.0,0.0,0.0,0.0,0.0,0.0,5.0,4.0,0.0,0.0,0.0,0.0,0.0,0.0,0.0,0.0,4.0,5.0,5.0,4.0,5.0,1.0,21.0,7.0,11.0,20.0,4.0,7.0,10.0,0.0,0.0,1.0,4.0,1.0,12.555000000000001,8.129999999999999,1.8400000000000003,0.30000000000000004,0.5950000000000001,1.2750000000000004,0.41500000000000004,12.140000000000002
Noah Ostlund,BUF,C,2025-26,173.9333333333333,14.0,13.0,10.0,19.0,11.0,7.0,1.0,6.0,2.0,1.0,1.0,0.0,4.0,2.0,8.0,12.0,3.0,5.0,2.0,3.0,3.0,44.0,25.0,6.0,9.0,1.0,8.0,2.0,12.0,38.0,22.0,21.0,17.0,4.0,6.0,4.0,2.0,18.0,4.0,11.0,4.0,9.0,12.0,7.0,3.0,3.0,3.0,2.0,0.0,4.0,2.0,2.0,0.0,0.0,3.0,5.0,3.0,1.0,1.0,0.0,0.0,0.0,2.0,1.0,0.0,2.0,1.0,0.0,4.0,4.0,5.0,5.0,7.0,7.0,2.0,2.0,2.0,1.0,1.0,1.0,6.730000000000001,4.05,1.365,0.14500000000000002,0.7650000000000001,0.22499999999999998,0.18,6.550000000000001
Cole Reinhardt,VGK,L,2025-26,125.2500000000006,9.0,6.0,4.0,9.0,6.0,3.0,0.0,2.0,0.0,2.0,1.0,1.0,1.0,0.0,5.0,4.0,4.0,2.0,0.0,2.0,1.0,43.0,16.0,5.0,3.0,4.0,0.0,1.0,21.0,32.0,13.0,21.0,9.0,3.0,1.0,12.0,3.0,3.0,2.0,3.0,3.0,7.0,14.0,3.0,1.0,1.0,0.0,0.0,1.0,0.0,0.0,0.0,0.0,0.0,0.0,0.0,0.0,0.0,0.0,0.0,0.0,0.0,1.0,0.0,1.0,1.0,0.0,0.0,4.0,2.0,3.0,5.0,2.0,2.0,3.0,0.0,0.0,1.0,0.0,0.0,3.3049999999999997,1.9699999999999998,0.53,0.095,0.215,0.495,0.0,3.3049999999999997
Carl Lindbom,VGK,G,2025-26,135.9666,0.0,0.0,0.0,0.0,0.0,0.0,0.0,0.0,0.0,0.0,0.0,0.0,0.0,0.0,0.0,0.0,0.0,0.0,0.0,0.0,0.0,0.0,0.0,0.0,0.0,0.0,0.0,0.0,0.0,5.0,5.0,0.0,0.0,0.0,0.0,0.0,0.0,3.0,0.0,5.0,0.0,0.0,0.0,0.0,0.0,0.0,0.0,0.0,0.0,0.0,0.0,0.0,0.0,0.0,0.0,0.0,0.0,0.0,0.0,0.0,0.0,0.0,0.0,0.0,0.0,0.0,0.0,0.0,0.0,0.0,0.0,0.0,0.0,0.0,0.0,0.0,0.0,0.0,0.0,0.0,0.0,0.0,0.0,0.0,0.0,0.0,0.0,0.0
Ethan Cardwell,S.J,R,2025-26,11.633333333333,2.0,2.0,0.0,1.0,1.0,0.0,0.0,0.0,0.0,0.0,0.0,0.0,0.0,0.0,1.0,1.0,1.0,0.0,0.0,0.0,0.0,4.0,2.0,1.0,0.0,0.0,0.0,0.0,0.0,4.0,1.0,4.0,2.0,0.0,0.0,2.0,0.0,0.0,0.0,0.0,0.0,1.0,3.0,2.0,1.0,0.0,0.0,0.0,0.0,0.0,0.0,0.0,0.0,0.0,0.0,0.0,0.0,0.0,0.0,0.0,0.0,0.0,1.0,0.0,0.0,0.0,0.0,0.0,1.0,1.0,0.0,0.0,1.0,0.0,0.0,0.0,1.0,0.0,0.0,0.0,0.38,0.22,0.045,0.045,0.07,0.0,0.0,0.38
Adam Lowry,WPG,C,2025-26,147.6333333333323,13.0,12.0,10.0,19.0,9.0,8.0,2.0,3.0,1.0,1.0,1.0,2.0,2.0,1.0,6.0,7.0,7.0,11.0,0.0,8.0,3.0,32.0,18.0,6.0,3.0,9.0,2.0,1.0,19.0,39.0,23.0,22.0,13.0,2.0,8.0,9.0,1.0,18.0,3.0,11.0,2.0,11.0,11.0,3.0,0.0,3.0,0.0,0.0,0.0,0.0,0.0,0.0,1.0,1.0,0.0,0.0,0.0,0.0,0.0,0.0,0.0,0.0,0.0,2.0,1.0,0.0,0.0,1.0,7.0,4.0,2.0,12.0,2.0,5.0,1.0,1.0,1.0,1.0,2.0,0.0,6.125000000000001,3.7249999999999996,0.685,0.20500000000000002,0.73,0.6900000000000001,0.09,6.035
Nikita Chibrikov,WPG,R,2025-26,18.833333333333698,1.0,1.0,0.0,0.0,0.0,0.0,0.0,0.0,0.0,0.0,0.0,0.0,0.0,0.0,0.0,0.0,1.0,0.0,0.0,0.0,0.0,2.0,1.0,1.0,0.0,0.0,0.0,0.0,2.0,4.0,0.0,3.0,1.0,1.0,0.0,2.0,0.0,0.0,1.0,0.0,2.0,0.0,3.0,1.0,0.0,1.0,0.0,0.0,0.0,0.0,0.0,0.0,0.0,0.0,0.0,0.0,0.0,0.0,0.0,0.0,0.0,0.0,0.0,0.0,1.0,0.0,0.0,0.0,1.0,0.0,0.0,0.0,0.0,0.0,0.0,0.0,0.0,0.0,0.0,0.0,0.09999999999999999,0.075,0.0,0.065,-0.07,0.03,0.0,0.09999999999999999
Jacob Gaucher,PHI,C,2025-26,8.7666666666667,1.0,0.0,1.0,2.0,1.0,0.0,1.0,0.0,0.0,0.0,0.0,0.0,0.0,0.0,0.0,0.0,0.0,1.0,1.0,0.0,1.0,6.0,2.0,0.0,0.0,1.0,0.0,1.0,1.0,0.0,0.0,0.0,0.0,0.0,0.0,0.0,0.0,0.0,0.0,0.0,0.0,0.0,0.0,0.0,0.0,0.0,0.0,0.0,0.0,0.0,0.0,0.0,0.0,0.0,0.0,0.0,0.0,0.0,0.0,0.0,0.0,0.0,0.0,0.0,0.0,0.0,0.0,0.0,1.0,0.0,0.0,2.0,0.0,0.0,0.0,0.0,0.0,0.0,0.0,0.0,0.53,0.34500000000000003,0.125,0.0,0.0,0.06,0.0,0.53
Jonathan Huberdeau,CGY,L,2025-26,118.5500000000007,11.0,10.0,8.0,33.0,17.0,11.0,5.0,9.0,4.0,4.0,2.0,3.0,4.0,3.0,4.0,15.0,5.0,12.0,0.0,7.0,1.0,27.0,18.0,8.0,9.0,1.0,4.0,1.0,15.0,27.0,11.0,18.0,16.0,7.0,3.0,2.0,0.0,10.0,1.0,3.0,4.0,8.0,10.0,6.0,0.0,0.0,0.0,0.0,0.0,2.0,1.0,1.0,1.0,0.0,1.0,10.0,5.0,0.0,3.0,2.0,2.0,0.0,0.0,2.0,1.0,1.0,0.0,1.0,7.0,0.0,4.0,17.0,4.0,12.0,3.0,1.0,0.0,0.0,0.0,0.0,7.080000000000001,4.965000000000001,0.705,0.18,0.6350000000000002,0.27,0.32499999999999996,6.755000000000001
Samuel Honzek,CGY,L,2025-26,45.033333333332706,6.0,4.0,3.0,5.0,3.0,1.0,1.0,2.0,0.0,0.0,2.0,2.0,0.0,0.0,4.0,1.0,2.0,3.0,0.0,1.0,1.0,18.0,6.0,4.0,1.0,3.0,1.0,1.0,8.0,8.0,2.0,4.0,4.0,0.0,0.0,0.0,0.0,1.0,0.0,2.0,0.0,0.0,4.0,3.0,0.0,2.0,0.0,0.0,1.0,0.0,0.0,0.0,1.0,0.0,0.0,0.0,0.0,0.0,0.0,0.0,0.0,0.0,1.0,0.0,0.0,0.0,0.0,0.0,2.0,2.0,2.0,4.0,0.0,1.0,1.0,0.0,1.0,1.0,1.0,0.0,2.285,1.4849999999999999,0.18,0.14500000000000002,0.165,0.255,0.055,2.23
Zayne Parekh,CGY,D,2025-26,40.866666666667,2.0,0.0,0.0,7.0,5.0,1.0,1.0,1.0,0.0,0.0,0.0,2.0,0.0,1.0,0.0,1.0,1.0,3.0,1.0,0.0,0.0,2.0,1.0,0.0,0.0,0.0,0.0,0.0,0.0,21.0,15.0,6.0,5.0,1.0,3.0,1.0,0.0,9.0,0.0,10.0,5.0,5.0,1.0,16.0,7.0,1.0,4.0,1.0,0.0,2.0,2.0,1.0,0.0,0.0,0.0,4.0,2.0,0.0,1.0,0.0,0.0,0.0,0.0,0.0,0.0,0.0,0.0,0.0,2.0,0.0,0.0,6.0,0.0,1.0,0.0,0.0,0.0,0.0,0.0,0.0,1.4700000000000002,0.8,0.045,0.31,0.225,0.0,0.09,1.3800000000000001
Aleksei Kolosov,PHI,G,2025-26,51.9167,0.0,0.0,0.0,0.0,0.0,0.0,0.0,0.0,0.0,0.0,0.0,0.0,0.0,0.0,0.0,0.0,0.0,0.0,0.0,0.0,0.0,0.0,0.0,0.0,0.0,0.0,0.0,0.0,0.0,2.0,2.0,0.0,0.0,0.0,0.0,0.0,0.0,1.0,0.0,2.0,0.0,0.0,0.0,0.0,0.0,0.0,0.0,0.0,0.0,0.0,0.0,0.0,0.0,0.0,0.0,0.0,0.0,0.0,0.0,0.0,0.0,0.0,0.0,0.0,0.0,0.0,0.0,0.0,0.0,0.0,0.0,0.0,0.0,0.0,0.0,0.0,0.0,0.0,0.0,0.0,0.0,0.0,0.0,0.0,0.0,0.0,0.0,0.0
Yan Kuznetsov,CGY,D,2025-26,127.24999999999999,12.0,4.0,0.0,13.0,9.0,3.0,1.0,4.0,0.0,0.0,0.0,1.0,1.0,4.0,3.0,6.0,6.0,5.0,0.0,1.0,0.0,10.0,4.0,0.0,0.0,0.0,0.0,1.0,1.0,41.0,28.0,11.0,8.0,0.0,2.0,3.0,2.0,21.0,10.0,23.0,8.0,3.0,8.0,48.0,30.0,3.0,8.0,9.0,2.0,0.0,0.0,0.0,0.0,2.0,0.0,0.0,0.0,0.0,0.0,0.0,0.0,0.0,4.0,0.0,0.0,0.0,0.0,2.0,9.0,2.0,1.0,7.0,2.0,4.0,1.0,0.0,0.0,1.0,1.0,0.0,3.22,2.16,0.21499999999999997,0.585,0.17499999999999996,0.015,0.07,3.15
Dustin Wolf,cgY,G,2025-26,48.7833,0.0,0.0,0.0,0.0,0.0,0.0,0.0,0.0,0.0,0.0,0.0,0.0,0.0,0.0,0.0,0.0,0.0,0.0,0.0,0.0,0.0,0.0,0.0,0.0,0.0,0.0,0.0,0.0,0.0,2.0,2.0,0.0,0.0,0.0,0.0,0.0,0.0,0.0,2.0,2.0,2.0,0.0,0.0,0.0,0.0,0.0,0.0,0.0,0.0,0.0,0.0,0.0,0.0,0.0,0.0,0.0,0.0,0.0,0.0,0.0,0.0,0.0,0.0,0.0,0.0,0.0,0.0,0.0,0.0,0.0,0.0,0.0,0.0,0.0,0.0,0.0,0.0,0.0,0.0,0.0,0.0,0.0,0.0,0.0,0.0,0.0,0.0,0.0
Philippe Myers,TOR,D,2025-26,84.50000000000101,11.0,8.0,2.0,8.0,4.0,4.0,0.0,0.0,0.0,0.0,0.0,1.0,1.0,1.0,3.0,4.0,7.0,4.0,0.0,3.0,1.0,13.0,6.0,0.0,0.0,0.0,0.0,0.0,0.0,39.0,25.0,13.0,9.0,0.0,3.0,4.0,1.0,15.0,3.0,17.0,7.0,7.0,6.0,36.0,18.0,6.0,4.0,2.0,1.0,0.0,0.0,0.0,0.0,2.0,0.0,0.0,0.0,0.0,0.0,0.0,0.0,0.0,2.0,0.0,0.0,0.0,0.0,0.0,8.0,1.0,2.0,4.0,2.0,2.0,1.0,1.0,1.0,0.0,0.0,0.0,3.16,1.6150000000000002,0.27,0.8649999999999999,0.33999999999999997,0.0,0.07,3.09
Jonathan Marchessault,NSH,R,2025-26,122.59999999999829,15.0,8.0,7.0,9.0,8.0,1.0,0.0,4.0,0.0,1.0,1.0,2.0,2.0,0.0,7.0,5.0,7.0,3.0,1.0,1.0,0.0,23.0,9.0,4.0,3.0,1.0,3.0,3.0,15.0,30.0,20.0,21.0,11.0,1.0,7.0,10.0,2.0,11.0,0.0,3.0,1.0,15.0,6.0,5.0,1.0,2.0,0.0,1.0,0.0,15.0,11.0,9.0,0.0,0.0,10.0,7.0,3.0,10.0,1.0,0.0,0.0,0.0,1.0,2.0,2.0,1.0,3.0,0.0,8.0,6.0,1.0,4.0,2.0,3.0,1.0,0.0,2.0,2.0,2.0,0.0,5.39,2.915,0.495,0.165,0.6250000000000002,0.27,0.92,4.47
Nicolas Hague,NSH,D,2025-26,201.6499999999987,15.0,13.0,3.0,21.0,15.0,4.0,2.0,5.0,0.0,0.0,0.0,0.0,3.0,2.0,1.0,5.0,11.0,9.0,1.0,4.0,0.0,14.0,2.0,0.0,0.0,0.0,0.0,0.0,3.0,74.0,59.0,29.0,10.0,2.0,6.0,19.0,11.0,24.0,15.0,26.0,10.0,22.0,7.0,83.0,56.0,5.0,21.0,15.0,3.0,0.0,0.0,0.0,0.0,1.0,0.0,0.0,0.0,0.0,0.0,0.0,0.0,0.0,2.0,1.0,0.0,0.0,0.0,6.0,14.0,0.0,1.0,16.0,3.0,2.0,0.0,0.0,0.0,0.0,0.0,1.0,4.35,3.24,0.09,0.8650000000000001,0.07499999999999998,0.045,0.035,4.3149999999999995
Devin Cooley,CGY,G,2025-26,334.5833,0.0,0.0,0.0,0.0,0.0,0.0,0.0,0.0,0.0,0.0,0.0,0.0,0.0,0.0,0.0,0.0,0.0,0.0,0.0,0.0,0.0,0.0,0.0,0.0,0.0,0.0,0.0,0.0,0.0,29.0,29.0,1.0,1.0,0.0,1.0,0.0,0.0,20.0,6.0,28.0,5.0,1.0,0.0,0.0,0.0,0.0,0.0,0.0,0.0,0.0,0.0,0.0,0.0,0.0,0.0,0.0,0.0,0.0,0.0,0.0,0.0,0.0,0.0,0.0,0.0,0.0,0.0,0.0,0.0,0.0,0.0,0.0,0.0,0.0,0.0,0.0,0.0,0.0,0.0,0.0,0.0,0.0,0.0,0.0,0.0,0.0,0.0,0.0
Colton White,N.J,D,2025-26,34.8,5.0,4.0,0.0,6.0,3.0,2.0,1.0,0.0,0.0,1.0,0.0,0.0,0.0,1.0,0.0,1.0,5.0,2.0,0.0,2.0,0.0,2.0,0.0,0.0,0.0,0.0,0.0,0.0,2.0,9.0,6.0,4.0,3.0,0.0,2.0,1.0,0.0,3.0,3.0,3.0,3.0,3.0,1.0,16.0,7.0,3.0,1.0,2.0,0.0,0.0,0.0,0.0,0.0,0.0,0.0,0.0,0.0,0.0,0.0,0.0,0.0,0.0,2.0,0.0,0.0,0.0,1.0,0.0,5.0,0.0,0.0,5.0,0.0,1.0,0.0,0.0,0.0,0.0,0.0,0.0,1.1350000000000002,0.75,0.0,0.385,-0.030000000000000013,0.03,0.0,1.1350000000000002
Zack MacEwen,N.J,R,2025-26,2.2166666666667,0.0,0.0,0.0,0.0,0.0,0.0,0.0,0.0,0.0,0.0,0.0,0.0,0.0,0.0,0.0,0.0,0.0,0.0,0.0,0.0,0.0,0.0,0.0,0.0,0.0,0.0,0.0,0.0,1.0,0.0,0.0,0.0,0.0,0.0,0.0,0.0,0.0,0.0,0.0,0.0,0.0,0.0,0.0,0.0,0.0,0.0,0.0,0.0,0.0,0.0,0.0,0.0,0.0,0.0,0.0,0.0,0.0,0.0,0.0,0.0,0.0,0.0,0.0,0.0,0.0,0.0,0.0,0.0,0.0,0.0,0.0,0.0,0.0,0.0,0.0,0.0,0.0,0.0,0.0,0.0,0.015,0.0,0.0,0.0,0.0,0.015,0.0,0.015
Lukas Reichel,VAN,L,2025-26,23.683333333333,1.0,0.0,0.0,1.0,0.0,1.0,0.0,0.0,0.0,0.0,0.0,0.0,0.0,0.0,0.0,1.0,1.0,0.0,0.0,0.0,0.0,3.0,2.0,1.0,1.0,0.0,1.0,0.0,5.0,2.0,2.0,0.0,0.0,0.0,0.0,0.0,0.0,2.0,2.0,2.0,2.0,0.0,0.0,2.0,2.0,0.0,1.0,0.0,0.0,0.0,0.0,0.0,0.0,0.0,0.0,0.0,0.0,0.0,0.0,0.0,0.0,0.0,0.0,0.0,1.0,0.0,0.0,0.0,1.0,0.0,0.0,0.0,0.0,1.0,0.0,0.0,0.0,0.0,0.0,0.0,0.23,0.13,0.1,0.015,-0.09000000000000001,0.075,0.0,0.23
Tom Willander,VAN,D,2025-26,230.03333333333396,19.0,14.0,6.0,24.0,14.0,8.0,2.0,6.0,1.0,0.0,0.0,2.0,0.0,6.0,2.0,9.0,15.0,8.0,1.0,5.0,3.0,23.0,7.0,1.0,2.0,0.0,2.0,1.0,4.0,62.0,44.0,28.0,15.0,7.0,5.0,13.0,5.0,21.0,19.0,21.0,18.0,18.0,10.0,86.0,55.0,10.0,16.0,15.0,4.0,1.0,1.0,1.0,0.0,2.0,5.0,6.0,1.0,2.0,0.0,0.0,0.0,0.0,2.0,1.0,0.0,1.0,0.0,4.0,17.0,2.0,0.0,14.0,1.0,8.0,0.0,0.0,0.0,2.0,0.0,0.0,6.0150000000000015,4.365,0.415,1.205,-0.24500000000000005,0.06,0.215,5.800000000000001
Cole Perfetti,WPG,C,2025-26,135.799999999999,20.0,17.0,12.0,21.0,12.0,6.0,3.0,7.0,1.0,3.0,0.0,1.0,2.0,1.0,8.0,10.0,6.0,6.0,2.0,2.0,4.0,47.0,27.0,5.0,13.0,6.0,6.0,1.0,12.0,35.0,14.0,22.0,13.0,5.0,1.0,9.0,1.0,6.0,1.0,4.0,5.0,9.0,13.0,7.0,2.0,2.0,0.0,0.0,0.0,4.0,3.0,3.0,0.0,0.0,9.0,5.0,3.0,8.0,2.0,2.0,0.0,0.0,2.0,0.0,3.0,3.0,2.0,1.0,12.0,0.0,8.0,11.0,4.0,6.0,5.0,2.0,0.0,0.0,0.0,1.0,8.08,4.905,1.3550000000000002,0.25,0.3950000000000001,0.45,0.725,7.3549999999999995
Jordan Spence,OTT,D,2025-26,284.349999999999,36.0,24.0,4.0,31.0,19.0,7.0,5.0,6.0,0.0,2.0,0.0,3.0,6.0,2.0,8.0,8.0,20.0,13.0,3.0,8.0,0.0,43.0,21.0,2.0,4.0,0.0,2.0,3.0,2.0,107.0,76.0,44.0,17.0,1.0,7.0,27.0,3.0,35.0,13.0,52.0,4.0,21.0,23.0,82.0,46.0,6.0,6.0,5.0,3.0,4.0,3.0,2.0,0.0,0.0,2.0,5.0,3.0,1.0,2.0,1.0,0.0,0.0,7.0,0.0,0.0,7.0,1.0,3.0,26.0,5.0,5.0,20.0,8.0,2.0,3.0,0.0,0.0,2.0,3.0,2.0,9.649999999999999,5.760000000000001,1.0699999999999998,1.645,0.875,0.03,0.27,9.379999999999999
Alex Steeves,BOS,C,2025-26,81.6500000000007,10.0,7.0,4.0,9.0,4.0,4.0,1.0,1.0,0.0,1.0,0.0,2.0,0.0,1.0,6.0,3.0,4.0,5.0,0.0,2.0,0.0,20.0,7.0,4.0,2.0,2.0,3.0,0.0,2.0,31.0,11.0,22.0,13.0,7.0,1.0,9.0,1.0,5.0,1.0,2.0,2.0,8.0,14.0,2.0,1.0,1.0,0.0,1.0,0.0,0.0,0.0,0.0,0.0,0.0,2.0,2.0,1.0,0.0,0.0,0.0,0.0,0.0,0.0,0.0,2.0,0.0,0.0,0.0,4.0,2.0,4.0,6.0,1.0,2.0,3.0,1.0,1.0,0.0,0.0,0.0,2.83,1.875,0.30000000000000004,0.060000000000000005,0.475,0.12,0.0,2.83
Leevi Meriläinen,OTT,G,2025-26,332.15,0.0,0.0,0.0,0.0,0.0,0.0,0.0,0.0,0.0,0.0,0.0,0.0,0.0,0.0,0.0,0.0,0.0,0.0,0.0,0.0,0.0,0.0,0.0,0.0,0.0,0.0,0.0,0.0,0.0,23.0,23.0,1.0,1.0,0.0,1.0,0.0,0.0,20.0,4.0,22.0,4.0,1.0,0.0,0.0,0.0,0.0,0.0,0.0,0.0,0.0,0.0,0.0,0.0,0.0,0.0,0.0,0.0,0.0,0.0,0.0,0.0,0.0,0.0,0.0,0.0,0.0,0.0,0.0,0.0,0.0,0.0,0.0,0.0,0.0,0.0,0.0,0.0,0.0,0.0,0.0,0.0,0.0,0.0,0.0,0.0,0.0,0.0,0.0
Braeden Bowman,VGK,R,2025-26,185.33333333333331,17.0,13.0,11.0,27.0,14.0,10.0,3.0,6.0,0.0,4.0,0.0,3.0,4.0,3.0,4.0,9.0,8.0,13.0,4.0,4.0,4.0,48.0,17.0,9.0,6.0,5.0,2.0,3.0,25.0,49.0,27.0,32.0,23.0,4.0,10.0,9.0,2.0,16.0,0.0,6.0,3.0,19.0,13.0,4.0,2.0,1.0,0.0,0.0,0.0,4.0,2.0,2.0,0.0,0.0,7.0,2.0,1.0,5.0,1.0,0.0,0.0,1.0,1.0,1.0,5.0,0.0,0.0,0.0,13.0,3.0,1.0,16.0,6.0,5.0,1.0,0.0,2.0,1.0,0.0,0.0,7.75,4.905,0.5750000000000001,0.135,1.0999999999999999,0.6000000000000001,0.4350000000000001,7.315000000000001
Adam Boqvist,NYI,D,2025-26,100.80000000000001,4.0,3.0,1.0,8.0,5.0,3.0,0.0,1.0,0.0,0.0,0.0,0.0,2.0,3.0,1.0,5.0,2.0,1.0,1.0,1.0,1.0,2.0,0.0,0.0,0.0,0.0,0.0,0.0,0.0,29.0,20.0,7.0,5.0,0.0,3.0,2.0,1.0,13.0,13.0,14.0,11.0,5.0,2.0,28.0,16.0,3.0,4.0,4.0,1.0,0.0,0.0,0.0,0.0,0.0,1.0,1.0,0.0,0.0,0.0,0.0,0.0,0.0,1.0,0.0,0.0,0.0,0.0,1.0,3.0,1.0,0.0,3.0,2.0,3.0,0.0,0.0,0.0,1.0,0.0,0.0,1.22,1.05,0.0,0.51,-0.3400000000000001,0.0,0.0,1.22
Calum Ritchie,NYI,C,2025-26,156.0499999999987,16.0,12.0,10.0,18.0,10.0,6.0,2.0,5.0,1.0,4.0,1.0,3.0,1.0,0.0,8.0,6.0,6.0,4.0,2.0,5.0,2.0,31.0,19.0,9.0,4.0,6.0,6.0,1.0,21.0,37.0,21.0,19.0,14.0,7.0,1.0,5.0,5.0,11.0,4.0,8.0,3.0,8.0,11.0,8.0,1.0,5.0,1.0,0.0,0.0,2.0,0.0,0.0,0.0,0.0,6.0,10.0,4.0,4.0,4.0,1.0,0.0,2.0,0.0,1.0,2.0,2.0,3.0,1.0,8.0,4.0,4.0,11.0,3.0,3.0,3.0,0.0,2.0,1.0,0.0,1.0,6.94,4.09,0.815,0.38500000000000006,0.52,0.585,0.5449999999999999,6.3950000000000005
Isac Lundeström,CBJ,C,2025-26,69.2166666666663,9.0,5.0,5.0,5.0,4.0,0.0,1.0,3.0,0.0,1.0,1.0,0.0,1.0,0.0,5.0,3.0,3.0,2.0,1.0,0.0,0.0,20.0,10.0,0.0,2.0,1.0,4.0,0.0,8.0,12.0,3.0,5.0,1.0,0.0,0.0,4.0,0.0,2.0,2.0,2.0,3.0,1.0,4.0,4.0,1.0,1.0,1.0,0.0,0.0,0.0,0.0,0.0,1.0,1.0,0.0,1.0,0.0,0.0,0.0,0.0,0.0,0.0,0.0,0.0,3.0,0.0,1.0,0.0,4.0,2.0,3.0,2.0,1.0,2.0,2.0,0.0,2.0,0.0,0.0,1.0,2.765,1.805,0.67,0.125,-0.09000000000000001,0.16500000000000004,0.09,2.6750000000000003
Luca Del Bel Belluz,CBJ,C,2025-26,20.4666666666663,4.0,4.0,4.0,2.0,1.0,1.0,0.0,0.0,0.0,0.0,0.0,0.0,0.0,1.0,3.0,1.0,1.0,0.0,0.0,1.0,0.0,4.0,0.0,0.0,0.0,1.0,0.0,0.0,0.0,3.0,2.0,0.0,0.0,0.0,0.0,0.0,0.0,2.0,2.0,2.0,1.0,0.0,0.0,0.0,0.0,0.0,0.0,0.0,0.0,0.0,0.0,0.0,0.0,0.0,0.0,0.0,0.0,0.0,0.0,0.0,0.0,0.0,0.0,1.0,0.0,1.0,1.0,0.0,1.0,1.0,2.0,1.0,0.0,1.0,2.0,0.0,0.0,1.0,0.0,0.0,0.7949999999999999,0.8049999999999999,0.0,0.0,-0.055000000000000014,0.045,0.0,0.7949999999999999
Miles Wood,CBJ,L,2025-26,62.966666666666,10.0,7.0,5.0,4.0,2.0,0.0,2.0,1.0,0.0,0.0,0.0,0.0,0.0,1.0,2.0,1.0,6.0,1.0,0.0,1.0,1.0,17.0,6.0,1.0,3.0,3.0,1.0,1.0,3.0,11.0,4.0,4.0,2.0,1.0,1.0,2.0,0.0,3.0,2.0,2.0,2.0,2.0,2.0,3.0,1.0,2.0,0.0,1.0,0.0,0.0,0.0,0.0,0.0,1.0,0.0,0.0,0.0,0.0,0.0,0.0,0.0,0.0,1.0,0.0,3.0,0.0,2.0,1.0,8.0,0.0,2.0,3.0,0.0,1.0,1.0,1.0,0.0,0.0,0.0,0.0,2.255,1.6149999999999998,0.315,0.10500000000000001,0.0050000000000000044,0.18,0.035,2.22
Mattias Janmark,EDM,C,2025-26,65.3333333333336,4.0,3.0,2.0,5.0,2.0,3.0,0.0,2.0,1.0,0.0,1.0,2.0,0.0,1.0,2.0,2.0,1.0,2.0,0.0,1.0,0.0,11.0,6.0,4.0,1.0,2.0,1.0,0.0,2.0,11.0,5.0,8.0,7.0,1.0,1.0,1.0,0.0,1.0,2.0,3.0,1.0,2.0,6.0,1.0,0.0,0.0,0.0,0.0,0.0,0.0,0.0,0.0,2.0,0.0,0.0,0.0,0.0,0.0,0.0,0.0,0.0,0.0,0.0,1.0,1.0,2.0,0.0,0.0,2.0,2.0,0.0,3.0,1.0,1.0,0.0,0.0,0.0,0.0,2.0,0.0,1.745,1.1749999999999998,0.14500000000000002,0.03,0.165,0.12,0.11,1.6349999999999998
Jet Greaves,CBJ,G,2025-26,428.7833,0.0,0.0,0.0,0.0,0.0,0.0,0.0,0.0,0.0,0.0,0.0,0.0,0.0,0.0,0.0,0.0,0.0,0.0,0.0,0.0,0.0,0.0,0.0,0.0,0.0,0.0,0.0,0.0,0.0,30.0,30.0,6.0,1.0,0.0,1.0,5.0,0.0,13.0,6.0,24.0,6.0,6.0,0.0,0.0,0.0,0.0,0.0,0.0,0.0,0.0,0.0,0.0,0.0,0.0,0.0,0.0,0.0,0.0,0.0,0.0,0.0,0.0,0.0,0.0,0.0,0.0,0.0,0.0,0.0,0.0,0.0,0.0,0.0,0.0,0.0,0.0,0.0,0.0,0.0,0.0,0.0,0.0,0.0,0.0,0.0,0.0,0.0,0.0
Ben Meyers,SEA,C,2025-26,91.73333333333291,12.0,10.0,8.0,9.0,5.0,4.0,0.0,3.0,0.0,2.0,2.0,2.0,0.0,0.0,3.0,2.0,8.0,6.0,1.0,1.0,0.0,26.0,10.0,2.0,2.0,6.0,2.0,2.0,5.0,26.0,17.0,13.0,6.0,3.0,1.0,7.0,4.0,7.0,2.0,6.0,2.0,7.0,6.0,6.0,4.0,1.0,1.0,1.0,1.0,0.0,0.0,0.0,1.0,0.0,0.0,0.0,0.0,0.0,0.0,0.0,0.0,0.0,0.0,1.0,2.0,1.0,0.0,1.0,9.0,0.0,3.0,7.0,1.0,1.0,1.0,0.0,0.0,0.0,0.0,2.0,3.9899999999999993,2.7,0.54,0.10500000000000001,0.245,0.345,0.055,3.9349999999999996
Ryker Evans,SEA,D,2025-26,191.29999999999902,9.0,6.0,1.0,21.0,11.0,8.0,2.0,7.0,1.0,1.0,0.0,0.0,3.0,4.0,1.0,7.0,7.0,12.0,0.0,4.0,0.0,21.0,10.0,3.0,1.0,0.0,0.0,3.0,0.0,80.0,60.0,27.0,17.0,3.0,8.0,10.0,7.0,28.0,10.0,34.0,11.0,18.0,9.0,88.0,58.0,5.0,14.0,8.0,0.0,1.0,1.0,1.0,0.0,1.0,0.0,1.0,1.0,0.0,0.0,0.0,0.0,0.0,0.0,0.0,0.0,1.0,2.0,5.0,8.0,1.0,0.0,14.0,4.0,3.0,0.0,0.0,0.0,0.0,1.0,0.0,5.235,2.7699999999999996,0.42000000000000004,1.4149999999999998,0.56,0.0,0.07,5.165
Colin Miller,WPG,D,2025-26,32.9499999999993,4.0,2.0,0.0,3.0,2.0,1.0,0.0,1.0,0.0,0.0,0.0,1.0,0.0,0.0,1.0,1.0,3.0,2.0,0.0,1.0,0.0,7.0,0.0,0.0,0.0,0.0,0.0,0.0,1.0,14.0,7.0,8.0,5.0,1.0,2.0,3.0,0.0,5.0,2.0,3.0,4.0,4.0,4.0,5.0,4.0,0.0,3.0,2.0,0.0,0.0,0.0,0.0,0.0,0.0,0.0,0.0,0.0,0.0,0.0,0.0,0.0,0.0,0.0,0.0,0.0,0.0,0.0,0.0,3.0,0.0,1.0,2.0,1.0,0.0,1.0,0.0,0.0,0.0,0.0,0.0,0.7050000000000001,0.635,0.0,-0.035,0.09,0.015,0.0,0.7050000000000001
Dylan Samberg,WPG,D,2025-26,186.08333333333402,24.0,17.0,1.0,31.0,15.0,14.0,2.0,6.0,1.0,1.0,0.0,2.0,6.0,4.0,1.0,13.0,18.0,11.0,1.0,5.0,1.0,21.0,5.0,2.0,1.0,1.0,1.0,2.0,1.0,78.0,56.0,27.0,20.0,3.0,7.0,7.0,3.0,42.0,12.0,39.0,11.0,14.0,13.0,75.0,40.0,17.0,12.0,10.0,3.0,1.0,1.0,1.0,0.0,3.0,0.0,0.0,0.0,0.0,0.0,0.0,0.0,0.0,5.0,0.0,0.0,1.0,0.0,4.0,23.0,0.0,1.0,15.0,11.0,5.0,1.0,0.0,0.0,0.0,0.0,0.0,7.590000000000001,4.5649999999999995,0.26,1.62,0.9450000000000001,0.06,0.14,7.45
Philipp Grubauer,SEA,G,2025-26,336.7833,0.0,0.0,0.0,0.0,0.0,0.0,0.0,0.0,0.0,0.0,0.0,0.0,0.0,0.0,0.0,0.0,0.0,0.0,0.0,0.0,0.0,0.0,0.0,0.0,0.0,0.0,0.0,0.0,0.0,26.0,26.0,0.0,0.0,0.0,0.0,0.0,0.0,21.0,10.0,26.0,7.0,0.0,0.0,0.0,0.0,0.0,0.0,0.0,0.0,0.0,0.0,0.0,0.0,0.0,0.0,0.0,0.0,0.0,0.0,0.0,0.0,0.0,0.0,0.0,0.0,0.0,0.0,0.0,0.0,0.0,0.0,0.0,0.0,0.0,0.0,0.0,0.0,0.0,0.0,0.0,0.0,0.0,0.0,0.0,0.0,0.0,0.0,0.0
Trent Miner,COL,G,2025-26,55.0333,0.0,0.0,0.0,0.0,0.0,0.0,0.0,0.0,0.0,0.0,0.0,0.0,0.0,0.0,0.0,0.0,0.0,0.0,0.0,0.0,0.0,0.0,0.0,0.0,0.0,0.0,0.0,0.0,0.0,3.0,3.0,0.0,0.0,0.0,0.0,0.0,0.0,2.0,0.0,3.0,0.0,0.0,0.0,0.0,0.0,0.0,0.0,0.0,0.0,0.0,0.0,0.0,0.0,0.0,0.0,0.0,0.0,0.0,0.0,0.0,0.0,0.0,0.0,0.0,0.0,0.0,0.0,0.0,0.0,0.0,0.0,0.0,0.0,0.0,0.0,0.0,0.0,0.0,0.0,0.0,0.0,0.0,0.0,0.0,0.0,0.0,0.0,0.0
Bradly Nadeau,CAR,L,2025-26,31.983333333333,4.0,3.0,2.0,4.0,2.0,1.0,1.0,2.0,1.0,0.0,1.0,0.0,0.0,0.0,0.0,0.0,2.0,3.0,2.0,1.0,0.0,4.0,2.0,2.0,0.0,3.0,0.0,0.0,5.0,1.0,0.0,1.0,0.0,0.0,0.0,1.0,0.0,0.0,0.0,0.0,0.0,0.0,1.0,1.0,0.0,1.0,0.0,0.0,0.0,0.0,0.0,0.0,0.0,0.0,0.0,2.0,1.0,0.0,1.0,0.0,0.0,0.0,1.0,1.0,0.0,1.0,0.0,0.0,4.0,0.0,0.0,4.0,0.0,0.0,0.0,0.0,0.0,0.0,0.0,0.0,1.35,1.02,0.0,0.065,0.0,0.21,0.055,1.295
Charles Alexis Legault,CAR,D,2025-26,52.366666666667,9.0,5.0,2.0,6.0,1.0,4.0,1.0,0.0,0.0,0.0,0.0,1.0,1.0,2.0,2.0,4.0,5.0,2.0,0.0,1.0,1.0,7.0,1.0,0.0,1.0,0.0,1.0,0.0,0.0,26.0,23.0,12.0,4.0,0.0,3.0,8.0,0.0,11.0,5.0,12.0,4.0,11.0,1.0,24.0,10.0,1.0,2.0,3.0,2.0,0.0,0.0,0.0,0.0,0.0,0.0,0.0,0.0,0.0,0.0,0.0,0.0,0.0,1.0,0.0,0.0,0.0,0.0,0.0,7.0,1.0,1.0,2.0,2.0,2.0,1.0,0.0,0.0,0.0,1.0,0.0,1.935,1.31,0.1,0.425,0.09999999999999998,0.0,0.0,1.935
Joel Nystrom,CAR,D,2025-26,134.0500000000013,21.0,15.0,1.0,10.0,7.0,2.0,1.0,2.0,0.0,0.0,1.0,0.0,2.0,1.0,1.0,4.0,14.0,4.0,2.0,2.0,0.0,19.0,2.0,0.0,1.0,0.0,1.0,4.0,1.0,32.0,23.0,17.0,10.0,4.0,5.0,7.0,5.0,13.0,7.0,8.0,5.0,10.0,7.0,37.0,19.0,2.0,6.0,1.0,2.0,0.0,0.0,0.0,0.0,0.0,0.0,0.0,0.0,0.0,0.0,0.0,0.0,0.0,4.0,1.0,0.0,2.0,0.0,2.0,20.0,0.0,1.0,6.0,2.0,2.0,1.0,0.0,0.0,0.0,0.0,0.0,3.845,2.5550000000000006,0.28500000000000003,0.735,0.255,0.015,0.0,3.845
Mark Jankowski,CAR,L,2025-26,137.63333333333293,20.0,14.0,10.0,19.0,11.0,6.0,2.0,2.0,0.0,2.0,0.0,1.0,3.0,0.0,10.0,5.0,6.0,8.0,2.0,1.0,4.0,29.0,17.0,2.0,6.0,1.0,2.0,1.0,21.0,19.0,15.0,11.0,8.0,5.0,2.0,3.0,1.0,10.0,3.0,6.0,3.0,8.0,3.0,1.0,1.0,0.0,0.0,0.0,0.0,0.0,0.0,0.0,2.0,2.0,0.0,0.0,0.0,0.0,0.0,0.0,0.0,0.0,2.0,0.0,4.0,1.0,4.0,0.0,10.0,5.0,5.0,14.0,3.0,2.0,3.0,2.0,1.0,1.0,2.0,0.0,5.785,4.09,0.8200000000000001,0.015,0.32,0.36,0.18000000000000002,5.605
Mike Reilly,CAR,D,2025-26,169.85,20.0,15.0,2.0,22.0,11.0,9.0,2.0,2.0,0.0,0.0,0.0,0.0,6.0,3.0,5.0,10.0,11.0,4.0,1.0,1.0,0.0,32.0,7.0,0.0,1.0,0.0,0.0,3.0,2.0,49.0,36.0,22.0,8.0,1.0,4.0,14.0,8.0,16.0,5.0,14.0,5.0,14.0,8.0,72.0,37.0,9.0,12.0,10.0,2.0,0.0,0.0,0.0,2.0,0.0,0.0,0.0,0.0,0.0,0.0,0.0,0.0,0.0,2.0,0.0,0.0,1.0,1.0,2.0,15.0,4.0,1.0,12.0,7.0,3.0,1.0,0.0,0.0,0.0,4.0,0.0,5.445000000000001,3.245,0.41999999999999993,1.3099999999999998,0.33,0.03,0.11,5.335000000000001
David Rittich,NYI,G,2025-26,286.9001,0.0,0.0,0.0,0.0,0.0,0.0,0.0,0.0,0.0,0.0,0.0,0.0,0.0,0.0,0.0,0.0,0.0,0.0,0.0,0.0,0.0,0.0,0.0,0.0,0.0,0.0,0.0,0.0,0.0,24.0,24.0,1.0,0.0,0.0,0.0,1.0,1.0,11.0,11.0,21.0,10.0,1.0,0.0,0.0,0.0,0.0,0.0,0.0,0.0,0.0,0.0,0.0,0.0,0.0,0.0,0.0,0.0,0.0,0.0,0.0,0.0,0.0,0.0,0.0,0.0,0.0,0.0,0.0,0.0,0.0,0.0,0.0,0.0,0.0,0.0,0.0,0.0,0.0,0.0,0.0,0.0,0.0,0.0,0.0,0.0,0.0,0.0,0.0
Brandon Bussi,CAR,G,2025-26,431.4165,0.0,0.0,0.0,0.0,0.0,0.0,0.0,0.0,0.0,0.0,0.0,0.0,0.0,0.0,0.0,0.0,0.0,0.0,0.0,0.0,0.0,0.0,0.0,0.0,0.0,0.0,0.0,0.0,0.0,31.0,31.0,4.0,3.0,0.0,3.0,1.0,2.0,16.0,11.0,25.0,10.0,4.0,0.0,0.0,0.0,0.0,0.0,0.0,0.0,0.0,0.0,0.0,0.0,0.0,0.0,0.0,0.0,0.0,0.0,0.0,0.0,0.0,0.0,0.0,0.0,0.0,0.0,0.0,0.0,0.0,0.0,0.0,0.0,0.0,0.0,0.0,0.0,0.0,0.0,0.0,0.0,0.0,0.0,0.0,0.0,0.0,0.0,0.0
Daemon Hunt,MIN,D,2025-26,83.88333333333298,7.0,5.0,4.0,4.0,3.0,1.0,0.0,2.0,0.0,0.0,0.0,0.0,0.0,2.0,4.0,2.0,3.0,1.0,0.0,1.0,0.0,8.0,3.0,1.0,0.0,0.0,2.0,1.0,0.0,17.0,9.0,6.0,4.0,0.0,0.0,2.0,1.0,4.0,6.0,7.0,5.0,1.0,5.0,18.0,12.0,1.0,6.0,2.0,0.0,0.0,0.0,0.0,0.0,1.0,0.0,0.0,0.0,0.0,0.0,0.0,0.0,0.0,1.0,0.0,0.0,0.0,0.0,0.0,3.0,3.0,1.0,2.0,1.0,1.0,1.0,0.0,0.0,2.0,1.0,0.0,1.73,1.35,0.235,0.255,-0.14500000000000005,0.0,0.035,1.6949999999999998
Mats Zuccarello,MIN,R,2025-26,175.40000000000097,18.0,16.0,11.0,36.0,22.0,8.0,6.0,14.0,4.0,3.0,0.0,4.0,0.0,4.0,8.0,13.0,6.0,13.0,4.0,5.0,2.0,51.0,26.0,6.0,7.0,4.0,6.0,2.0,14.0,40.0,23.0,23.0,18.0,4.0,8.0,5.0,4.0,14.0,1.0,5.0,5.0,14.0,9.0,4.0,0.0,2.0,0.0,0.0,0.0,10.0,5.0,4.0,0.0,0.0,9.0,14.0,9.0,4.0,5.0,3.0,1.0,0.0,0.0,3.0,2.0,7.0,2.0,4.0,10.0,4.0,4.0,21.0,5.0,10.0,2.0,2.0,1.0,1.0,2.0,0.0,9.855,6.465,1.3,0.19,0.7700000000000001,0.39,0.74,9.115
Jesper Wallstedt,MIN,G,2025-26,303.9834,0.0,0.0,0.0,0.0,0.0,0.0,0.0,0.0,0.0,0.0,0.0,0.0,0.0,0.0,0.0,0.0,0.0,0.0,0.0,0.0,0.0,0.0,0.0,0.0,0.0,0.0,0.0,0.0,0.0,22.0,22.0,2.0,2.0,0.0,2.0,0.0,0.0,16.0,7.0,20.0,6.0,2.0,0.0,0.0,0.0,0.0,0.0,0.0,0.0,0.0,0.0,0.0,0.0,0.0,0.0,0.0,0.0,0.0,0.0,0.0,0.0,0.0,0.0,0.0,0.0,0.0,0.0,0.0,0.0,0.0,0.0,0.0,0.0,0.0,0.0,0.0,0.0,0.0,0.0,0.0,0.0,0.0,0.0,0.0,0.0,0.0,0.0,0.0
Sam Dickinson,S.J,D,2025-26,220.26666666666702,21.0,16.0,4.0,19.0,10.0,6.0,3.0,3.0,0.0,0.0,0.0,0.0,1.0,5.0,4.0,5.0,13.0,6.0,3.0,3.0,0.0,21.0,5.0,2.0,0.0,0.0,0.0,1.0,3.0,96.0,69.0,39.0,23.0,5.0,13.0,16.0,6.0,38.0,18.0,37.0,10.0,26.0,13.0,73.0,43.0,8.0,17.0,15.0,3.0,1.0,0.0,0.0,0.0,0.0,1.0,2.0,1.0,0.0,0.0,0.0,0.0,0.0,2.0,0.0,0.0,1.0,0.0,3.0,16.0,0.0,5.0,13.0,2.0,4.0,3.0,2.0,0.0,0.0,0.0,0.0,5.335000000000001,3.4200000000000004,0.16999999999999998,0.9249999999999999,0.7749999999999999,0.045,0.0,5.335000000000001
Mackenzie MacEachern,VAN,L,2025-26,10.716666666667,4.0,4.0,2.0,1.0,1.0,0.0,0.0,0.0,0.0,1.0,0.0,0.0,0.0,0.0,1.0,0.0,3.0,1.0,0.0,0.0,1.0,2.0,1.0,0.0,0.0,3.0,0.0,0.0,0.0,3.0,3.0,3.0,2.0,1.0,1.0,1.0,0.0,2.0,0.0,0.0,0.0,3.0,0.0,0.0,0.0,0.0,0.0,0.0,0.0,0.0,0.0,0.0,0.0,0.0,0.0,0.0,0.0,0.0,0.0,0.0,0.0,0.0,0.0,0.0,0.0,0.0,0.0,0.0,3.0,0.0,1.0,1.0,0.0,0.0,1.0,0.0,0.0,0.0,0.0,0.0,0.9100000000000001,0.6100000000000001,0.045,0.0,0.12000000000000001,0.135,0.0,0.9100000000000001
Dakota Mermis,TOR,D,2025-26,37.266666666666,3.0,2.0,1.0,3.0,1.0,1.0,1.0,0.0,0.0,0.0,0.0,1.0,0.0,2.0,1.0,2.0,1.0,1.0,0.0,0.0,0.0,5.0,0.0,0.0,0.0,0.0,0.0,0.0,1.0,17.0,13.0,2.0,1.0,0.0,0.0,1.0,2.0,6.0,2.0,10.0,3.0,1.0,1.0,13.0,6.0,1.0,2.0,1.0,0.0,0.0,0.0,0.0,0.0,1.0,0.0,0.0,0.0,0.0,0.0,0.0,0.0,0.0,1.0,0.0,0.0,0.0,0.0,0.0,2.0,1.0,0.0,1.0,0.0,2.0,0.0,0.0,1.0,0.0,0.0,0.0,0.875,0.55,0.0,0.265,0.010000000000000002,0.015,0.035,0.84
Scott Laughton,TOR,C,2025-26,61.416666666667105,8.0,7.0,2.0,9.0,6.0,0.0,3.0,1.0,0.0,2.0,0.0,0.0,2.0,2.0,2.0,6.0,6.0,2.0,0.0,1.0,2.0,9.0,4.0,2.0,2.0,2.0,1.0,1.0,5.0,8.0,6.0,6.0,2.0,0.0,2.0,4.0,0.0,3.0,0.0,1.0,1.0,5.0,1.0,5.0,1.0,2.0,0.0,0.0,0.0,0.0,0.0,0.0,6.0,1.0,0.0,0.0,0.0,0.0,0.0,0.0,0.0,0.0,1.0,0.0,0.0,0.0,0.0,0.0,6.0,2.0,0.0,3.0,2.0,4.0,0.0,0.0,2.0,0.0,0.0,0.0,2.59,1.565,0.18,0.20500000000000002,0.11000000000000001,0.16499999999999998,0.365,2.225
Jacob Quillan,TOR,C,2025-26,8.3,1.0,1.0,0.0,0.0,0.0,0.0,0.0,0.0,0.0,0.0,0.0,0.0,0.0,0.0,1.0,0.0,0.0,0.0,0.0,0.0,0.0,3.0,1.0,2.0,0.0,0.0,0.0,0.0,3.0,1.0,1.0,0.0,0.0,0.0,0.0,0.0,0.0,0.0,0.0,1.0,0.0,0.0,0.0,1.0,0.0,0.0,0.0,0.0,1.0,0.0,0.0,0.0,0.0,0.0,0.0,0.0,0.0,0.0,0.0,0.0,0.0,0.0,0.0,0.0,0.0,0.0,0.0,0.0,0.0,0.0,1.0,0.0,0.0,0.0,0.0,0.0,0.0,0.0,0.0,1.0,0.09,0.075,-0.045,0.015,0.0,0.045,0.0,0.09
Troy Stecher,TOR,D,2025-26,83.48333333333301,6.0,3.0,0.0,10.0,4.0,5.0,1.0,1.0,0.0,0.0,0.0,1.0,3.0,4.0,2.0,7.0,4.0,3.0,0.0,0.0,0.0,9.0,3.0,0.0,1.0,0.0,0.0,0.0,2.0,29.0,18.0,14.0,7.0,1.0,2.0,7.0,4.0,9.0,5.0,7.0,6.0,7.0,7.0,25.0,16.0,1.0,4.0,6.0,0.0,0.0,0.0,0.0,0.0,0.0,0.0,0.0,0.0,0.0,0.0,0.0,0.0,0.0,2.0,0.0,1.0,0.0,1.0,0.0,4.0,0.0,2.0,3.0,2.0,5.0,2.0,0.0,0.0,0.0,0.0,0.0,1.6949999999999998,1.2,0.135,0.245,0.08500000000000002,0.03,0.0,1.6949999999999998
Joseph Woll,TOR,G,2025-26,129.36669999999998,0.0,0.0,0.0,0.0,0.0,0.0,0.0,0.0,0.0,0.0,0.0,0.0,0.0,0.0,0.0,0.0,0.0,0.0,0.0,0.0,0.0,0.0,0.0,0.0,0.0,0.0,0.0,0.0,0.0,5.0,5.0,0.0,0.0,0.0,0.0,0.0,0.0,3.0,1.0,5.0,1.0,0.0,0.0,0.0,0.0,0.0,0.0,0.0,0.0,0.0,0.0,0.0,0.0,0.0,0.0,0.0,0.0,0.0,0.0,0.0,0.0,0.0,0.0,0.0,0.0,0.0,0.0,0.0,0.0,0.0,0.0,0.0,0.0,0.0,0.0,0.0,0.0,0.0,0.0,0.0,0.0,0.0,0.0,0.0,0.0,0.0,0.0,0.0
Sammy Blais,TOR,L,2025-26,16.4333333333334,0.0,0.0,0.0,2.0,2.0,0.0,0.0,0.0,0.0,0.0,0.0,0.0,1.0,0.0,0.0,1.0,0.0,1.0,0.0,0.0,0.0,3.0,0.0,0.0,0.0,2.0,0.0,0.0,1.0,3.0,2.0,2.0,1.0,0.0,1.0,1.0,0.0,2.0,1.0,1.0,1.0,1.0,1.0,0.0,0.0,0.0,0.0,0.0,0.0,0.0,0.0,0.0,0.0,0.0,0.0,0.0,0.0,0.0,0.0,0.0,0.0,0.0,0.0,0.0,0.0,0.0,0.0,1.0,0.0,0.0,0.0,1.0,0.0,1.0,0.0,0.0,0.0,0.0,0.0,0.0,0.26,0.14,0.0,0.0,0.015,0.105,0.0,0.26
Dennis Hildeby,TOR,G,2025-26,117.2,0.0,0.0,0.0,0.0,0.0,0.0,0.0,0.0,0.0,0.0,0.0,0.0,0.0,0.0,0.0,0.0,0.0,0.0,0.0,0.0,0.0,0.0,0.0,0.0,0.0,0.0,0.0,0.0,0.0,6.0,6.0,0.0,0.0,0.0,0.0,0.0,0.0,4.0,3.0,6.0,3.0,0.0,0.0,0.0,0.0,0.0,0.0,0.0,0.0,0.0,0.0,0.0,0.0,0.0,0.0,0.0,0.0,0.0,0.0,0.0,0.0,0.0,0.0,0.0,0.0,0.0,0.0,0.0,0.0,0.0,0.0,0.0,0.0,0.0,0.0,0.0,0.0,0.0,0.0,0.0,0.0,0.0,0.0,0.0,0.0,0.0,0.0,0.0
Florian Xhekaj,MTL,L,2025-26,18.65,3.0,3.0,0.0,3.0,2.0,1.0,0.0,2.0,0.0,0.0,1.0,0.0,0.0,1.0,1.0,1.0,2.0,0.0,0.0,1.0,0.0,6.0,2.0,0.0,0.0,2.0,0.0,1.0,2.0,1.0,1.0,1.0,1.0,0.0,1.0,0.0,0.0,1.0,0.0,0.0,0.0,1.0,0.0,0.0,0.0,0.0,0.0,0.0,0.0,0.0,0.0,0.0,0.0,0.0,0.0,0.0,0.0,0.0,0.0,0.0,0.0,0.0,0.0,0.0,0.0,0.0,0.0,0.0,2.0,0.0,1.0,2.0,0.0,1.0,1.0,0.0,0.0,0.0,0.0,0.0,0.9550000000000001,0.65,0.125,0.0,0.060000000000000005,0.12,0.0,0.9550000000000001
Jared Davidson,MTL,C,2025-26,23.55,1.0,1.0,0.0,5.0,2.0,2.0,1.0,0.0,0.0,0.0,0.0,1.0,2.0,0.0,1.0,3.0,0.0,2.0,0.0,2.0,0.0,4.0,2.0,0.0,2.0,3.0,0.0,0.0,2.0,3.0,1.0,3.0,2.0,0.0,1.0,1.0,0.0,1.0,0.0,0.0,0.0,1.0,2.0,2.0,0.0,1.0,0.0,0.0,0.0,0.0,0.0,0.0,0.0,0.0,0.0,0.0,0.0,0.0,0.0,0.0,0.0,0.0,0.0,0.0,0.0,0.0,1.0,0.0,0.0,0.0,1.0,2.0,1.0,2.0,1.0,0.0,0.0,0.0,0.0,0.0,0.875,0.43,0.09,0.095,0.095,0.16499999999999998,0.0,0.875
Cayden Primeau,TOR,G,2025-26,47.3167,0.0,0.0,0.0,0.0,0.0,0.0,0.0,0.0,0.0,0.0,0.0,0.0,0.0,0.0,0.0,0.0,0.0,0.0,0.0,0.0,0.0,0.0,0.0,0.0,0.0,0.0,0.0,0.0,0.0,5.0,5.0,2.0,0.0,0.0,0.0,2.0,0.0,1.0,0.0,3.0,0.0,2.0,0.0,0.0,0.0,0.0,0.0,0.0,0.0,0.0,0.0,0.0,0.0,0.0,0.0,0.0,0.0,0.0,0.0,0.0,0.0,0.0,0.0,0.0,0.0,0.0,0.0,0.0,0.0,0.0,0.0,0.0,0.0,0.0,0.0,0.0,0.0,0.0,0.0,0.0,0.0,0.0,0.0,0.0,0.0,0.0,0.0,0.0
Declan Carlile,T.B,D,2025-26,136.14999999999998,9.0,5.0,2.0,18.0,8.0,8.0,2.0,2.0,0.0,0.0,1.0,0.0,2.0,3.0,1.0,5.0,7.0,8.0,1.0,8.0,0.0,16.0,3.0,1.0,1.0,1.0,0.0,0.0,2.0,50.0,34.0,20.0,9.0,2.0,2.0,11.0,3.0,18.0,9.0,23.0,10.0,8.0,12.0,40.0,23.0,3.0,14.0,6.0,1.0,0.0,0.0,0.0,0.0,3.0,0.0,0.0,0.0,0.0,0.0,0.0,0.0,0.0,2.0,1.0,0.0,0.0,0.0,4.0,8.0,0.0,1.0,12.0,4.0,2.0,0.0,1.0,0.0,0.0,0.0,0.0,3.07,2.205,0.09,0.49499999999999994,0.09999999999999999,0.075,0.10500000000000001,2.965
Jack Finley,T.B,C,2025-26,24.8833333333337,1.0,0.0,0.0,1.0,0.0,1.0,0.0,0.0,0.0,0.0,0.0,0.0,0.0,1.0,0.0,1.0,1.0,0.0,0.0,0.0,0.0,3.0,0.0,2.0,0.0,0.0,0.0,0.0,4.0,2.0,1.0,2.0,2.0,2.0,0.0,0.0,0.0,1.0,0.0,0.0,0.0,1.0,1.0,0.0,0.0,0.0,0.0,0.0,0.0,0.0,0.0,0.0,0.0,0.0,0.0,0.0,0.0,0.0,0.0,0.0,0.0,0.0,1.0,0.0,0.0,0.0,0.0,0.0,1.0,0.0,0.0,0.0,0.0,1.0,0.0,0.0,0.0,0.0,0.0,0.0,0.195,0.13,-0.09,0.0,0.095,0.06,0.0,0.195
Nick Paul,T.B,L,2025-26,160.4333333333333,25.0,17.0,14.0,20.0,5.0,12.0,3.0,0.0,0.0,3.0,0.0,0.0,1.0,2.0,9.0,6.0,11.0,9.0,3.0,6.0,2.0,36.0,14.0,3.0,3.0,15.0,4.0,2.0,9.0,36.0,26.0,12.0,5.0,1.0,2.0,7.0,1.0,14.0,1.0,17.0,4.0,8.0,4.0,7.0,4.0,1.0,0.0,0.0,1.0,6.0,6.0,3.0,2.0,1.0,2.0,1.0,1.0,1.0,1.0,0.0,0.0,0.0,0.0,3.0,7.0,1.0,1.0,0.0,15.0,4.0,5.0,13.0,3.0,4.0,3.0,1.0,0.0,1.0,2.0,1.0,6.955,4.4799999999999995,0.785,0.17000000000000004,0.35,0.8099999999999999,0.36000000000000004,6.595
Steven Santini,T.B,D,2025-26,45.3333333333333,0.0,0.0,0.0,5.0,3.0,2.0,0.0,2.0,0.0,0.0,0.0,0.0,2.0,1.0,0.0,3.0,0.0,0.0,0.0,1.0,0.0,5.0,1.0,0.0,1.0,0.0,1.0,0.0,2.0,12.0,7.0,5.0,3.0,0.0,0.0,2.0,1.0,4.0,2.0,6.0,0.0,0.0,5.0,19.0,13.0,1.0,6.0,1.0,1.0,0.0,0.0,0.0,0.0,0.0,0.0,0.0,0.0,0.0,0.0,0.0,0.0,0.0,0.0,0.0,0.0,0.0,0.0,1.0,0.0,0.0,0.0,2.0,2.0,1.0,0.0,0.0,0.0,0.0,0.0,0.0,1.03,0.5,0.1,0.265,0.135,0.03,0.0,1.03
Kyle Capobianco,DAL,D,2025-26,109.0,8.0,7.0,2.0,16.0,7.0,7.0,2.0,5.0,0.0,0.0,0.0,1.0,2.0,6.0,2.0,8.0,4.0,3.0,0.0,5.0,1.0,19.0,9.0,1.0,2.0,0.0,0.0,2.0,0.0,56.0,41.0,15.0,7.0,2.0,1.0,8.0,2.0,22.0,11.0,33.0,8.0,6.0,9.0,25.0,12.0,3.0,5.0,2.0,3.0,1.0,1.0,0.0,0.0,0.0,1.0,1.0,1.0,1.0,1.0,0.0,0.0,0.0,1.0,0.0,0.0,0.0,0.0,0.0,6.0,1.0,1.0,6.0,5.0,5.0,1.0,0.0,0.0,0.0,1.0,0.0,3.47,2.325,0.43,0.475,0.12999999999999998,0.0,0.11,3.36
Jonas Johansson,T.B,G,2025-26,448.03340000000003,0.0,0.0,0.0,0.0,0.0,0.0,0.0,0.0,0.0,0.0,0.0,0.0,0.0,0.0,0.0,0.0,0.0,0.0,0.0,0.0,0.0,0.0,0.0,0.0,0.0,0.0,0.0,0.0,0.0,26.0,26.0,1.0,0.0,0.0,0.0,1.0,0.0,20.0,4.0,24.0,3.0,1.0,0.0,0.0,0.0,0.0,0.0,0.0,0.0,0.0,0.0,0.0,0.0,0.0,0.0,0.0,0.0,0.0,0.0,0.0,0.0,0.0,0.0,0.0,0.0,0.0,0.0,0.0,0.0,0.0,0.0,0.0,0.0,0.0,0.0,0.0,0.0,0.0,0.0,0.0,0.0,0.0,0.0,0.0,0.0,0.0,0.0,0.0
Nate Danielson,DET,C,2025-26,29.966666666667003,2.0,1.0,2.0,8.0,6.0,1.0,1.0,1.0,0.0,1.0,1.0,2.0,2.0,1.0,2.0,5.0,0.0,3.0,0.0,0.0,0.0,10.0,7.0,3.0,4.0,0.0,2.0,0.0,3.0,6.0,3.0,4.0,2.0,1.0,1.0,2.0,0.0,2.0,0.0,0.0,2.0,3.0,1.0,1.0,0.0,1.0,0.0,0.0,0.0,3.0,1.0,2.0,0.0,0.0,0.0,1.0,1.0,0.0,0.0,0.0,1.0,0.0,0.0,0.0,0.0,1.0,0.0,0.0,0.0,2.0,0.0,3.0,1.0,4.0,0.0,0.0,1.0,0.0,1.0,0.0,1.63,1.1099999999999999,0.29,0.065,0.05,0.045,0.07,1.56
Jaroslav Chmelar,NYR,R,2025-26,6.45,1.0,1.0,0.0,1.0,0.0,1.0,0.0,0.0,0.0,0.0,0.0,0.0,0.0,1.0,0.0,1.0,1.0,0.0,0.0,0.0,0.0,2.0,2.0,0.0,0.0,0.0,0.0,0.0,1.0,0.0,0.0,0.0,0.0,0.0,0.0,0.0,0.0,0.0,0.0,0.0,0.0,0.0,0.0,0.0,0.0,0.0,0.0,0.0,0.0,0.0,0.0,0.0,0.0,0.0,0.0,0.0,0.0,0.0,0.0,0.0,0.0,0.0,0.0,0.0,0.0,0.0,0.0,0.0,1.0,0.0,0.0,0.0,0.0,1.0,0.0,0.0,0.0,0.0,0.0,0.0,0.235,0.13,0.09,0.0,0.0,0.015,0.0,0.235
Scott Morrow,NYR,D,2025-26,70.2333333333327,9.0,6.0,1.0,10.0,5.0,3.0,2.0,3.0,1.0,0.0,0.0,1.0,2.0,1.0,3.0,5.0,4.0,2.0,2.0,1.0,1.0,7.0,4.0,0.0,1.0,0.0,0.0,0.0,1.0,38.0,25.0,19.0,10.0,2.0,4.0,9.0,1.0,14.0,3.0,13.0,2.0,11.0,8.0,24.0,15.0,1.0,4.0,5.0,1.0,0.0,0.0,0.0,0.0,0.0,1.0,4.0,1.0,0.0,1.0,0.0,0.0,0.0,2.0,0.0,0.0,1.0,0.0,1.0,5.0,1.0,3.0,4.0,2.0,4.0,2.0,0.0,0.0,0.0,1.0,1.0,2.845,1.8150000000000002,0.18,0.255,0.525,0.015,0.055,2.79
Dalibor Dvorsky,STL,R,2025-26,169.73333333333233,19.0,13.0,11.0,24.0,12.0,9.0,3.0,6.0,1.0,1.0,0.0,4.0,5.0,2.0,6.0,11.0,9.0,6.0,2.0,5.0,5.0,42.0,20.0,4.0,9.0,4.0,4.0,0.0,16.0,39.0,29.0,28.0,21.0,7.0,9.0,7.0,0.0,19.0,5.0,8.0,3.0,21.0,7.0,5.0,1.0,3.0,1.0,0.0,0.0,4.0,1.0,1.0,0.0,0.0,5.0,1.0,1.0,5.0,0.0,0.0,1.0,0.0,6.0,1.0,2.0,1.0,1.0,1.0,13.0,3.0,3.0,13.0,3.0,8.0,3.0,0.0,1.0,0.0,2.0,0.0,7.835,5.01,0.94,0.225,0.93,0.42000000000000004,0.31,7.525
Ville Husso,ANA,G,2025-26,138.4667,0.0,0.0,0.0,0.0,0.0,0.0,0.0,0.0,0.0,0.0,0.0,0.0,0.0,0.0,0.0,0.0,0.0,0.0,0.0,0.0,0.0,0.0,0.0,0.0,0.0,0.0,0.0,0.0,0.0,9.0,9.0,2.0,0.0,0.0,0.0,2.0,0.0,5.0,1.0,7.0,1.0,2.0,0.0,0.0,0.0,0.0,0.0,0.0,0.0,0.0,0.0,0.0,0.0,0.0,0.0,0.0,0.0,0.0,0.0,0.0,0.0,0.0,0.0,0.0,0.0,0.0,0.0,0.0,0.0,0.0,0.0,0.0,0.0,0.0,0.0,0.0,0.0,0.0,0.0,0.0,0.0,0.0,0.0,0.0,0.0,0.0,0.0,0.0
Hayden Hodgson,OTT,R,2025-26,37.6666666666667,3.0,2.0,2.0,3.0,1.0,0.0,2.0,1.0,0.0,0.0,1.0,1.0,1.0,0.0,1.0,1.0,1.0,2.0,1.0,1.0,0.0,19.0,2.0,2.0,0.0,4.0,1.0,0.0,7.0,4.0,2.0,4.0,4.0,2.0,0.0,0.0,0.0,2.0,0.0,0.0,0.0,2.0,2.0,0.0,0.0,0.0,0.0,0.0,0.0,0.0,0.0,0.0,0.0,0.0,0.0,0.0,0.0,0.0,0.0,0.0,0.0,0.0,1.0,0.0,1.0,0.0,1.0,0.0,2.0,0.0,1.0,2.0,1.0,0.0,1.0,0.0,0.0,0.0,0.0,0.0,1.315,0.785,0.05500000000000001,0.0,0.19000000000000003,0.28500000000000003,0.0,1.315
Jacob Moverare,L.A,D,2025-26,40.283333333333694,4.0,1.0,0.0,4.0,2.0,2.0,0.0,0.0,0.0,0.0,0.0,1.0,1.0,0.0,1.0,1.0,2.0,3.0,1.0,2.0,0.0,5.0,3.0,0.0,0.0,0.0,0.0,0.0,0.0,23.0,16.0,6.0,3.0,0.0,2.0,3.0,1.0,8.0,5.0,12.0,2.0,3.0,3.0,13.0,7.0,1.0,3.0,1.0,0.0,0.0,0.0,0.0,0.0,0.0,0.0,0.0,0.0,0.0,0.0,0.0,0.0,0.0,0.0,0.0,0.0,0.0,0.0,0.0,3.0,0.0,1.0,3.0,1.0,0.0,1.0,0.0,0.0,0.0,0.0,0.0,1.03,0.6000000000000001,0.135,0.23500000000000001,0.059999999999999984,0.0,0.0,1.03
Ethen Frank,WSH,C,2025-26,109.916666666666,20.0,16.0,12.0,15.0,8.0,6.0,1.0,4.0,1.0,1.0,1.0,1.0,1.0,2.0,10.0,9.0,8.0,5.0,1.0,5.0,0.0,32.0,17.0,3.0,4.0,4.0,8.0,1.0,12.0,26.0,7.0,19.0,13.0,8.0,0.0,6.0,1.0,5.0,3.0,1.0,5.0,5.0,14.0,3.0,2.0,1.0,0.0,0.0,0.0,4.0,4.0,4.0,0.0,0.0,1.0,3.0,2.0,1.0,0.0,0.0,1.0,0.0,2.0,2.0,4.0,0.0,2.0,1.0,10.0,5.0,5.0,6.0,0.0,9.0,3.0,1.0,1.0,2.0,2.0,1.0,6.15,4.095000000000001,1.105,0.095,0.30000000000000004,0.35999999999999993,0.195,5.955
Zack Ostapchuk,S.J,C,2025-26,97.11666666666609,4.0,3.0,3.0,6.0,3.0,2.0,1.0,3.0,0.0,0.0,1.0,1.0,1.0,1.0,2.0,3.0,2.0,2.0,0.0,0.0,0.0,24.0,10.0,2.0,1.0,4.0,2.0,2.0,15.0,18.0,9.0,14.0,10.0,8.0,1.0,4.0,1.0,6.0,1.0,1.0,2.0,7.0,7.0,2.0,0.0,2.0,0.0,0.0,0.0,0.0,0.0,0.0,1.0,3.0,0.0,0.0,0.0,0.0,0.0,0.0,0.0,0.0,0.0,1.0,0.0,1.0,2.0,1.0,2.0,1.0,1.0,3.0,0.0,3.0,0.0,1.0,0.0,0.0,1.0,0.0,2.96,1.33,0.5399999999999999,0.13,0.395,0.405,0.16,2.8000000000000003
Samuel Helenius,L.A,C,2025-26,55.9833333333334,4.0,1.0,2.0,3.0,3.0,0.0,0.0,1.0,1.0,2.0,0.0,0.0,0.0,0.0,1.0,0.0,3.0,2.0,0.0,1.0,0.0,11.0,4.0,1.0,0.0,2.0,0.0,0.0,7.0,6.0,3.0,4.0,2.0,2.0,0.0,2.0,0.0,2.0,2.0,1.0,2.0,2.0,2.0,5.0,2.0,2.0,0.0,0.0,0.0,0.0,0.0,0.0,0.0,0.0,0.0,0.0,0.0,0.0,0.0,0.0,0.0,0.0,1.0,0.0,0.0,2.0,1.0,0.0,3.0,0.0,1.0,3.0,0.0,0.0,1.0,0.0,0.0,0.0,0.0,0.0,1.3399999999999999,0.8400000000000001,0.135,0.19,-0.020000000000000004,0.195,0.0,1.3399999999999999
Stephen Halliday,OTT,C,2025-26,24.0,4.0,3.0,2.0,5.0,2.0,3.0,0.0,0.0,0.0,2.0,0.0,0.0,0.0,1.0,3.0,1.0,1.0,4.0,0.0,2.0,1.0,8.0,4.0,0.0,0.0,0.0,0.0,0.0,6.0,6.0,6.0,2.0,2.0,0.0,2.0,0.0,1.0,4.0,1.0,2.0,1.0,2.0,0.0,1.0,1.0,0.0,0.0,1.0,0.0,4.0,1.0,1.0,0.0,0.0,1.0,2.0,2.0,1.0,1.0,0.0,0.0,0.0,0.0,1.0,0.0,0.0,0.0,0.0,1.0,1.0,2.0,4.0,0.0,1.0,0.0,2.0,1.0,0.0,0.0,0.0,1.3350000000000002,0.8450000000000001,0.18,-0.025,0.1,0.09,0.145,1.1900000000000002
Oskar Bäck,DAL,C,2025-26,161.73333333333332,6.0,6.0,5.0,17.0,8.0,9.0,0.0,1.0,0.0,4.0,0.0,0.0,1.0,1.0,1.0,5.0,5.0,10.0,0.0,5.0,2.0,35.0,14.0,4.0,3.0,8.0,1.0,2.0,23.0,38.0,11.0,27.0,16.0,5.0,4.0,11.0,0.0,7.0,1.0,2.0,6.0,9.0,18.0,5.0,1.0,2.0,1.0,1.0,0.0,0.0,0.0,0.0,2.0,3.0,0.0,0.0,0.0,0.0,0.0,0.0,0.0,0.0,1.0,0.0,2.0,0.0,1.0,0.0,5.0,1.0,0.0,12.0,2.0,3.0,0.0,0.0,0.0,1.0,0.0,0.0,4.305,2.17,0.5750000000000001,0.15,0.49000000000000005,0.7049999999999998,0.215,4.09
Jamie Benn,DAL,L,2025-26,153.43333333333322,16.0,13.0,12.0,29.0,20.0,5.0,4.0,8.0,0.0,6.0,2.0,2.0,5.0,3.0,5.0,10.0,9.0,12.0,1.0,8.0,7.0,27.0,11.0,3.0,5.0,9.0,2.0,2.0,13.0,46.0,22.0,34.0,19.0,5.0,5.0,15.0,3.0,10.0,0.0,3.0,2.0,16.0,18.0,5.0,1.0,2.0,0.0,0.0,0.0,2.0,0.0,0.0,0.0,0.0,4.0,5.0,2.0,2.0,2.0,1.0,0.0,1.0,3.0,1.0,3.0,4.0,1.0,0.0,11.0,3.0,2.0,15.0,3.0,11.0,1.0,1.0,0.0,3.0,0.0,0.0,7.985000000000001,5.505000000000001,0.54,0.20500000000000002,0.8450000000000002,0.5999999999999999,0.29,7.695
Casey DeSmith,DAL,G,2025-26,314.8667,0.0,0.0,0.0,0.0,0.0,0.0,0.0,0.0,0.0,0.0,0.0,0.0,0.0,0.0,0.0,0.0,0.0,0.0,0.0,0.0,0.0,0.0,0.0,0.0,0.0,0.0,0.0,0.0,0.0,35.0,35.0,1.0,0.0,0.0,0.0,1.0,0.0,21.0,2.0,34.0,2.0,1.0,0.0,0.0,0.0,0.0,0.0,0.0,0.0,0.0,0.0,0.0,0.0,0.0,0.0,0.0,0.0,0.0,0.0,0.0,0.0,0.0,0.0,0.0,0.0,0.0,0.0,0.0,0.0,0.0,0.0,0.0,0.0,0.0,0.0,0.0,0.0,0.0,0.0,0.0,0.0,0.0,0.0,0.0,0.0,0.0,0.0,0.0
Nick DeSimone,UTA,D,2025-26,137.966666666668,14.0,9.0,1.0,19.0,10.0,7.0,2.0,3.0,0.0,1.0,0.0,1.0,1.0,5.0,1.0,9.0,12.0,3.0,0.0,6.0,0.0,13.0,7.0,0.0,4.0,0.0,1.0,1.0,3.0,65.0,42.0,27.0,12.0,0.0,4.0,15.0,0.0,24.0,7.0,28.0,8.0,14.0,13.0,46.0,25.0,5.0,8.0,7.0,1.0,0.0,0.0,0.0,0.0,0.0,0.0,1.0,1.0,0.0,0.0,0.0,0.0,0.0,2.0,0.0,1.0,2.0,1.0,1.0,13.0,1.0,0.0,10.0,3.0,6.0,0.0,0.0,1.0,0.0,0.0,0.0,4.369999999999999,2.66,0.40499999999999997,0.765,0.49500000000000005,0.045,0.0,4.369999999999999
Sean Durzi,UTA,D,2025-26,216.35000000000102,18.0,13.0,6.0,42.0,21.0,16.0,5.0,10.0,2.0,2.0,0.0,2.0,6.0,2.0,5.0,13.0,9.0,15.0,2.0,6.0,2.0,38.0,9.0,1.0,4.0,0.0,1.0,2.0,10.0,70.0,42.0,33.0,21.0,2.0,9.0,12.0,2.0,29.0,24.0,23.0,14.0,17.0,16.0,75.0,43.0,10.0,13.0,11.0,0.0,4.0,0.0,2.0,0.0,1.0,1.0,2.0,1.0,1.0,0.0,0.0,0.0,0.0,5.0,0.0,1.0,7.0,3.0,7.0,12.0,3.0,3.0,28.0,7.0,6.0,3.0,0.0,0.0,0.0,3.0,0.0,7.99,5.745,0.485,1.32,0.13,0.15000000000000002,0.16,7.830000000000002
Adam Engstrom,MTL,D,2025-26,22.433333333333,2.0,1.0,0.0,1.0,1.0,0.0,0.0,1.0,0.0,0.0,0.0,0.0,0.0,0.0,0.0,0.0,2.0,0.0,0.0,1.0,0.0,4.0,0.0,0.0,0.0,0.0,0.0,0.0,0.0,4.0,4.0,1.0,1.0,1.0,0.0,0.0,1.0,3.0,2.0,2.0,0.0,1.0,0.0,14.0,9.0,0.0,1.0,2.0,0.0,0.0,0.0,0.0,0.0,0.0,0.0,0.0,0.0,0.0,0.0,0.0,0.0,0.0,1.0,0.0,0.0,0.0,0.0,1.0,2.0,0.0,0.0,0.0,1.0,0.0,0.0,0.0,0.0,0.0,0.0,0.0,0.5700000000000001,0.31,0.0,0.22,0.04,0.0,0.0,0.5700000000000001
Pavol Regenda,S.J,L,2025-26,52.51666666666631,7.0,3.0,2.0,4.0,1.0,2.0,1.0,1.0,0.0,0.0,0.0,0.0,1.0,1.0,3.0,2.0,2.0,1.0,1.0,2.0,0.0,16.0,4.0,3.0,1.0,3.0,1.0,1.0,7.0,13.0,8.0,9.0,5.0,3.0,0.0,4.0,1.0,3.0,0.0,2.0,0.0,5.0,4.0,1.0,0.0,1.0,0.0,0.0,0.0,1.0,1.0,1.0,0.0,0.0,1.0,2.0,1.0,1.0,0.0,0.0,1.0,0.0,0.0,0.0,2.0,1.0,0.0,0.0,4.0,0.0,3.0,2.0,0.0,2.0,2.0,0.0,0.0,0.0,0.0,1.0,1.82,1.04,0.135,0.065,0.25,0.24,0.09,1.73
Vincent Iorio,S.J,D,2025-26,53.55,3.0,2.0,0.0,7.0,4.0,1.0,2.0,3.0,0.0,0.0,0.0,0.0,1.0,2.0,1.0,3.0,1.0,3.0,1.0,0.0,0.0,8.0,2.0,1.0,0.0,0.0,0.0,1.0,3.0,19.0,14.0,6.0,5.0,1.0,3.0,1.0,1.0,10.0,5.0,9.0,5.0,4.0,2.0,20.0,14.0,2.0,6.0,4.0,0.0,0.0,0.0,0.0,0.0,1.0,0.0,0.0,0.0,0.0,0.0,0.0,0.0,0.0,2.0,0.0,0.0,0.0,1.0,2.0,2.0,1.0,0.0,4.0,1.0,2.0,0.0,0.0,0.0,1.0,0.0,0.0,1.385,0.94,0.08,0.21000000000000002,0.07500000000000001,0.045,0.035,1.35
Pyotr Kochetkov,CAR,G,2025-26,147.2334,0.0,0.0,0.0,0.0,0.0,0.0,0.0,0.0,0.0,0.0,0.0,0.0,0.0,0.0,0.0,0.0,0.0,0.0,0.0,0.0,0.0,0.0,0.0,0.0,0.0,0.0,0.0,0.0,0.0,19.0,18.0,3.0,2.0,0.0,2.0,1.0,1.0,13.0,4.0,14.0,3.0,3.0,0.0,0.0,0.0,0.0,0.0,0.0,0.0,0.0,0.0,0.0,0.0,0.0,0.0,0.0,0.0,0.0,0.0,0.0,0.0,0.0,0.0,0.0,0.0,0.0,0.0,0.0,0.0,0.0,0.0,0.0,0.0,0.0,0.0,0.0,0.0,0.0,0.0,0.0,0.0,0.0,0.0,0.0,0.0,0.0,0.0,0.0
Vladislav Kolyachonok,DAL,D,2025-26,39.8166666666667,1.0,1.0,0.0,3.0,3.0,0.0,0.0,1.0,0.0,0.0,0.0,1.0,0.0,0.0,0.0,1.0,1.0,1.0,0.0,1.0,0.0,3.0,1.0,0.0,1.0,0.0,0.0,0.0,0.0,17.0,12.0,5.0,3.0,1.0,1.0,2.0,1.0,6.0,0.0,9.0,1.0,2.0,3.0,13.0,10.0,0.0,4.0,2.0,0.0,0.0,0.0,0.0,0.0,0.0,0.0,0.0,0.0,0.0,0.0,0.0,0.0,0.0,0.0,0.0,0.0,0.0,1.0,1.0,1.0,0.0,0.0,2.0,1.0,0.0,0.0,0.0,0.0,0.0,0.0,0.0,0.79,0.42500000000000004,0.045,0.09999999999999999,0.22000000000000003,0.0,0.0,0.79
Reid Schaefer,NSH,L,2025-26,110.66666666666661,10.0,7.0,3.0,8.0,5.0,3.0,0.0,0.0,0.0,4.0,0.0,0.0,0.0,0.0,3.0,0.0,5.0,8.0,2.0,3.0,0.0,32.0,10.0,6.0,1.0,7.0,2.0,0.0,13.0,25.0,17.0,18.0,9.0,5.0,3.0,9.0,3.0,8.0,2.0,3.0,1.0,11.0,7.0,3.0,0.0,0.0,0.0,0.0,0.0,0.0,0.0,0.0,0.0,0.0,0.0,0.0,0.0,0.0,0.0,0.0,0.0,0.0,0.0,0.0,1.0,2.0,1.0,1.0,7.0,2.0,1.0,8.0,0.0,0.0,1.0,0.0,0.0,0.0,1.0,0.0,2.85,1.55,0.29,0.09,0.41000000000000003,0.51,0.0,2.85
Justus Annunen,NSH,G,2025-26,149.05,0.0,0.0,0.0,0.0,0.0,0.0,0.0,0.0,0.0,0.0,0.0,0.0,0.0,0.0,0.0,0.0,0.0,0.0,0.0,0.0,0.0,0.0,0.0,0.0,0.0,0.0,0.0,0.0,0.0,12.0,12.0,2.0,0.0,0.0,0.0,2.0,0.0,5.0,3.0,10.0,2.0,2.0,0.0,0.0,0.0,0.0,0.0,0.0,0.0,0.0,0.0,0.0,0.0,0.0,0.0,0.0,0.0,0.0,0.0,0.0,0.0,0.0,0.0,0.0,0.0,0.0,0.0,0.0,0.0,0.0,0.0,0.0,0.0,0.0,0.0,0.0,0.0,0.0,0.0,0.0,0.0,0.0,0.0,0.0,0.0,0.0,0.0,0.0
Eric Comrie,WPG,G,2025-26,224.7666,0.0,0.0,0.0,0.0,0.0,0.0,0.0,0.0,0.0,0.0,0.0,0.0,0.0,0.0,0.0,0.0,0.0,0.0,0.0,0.0,0.0,0.0,0.0,0.0,0.0,0.0,0.0,0.0,0.0,9.0,9.0,0.0,0.0,0.0,0.0,0.0,0.0,2.0,3.0,9.0,3.0,0.0,0.0,0.0,0.0,0.0,0.0,0.0,0.0,0.0,0.0,0.0,0.0,0.0,0.0,0.0,0.0,0.0,0.0,0.0,0.0,0.0,0.0,0.0,0.0,0.0,0.0,0.0,0.0,0.0,0.0,0.0,0.0,0.0,0.0,0.0,0.0,0.0,0.0,0.0,0.0,0.0,0.0,0.0,0.0,0.0,0.0,0.0
Kevin Hayes,PIT,R,2025-26,43.48333333333301,9.0,8.0,6.0,7.0,2.0,5.0,0.0,0.0,0.0,1.0,0.0,0.0,1.0,0.0,5.0,1.0,2.0,3.0,1.0,2.0,1.0,12.0,5.0,0.0,2.0,2.0,1.0,0.0,3.0,16.0,7.0,14.0,9.0,3.0,4.0,5.0,0.0,6.0,0.0,1.0,0.0,6.0,8.0,3.0,2.0,1.0,1.0,1.0,0.0,3.0,1.0,1.0,0.0,0.0,1.0,3.0,3.0,0.0,2.0,1.0,1.0,0.0,1.0,0.0,2.0,1.0,0.0,0.0,4.0,1.0,4.0,6.0,1.0,0.0,3.0,1.0,0.0,0.0,0.0,0.0,2.8100000000000005,1.7100000000000002,0.27999999999999997,0.04,0.4650000000000001,0.135,0.18000000000000002,2.63
Rutger McGroarty,PIT,R,2025-26,22.35,4.0,4.0,3.0,2.0,1.0,1.0,0.0,1.0,0.0,0.0,0.0,1.0,0.0,1.0,3.0,1.0,0.0,1.0,1.0,0.0,0.0,7.0,4.0,2.0,1.0,0.0,2.0,0.0,0.0,5.0,3.0,3.0,2.0,2.0,0.0,1.0,0.0,2.0,1.0,1.0,2.0,2.0,1.0,2.0,2.0,0.0,1.0,0.0,0.0,0.0,0.0,0.0,0.0,0.0,0.0,0.0,0.0,0.0,0.0,0.0,0.0,0.0,1.0,1.0,0.0,1.0,0.0,0.0,1.0,2.0,1.0,1.0,0.0,1.0,0.0,0.0,0.0,1.0,1.0,1.0,1.08,0.85,0.2,0.015,0.015,0.0,0.0,1.08
Ryan Graves,PIT,D,2025-26,54.316666666665995,7.0,3.0,0.0,8.0,2.0,3.0,3.0,1.0,0.0,1.0,0.0,0.0,0.0,3.0,1.0,4.0,4.0,3.0,1.0,2.0,0.0,3.0,1.0,0.0,1.0,0.0,0.0,0.0,1.0,20.0,16.0,10.0,5.0,1.0,2.0,5.0,3.0,6.0,7.0,5.0,5.0,8.0,2.0,27.0,17.0,4.0,2.0,3.0,1.0,0.0,0.0,0.0,0.0,0.0,0.0,0.0,0.0,0.0,0.0,0.0,0.0,0.0,1.0,0.0,0.0,0.0,1.0,1.0,6.0,0.0,1.0,4.0,0.0,4.0,0.0,0.0,0.0,0.0,0.0,0.0,1.5799999999999998,1.085,0.045,0.53,-0.09500000000000003,0.015,0.0,1.5799999999999998
Danton Heinen,PIT,L,2025-26,8.05,0.0,0.0,0.0,2.0,1.0,1.0,0.0,1.0,0.0,0.0,0.0,0.0,0.0,0.0,0.0,0.0,0.0,2.0,0.0,1.0,0.0,3.0,1.0,1.0,0.0,1.0,0.0,0.0,1.0,2.0,1.0,2.0,2.0,1.0,0.0,0.0,0.0,1.0,0.0,0.0,0.0,1.0,1.0,0.0,0.0,0.0,0.0,0.0,0.0,0.0,0.0,0.0,0.0,0.0,2.0,0.0,0.0,2.0,0.0,0.0,0.0,0.0,0.0,0.0,0.0,0.0,0.0,0.0,0.0,0.0,0.0,2.0,0.0,0.0,0.0,0.0,0.0,0.0,0.0,0.0,0.48,0.215,0.0,0.0,0.095,0.06,0.11,0.37
Joona Koppanen,PIT,L,2025-26,8.4,0.0,0.0,0.0,1.0,0.0,1.0,0.0,0.0,0.0,0.0,0.0,0.0,0.0,0.0,0.0,0.0,0.0,1.0,0.0,1.0,0.0,4.0,1.0,1.0,0.0,0.0,0.0,0.0,1.0,0.0,0.0,0.0,0.0,0.0,0.0,0.0,0.0,0.0,0.0,0.0,0.0,0.0,0.0,1.0,0.0,1.0,0.0,0.0,0.0,0.0,0.0,0.0,0.0,0.0,0.0,0.0,0.0,0.0,0.0,0.0,0.0,0.0,0.0,0.0,0.0,0.0,0.0,0.0,0.0,0.0,0.0,1.0,0.0,0.0,0.0,0.0,0.0,0.0,0.0,0.0,0.135,0.055,0.0,0.065,0.0,0.015,0.0,0.135
Sam Poulin,PIT,R,2025-26,11.833333333333,1.0,1.0,1.0,4.0,2.0,1.0,1.0,0.0,0.0,2.0,0.0,0.0,0.0,1.0,1.0,2.0,0.0,1.0,0.0,0.0,0.0,1.0,1.0,0.0,0.0,0.0,0.0,0.0,1.0,1.0,0.0,1.0,1.0,0.0,0.0,0.0,0.0,0.0,0.0,0.0,0.0,0.0,1.0,1.0,1.0,0.0,0.0,0.0,0.0,0.0,0.0,0.0,0.0,0.0,0.0,0.0,0.0,0.0,0.0,0.0,0.0,0.0,0.0,0.0,0.0,1.0,0.0,0.0,0.0,0.0,1.0,2.0,1.0,1.0,1.0,0.0,0.0,0.0,0.0,0.0,0.53,0.42000000000000004,0.045,0.015,0.035,0.015,0.0,0.53
Oscar Fisker Molgaard,SEA,C,2025-26,5.1666666666667,1.0,0.0,0.0,0.0,0.0,0.0,0.0,0.0,0.0,0.0,0.0,0.0,0.0,0.0,0.0,0.0,0.0,0.0,0.0,0.0,0.0,1.0,0.0,1.0,0.0,0.0,0.0,0.0,0.0,2.0,2.0,1.0,1.0,1.0,0.0,0.0,1.0,1.0,0.0,0.0,0.0,1.0,0.0,0.0,0.0,0.0,0.0,0.0,0.0,0.0,0.0,0.0,0.0,0.0,0.0,0.0,0.0,0.0,0.0,0.0,0.0,0.0,0.0,0.0,1.0,0.0,0.0,0.0,1.0,0.0,0.0,0.0,0.0,0.0,0.0,0.0,0.0,0.0,0.0,0.0,0.09,0.075,-0.045,0.0,0.060000000000000005,0.0,0.0,0.09
Sergei Murashov,PIT,G,2025-26,46.4,0.0,0.0,0.0,0.0,0.0,0.0,0.0,0.0,0.0,0.0,0.0,0.0,0.0,0.0,0.0,0.0,0.0,0.0,0.0,0.0,0.0,0.0,0.0,0.0,0.0,0.0,0.0,0.0,0.0,1.0,1.0,0.0,0.0,0.0,0.0,0.0,0.0,0.0,0.0,1.0,0.0,0.0,0.0,0.0,0.0,0.0,0.0,0.0,0.0,0.0,0.0,0.0,0.0,0.0,0.0,0.0,0.0,0.0,0.0,0.0,0.0,0.0,0.0,0.0,0.0,0.0,0.0,0.0,0.0,0.0,0.0,0.0,0.0,0.0,0.0,0.0,0.0,0.0,0.0,0.0,0.0,0.0,0.0,0.0,0.0,0.0,0.0,0.0
Zach Hyman,EDM,L,2025-26,119.266666666667,15.0,14.0,13.0,13.0,6.0,6.0,1.0,4.0,2.0,1.0,0.0,2.0,1.0,1.0,7.0,5.0,7.0,5.0,0.0,3.0,3.0,20.0,9.0,1.0,3.0,7.0,3.0,2.0,8.0,7.0,5.0,4.0,3.0,0.0,2.0,1.0,1.0,3.0,1.0,1.0,0.0,3.0,1.0,0.0,0.0,0.0,0.0,0.0,0.0,2.0,2.0,1.0,0.0,0.0,9.0,0.0,0.0,8.0,0.0,0.0,0.0,0.0,2.0,3.0,1.0,1.0,1.0,1.0,8.0,4.0,3.0,6.0,2.0,5.0,1.0,2.0,0.0,2.0,0.0,0.0,5.525,3.875,0.595,0.0,0.145,0.435,0.47500000000000003,5.050000000000001
Connor Clattenburg,EDM,C,2025-26,6.6333333333333,1.0,0.0,1.0,1.0,0.0,1.0,0.0,0.0,0.0,0.0,0.0,0.0,0.0,0.0,0.0,0.0,1.0,1.0,0.0,1.0,0.0,3.0,2.0,0.0,0.0,1.0,0.0,0.0,0.0,0.0,0.0,0.0,0.0,0.0,0.0,0.0,0.0,0.0,0.0,0.0,0.0,0.0,0.0,0.0,0.0,0.0,0.0,0.0,0.0,0.0,0.0,0.0,0.0,0.0,0.0,0.0,0.0,0.0,0.0,0.0,0.0,0.0,0.0,1.0,0.0,0.0,0.0,0.0,1.0,0.0,0.0,1.0,0.0,0.0,0.0,0.0,0.0,0.0,0.0,0.0,0.36,0.225,0.09,0.0,0.0,0.045,0.0,0.36
Jacob Bryson,BUF,D,2025-26,62.7333333333326,2.0,2.0,0.0,6.0,2.0,1.0,3.0,2.0,0.0,0.0,0.0,0.0,0.0,3.0,0.0,5.0,2.0,0.0,0.0,0.0,0.0,4.0,3.0,0.0,1.0,0.0,0.0,0.0,1.0,14.0,9.0,4.0,3.0,0.0,1.0,1.0,1.0,4.0,2.0,6.0,3.0,2.0,2.0,17.0,12.0,3.0,3.0,2.0,0.0,0.0,0.0,0.0,0.0,0.0,0.0,0.0,0.0,0.0,0.0,0.0,0.0,0.0,0.0,0.0,0.0,0.0,0.0,0.0,2.0,0.0,0.0,1.0,0.0,5.0,0.0,0.0,0.0,0.0,0.0,0.0,1.1800000000000002,0.6900000000000001,0.135,0.31,0.03,0.015,0.0,1.1800000000000002
Colten Ellis,BUF,G,2025-26,164.0667,0.0,0.0,0.0,0.0,0.0,0.0,0.0,0.0,0.0,0.0,0.0,0.0,0.0,0.0,0.0,0.0,0.0,0.0,0.0,0.0,0.0,0.0,0.0,0.0,0.0,0.0,0.0,0.0,0.0,6.0,6.0,1.0,0.0,0.0,0.0,1.0,0.0,4.0,4.0,5.0,4.0,1.0,0.0,0.0,0.0,0.0,0.0,0.0,0.0,0.0,0.0,0.0,0.0,0.0,0.0,0.0,0.0,0.0,0.0,0.0,0.0,0.0,0.0,0.0,0.0,0.0,0.0,0.0,0.0,0.0,0.0,0.0,0.0,0.0,0.0,0.0,0.0,0.0,0.0,0.0,0.0,0.0,0.0,0.0,0.0,0.0,0.0,0.0
Alexandre Texier,MTL,L,2025-26,95.29999999999899,13.0,10.0,6.0,22.0,13.0,8.0,1.0,8.0,0.0,2.0,1.0,1.0,5.0,1.0,7.0,11.0,4.0,8.0,2.0,4.0,0.0,36.0,16.0,1.0,5.0,4.0,6.0,4.0,14.0,10.0,6.0,6.0,4.0,2.0,2.0,2.0,0.0,5.0,2.0,3.0,2.0,3.0,3.0,1.0,0.0,1.0,0.0,0.0,0.0,6.0,3.0,4.0,0.0,0.0,1.0,2.0,1.0,1.0,1.0,0.0,0.0,1.0,1.0,0.0,1.0,2.0,0.0,0.0,5.0,3.0,5.0,11.0,3.0,8.0,4.0,1.0,2.0,0.0,1.0,0.0,5.79,3.7700000000000005,1.145,0.07500000000000001,0.125,0.39,0.28500000000000003,5.505
Max Jones,EDM,L,2025-26,15.75,2.0,2.0,1.0,3.0,3.0,0.0,0.0,2.0,0.0,1.0,0.0,0.0,0.0,0.0,1.0,1.0,1.0,2.0,0.0,0.0,0.0,9.0,4.0,0.0,0.0,1.0,0.0,1.0,2.0,3.0,3.0,2.0,2.0,1.0,1.0,0.0,1.0,2.0,0.0,0.0,0.0,2.0,0.0,0.0,0.0,0.0,0.0,0.0,0.0,0.0,0.0,0.0,0.0,0.0,0.0,0.0,0.0,0.0,0.0,0.0,0.0,0.0,0.0,1.0,0.0,1.0,0.0,0.0,1.0,0.0,1.0,2.0,1.0,0.0,1.0,0.0,0.0,0.0,0.0,0.0,1.0450000000000002,0.635,0.215,0.0,0.12000000000000001,0.075,0.0,1.0450000000000002
Spencer Stastney,EDM,D,2025-26,35.533333333333005,1.0,1.0,0.0,5.0,3.0,2.0,0.0,1.0,0.0,0.0,0.0,0.0,1.0,0.0,0.0,1.0,1.0,0.0,0.0,1.0,0.0,1.0,1.0,0.0,0.0,0.0,0.0,0.0,0.0,16.0,14.0,7.0,7.0,0.0,5.0,0.0,4.0,8.0,1.0,5.0,1.0,5.0,2.0,12.0,6.0,2.0,3.0,3.0,0.0,0.0,0.0,0.0,0.0,1.0,0.0,0.0,0.0,0.0,0.0,0.0,0.0,0.0,0.0,0.0,0.0,0.0,0.0,1.0,1.0,0.0,0.0,4.0,1.0,0.0,0.0,0.0,0.0,0.0,0.0,0.0,1.115,0.485,0.045,0.175,0.375,0.0,0.035,1.08
Josh Norris,BUF,C,2025-26,115.9,13.0,12.0,9.0,20.0,12.0,6.0,2.0,6.0,2.0,2.0,1.0,0.0,2.0,1.0,9.0,6.0,4.0,9.0,0.0,2.0,1.0,30.0,14.0,3.0,3.0,3.0,4.0,1.0,15.0,20.0,12.0,12.0,8.0,5.0,1.0,4.0,0.0,8.0,0.0,6.0,1.0,6.0,6.0,2.0,1.0,1.0,0.0,0.0,0.0,11.0,10.0,7.0,0.0,0.0,5.0,15.0,4.0,2.0,3.0,0.0,1.0,0.0,0.0,0.0,3.0,4.0,1.0,0.0,4.0,2.0,7.0,13.0,4.0,3.0,4.0,1.0,0.0,1.0,1.0,2.0,6.004999999999999,3.85,0.75,0.08,0.44500000000000006,0.36,0.52,5.484999999999999
Carl Grundstrom,PHI,R,2025-26,124.41666666666669,16.0,13.0,6.0,9.0,5.0,3.0,1.0,1.0,1.0,2.0,0.0,1.0,0.0,0.0,9.0,1.0,6.0,5.0,1.0,2.0,0.0,33.0,16.0,6.0,0.0,4.0,3.0,1.0,17.0,30.0,15.0,22.0,11.0,7.0,3.0,11.0,0.0,8.0,0.0,4.0,2.0,11.0,11.0,3.0,0.0,3.0,0.0,0.0,0.0,0.0,0.0,0.0,1.0,1.0,0.0,0.0,0.0,0.0,0.0,0.0,0.0,0.0,0.0,0.0,3.0,0.0,2.0,0.0,7.0,2.0,7.0,8.0,0.0,1.0,5.0,1.0,1.0,0.0,1.0,1.0,4.4350000000000005,2.5300000000000002,0.6499999999999999,0.21500000000000002,0.515,0.43500000000000005,0.09,4.345000000000001
Rasmus Ristolainen,PHI,D,2025-26,203.94999999999897,15.0,11.0,5.0,26.0,12.0,12.0,2.0,7.0,0.0,0.0,0.0,1.0,4.0,7.0,1.0,12.0,11.0,5.0,3.0,4.0,0.0,22.0,3.0,0.0,1.0,0.0,1.0,2.0,1.0,89.0,72.0,32.0,20.0,5.0,10.0,12.0,9.0,43.0,18.0,43.0,12.0,20.0,12.0,74.0,44.0,9.0,15.0,11.0,0.0,3.0,1.0,1.0,1.0,2.0,0.0,1.0,1.0,0.0,1.0,0.0,0.0,0.0,1.0,0.0,0.0,0.0,0.0,5.0,14.0,1.0,0.0,13.0,5.0,7.0,0.0,0.0,1.0,0.0,0.0,0.0,6.3149999999999995,3.8900000000000006,0.26,1.21,0.725,0.015,0.215,6.1
John Beecher,CGY,C,2025-26,43.9166666666667,4.0,3.0,0.0,4.0,3.0,1.0,0.0,3.0,0.0,0.0,0.0,0.0,1.0,2.0,2.0,4.0,2.0,0.0,0.0,0.0,0.0,12.0,7.0,0.0,1.0,1.0,1.0,1.0,3.0,6.0,2.0,4.0,4.0,0.0,1.0,0.0,0.0,1.0,1.0,1.0,1.0,1.0,3.0,2.0,1.0,1.0,1.0,0.0,0.0,0.0,0.0,0.0,1.0,0.0,0.0,0.0,0.0,0.0,0.0,0.0,0.0,0.0,0.0,0.0,1.0,0.0,0.0,0.0,2.0,1.0,1.0,0.0,2.0,2.0,1.0,0.0,0.0,1.0,0.0,0.0,1.5450000000000002,0.8350000000000001,0.405,0.065,0.095,0.09,0.055,1.4900000000000002
Sam Morton,CGY,C,2025-26,14.65,1.0,1.0,1.0,0.0,0.0,0.0,0.0,0.0,0.0,0.0,0.0,0.0,0.0,0.0,1.0,0.0,0.0,0.0,0.0,0.0,0.0,4.0,3.0,0.0,0.0,0.0,1.0,0.0,1.0,4.0,2.0,2.0,2.0,0.0,1.0,0.0,0.0,2.0,1.0,1.0,1.0,1.0,1.0,0.0,0.0,0.0,0.0,0.0,0.0,0.0,0.0,0.0,0.0,0.0,0.0,0.0,0.0,0.0,0.0,0.0,0.0,0.0,0.0,0.0,0.0,0.0,1.0,0.0,0.0,0.0,1.0,0.0,0.0,0.0,0.0,0.0,0.0,0.0,0.0,1.0,0.42499999999999993,0.16999999999999998,0.19,0.0,0.05,0.015,0.0,0.42499999999999993
Hunter Brzustewicz,CGY,D,2025-26,64.083333333333,8.0,5.0,0.0,13.0,6.0,4.0,3.0,3.0,1.0,1.0,0.0,0.0,3.0,4.0,0.0,7.0,5.0,6.0,1.0,2.0,0.0,3.0,2.0,0.0,1.0,0.0,0.0,0.0,0.0,23.0,19.0,4.0,3.0,0.0,2.0,1.0,2.0,14.0,4.0,15.0,2.0,2.0,2.0,30.0,14.0,5.0,5.0,3.0,1.0,0.0,0.0,0.0,0.0,0.0,0.0,0.0,0.0,0.0,0.0,0.0,0.0,0.0,1.0,0.0,0.0,0.0,0.0,1.0,7.0,1.0,0.0,6.0,3.0,4.0,0.0,0.0,0.0,0.0,1.0,0.0,2.715,1.725,0.09,0.6549999999999999,0.245,0.0,0.0,2.715
Thomas Milic,WPG,G,2025-26,34.0,0.0,0.0,0.0,0.0,0.0,0.0,0.0,0.0,0.0,0.0,0.0,0.0,0.0,0.0,0.0,0.0,0.0,0.0,0.0,0.0,0.0,0.0,0.0,0.0,0.0,0.0,0.0,0.0,0.0,3.0,3.0,0.0,0.0,0.0,0.0,0.0,0.0,2.0,0.0,3.0,0.0,0.0,0.0,0.0,0.0,0.0,0.0,0.0,0.0,0.0,0.0,0.0,0.0,0.0,0.0,0.0,0.0,0.0,0.0,0.0,0.0,0.0,0.0,0.0,0.0,0.0,0.0,0.0,0.0,0.0,0.0,0.0,0.0,0.0,0.0,0.0,0.0,0.0,0.0,0.0,0.0,0.0,0.0,0.0,0.0,0.0,0.0,0.0
Elias Salomonsson,WPG,D,2025-26,65.366666666667,10.0,8.0,6.0,4.0,3.0,1.0,0.0,1.0,0.0,0.0,0.0,0.0,0.0,0.0,1.0,0.0,4.0,1.0,5.0,1.0,2.0,11.0,2.0,1.0,0.0,0.0,0.0,0.0,3.0,25.0,18.0,12.0,8.0,3.0,3.0,4.0,2.0,11.0,9.0,8.0,6.0,8.0,4.0,15.0,7.0,1.0,3.0,2.0,2.0,0.0,0.0,0.0,0.0,0.0,0.0,5.0,4.0,0.0,2.0,0.0,0.0,0.0,2.0,1.0,0.0,0.0,0.0,1.0,7.0,2.0,1.0,4.0,0.0,0.0,1.0,0.0,0.0,0.0,2.0,0.0,2.2300000000000004,1.775,0.045,0.225,0.02999999999999997,0.045,0.11,2.12
Cale Fleury,SEA,D,2025-26,45.48333333333271,5.0,3.0,0.0,10.0,6.0,4.0,0.0,3.0,0.0,0.0,0.0,1.0,2.0,4.0,0.0,6.0,5.0,3.0,0.0,1.0,0.0,2.0,1.0,0.0,0.0,0.0,0.0,0.0,0.0,16.0,10.0,7.0,4.0,0.0,3.0,3.0,0.0,6.0,5.0,5.0,3.0,5.0,2.0,18.0,13.0,1.0,4.0,5.0,0.0,0.0,0.0,0.0,0.0,0.0,0.0,0.0,0.0,0.0,0.0,0.0,0.0,0.0,2.0,0.0,0.0,0.0,0.0,2.0,5.0,0.0,0.0,4.0,2.0,4.0,0.0,0.0,0.0,0.0,0.0,0.0,1.5099999999999998,1.335,0.045,0.11999999999999998,0.009999999999999995,0.0,0.0,1.5099999999999998
Jacob Melanson,SEA,R,2025-26,67.1666666666662,9.0,4.0,4.0,4.0,3.0,1.0,0.0,3.0,1.0,0.0,0.0,0.0,0.0,1.0,4.0,2.0,5.0,2.0,0.0,1.0,0.0,27.0,10.0,5.0,2.0,3.0,1.0,1.0,6.0,15.0,8.0,9.0,6.0,5.0,0.0,3.0,0.0,5.0,0.0,3.0,1.0,5.0,4.0,2.0,0.0,0.0,0.0,0.0,0.0,0.0,0.0,0.0,0.0,0.0,0.0,0.0,0.0,0.0,0.0,0.0,0.0,0.0,0.0,0.0,0.0,1.0,0.0,1.0,5.0,3.0,1.0,2.0,0.0,2.0,1.0,0.0,0.0,1.0,2.0,0.0,2.54,1.64,0.315,0.06,0.30000000000000004,0.22500000000000003,0.0,2.54
Nico Sturm,MIN,C,2025-26,71.9999999999996,8.0,7.0,6.0,16.0,8.0,7.0,1.0,2.0,0.0,2.0,1.0,1.0,2.0,2.0,5.0,6.0,1.0,6.0,1.0,1.0,1.0,13.0,2.0,2.0,0.0,3.0,1.0,0.0,6.0,27.0,16.0,15.0,10.0,4.0,2.0,5.0,0.0,10.0,4.0,10.0,4.0,6.0,9.0,18.0,14.0,2.0,4.0,2.0,1.0,1.0,1.0,1.0,1.0,0.0,0.0,1.0,0.0,0.0,0.0,0.0,0.0,0.0,0.0,1.0,1.0,0.0,1.0,1.0,2.0,2.0,4.0,10.0,1.0,5.0,3.0,0.0,0.0,1.0,1.0,1.0,3.4349999999999996,2.5,0.05500000000000001,0.245,0.32000000000000006,0.225,0.09,3.3449999999999998
Quinn Hughes,MIN,D,2025-26,228.2,23.0,16.0,7.0,56.0,27.0,22.0,7.0,11.0,1.0,2.0,0.0,2.0,7.0,8.0,4.0,20.0,8.0,16.0,9.0,9.0,1.0,51.0,28.0,6.0,8.0,0.0,6.0,2.0,5.0,88.0,67.0,39.0,26.0,5.0,10.0,13.0,1.0,43.0,6.0,43.0,6.0,23.0,16.0,77.0,47.0,10.0,18.0,13.0,4.0,12.0,9.0,7.0,0.0,0.0,8.0,30.0,18.0,1.0,6.0,0.0,0.0,0.0,1.0,1.0,1.0,6.0,3.0,7.0,19.0,1.0,3.0,34.0,14.0,8.0,1.0,2.0,0.0,0.0,0.0,0.0,11.83,7.065,1.39,1.105,1.565,0.075,0.63,11.200000000000001
Brendan Gaunce,CBJ,C,2025-26,50.333333333334,8.0,6.0,1.0,5.0,3.0,2.0,0.0,3.0,0.0,0.0,2.0,1.0,1.0,0.0,3.0,2.0,5.0,3.0,0.0,0.0,0.0,10.0,2.0,0.0,0.0,1.0,0.0,0.0,4.0,11.0,6.0,7.0,4.0,1.0,1.0,3.0,1.0,4.0,0.0,3.0,0.0,2.0,5.0,3.0,1.0,1.0,1.0,0.0,0.0,0.0,0.0,0.0,1.0,0.0,0.0,0.0,0.0,0.0,0.0,0.0,0.0,0.0,1.0,0.0,0.0,1.0,0.0,0.0,5.0,1.0,2.0,3.0,1.0,1.0,1.0,1.0,0.0,0.0,1.0,0.0,2.02,1.4349999999999998,0.09,0.095,0.24000000000000002,0.105,0.055,1.9649999999999999
Danton Heinen,CBJ,L,2025-26,70.85000000000011,8.0,7.0,6.0,3.0,3.0,0.0,0.0,1.0,0.0,0.0,0.0,0.0,1.0,0.0,3.0,3.0,5.0,0.0,0.0,0.0,0.0,20.0,6.0,2.0,1.0,4.0,3.0,1.0,14.0,14.0,9.0,11.0,8.0,4.0,2.0,3.0,0.0,7.0,0.0,3.0,0.0,6.0,5.0,1.0,0.0,0.0,0.0,0.0,0.0,0.0,0.0,0.0,0.0,0.0,0.0,0.0,0.0,0.0,0.0,0.0,0.0,0.0,0.0,0.0,2.0,0.0,0.0,0.0,5.0,2.0,1.0,0.0,0.0,3.0,0.0,1.0,1.0,0.0,1.0,0.0,2.725,1.47,0.38,0.03,0.45500000000000007,0.39,0.0,2.725
Mason Marchment,CBJ,L,2025-26,104.61666666666599,14.0,9.0,9.0,23.0,13.0,7.0,3.0,9.0,1.0,3.0,0.0,1.0,3.0,2.0,5.0,7.0,6.0,13.0,0.0,8.0,0.0,33.0,13.0,0.0,2.0,5.0,4.0,4.0,10.0,30.0,13.0,22.0,11.0,2.0,4.0,11.0,3.0,5.0,1.0,0.0,3.0,10.0,12.0,4.0,0.0,3.0,0.0,0.0,0.0,4.0,2.0,2.0,0.0,0.0,6.0,5.0,2.0,5.0,2.0,1.0,0.0,0.0,1.0,2.0,3.0,2.0,2.0,2.0,9.0,2.0,3.0,16.0,0.0,7.0,1.0,2.0,0.0,0.0,2.0,0.0,6.680000000000001,4.275,0.945,0.225,0.37,0.375,0.49,6.19
Zach Aston-Reese,CBJ,L,2025-26,39.2166666666666,5.0,4.0,4.0,6.0,4.0,2.0,0.0,2.0,0.0,0.0,0.0,0.0,3.0,0.0,1.0,3.0,4.0,3.0,0.0,2.0,0.0,15.0,2.0,3.0,1.0,2.0,0.0,1.0,4.0,8.0,5.0,6.0,6.0,2.0,2.0,0.0,1.0,4.0,2.0,0.0,2.0,4.0,2.0,2.0,0.0,0.0,0.0,0.0,1.0,0.0,0.0,0.0,0.0,0.0,0.0,0.0,0.0,0.0,0.0,0.0,0.0,0.0,0.0,0.0,1.0,0.0,2.0,0.0,4.0,0.0,1.0,3.0,0.0,3.0,0.0,0.0,0.0,0.0,0.0,1.0,1.6800000000000002,1.3250000000000002,-0.009999999999999995,0.045,0.17000000000000004,0.15,0.0,1.6800000000000002
Brett Kulak,PIT,D,2025-26,56.216666666666995,9.0,6.0,2.0,7.0,4.0,2.0,1.0,2.0,0.0,1.0,0.0,1.0,1.0,0.0,2.0,1.0,4.0,2.0,1.0,3.0,1.0,3.0,1.0,2.0,0.0,0.0,0.0,1.0,2.0,14.0,12.0,4.0,2.0,0.0,1.0,2.0,2.0,6.0,3.0,7.0,1.0,3.0,1.0,22.0,13.0,2.0,6.0,2.0,1.0,0.0,0.0,0.0,0.0,0.0,0.0,0.0,0.0,0.0,0.0,0.0,0.0,0.0,0.0,0.0,1.0,1.0,0.0,2.0,7.0,1.0,1.0,6.0,1.0,0.0,1.0,0.0,0.0,0.0,1.0,0.0,2.04,1.59,-0.009999999999999995,0.35,0.07999999999999999,0.03,0.0,2.04
Jack St. Ivany,PIT,D,2025-26,28.066666666667,4.0,2.0,0.0,8.0,6.0,2.0,0.0,5.0,0.0,0.0,0.0,0.0,1.0,1.0,1.0,2.0,3.0,3.0,0.0,2.0,0.0,3.0,1.0,0.0,0.0,0.0,0.0,0.0,0.0,9.0,6.0,5.0,5.0,0.0,3.0,0.0,0.0,6.0,1.0,3.0,1.0,3.0,2.0,4.0,1.0,1.0,1.0,1.0,0.0,0.0,0.0,0.0,0.0,0.0,0.0,0.0,0.0,0.0,0.0,0.0,0.0,0.0,1.0,0.0,0.0,0.0,0.0,3.0,3.0,1.0,0.0,6.0,1.0,1.0,0.0,0.0,1.0,0.0,0.0,0.0,1.6650000000000003,1.28,0.045,0.08499999999999999,0.255,0.0,0.0,1.6650000000000003
Yegor Chinakhov,PIT,R,2025-26,10.8,3.0,2.0,1.0,2.0,2.0,0.0,0.0,0.0,0.0,1.0,0.0,0.0,0.0,0.0,0.0,0.0,1.0,2.0,0.0,0.0,1.0,2.0,0.0,0.0,0.0,0.0,0.0,0.0,0.0,1.0,0.0,1.0,1.0,0.0,0.0,0.0,0.0,0.0,0.0,0.0,0.0,0.0,1.0,0.0,0.0,0.0,0.0,0.0,0.0,1.0,0.0,1.0,0.0,0.0,0.0,0.0,0.0,0.0,0.0,0.0,0.0,0.0,1.0,0.0,0.0,0.0,1.0,1.0,3.0,0.0,0.0,2.0,0.0,0.0,0.0,0.0,0.0,0.0,0.0,0.0,0.5800000000000001,0.51,0.0,0.0,0.035,0.0,0.035,0.545
Donovan Sebrango,FLA,D,2025-26,19.0333333333333,1.0,0.0,0.0,0.0,0.0,0.0,0.0,0.0,0.0,0.0,0.0,0.0,0.0,0.0,0.0,0.0,1.0,0.0,0.0,0.0,0.0,3.0,0.0,0.0,0.0,0.0,0.0,0.0,1.0,9.0,5.0,4.0,2.0,0.0,0.0,2.0,1.0,1.0,1.0,3.0,1.0,1.0,3.0,11.0,6.0,1.0,2.0,1.0,0.0,0.0,0.0,0.0,0.0,0.0,0.0,0.0,0.0,0.0,0.0,0.0,0.0,0.0,0.0,0.0,0.0,0.0,0.0,0.0,1.0,0.0,0.0,0.0,0.0,0.0,0.0,0.0,0.0,0.0,0.0,0.0,0.32,0.075,0.0,0.205,0.025,0.015,0.0,0.32
Jack Studnicka,FLA,C,2025-26,10.8,1.0,1.0,0.0,0.0,0.0,0.0,0.0,0.0,0.0,0.0,0.0,0.0,0.0,0.0,0.0,0.0,1.0,0.0,0.0,0.0,0.0,3.0,1.0,3.0,0.0,0.0,0.0,0.0,1.0,2.0,0.0,2.0,1.0,1.0,0.0,1.0,0.0,0.0,0.0,0.0,0.0,0.0,2.0,0.0,0.0,0.0,0.0,0.0,0.0,0.0,0.0,0.0,0.0,0.0,0.0,0.0,0.0,0.0,0.0,0.0,0.0,0.0,0.0,0.0,0.0,0.0,0.0,0.0,1.0,0.0,0.0,0.0,0.0,0.0,0.0,0.0,0.0,0.0,0.0,0.0,0.035,0.075,-0.09,0.0,0.035,0.015,0.0,0.035
Brendan Smith,CBJ,D,2025-26,20.766666666667,0.0,0.0,0.0,4.0,3.0,1.0,0.0,0.0,0.0,0.0,0.0,0.0,0.0,1.0,0.0,1.0,0.0,2.0,0.0,0.0,0.0,0.0,0.0,0.0,0.0,0.0,0.0,0.0,0.0,10.0,9.0,3.0,3.0,0.0,3.0,0.0,0.0,7.0,0.0,6.0,0.0,3.0,0.0,9.0,5.0,4.0,1.0,2.0,0.0,0.0,0.0,0.0,0.0,0.0,0.0,0.0,0.0,0.0,0.0,0.0,0.0,0.0,0.0,0.0,0.0,0.0,1.0,0.0,0.0,0.0,0.0,3.0,0.0,1.0,0.0,0.0,0.0,0.0,0.0,0.0,0.785,0.265,0.0,0.24000000000000005,0.28,0.0,0.0,0.785
Carson Lambos,MIN,D,2025-26,9.0333333333333,2.0,1.0,0.0,1.0,1.0,0.0,0.0,1.0,0.0,0.0,0.0,0.0,0.0,0.0,2.0,0.0,0.0,1.0,0.0,0.0,0.0,2.0,1.0,0.0,0.0,0.0,0.0,0.0,0.0,3.0,1.0,1.0,1.0,0.0,1.0,0.0,0.0,1.0,4.0,0.0,4.0,1.0,0.0,2.0,1.0,0.0,0.0,0.0,0.0,0.0,0.0,0.0,0.0,0.0,0.0,0.0,0.0,0.0,0.0,0.0,0.0,0.0,0.0,0.0,0.0,0.0,0.0,1.0,0.0,2.0,0.0,1.0,0.0,0.0,0.0,0.0,0.0,0.0,2.0,0.0,0.17999999999999994,0.31,0.045,0.045,-0.22000000000000003,0.0,0.0,0.17999999999999994
Matt Kiersted,MIN,D,2025-26,30.5,4.0,3.0,0.0,2.0,1.0,1.0,0.0,1.0,0.0,0.0,0.0,0.0,0.0,1.0,1.0,1.0,2.0,1.0,1.0,0.0,0.0,4.0,2.0,0.0,0.0,0.0,0.0,0.0,0.0,14.0,10.0,6.0,3.0,0.0,1.0,3.0,0.0,6.0,3.0,6.0,3.0,4.0,2.0,6.0,2.0,0.0,0.0,1.0,0.0,0.0,0.0,0.0,0.0,0.0,0.0,0.0,0.0,0.0,0.0,0.0,0.0,0.0,1.0,0.0,0.0,0.0,0.0,1.0,3.0,1.0,0.0,1.0,0.0,1.0,0.0,0.0,0.0,1.0,0.0,0.0,0.76,0.515,0.09,0.10999999999999999,0.04500000000000001,0.0,0.0,0.76
Nicolas Aube-Kubel,MIN,R,2025-26,24.933333333333,3.0,3.0,3.0,2.0,1.0,1.0,0.0,0.0,0.0,1.0,0.0,0.0,0.0,0.0,1.0,0.0,1.0,1.0,1.0,2.0,0.0,4.0,3.0,1.0,0.0,1.0,2.0,0.0,1.0,6.0,1.0,3.0,3.0,2.0,0.0,0.0,0.0,1.0,0.0,0.0,1.0,1.0,2.0,0.0,0.0,0.0,0.0,0.0,0.0,0.0,0.0,0.0,0.0,0.0,0.0,0.0,0.0,0.0,0.0,0.0,0.0,0.0,0.0,1.0,0.0,1.0,0.0,0.0,2.0,0.0,1.0,2.0,0.0,0.0,0.0,0.0,0.0,0.0,0.0,1.0,0.9900000000000002,0.635,0.2,0.0,0.095,0.06,0.0,0.9900000000000002
Egor Chinakhov,PIT,R,2025-26,88.683333333333,21.0,15.0,15.0,17.0,9.0,7.0,1.0,4.0,1.0,2.0,0.0,1.0,2.0,1.0,11.0,6.0,9.0,8.0,0.0,4.0,2.0,30.0,22.0,1.0,8.0,4.0,6.0,1.0,5.0,22.0,10.0,14.0,10.0,4.0,1.0,4.0,0.0,5.0,1.0,5.0,2.0,5.0,9.0,1.0,0.0,1.0,0.0,0.0,0.0,5.0,3.0,2.0,0.0,0.0,2.0,5.0,1.0,0.0,0.0,0.0,1.0,0.0,2.0,0.0,2.0,1.0,3.0,0.0,10.0,7.0,4.0,10.0,2.0,5.0,3.0,0.0,1.0,2.0,3.0,1.0,6.699999999999999,4.63,1.31,0.065,0.3699999999999999,0.255,0.07,6.63
Stuart Skinner,PIT,G,2025-26,341.78340000000003,0.0,0.0,0.0,0.0,0.0,0.0,0.0,0.0,0.0,0.0,0.0,0.0,0.0,0.0,0.0,0.0,0.0,0.0,0.0,0.0,0.0,0.0,0.0,0.0,0.0,0.0,0.0,0.0,0.0,27.0,27.0,0.0,0.0,0.0,0.0,0.0,0.0,15.0,7.0,27.0,7.0,0.0,0.0,0.0,0.0,0.0,0.0,0.0,0.0,0.0,0.0,0.0,0.0,0.0,0.0,0.0,0.0,0.0,0.0,0.0,0.0,0.0,0.0,0.0,0.0,0.0,0.0,0.0,0.0,0.0,0.0,0.0,0.0,0.0,0.0,0.0,0.0,0.0,0.0,0.0,0.0,0.0,0.0,0.0,0.0,0.0,0.0,0.0
Denver Barkey,PHI,C,2025-26,99.316666666667,10.0,7.0,7.0,15.0,8.0,4.0,3.0,2.0,0.0,2.0,1.0,1.0,1.0,3.0,2.0,5.0,5.0,6.0,1.0,4.0,1.0,19.0,7.0,4.0,0.0,1.0,0.0,2.0,11.0,21.0,11.0,14.0,9.0,3.0,3.0,5.0,1.0,6.0,1.0,2.0,1.0,8.0,6.0,3.0,0.0,2.0,0.0,0.0,0.0,6.0,0.0,3.0,0.0,0.0,2.0,3.0,1.0,1.0,1.0,0.0,0.0,0.0,0.0,1.0,5.0,0.0,1.0,0.0,8.0,1.0,1.0,10.0,2.0,3.0,1.0,0.0,0.0,0.0,1.0,0.0,3.8750000000000004,2.69,0.20500000000000002,0.16,0.395,0.21000000000000002,0.215,3.6599999999999997
Dysin Mayo,CBJ,D,2025-26,9.6,1.0,1.0,0.0,3.0,3.0,0.0,0.0,1.0,0.0,0.0,0.0,0.0,0.0,0.0,0.0,0.0,0.0,3.0,0.0,0.0,0.0,0.0,0.0,0.0,0.0,0.0,0.0,0.0,0.0,0.0,0.0,0.0,0.0,0.0,0.0,0.0,0.0,0.0,0.0,0.0,0.0,0.0,0.0,2.0,0.0,0.0,0.0,0.0,0.0,0.0,0.0,0.0,0.0,0.0,0.0,0.0,0.0,0.0,0.0,0.0,0.0,0.0,0.0,0.0,0.0,0.0,0.0,0.0,1.0,0.0,0.0,3.0,0.0,0.0,0.0,0.0,0.0,0.0,0.0,0.0,0.435,0.375,0.0,0.06,0.0,0.0,0.0,0.435
Brennan Othmann,NYR,L,2025-26,36.9833333333333,3.0,2.0,3.0,5.0,3.0,2.0,0.0,1.0,0.0,2.0,0.0,0.0,0.0,1.0,3.0,3.0,0.0,1.0,0.0,0.0,0.0,9.0,6.0,0.0,1.0,2.0,3.0,0.0,4.0,5.0,2.0,3.0,2.0,1.0,0.0,1.0,1.0,1.0,0.0,0.0,0.0,1.0,2.0,0.0,0.0,0.0,0.0,0.0,0.0,0.0,0.0,0.0,0.0,0.0,0.0,0.0,0.0,0.0,0.0,0.0,0.0,0.0,0.0,0.0,0.0,2.0,0.0,0.0,0.0,2.0,1.0,1.0,1.0,3.0,0.0,1.0,0.0,2.0,0.0,0.0,1.6,0.9200000000000002,0.435,0.0,0.095,0.15000000000000002,0.0,1.6
Gabe Perreault,NYR,R,2025-26,57.083333333333,5.0,3.0,3.0,9.0,5.0,2.0,2.0,4.0,1.0,0.0,0.0,1.0,3.0,1.0,4.0,6.0,1.0,1.0,0.0,1.0,1.0,13.0,5.0,2.0,4.0,1.0,4.0,1.0,5.0,15.0,9.0,10.0,6.0,1.0,3.0,4.0,0.0,5.0,1.0,4.0,0.0,5.0,5.0,1.0,0.0,1.0,0.0,0.0,0.0,2.0,1.0,1.0,0.0,0.0,0.0,1.0,1.0,0.0,1.0,0.0,0.0,0.0,0.0,0.0,0.0,2.0,0.0,0.0,1.0,1.0,3.0,3.0,2.0,4.0,0.0,2.0,1.0,0.0,0.0,1.0,2.705,1.74,0.39000000000000007,0.065,0.30000000000000004,0.12,0.09,2.615
David Kampf,VAN,C,2025-26,76.1,6.0,6.0,4.0,13.0,4.0,8.0,1.0,3.0,0.0,0.0,0.0,1.0,4.0,2.0,2.0,6.0,3.0,4.0,1.0,3.0,1.0,11.0,6.0,2.0,2.0,2.0,2.0,1.0,5.0,15.0,11.0,10.0,6.0,2.0,4.0,4.0,1.0,7.0,1.0,3.0,1.0,7.0,3.0,1.0,1.0,0.0,0.0,0.0,0.0,0.0,0.0,0.0,1.0,0.0,0.0,0.0,0.0,0.0,0.0,0.0,0.0,0.0,0.0,1.0,0.0,0.0,1.0,0.0,4.0,2.0,0.0,7.0,3.0,3.0,0.0,0.0,0.0,2.0,0.0,0.0,2.8499999999999996,1.9749999999999996,0.32499999999999996,0.015,0.31500000000000006,0.16500000000000004,0.055,2.795
Liam Ohgren,VAN,L,2025-26,162.26666666666833,17.0,12.0,7.0,21.0,16.0,4.0,1.0,8.0,0.0,3.0,2.0,3.0,2.0,0.0,10.0,7.0,6.0,4.0,0.0,5.0,0.0,41.0,21.0,6.0,5.0,7.0,6.0,0.0,17.0,22.0,15.0,9.0,9.0,7.0,1.0,0.0,2.0,11.0,4.0,5.0,6.0,7.0,2.0,5.0,3.0,1.0,2.0,2.0,0.0,2.0,0.0,1.0,2.0,0.0,1.0,0.0,0.0,0.0,0.0,0.0,0.0,0.0,2.0,0.0,2.0,2.0,1.0,2.0,7.0,4.0,6.0,13.0,4.0,4.0,4.0,1.0,2.0,0.0,1.0,1.0,6.295,4.305,1.005,0.03,0.24,0.57,0.145,6.15
Marco Rossi,VAN,C,2025-26,142.483333333333,10.0,8.0,7.0,19.0,12.0,6.0,1.0,7.0,0.0,1.0,1.0,2.0,2.0,1.0,4.0,7.0,5.0,10.0,0.0,3.0,1.0,32.0,15.0,4.0,7.0,3.0,4.0,3.0,16.0,24.0,19.0,18.0,12.0,4.0,6.0,6.0,1.0,13.0,1.0,5.0,1.0,13.0,5.0,4.0,1.0,3.0,0.0,1.0,0.0,4.0,2.0,2.0,0.0,1.0,6.0,11.0,1.0,4.0,1.0,1.0,0.0,0.0,1.0,1.0,1.0,1.0,6.0,1.0,6.0,2.0,2.0,12.0,5.0,2.0,1.0,1.0,0.0,2.0,0.0,0.0,5.925,3.4699999999999998,0.82,0.17,0.675,0.37500000000000006,0.41500000000000004,5.510000000000001
Zeev Buium,VAN,D,2025-26,208.36666666666696,8.0,5.0,1.0,30.0,17.0,9.0,4.0,4.0,0.0,1.0,0.0,2.0,6.0,4.0,2.0,11.0,1.0,13.0,1.0,7.0,0.0,24.0,13.0,5.0,2.0,0.0,1.0,0.0,4.0,77.0,62.0,32.0,20.0,5.0,11.0,12.0,7.0,37.0,13.0,32.0,8.0,23.0,9.0,64.0,42.0,6.0,8.0,11.0,1.0,2.0,2.0,2.0,0.0,0.0,1.0,12.0,8.0,1.0,5.0,0.0,0.0,0.0,1.0,0.0,0.0,2.0,1.0,4.0,6.0,1.0,1.0,18.0,6.0,6.0,1.0,0.0,0.0,1.0,0.0,0.0,5.75,3.06,0.41500000000000004,0.925,0.8900000000000001,0.06,0.4,5.3500000000000005
Nils Hoglander,VAN,L,2025-26,79.183333333333,11.0,8.0,6.0,10.0,6.0,3.0,1.0,3.0,1.0,2.0,1.0,0.0,0.0,0.0,5.0,1.0,4.0,7.0,2.0,3.0,2.0,35.0,17.0,3.0,0.0,7.0,4.0,2.0,3.0,20.0,14.0,15.0,10.0,7.0,2.0,5.0,1.0,8.0,0.0,4.0,0.0,9.0,6.0,1.0,0.0,0.0,0.0,0.0,0.0,0.0,0.0,0.0,0.0,0.0,0.0,0.0,0.0,0.0,0.0,0.0,0.0,0.0,4.0,0.0,0.0,3.0,0.0,0.0,6.0,3.0,2.0,9.0,1.0,0.0,1.0,0.0,2.0,0.0,1.0,1.0,4.365000000000001,2.505,0.92,0.03,0.55,0.35999999999999993,0.0,4.365000000000001
Mikael Pyyhtia,CBJ,L,2025-26,10.916666666667,2.0,2.0,1.0,1.0,0.0,1.0,0.0,0.0,0.0,0.0,0.0,0.0,0.0,0.0,0.0,0.0,2.0,1.0,0.0,1.0,2.0,6.0,2.0,0.0,0.0,0.0,0.0,1.0,1.0,1.0,0.0,0.0,0.0,0.0,0.0,0.0,0.0,0.0,0.0,0.0,0.0,0.0,0.0,1.0,0.0,1.0,0.0,0.0,0.0,0.0,0.0,0.0,0.0,0.0,0.0,0.0,0.0,0.0,0.0,0.0,0.0,0.0,0.0,0.0,0.0,0.0,1.0,0.0,2.0,0.0,0.0,1.0,0.0,0.0,0.0,0.0,0.0,0.0,0.0,0.0,0.6050000000000001,0.4,0.125,0.065,0.0,0.015,0.0,0.6050000000000001
Daniil But,UTA,L,2025-26,69.916666666668,8.0,6.0,7.0,12.0,9.0,2.0,1.0,4.0,0.0,3.0,0.0,2.0,0.0,0.0,2.0,2.0,4.0,8.0,2.0,3.0,0.0,25.0,12.0,5.0,2.0,3.0,6.0,2.0,6.0,25.0,12.0,14.0,8.0,6.0,0.0,6.0,2.0,5.0,1.0,4.0,3.0,6.0,8.0,3.0,1.0,1.0,0.0,0.0,0.0,0.0,0.0,0.0,0.0,0.0,2.0,1.0,0.0,1.0,0.0,0.0,0.0,0.0,0.0,1.0,3.0,1.0,0.0,1.0,6.0,1.0,1.0,10.0,1.0,1.0,1.0,0.0,0.0,0.0,1.0,0.0,3.89,2.52,0.7150000000000001,0.11,0.265,0.22499999999999998,0.055,3.8350000000000004
Cole McWard,NYI,D,2025-26,11.166666666667,1.0,1.0,0.0,2.0,2.0,0.0,0.0,1.0,1.0,1.0,0.0,0.0,0.0,0.0,0.0,0.0,1.0,0.0,0.0,2.0,0.0,0.0,0.0,0.0,0.0,0.0,0.0,0.0,0.0,6.0,4.0,1.0,1.0,0.0,1.0,0.0,0.0,4.0,2.0,3.0,1.0,1.0,0.0,6.0,4.0,2.0,0.0,2.0,0.0,0.0,0.0,0.0,0.0,0.0,0.0,0.0,0.0,0.0,0.0,0.0,0.0,0.0,0.0,0.0,0.0,0.0,0.0,0.0,1.0,0.0,0.0,2.0,0.0,0.0,0.0,0.0,0.0,0.0,0.0,0.0,0.495,0.35500000000000004,0.0,0.11,0.03,0.0,0.0,0.495
Maxim Groshev,T.B,D,2025-26,22.95,1.0,1.0,0.0,3.0,1.0,1.0,1.0,1.0,0.0,0.0,0.0,0.0,0.0,2.0,0.0,2.0,1.0,1.0,0.0,0.0,0.0,2.0,1.0,0.0,0.0,0.0,0.0,0.0,2.0,11.0,8.0,2.0,0.0,0.0,0.0,2.0,2.0,3.0,2.0,5.0,3.0,1.0,1.0,8.0,4.0,0.0,1.0,2.0,0.0,0.0,0.0,0.0,0.0,0.0,0.0,0.0,0.0,0.0,0.0,0.0,0.0,0.0,1.0,0.0,0.0,0.0,0.0,1.0,1.0,0.0,0.0,1.0,0.0,2.0,0.0,0.0,0.0,0.0,0.0,0.0,0.4049999999999999,0.345,0.045,0.08499999999999999,-0.1,0.03,0.0,0.4049999999999999
Scott Sabourin,T.B,R,2025-26,33.5333333333332,1.0,1.0,1.0,6.0,4.0,2.0,0.0,2.0,0.0,1.0,1.0,0.0,1.0,0.0,0.0,1.0,1.0,4.0,0.0,2.0,0.0,5.0,2.0,2.0,1.0,2.0,1.0,0.0,4.0,6.0,3.0,4.0,2.0,2.0,0.0,2.0,0.0,2.0,1.0,0.0,1.0,3.0,1.0,1.0,0.0,1.0,0.0,0.0,0.0,0.0,0.0,0.0,0.0,0.0,0.0,0.0,0.0,0.0,0.0,0.0,0.0,0.0,0.0,1.0,0.0,2.0,0.0,0.0,1.0,0.0,0.0,5.0,0.0,1.0,0.0,0.0,0.0,0.0,0.0,0.0,1.11,0.79,0.05500000000000002,0.065,0.05,0.15000000000000002,0.0,1.11
Phillip Danault,MTL,C,2025-26,106.516666666666,11.0,8.0,6.0,17.0,14.0,3.0,0.0,3.0,1.0,4.0,1.0,2.0,3.0,0.0,3.0,5.0,3.0,8.0,3.0,2.0,0.0,23.0,10.0,2.0,2.0,9.0,2.0,2.0,13.0,16.0,9.0,8.0,5.0,2.0,1.0,3.0,1.0,4.0,1.0,5.0,0.0,3.0,5.0,4.0,2.0,2.0,0.0,1.0,0.0,0.0,0.0,0.0,1.0,1.0,0.0,0.0,0.0,0.0,0.0,0.0,0.0,0.0,1.0,3.0,2.0,0.0,2.0,2.0,8.0,1.0,2.0,12.0,3.0,2.0,1.0,1.0,0.0,0.0,1.0,0.0,4.6000000000000005,3.0100000000000002,0.54,0.12,0.24,0.6,0.09,4.51
Sammy Blais,MTL,L,2025-26,15.066666666666698,2.0,0.0,0.0,2.0,0.0,2.0,0.0,0.0,0.0,0.0,0.0,0.0,0.0,0.0,1.0,0.0,0.0,2.0,0.0,2.0,0.0,4.0,0.0,0.0,0.0,0.0,0.0,0.0,2.0,2.0,1.0,2.0,0.0,0.0,0.0,2.0,0.0,0.0,1.0,0.0,0.0,1.0,1.0,0.0,0.0,0.0,0.0,0.0,0.0,0.0,0.0,0.0,0.0,0.0,1.0,0.0,0.0,1.0,0.0,0.0,0.0,0.0,0.0,0.0,0.0,0.0,1.0,0.0,1.0,1.0,0.0,2.0,0.0,0.0,0.0,0.0,1.0,0.0,0.0,0.0,0.31,0.26,0.0,0.0,-0.035,0.03,0.055,0.255
Jacob Fowler,MTL,G,2025-26,142.7833,0.0,0.0,0.0,0.0,0.0,0.0,0.0,0.0,0.0,0.0,0.0,0.0,0.0,0.0,0.0,0.0,0.0,0.0,0.0,0.0,0.0,0.0,0.0,0.0,0.0,0.0,0.0,0.0,0.0,5.0,5.0,0.0,0.0,0.0,0.0,0.0,0.0,1.0,1.0,5.0,1.0,0.0,0.0,0.0,0.0,0.0,0.0,0.0,0.0,0.0,0.0,0.0,0.0,0.0,0.0,0.0,0.0,0.0,0.0,0.0,0.0,0.0,0.0,0.0,0.0,0.0,0.0,0.0,0.0,0.0,0.0,0.0,0.0,0.0,0.0,0.0,0.0,0.0,0.0,0.0,0.0,0.0,0.0,0.0,0.0,0.0,0.0,0.0
David Spacek,MIN,D,2025-26,9.4333333333333,0.0,0.0,0.0,1.0,0.0,1.0,0.0,0.0,0.0,0.0,0.0,0.0,1.0,0.0,0.0,1.0,0.0,0.0,0.0,0.0,0.0,0.0,0.0,0.0,0.0,0.0,0.0,0.0,0.0,3.0,3.0,1.0,1.0,0.0,1.0,0.0,0.0,3.0,1.0,2.0,0.0,1.0,0.0,3.0,2.0,0.0,0.0,2.0,0.0,0.0,0.0,0.0,0.0,0.0,0.0,0.0,0.0,0.0,0.0,0.0,0.0,0.0,0.0,0.0,0.0,0.0,0.0,0.0,0.0,0.0,0.0,0.0,1.0,0.0,0.0,0.0,0.0,0.0,0.0,0.0,0.11000000000000001,0.055,0.0,-0.020000000000000004,0.07500000000000001,0.0,0.0,0.11000000000000001
Hunter Haight,MIN,C,2025-26,11.25,0.0,0.0,0.0,2.0,2.0,0.0,0.0,0.0,0.0,1.0,0.0,0.0,0.0,0.0,0.0,0.0,0.0,1.0,0.0,1.0,0.0,0.0,0.0,2.0,0.0,0.0,0.0,0.0,0.0,5.0,1.0,2.0,1.0,0.0,0.0,1.0,0.0,0.0,0.0,1.0,1.0,0.0,2.0,1.0,1.0,0.0,1.0,1.0,0.0,0.0,0.0,0.0,0.0,0.0,0.0,0.0,0.0,0.0,0.0,0.0,0.0,0.0,0.0,0.0,0.0,0.0,0.0,0.0,0.0,0.0,0.0,2.0,0.0,0.0,0.0,0.0,0.0,0.0,0.0,0.0,0.010000000000000016,0.14,-0.09,-0.04,0.0,0.0,0.0,0.010000000000000016
Konsta Helenius,BUF,C,2025-26,9.6,2.0,2.0,1.0,4.0,1.0,2.0,1.0,1.0,1.0,0.0,0.0,0.0,1.0,0.0,2.0,1.0,0.0,2.0,0.0,1.0,0.0,7.0,5.0,0.0,0.0,0.0,2.0,0.0,0.0,2.0,2.0,2.0,1.0,1.0,0.0,1.0,0.0,1.0,0.0,0.0,0.0,2.0,0.0,0.0,0.0,0.0,0.0,0.0,0.0,0.0,0.0,0.0,0.0,0.0,0.0,0.0,0.0,0.0,0.0,0.0,0.0,0.0,0.0,0.0,0.0,0.0,0.0,0.0,0.0,1.0,1.0,2.0,0.0,2.0,1.0,0.0,0.0,1.0,0.0,0.0,1.015,0.62,0.33499999999999996,0.0,0.060000000000000005,0.0,0.0,1.015
Samuel Montembeault,MTL,G,2025-26,95.55,0.0,0.0,0.0,0.0,0.0,0.0,0.0,0.0,0.0,0.0,0.0,0.0,0.0,0.0,0.0,0.0,0.0,0.0,0.0,0.0,0.0,0.0,0.0,0.0,0.0,0.0,0.0,0.0,0.0,5.0,5.0,0.0,0.0,0.0,0.0,0.0,0.0,4.0,0.0,5.0,0.0,0.0,0.0,0.0,0.0,0.0,0.0,0.0,0.0,0.0,0.0,0.0,0.0,0.0,0.0,0.0,0.0,0.0,0.0,0.0,0.0,0.0,0.0,0.0,0.0,0.0,0.0,0.0,0.0,0.0,0.0,0.0,0.0,0.0,0.0,0.0,0.0,0.0,0.0,0.0,0.0,0.0,0.0,0.0,0.0,0.0,0.0,0.0
Josh Samanski,EDM,C,2025-26,27.6833333333333,3.0,2.0,2.0,1.0,0.0,1.0,0.0,0.0,0.0,0.0,0.0,0.0,0.0,1.0,1.0,1.0,1.0,0.0,0.0,0.0,0.0,6.0,1.0,1.0,0.0,1.0,0.0,1.0,0.0,7.0,3.0,4.0,3.0,2.0,1.0,1.0,1.0,2.0,1.0,1.0,1.0,1.0,3.0,1.0,0.0,1.0,0.0,0.0,0.0,0.0,0.0,0.0,0.0,1.0,0.0,0.0,0.0,0.0,0.0,0.0,0.0,0.0,0.0,1.0,1.0,0.0,0.0,0.0,2.0,0.0,1.0,0.0,0.0,1.0,1.0,0.0,0.0,0.0,0.0,0.0,0.7350000000000001,0.47,0.035,0.065,0.08499999999999999,0.045,0.035,0.7000000000000001
Jeffrey Viel,ANA,L,2025-26,119.75,23.0,14.0,14.0,17.0,7.0,9.0,1.0,4.0,0.0,1.0,2.0,3.0,3.0,1.0,8.0,7.0,13.0,8.0,0.0,5.0,3.0,40.0,12.0,6.0,4.0,7.0,2.0,2.0,18.0,20.0,12.0,15.0,9.0,7.0,1.0,6.0,2.0,6.0,4.0,0.0,2.0,10.0,5.0,3.0,1.0,1.0,0.0,0.0,0.0,1.0,1.0,0.0,0.0,0.0,1.0,0.0,0.0,1.0,0.0,0.0,0.0,0.0,3.0,2.0,5.0,2.0,0.0,0.0,15.0,6.0,2.0,10.0,4.0,3.0,2.0,0.0,3.0,1.0,2.0,0.0,6.31,4.8549999999999995,0.45000000000000007,0.11,0.255,0.585,0.055,6.254999999999999
Ryan Strome,ANA,C,2025-26,73.950000000001,14.0,10.0,7.0,10.0,6.0,4.0,0.0,4.0,0.0,2.0,0.0,1.0,0.0,1.0,6.0,3.0,7.0,5.0,0.0,1.0,1.0,26.0,10.0,4.0,3.0,3.0,5.0,3.0,4.0,14.0,6.0,11.0,5.0,1.0,2.0,6.0,1.0,3.0,1.0,0.0,1.0,5.0,6.0,0.0,0.0,0.0,0.0,0.0,0.0,2.0,0.0,1.0,0.0,0.0,1.0,0.0,0.0,1.0,0.0,0.0,0.0,0.0,2.0,1.0,4.0,1.0,1.0,0.0,8.0,5.0,1.0,7.0,1.0,2.0,1.0,0.0,3.0,1.0,1.0,0.0,3.9299999999999997,2.815,0.6500000000000001,0.0,0.18000000000000002,0.195,0.09,3.84
Tim Washe,ANA,C,2025-26,115.0333333333327,8.0,6.0,5.0,9.0,5.0,2.0,2.0,1.0,0.0,0.0,0.0,0.0,0.0,1.0,1.0,1.0,4.0,3.0,1.0,2.0,1.0,31.0,6.0,4.0,1.0,3.0,1.0,1.0,24.0,22.0,17.0,15.0,8.0,4.0,3.0,7.0,1.0,8.0,2.0,3.0,2.0,13.0,2.0,3.0,1.0,2.0,0.0,0.0,0.0,0.0,0.0,0.0,2.0,3.0,0.0,1.0,0.0,0.0,0.0,0.0,0.0,0.0,0.0,1.0,3.0,0.0,3.0,0.0,6.0,0.0,1.0,7.0,0.0,1.0,1.0,0.0,0.0,0.0,0.0,0.0,3.16,1.7850000000000001,0.18,0.14500000000000002,0.33999999999999997,0.4949999999999999,0.215,2.9450000000000003
Tristan Jarry,EDM,G,2025-26,47.1333,0.0,0.0,0.0,0.0,0.0,0.0,0.0,0.0,0.0,0.0,0.0,0.0,0.0,0.0,0.0,0.0,0.0,0.0,0.0,0.0,0.0,0.0,0.0,0.0,0.0,0.0,0.0,0.0,0.0,0.0,0.0,0.0,0.0,0.0,0.0,0.0,0.0,0.0,0.0,0.0,0.0,0.0,0.0,0.0,0.0,0.0,0.0,0.0,0.0,0.0,0.0,0.0,0.0,0.0,0.0,0.0,0.0,0.0,0.0,0.0,0.0,0.0,0.0,0.0,0.0,0.0,0.0,0.0,0.0,0.0,0.0,0.0,0.0,0.0,0.0,0.0,0.0,0.0,0.0,0.0,0.0,0.0,0.0,0.0,0.0,0.0,0.0,0.0
Ian Moore,ANA,F,2025-26,30.516666666666296,6.0,4.0,3.0,1.0,0.0,1.0,0.0,0.0,0.0,0.0,0.0,0.0,1.0,0.0,4.0,1.0,2.0,0.0,0.0,0.0,0.0,16.0,4.0,1.0,0.0,0.0,1.0,1.0,1.0,6.0,3.0,4.0,1.0,1.0,0.0,3.0,0.0,1.0,0.0,1.0,0.0,2.0,2.0,2.0,0.0,1.0,0.0,0.0,0.0,0.0,0.0,0.0,0.0,0.0,0.0,0.0,0.0,0.0,0.0,0.0,0.0,0.0,0.0,1.0,0.0,0.0,0.0,0.0,2.0,2.0,2.0,0.0,1.0,0.0,2.0,0.0,0.0,2.0,0.0,0.0,1.185,0.7899999999999999,0.225,0.095,0.060000000000000005,0.015,0.0,1.185
Spencer Martin,NYR,G,2025-26,69.3333,0.0,0.0,0.0,0.0,0.0,0.0,0.0,0.0,0.0,0.0,0.0,0.0,0.0,0.0,0.0,0.0,0.0,0.0,0.0,0.0,0.0,0.0,0.0,0.0,0.0,0.0,0.0,0.0,0.0,14.0,14.0,2.0,2.0,0.0,2.0,0.0,0.0,10.0,3.0,12.0,3.0,2.0,0.0,0.0,0.0,0.0,0.0,0.0,0.0,0.0,0.0,0.0,0.0,0.0,0.0,0.0,0.0,0.0,0.0,0.0,0.0,0.0,0.0,0.0,0.0,0.0,0.0,0.0,0.0,0.0,0.0,0.0,0.0,0.0,0.0,0.0,0.0,0.0,0.0,0.0,0.0,0.0,0.0,0.0,0.0,0.0,0.0,0.0
Kevin Korchinski,CHI,D,2025-26,72.75,3.0,2.0,1.0,9.0,5.0,1.0,3.0,3.0,0.0,0.0,0.0,0.0,0.0,3.0,1.0,4.0,1.0,1.0,1.0,0.0,0.0,7.0,2.0,1.0,0.0,0.0,0.0,0.0,1.0,33.0,20.0,19.0,13.0,3.0,3.0,6.0,0.0,12.0,2.0,11.0,2.0,9.0,10.0,37.0,16.0,7.0,4.0,5.0,1.0,0.0,0.0,0.0,0.0,0.0,0.0,0.0,0.0,0.0,0.0,0.0,0.0,0.0,0.0,0.0,1.0,1.0,1.0,0.0,2.0,0.0,1.0,5.0,1.0,3.0,1.0,0.0,0.0,0.0,0.0,0.0,2.6750000000000003,1.16,0.045,0.8400000000000001,0.6150000000000001,0.015,0.0,2.6750000000000003
Nick Lardis,CHI,L,2025-26,100.53333333333299,12.0,9.0,8.0,9.0,7.0,2.0,0.0,3.0,1.0,1.0,0.0,0.0,3.0,2.0,6.0,5.0,3.0,3.0,2.0,0.0,0.0,20.0,8.0,3.0,0.0,3.0,1.0,1.0,11.0,28.0,9.0,17.0,14.0,4.0,1.0,3.0,0.0,6.0,3.0,5.0,6.0,4.0,13.0,2.0,2.0,0.0,0.0,1.0,0.0,2.0,2.0,2.0,0.0,0.0,1.0,2.0,1.0,1.0,1.0,0.0,0.0,0.0,4.0,2.0,0.0,0.0,0.0,0.0,6.0,2.0,4.0,4.0,1.0,4.0,3.0,1.0,2.0,0.0,0.0,0.0,3.6900000000000004,2.58,0.315,-0.010000000000000002,0.325,0.30000000000000004,0.18,3.5100000000000002
Drew Commesso,CHI,G,2025-26,93.1166,0.0,0.0,0.0,0.0,0.0,0.0,0.0,0.0,0.0,0.0,0.0,0.0,0.0,0.0,0.0,0.0,0.0,0.0,0.0,0.0,0.0,0.0,0.0,0.0,0.0,0.0,0.0,0.0,0.0,7.0,7.0,0.0,0.0,0.0,0.0,0.0,0.0,6.0,2.0,7.0,2.0,0.0,0.0,0.0,0.0,0.0,0.0,0.0,0.0,0.0,0.0,0.0,0.0,0.0,0.0,0.0,0.0,0.0,0.0,0.0,0.0,0.0,0.0,0.0,0.0,0.0,0.0,0.0,0.0,0.0,0.0,0.0,0.0,0.0,0.0,0.0,0.0,0.0,0.0,0.0,0.0,0.0,0.0,0.0,0.0,0.0,0.0,0.0
Alexander Holtz,VGK,R,2025-26,71.9499999999997,8.0,6.0,4.0,11.0,6.0,4.0,1.0,2.0,1.0,3.0,0.0,0.0,1.0,1.0,6.0,4.0,0.0,4.0,0.0,1.0,0.0,18.0,9.0,2.0,1.0,1.0,1.0,0.0,9.0,15.0,9.0,9.0,4.0,1.0,1.0,5.0,1.0,2.0,1.0,2.0,2.0,6.0,3.0,0.0,0.0,0.0,0.0,0.0,0.0,1.0,1.0,1.0,0.0,0.0,0.0,0.0,0.0,0.0,0.0,0.0,0.0,0.0,0.0,1.0,1.0,1.0,0.0,0.0,2.0,2.0,4.0,7.0,3.0,1.0,4.0,0.0,0.0,0.0,1.0,0.0,2.575,1.9049999999999998,0.37,0.0,0.085,0.18,0.035,2.54
Dylan Coghlan,VGK,D,2025-26,13.116666666667,2.0,1.0,0.0,1.0,1.0,0.0,0.0,1.0,0.0,0.0,0.0,0.0,0.0,0.0,0.0,0.0,1.0,1.0,1.0,0.0,0.0,1.0,0.0,0.0,0.0,0.0,0.0,0.0,0.0,4.0,3.0,0.0,0.0,0.0,0.0,0.0,0.0,2.0,2.0,3.0,1.0,0.0,0.0,5.0,3.0,0.0,0.0,2.0,1.0,0.0,0.0,0.0,0.0,0.0,0.0,0.0,0.0,0.0,0.0,0.0,0.0,0.0,0.0,0.0,0.0,1.0,0.0,0.0,1.0,0.0,1.0,1.0,0.0,0.0,0.0,0.0,0.0,0.0,0.0,1.0,0.265,0.31,0.0,0.009999999999999995,-0.05500000000000001,0.0,0.0,0.265
Tanner Laczynski,VGK,C,2025-26,47.75000000000001,6.0,5.0,4.0,1.0,0.0,1.0,0.0,0.0,0.0,0.0,0.0,0.0,0.0,0.0,1.0,0.0,5.0,1.0,0.0,1.0,1.0,8.0,2.0,1.0,0.0,1.0,0.0,0.0,4.0,5.0,2.0,2.0,2.0,0.0,1.0,0.0,0.0,2.0,2.0,1.0,3.0,1.0,1.0,1.0,0.0,0.0,0.0,0.0,1.0,0.0,0.0,0.0,0.0,0.0,0.0,2.0,2.0,0.0,2.0,1.0,0.0,0.0,1.0,1.0,0.0,0.0,0.0,0.0,5.0,1.0,0.0,1.0,0.0,0.0,0.0,0.0,0.0,1.0,0.0,0.0,1.19,0.935,0.045,0.015,-0.055000000000000014,0.105,0.145,1.0450000000000002
Matthew Poitras,BOS,C,2025-26,10.616666666667,4.0,3.0,3.0,1.0,0.0,0.0,1.0,0.0,0.0,0.0,0.0,0.0,0.0,0.0,0.0,0.0,3.0,1.0,1.0,1.0,2.0,3.0,2.0,0.0,0.0,1.0,0.0,0.0,2.0,3.0,2.0,1.0,1.0,1.0,0.0,0.0,0.0,1.0,0.0,2.0,0.0,0.0,1.0,0.0,0.0,0.0,0.0,0.0,0.0,1.0,0.0,0.0,0.0,0.0,0.0,0.0,0.0,0.0,0.0,0.0,0.0,0.0,0.0,1.0,0.0,0.0,0.0,0.0,4.0,0.0,0.0,1.0,0.0,0.0,0.0,0.0,0.0,0.0,0.0,0.0,0.965,0.74,0.09,0.0,0.060000000000000005,0.075,0.0,0.965
Cole Schwindt,FLA,R,2025-26,29.5166666666667,6.0,5.0,4.0,5.0,1.0,4.0,0.0,1.0,0.0,0.0,0.0,0.0,1.0,0.0,3.0,2.0,3.0,3.0,0.0,3.0,1.0,7.0,3.0,1.0,1.0,1.0,1.0,1.0,9.0,4.0,2.0,2.0,0.0,0.0,0.0,2.0,0.0,1.0,0.0,1.0,0.0,1.0,1.0,1.0,0.0,0.0,0.0,0.0,0.0,0.0,0.0,0.0,0.0,0.0,0.0,0.0,0.0,0.0,0.0,0.0,0.0,0.0,0.0,1.0,0.0,0.0,1.0,0.0,3.0,3.0,0.0,3.0,1.0,1.0,0.0,0.0,0.0,0.0,2.0,0.0,1.675,1.26,0.18,0.03,0.025,0.18,0.0,1.675
Matthew Tkachuk,FLA,L,2025-26,41.633333333333,5.0,2.0,2.0,10.0,9.0,1.0,0.0,9.0,0.0,0.0,4.0,5.0,0.0,1.0,3.0,5.0,1.0,5.0,1.0,0.0,0.0,7.0,5.0,0.0,1.0,4.0,1.0,0.0,5.0,9.0,5.0,6.0,5.0,1.0,1.0,1.0,1.0,2.0,0.0,1.0,0.0,3.0,3.0,1.0,1.0,0.0,0.0,0.0,0.0,2.0,1.0,1.0,0.0,0.0,4.0,6.0,4.0,0.0,4.0,1.0,0.0,3.0,0.0,0.0,1.0,1.0,2.0,1.0,2.0,1.0,2.0,5.0,1.0,4.0,1.0,1.0,0.0,1.0,0.0,0.0,3.6799999999999997,2.51,0.27999999999999997,0.015,0.225,0.255,0.395,3.285
Sandis Vilmanis,FLA,L,2025-26,48.91666666666671,6.0,6.0,4.0,4.0,2.0,2.0,0.0,0.0,0.0,2.0,0.0,0.0,1.0,0.0,3.0,1.0,3.0,3.0,0.0,1.0,0.0,12.0,4.0,2.0,0.0,2.0,1.0,0.0,2.0,15.0,6.0,9.0,4.0,0.0,0.0,5.0,2.0,0.0,0.0,2.0,2.0,2.0,7.0,3.0,2.0,0.0,0.0,0.0,0.0,0.0,0.0,0.0,0.0,0.0,0.0,0.0,0.0,0.0,0.0,0.0,0.0,0.0,0.0,0.0,0.0,0.0,0.0,0.0,3.0,1.0,2.0,3.0,0.0,1.0,1.0,1.0,0.0,0.0,0.0,0.0,1.475,1.08,0.14500000000000002,0.06,0.07,0.12,0.0,1.475
Tobias Bjornfot,FLA,D,2025-26,37.033333333334,3.0,2.0,2.0,2.0,0.0,2.0,0.0,0.0,0.0,0.0,0.0,0.0,2.0,0.0,1.0,2.0,1.0,0.0,0.0,0.0,0.0,6.0,0.0,0.0,0.0,0.0,0.0,0.0,0.0,8.0,5.0,2.0,0.0,0.0,0.0,2.0,0.0,4.0,0.0,4.0,2.0,1.0,1.0,11.0,7.0,1.0,1.0,1.0,0.0,0.0,0.0,0.0,0.0,0.0,0.0,0.0,0.0,0.0,0.0,0.0,0.0,0.0,0.0,0.0,0.0,0.0,0.0,0.0,2.0,1.0,0.0,0.0,2.0,0.0,0.0,0.0,0.0,0.0,1.0,0.0,0.76,0.525,0.0,0.20500000000000002,0.03,0.0,0.0,0.76
Ivan Ivan,COL,C,2025-26,9.6166666666667,1.0,1.0,0.0,1.0,0.0,1.0,0.0,0.0,0.0,0.0,0.0,0.0,0.0,0.0,0.0,0.0,1.0,0.0,0.0,0.0,0.0,2.0,0.0,0.0,0.0,0.0,0.0,0.0,1.0,1.0,1.0,1.0,1.0,0.0,1.0,0.0,0.0,1.0,0.0,0.0,0.0,1.0,0.0,0.0,0.0,0.0,0.0,0.0,0.0,0.0,0.0,0.0,0.0,0.0,0.0,0.0,0.0,0.0,0.0,0.0,0.0,0.0,1.0,0.0,0.0,0.0,0.0,0.0,1.0,0.0,0.0,1.0,0.0,0.0,0.0,0.0,0.0,0.0,0.0,0.0,0.20500000000000002,0.13,0.0,0.0,0.060000000000000005,0.015,0.0,0.20500000000000002
Mads Sogaard,OTT,G,2025-26,14.5333,0.0,0.0,0.0,0.0,0.0,0.0,0.0,0.0,0.0,0.0,0.0,0.0,0.0,0.0,0.0,0.0,0.0,0.0,0.0,0.0,0.0,0.0,0.0,0.0,0.0,0.0,0.0,0.0,0.0,1.0,1.0,1.0,0.0,0.0,0.0,1.0,0.0,0.0,0.0,0.0,0.0,1.0,0.0,0.0,0.0,0.0,0.0,0.0,0.0,0.0,0.0,0.0,0.0,0.0,0.0,0.0,0.0,0.0,0.0,0.0,0.0,0.0,0.0,0.0,0.0,0.0,0.0,0.0,0.0,0.0,0.0,0.0,0.0,0.0,0.0,0.0,0.0,0.0,0.0,0.0,0.0,0.0,0.0,0.0,0.0,0.0,0.0,0.0
Egor Zamula,CBJ,D,2025-26,18.4500000000003,2.0,2.0,1.0,2.0,1.0,0.0,1.0,1.0,0.0,0.0,0.0,0.0,0.0,1.0,0.0,1.0,1.0,0.0,1.0,0.0,0.0,2.0,1.0,0.0,0.0,0.0,0.0,0.0,1.0,11.0,8.0,3.0,2.0,0.0,1.0,1.0,3.0,4.0,0.0,3.0,0.0,2.0,1.0,8.0,3.0,0.0,1.0,1.0,1.0,0.0,0.0,0.0,0.0,0.0,0.0,0.0,0.0,0.0,0.0,0.0,0.0,0.0,0.0,0.0,0.0,0.0,1.0,0.0,2.0,0.0,0.0,1.0,0.0,1.0,0.0,0.0,0.0,0.0,0.0,0.0,0.8150000000000001,0.46,0.045,0.125,0.17,0.015,0.0,0.8150000000000001
James Reimer,OTT,G,2025-26,136.7333,0.0,0.0,0.0,0.0,0.0,0.0,0.0,0.0,0.0,0.0,0.0,0.0,0.0,0.0,0.0,0.0,0.0,0.0,0.0,0.0,0.0,0.0,0.0,0.0,0.0,0.0,0.0,0.0,0.0,7.0,7.0,0.0,0.0,0.0,0.0,0.0,0.0,3.0,2.0,7.0,2.0,0.0,0.0,0.0,0.0,0.0,0.0,0.0,0.0,0.0,0.0,0.0,0.0,0.0,0.0,0.0,0.0,0.0,0.0,0.0,0.0,0.0,0.0,0.0,0.0,0.0,0.0,0.0,0.0,0.0,0.0,0.0,0.0,0.0,0.0,0.0,0.0,0.0,0.0,0.0,0.0,0.0,0.0,0.0,0.0,0.0,0.0,0.0
Ty Murchison,PHI,D,2025-26,13.333333333333,1.0,1.0,0.0,2.0,1.0,1.0,0.0,0.0,0.0,0.0,0.0,1.0,0.0,1.0,0.0,1.0,1.0,0.0,0.0,1.0,0.0,1.0,0.0,0.0,0.0,0.0,0.0,0.0,1.0,5.0,4.0,1.0,0.0,0.0,0.0,1.0,1.0,2.0,0.0,3.0,0.0,0.0,1.0,4.0,1.0,0.0,1.0,0.0,0.0,0.0,0.0,0.0,0.0,0.0,0.0,0.0,0.0,0.0,0.0,0.0,0.0,0.0,0.0,0.0,0.0,1.0,0.0,0.0,1.0,0.0,0.0,1.0,0.0,1.0,0.0,0.0,0.0,0.0,0.0,0.0,0.40499999999999997,0.25,0.0,0.09,0.05,0.015,0.0,0.40499999999999997
Jaycob Megna,VGK,D,2025-26,11.016666666667,2.0,1.0,0.0,1.0,0.0,1.0,0.0,0.0,0.0,0.0,0.0,0.0,0.0,0.0,0.0,0.0,2.0,1.0,0.0,1.0,0.0,0.0,0.0,0.0,0.0,0.0,0.0,0.0,4.0,0.0,0.0,0.0,0.0,0.0,0.0,0.0,0.0,0.0,0.0,0.0,0.0,0.0,0.0,0.0,0.0,0.0,0.0,0.0,0.0,0.0,0.0,0.0,0.0,0.0,0.0,0.0,0.0,0.0,0.0,0.0,0.0,0.0,0.0,0.0,0.0,0.0,0.0,0.0,2.0,0.0,0.0,1.0,0.0,0.0,0.0,0.0,0.0,0.0,0.0,0.0,0.265,0.205,0.0,0.0,0.0,0.06,0.0,0.265
Lane Pederson,PHI,C,2025-26,8.2166666666667,1.0,0.0,0.0,1.0,1.0,0.0,0.0,0.0,0.0,1.0,0.0,0.0,0.0,0.0,1.0,0.0,0.0,1.0,0.0,0.0,0.0,0.0,0.0,0.0,0.0,0.0,0.0,0.0,1.0,0.0,0.0,0.0,0.0,0.0,0.0,0.0,0.0,0.0,0.0,0.0,0.0,0.0,0.0,0.0,0.0,0.0,0.0,0.0,0.0,0.0,0.0,0.0,0.0,0.0,0.0,0.0,0.0,0.0,0.0,0.0,0.0,0.0,0.0,0.0,1.0,0.0,0.0,0.0,0.0,1.0,0.0,1.0,0.0,0.0,0.0,0.0,0.0,1.0,0.0,0.0,0.16000000000000003,0.14500000000000002,0.0,0.0,0.0,0.015,0.0,0.16000000000000003
Rasmus Andersson,VGK,D,2025-26,94.01666666666699,17.0,14.0,3.0,15.0,7.0,6.0,2.0,4.0,0.0,0.0,1.0,1.0,0.0,4.0,5.0,6.0,7.0,3.0,1.0,2.0,0.0,18.0,8.0,0.0,5.0,0.0,4.0,2.0,0.0,32.0,27.0,10.0,5.0,0.0,0.0,5.0,1.0,17.0,6.0,21.0,5.0,5.0,5.0,17.0,11.0,1.0,4.0,4.0,0.0,2.0,1.0,0.0,0.0,0.0,0.0,1.0,0.0,0.0,0.0,0.0,0.0,0.0,4.0,0.0,0.0,1.0,1.0,0.0,12.0,2.0,3.0,7.0,3.0,4.0,1.0,0.0,1.0,0.0,1.0,2.0,3.9750000000000005,2.95,0.65,0.16,0.215,0.0,0.0,3.9750000000000005
Jonas Rondbjerg,VGK,R,2025-26,21.8166666666663,2.0,2.0,2.0,2.0,1.0,0.0,1.0,0.0,0.0,0.0,0.0,0.0,1.0,0.0,0.0,1.0,2.0,1.0,0.0,1.0,0.0,7.0,2.0,2.0,0.0,2.0,0.0,0.0,2.0,3.0,3.0,3.0,3.0,3.0,0.0,0.0,0.0,3.0,0.0,0.0,0.0,3.0,0.0,1.0,0.0,1.0,0.0,0.0,0.0,0.0,0.0,0.0,0.0,0.0,0.0,0.0,0.0,0.0,0.0,0.0,0.0,0.0,0.0,0.0,0.0,0.0,0.0,0.0,2.0,0.0,0.0,1.0,1.0,0.0,0.0,0.0,0.0,0.0,0.0,0.0,0.8300000000000001,0.465,0.0,0.065,0.18000000000000002,0.12,0.0,0.8300000000000001
Jonatan Berggren,STL,R,2025-26,84.933333333333,6.0,6.0,4.0,14.0,8.0,6.0,0.0,5.0,2.0,3.0,1.0,1.0,0.0,2.0,2.0,6.0,4.0,6.0,0.0,1.0,2.0,21.0,10.0,2.0,2.0,1.0,5.0,1.0,5.0,26.0,13.0,21.0,13.0,7.0,2.0,8.0,1.0,7.0,0.0,2.0,2.0,10.0,11.0,1.0,0.0,1.0,0.0,0.0,0.0,2.0,2.0,2.0,0.0,0.0,0.0,2.0,1.0,0.0,1.0,0.0,0.0,1.0,1.0,0.0,0.0,1.0,4.0,0.0,4.0,2.0,0.0,8.0,1.0,5.0,0.0,0.0,2.0,0.0,0.0,0.0,4.045,2.4699999999999998,0.6699999999999999,0.065,0.56,0.12,0.16,3.885
Otto Stenberg,STL,C,2025-26,94.333333333333,6.0,5.0,3.0,6.0,4.0,2.0,0.0,2.0,0.0,0.0,1.0,1.0,1.0,0.0,0.0,3.0,4.0,1.0,2.0,1.0,2.0,23.0,9.0,2.0,3.0,1.0,3.0,0.0,6.0,22.0,10.0,19.0,10.0,3.0,4.0,9.0,0.0,6.0,1.0,2.0,2.0,8.0,11.0,2.0,1.0,1.0,0.0,1.0,0.0,0.0,0.0,0.0,0.0,0.0,0.0,0.0,0.0,0.0,0.0,0.0,0.0,0.0,2.0,0.0,1.0,1.0,0.0,0.0,6.0,0.0,0.0,3.0,2.0,1.0,0.0,0.0,0.0,0.0,0.0,0.0,2.555,1.5050000000000001,0.48000000000000004,0.04,0.395,0.135,0.0,2.555
Igor Chernyshov,S.J,L,2025-26,40.383333333333,6.0,4.0,5.0,9.0,3.0,5.0,1.0,2.0,0.0,0.0,0.0,0.0,1.0,2.0,2.0,5.0,3.0,1.0,0.0,0.0,1.0,9.0,6.0,5.0,5.0,1.0,2.0,1.0,2.0,8.0,4.0,5.0,4.0,1.0,1.0,1.0,0.0,3.0,1.0,2.0,1.0,2.0,3.0,1.0,1.0,0.0,0.0,1.0,0.0,1.0,0.0,0.0,0.0,0.0,0.0,1.0,0.0,0.0,0.0,0.0,0.0,0.0,1.0,1.0,0.0,1.0,0.0,0.0,4.0,0.0,2.0,3.0,0.0,6.0,2.0,0.0,0.0,0.0,0.0,0.0,2.08,1.695,0.18999999999999997,-0.025,0.14500000000000002,0.075,0.0,2.08
Arttu Hyry,DAL,R,2025-26,44.233333333333604,5.0,5.0,4.0,3.0,2.0,1.0,0.0,1.0,0.0,0.0,0.0,0.0,0.0,0.0,1.0,0.0,3.0,1.0,0.0,0.0,0.0,13.0,4.0,0.0,0.0,3.0,0.0,1.0,7.0,6.0,2.0,6.0,5.0,1.0,2.0,1.0,0.0,2.0,0.0,0.0,0.0,2.0,4.0,0.0,0.0,0.0,0.0,0.0,0.0,0.0,0.0,0.0,1.0,1.0,0.0,0.0,0.0,0.0,0.0,0.0,0.0,0.0,0.0,2.0,1.0,0.0,1.0,0.0,4.0,1.0,0.0,3.0,0.0,0.0,0.0,0.0,1.0,0.0,0.0,0.0,1.8099999999999998,1.04,0.21499999999999997,0.0,0.225,0.24000000000000002,0.09,1.72
Anton Blidh,NYR,L,2025-26,7.9333333333333,1.0,1.0,0.0,0.0,0.0,0.0,0.0,0.0,0.0,0.0,0.0,0.0,0.0,0.0,1.0,0.0,0.0,0.0,0.0,0.0,0.0,2.0,1.0,0.0,0.0,1.0,0.0,0.0,1.0,1.0,1.0,1.0,1.0,0.0,1.0,0.0,0.0,1.0,0.0,0.0,0.0,1.0,0.0,0.0,0.0,0.0,0.0,0.0,0.0,0.0,0.0,0.0,0.0,0.0,0.0,0.0,0.0,0.0,0.0,0.0,0.0,0.0,0.0,0.0,0.0,0.0,0.0,0.0,0.0,0.0,1.0,0.0,0.0,0.0,1.0,0.0,0.0,0.0,0.0,0.0,0.24,0.075,0.045,0.0,0.060000000000000005,0.06,0.0,0.24
Justin Dowling,NYR,C,2025-26,7.3,1.0,1.0,1.0,1.0,1.0,0.0,0.0,1.0,0.0,0.0,1.0,0.0,0.0,0.0,0.0,0.0,1.0,1.0,0.0,0.0,0.0,2.0,0.0,0.0,0.0,1.0,0.0,1.0,0.0,4.0,1.0,2.0,0.0,0.0,0.0,2.0,0.0,1.0,0.0,1.0,0.0,0.0,2.0,0.0,0.0,0.0,0.0,0.0,0.0,0.0,0.0,0.0,0.0,0.0,0.0,0.0,0.0,0.0,0.0,0.0,0.0,0.0,0.0,0.0,0.0,1.0,0.0,0.0,1.0,0.0,0.0,1.0,0.0,0.0,0.0,0.0,0.0,0.0,0.0,0.0,0.48500000000000004,0.38,0.035,0.0,0.025,0.045,0.0,0.48500000000000004
Alexander Kerfoot,UTA,C,2025-26,49.233333333332695,4.0,2.0,2.0,10.0,8.0,1.0,1.0,3.0,0.0,2.0,2.0,1.0,3.0,0.0,2.0,5.0,2.0,4.0,0.0,0.0,0.0,20.0,11.0,3.0,6.0,2.0,3.0,0.0,4.0,12.0,5.0,7.0,2.0,1.0,1.0,5.0,0.0,3.0,1.0,1.0,1.0,4.0,3.0,2.0,2.0,0.0,0.0,0.0,0.0,0.0,0.0,0.0,2.0,0.0,0.0,0.0,0.0,0.0,0.0,0.0,0.0,0.0,0.0,0.0,3.0,1.0,0.0,0.0,2.0,1.0,1.0,5.0,5.0,0.0,0.0,1.0,1.0,0.0,0.0,0.0,2.4699999999999998,1.58,0.525,0.03,0.07500000000000001,0.15,0.11,2.36
Kiefer Sherwood,S.J,L,2025-26,54.6,9.0,9.0,7.0,7.0,2.0,3.0,2.0,1.0,0.0,1.0,1.0,0.0,2.0,0.0,4.0,2.0,4.0,4.0,1.0,2.0,1.0,19.0,10.0,3.0,4.0,1.0,3.0,2.0,10.0,10.0,4.0,6.0,2.0,2.0,0.0,4.0,1.0,2.0,0.0,0.0,0.0,3.0,3.0,3.0,2.0,1.0,1.0,0.0,0.0,0.0,0.0,0.0,1.0,0.0,0.0,1.0,1.0,0.0,0.0,0.0,0.0,0.0,0.0,3.0,0.0,1.0,0.0,0.0,5.0,3.0,1.0,5.0,1.0,1.0,0.0,1.0,0.0,0.0,3.0,0.0,2.9450000000000003,1.9450000000000003,0.55,0.08,0.12000000000000001,0.195,0.055,2.8900000000000006
Walker Duehr,WPG,R,2025-26,8.0333333333333,2.0,2.0,1.0,2.0,0.0,2.0,0.0,0.0,0.0,0.0,0.0,0.0,0.0,0.0,1.0,0.0,1.0,1.0,0.0,1.0,0.0,4.0,3.0,1.0,1.0,2.0,1.0,0.0,1.0,0.0,0.0,0.0,0.0,0.0,0.0,0.0,0.0,0.0,0.0,0.0,0.0,0.0,0.0,0.0,0.0,0.0,0.0,0.0,0.0,0.0,0.0,0.0,0.0,0.0,0.0,0.0,0.0,0.0,0.0,0.0,0.0,0.0,0.0,0.0,0.0,0.0,0.0,0.0,1.0,1.0,0.0,1.0,0.0,1.0,0.0,0.0,1.0,0.0,0.0,0.0,0.605,0.355,0.14500000000000002,0.0,0.0,0.105,0.0,0.605
Andre Lee,L.A,L,2025-26,8.0,1.0,1.0,0.0,0.0,0.0,0.0,0.0,0.0,0.0,0.0,0.0,0.0,0.0,0.0,1.0,0.0,0.0,0.0,0.0,0.0,0.0,1.0,1.0,1.0,0.0,1.0,0.0,0.0,1.0,2.0,2.0,0.0,0.0,0.0,0.0,0.0,0.0,0.0,1.0,2.0,0.0,0.0,0.0,0.0,0.0,0.0,0.0,0.0,0.0,0.0,0.0,0.0,0.0,0.0,0.0,0.0,0.0,0.0,0.0,0.0,0.0,0.0,0.0,0.0,0.0,0.0,1.0,0.0,0.0,0.0,1.0,0.0,0.0,0.0,0.0,0.0,0.0,0.0,0.0,1.0,0.09999999999999999,0.075,0.0,0.0,-0.035,0.06,0.0,0.09999999999999999
Taylor Ward,L.A,R,2025-26,42.1000000000001,7.0,3.0,4.0,4.0,4.0,0.0,0.0,3.0,0.0,0.0,1.0,1.0,1.0,0.0,2.0,2.0,4.0,2.0,0.0,0.0,1.0,15.0,7.0,0.0,2.0,3.0,1.0,1.0,5.0,17.0,11.0,12.0,5.0,1.0,3.0,7.0,2.0,4.0,0.0,0.0,2.0,9.0,3.0,2.0,2.0,0.0,0.0,0.0,0.0,0.0,0.0,0.0,0.0,0.0,0.0,0.0,0.0,0.0,0.0,0.0,0.0,0.0,2.0,1.0,1.0,2.0,2.0,0.0,5.0,1.0,1.0,2.0,1.0,1.0,0.0,1.0,0.0,0.0,1.0,0.0,2.4550000000000005,1.605,0.40499999999999997,0.03,0.20500000000000002,0.21,0.0,2.4550000000000005
Travis Mitchell,NYI,D,2025-26,21.550000000000303,1.0,1.0,0.0,0.0,0.0,0.0,0.0,0.0,0.0,0.0,0.0,0.0,0.0,0.0,0.0,0.0,0.0,0.0,0.0,0.0,0.0,0.0,0.0,0.0,0.0,0.0,0.0,0.0,0.0,4.0,2.0,0.0,0.0,0.0,0.0,0.0,0.0,1.0,3.0,2.0,2.0,0.0,0.0,4.0,2.0,0.0,0.0,0.0,0.0,0.0,0.0,0.0,0.0,0.0,0.0,0.0,0.0,0.0,0.0,0.0,0.0,0.0,0.0,0.0,0.0,0.0,0.0,0.0,1.0,0.0,0.0,0.0,0.0,0.0,0.0,0.0,0.0,0.0,0.0,0.0,0.014999999999999986,0.075,0.0,0.09,-0.15000000000000002,0.0,0.0,0.014999999999999986
Robby Fabbri,STL,C,2025-26,46.7000000000007,6.0,5.0,5.0,5.0,1.0,0.0,4.0,1.0,0.0,0.0,0.0,0.0,0.0,2.0,1.0,3.0,3.0,1.0,1.0,1.0,0.0,9.0,2.0,1.0,1.0,1.0,1.0,2.0,4.0,6.0,2.0,5.0,5.0,1.0,1.0,0.0,0.0,2.0,1.0,0.0,0.0,2.0,3.0,0.0,0.0,0.0,0.0,0.0,0.0,0.0,0.0,0.0,0.0,0.0,0.0,0.0,0.0,0.0,0.0,0.0,0.0,0.0,0.0,0.0,2.0,0.0,0.0,0.0,5.0,1.0,0.0,2.0,0.0,3.0,0.0,0.0,0.0,0.0,1.0,0.0,1.7699999999999998,1.3049999999999997,0.17,0.0,0.19,0.105,0.0,1.7699999999999998
Jack Finley,STL,C,2025-26,19.0666666666663,1.0,1.0,0.0,4.0,3.0,1.0,0.0,0.0,0.0,1.0,0.0,0.0,1.0,0.0,1.0,1.0,0.0,2.0,0.0,1.0,0.0,3.0,2.0,2.0,0.0,1.0,1.0,0.0,2.0,6.0,1.0,3.0,1.0,1.0,0.0,2.0,0.0,1.0,0.0,0.0,2.0,1.0,2.0,0.0,0.0,0.0,0.0,0.0,0.0,0.0,0.0,0.0,0.0,0.0,0.0,0.0,0.0,0.0,0.0,0.0,0.0,0.0,0.0,0.0,0.0,2.0,1.0,0.0,0.0,0.0,1.0,3.0,1.0,0.0,0.0,1.0,0.0,0.0,0.0,0.0,0.45999999999999996,0.34,0.055,0.0,-0.010000000000000002,0.075,0.0,0.45999999999999996
Sam Carrick,BUF,C,2025-26,25.4666666666664,7.0,6.0,5.0,5.0,1.0,3.0,1.0,1.0,0.0,0.0,1.0,0.0,0.0,0.0,1.0,1.0,3.0,2.0,2.0,2.0,1.0,9.0,4.0,1.0,2.0,2.0,2.0,1.0,5.0,6.0,5.0,5.0,3.0,1.0,1.0,2.0,0.0,2.0,0.0,1.0,0.0,4.0,1.0,1.0,0.0,0.0,0.0,0.0,0.0,0.0,0.0,0.0,0.0,0.0,0.0,0.0,0.0,0.0,0.0,0.0,0.0,0.0,0.0,0.0,2.0,0.0,1.0,0.0,6.0,0.0,1.0,4.0,1.0,0.0,1.0,0.0,0.0,0.0,0.0,0.0,2.11,1.48,0.28,0.03,0.155,0.16499999999999998,0.0,2.11
Conor Geekie,T.B,C,2025-26,18.200000000000003,1.0,1.0,1.0,4.0,2.0,2.0,0.0,1.0,0.0,0.0,0.0,1.0,1.0,1.0,0.0,3.0,0.0,1.0,1.0,0.0,0.0,7.0,2.0,1.0,1.0,2.0,0.0,0.0,7.0,4.0,2.0,4.0,3.0,2.0,0.0,1.0,0.0,2.0,0.0,0.0,0.0,2.0,2.0,4.0,0.0,2.0,0.0,0.0,0.0,0.0,0.0,0.0,0.0,0.0,0.0,0.0,0.0,0.0,0.0,0.0,0.0,0.0,0.0,0.0,1.0,0.0,0.0,0.0,1.0,0.0,0.0,1.0,1.0,2.0,0.0,0.0,0.0,0.0,0.0,0.0,1.145,0.56,0.045,0.19,0.15500000000000003,0.195,0.0,1.145
Corey Perry,T.B,R,2025-26,58.1333333333326,3.0,2.0,2.0,3.0,1.0,1.0,1.0,1.0,0.0,0.0,0.0,0.0,0.0,0.0,1.0,1.0,1.0,2.0,1.0,2.0,0.0,12.0,3.0,2.0,0.0,3.0,0.0,0.0,9.0,19.0,7.0,8.0,8.0,3.0,1.0,0.0,0.0,6.0,1.0,4.0,5.0,3.0,5.0,0.0,0.0,0.0,0.0,0.0,0.0,1.0,1.0,0.0,0.0,0.0,0.0,0.0,0.0,0.0,0.0,0.0,0.0,0.0,0.0,0.0,1.0,0.0,0.0,0.0,2.0,0.0,1.0,2.0,0.0,1.0,0.0,0.0,0.0,0.0,0.0,1.0,1.22,0.685,0.045,0.0,0.22000000000000003,0.27,0.0,1.22
Brayden Schenn,NYI,C,2025-26,55.0000000000003,5.0,5.0,4.0,9.0,4.0,5.0,0.0,2.0,0.0,1.0,1.0,0.0,0.0,2.0,3.0,2.0,2.0,4.0,0.0,3.0,0.0,16.0,10.0,1.0,3.0,2.0,2.0,0.0,5.0,12.0,6.0,9.0,6.0,2.0,1.0,3.0,0.0,4.0,1.0,2.0,2.0,4.0,5.0,1.0,1.0,0.0,1.0,0.0,0.0,2.0,0.0,0.0,0.0,0.0,7.0,2.0,1.0,6.0,0.0,0.0,1.0,0.0,1.0,0.0,0.0,1.0,2.0,0.0,2.0,0.0,3.0,6.0,0.0,3.0,3.0,0.0,0.0,0.0,0.0,0.0,2.7550000000000003,1.5399999999999998,0.515,0.0,0.205,0.16499999999999998,0.33,2.425
Carson Soucy,NYI,D,2025-26,86.4,6.0,5.0,1.0,11.0,5.0,5.0,1.0,4.0,0.0,0.0,0.0,1.0,1.0,2.0,0.0,3.0,2.0,4.0,1.0,1.0,0.0,10.0,2.0,0.0,0.0,0.0,0.0,2.0,1.0,38.0,26.0,12.0,5.0,2.0,0.0,7.0,1.0,13.0,9.0,20.0,10.0,5.0,7.0,41.0,25.0,5.0,7.0,9.0,1.0,0.0,0.0,0.0,0.0,1.0,0.0,0.0,0.0,0.0,0.0,0.0,0.0,0.0,1.0,0.0,0.0,0.0,0.0,3.0,4.0,0.0,1.0,8.0,1.0,2.0,0.0,0.0,0.0,0.0,0.0,1.0,2.23,1.635,0.16,0.55,-0.16500000000000004,0.015,0.035,2.195
Ondrej Palat,NYI,L,2025-26,67.63333333333331,5.0,4.0,3.0,6.0,4.0,2.0,0.0,2.0,0.0,2.0,0.0,0.0,0.0,0.0,4.0,3.0,1.0,2.0,0.0,2.0,1.0,19.0,4.0,1.0,1.0,2.0,0.0,0.0,5.0,14.0,8.0,7.0,3.0,0.0,1.0,4.0,0.0,4.0,1.0,4.0,3.0,4.0,3.0,1.0,0.0,0.0,0.0,0.0,0.0,0.0,0.0,0.0,0.0,0.0,0.0,0.0,0.0,0.0,0.0,0.0,0.0,0.0,1.0,0.0,1.0,1.0,0.0,1.0,1.0,3.0,1.0,2.0,1.0,3.0,0.0,0.0,1.0,1.0,1.0,1.0,1.6750000000000005,1.2800000000000002,0.135,0.03,0.065,0.16499999999999998,0.0,1.6750000000000005
Johnathan Kovacevic,N.J,D,2025-26,127.866666666668,12.0,9.0,4.0,19.0,12.0,3.0,4.0,3.0,0.0,1.0,0.0,2.0,3.0,6.0,4.0,10.0,5.0,8.0,2.0,0.0,0.0,10.0,3.0,0.0,2.0,0.0,0.0,1.0,0.0,56.0,44.0,20.0,10.0,0.0,6.0,10.0,5.0,27.0,8.0,24.0,8.0,15.0,5.0,54.0,31.0,6.0,6.0,6.0,4.0,0.0,0.0,0.0,0.0,1.0,0.0,0.0,0.0,0.0,0.0,0.0,0.0,0.0,4.0,1.0,0.0,2.0,1.0,3.0,8.0,1.0,3.0,9.0,2.0,8.0,0.0,2.0,0.0,0.0,1.0,1.0,4.5200000000000005,2.8750000000000004,0.17,0.975,0.465,0.0,0.035,4.485
Lenni Hameenaho,N.J,R,2025-26,82.6166666666677,12.0,11.0,7.0,13.0,4.0,7.0,2.0,2.0,0.0,1.0,1.0,2.0,2.0,1.0,7.0,5.0,4.0,2.0,0.0,2.0,1.0,29.0,9.0,3.0,2.0,4.0,2.0,2.0,8.0,22.0,9.0,14.0,9.0,4.0,3.0,5.0,0.0,5.0,0.0,2.0,3.0,7.0,7.0,2.0,0.0,0.0,0.0,0.0,1.0,2.0,1.0,1.0,0.0,0.0,0.0,0.0,0.0,0.0,0.0,0.0,0.0,0.0,3.0,1.0,0.0,1.0,0.0,0.0,5.0,4.0,3.0,7.0,4.0,2.0,3.0,0.0,1.0,2.0,1.0,0.0,3.8849999999999993,2.7199999999999998,0.45,0.045,0.335,0.3,0.035,3.849999999999999
Nick Bjugstad,N.J,C,2025-26,64.6499999999999,9.0,7.0,5.0,3.0,2.0,1.0,0.0,2.0,1.0,0.0,0.0,0.0,0.0,0.0,3.0,1.0,5.0,0.0,1.0,2.0,3.0,8.0,5.0,4.0,1.0,0.0,1.0,0.0,10.0,8.0,5.0,4.0,3.0,2.0,1.0,1.0,1.0,3.0,0.0,1.0,2.0,3.0,1.0,0.0,0.0,0.0,0.0,0.0,0.0,0.0,0.0,0.0,2.0,2.0,0.0,0.0,0.0,0.0,0.0,0.0,0.0,0.0,1.0,0.0,1.0,1.0,1.0,0.0,6.0,2.0,1.0,2.0,0.0,1.0,1.0,0.0,0.0,1.0,1.0,0.0,2.265,1.725,0.1,0.0,0.11000000000000001,0.15000000000000002,0.18,2.085
Dominik Shine,DET,R,2025-26,22.716666666666697,3.0,3.0,3.0,6.0,5.0,1.0,0.0,0.0,0.0,1.0,1.0,0.0,1.0,0.0,2.0,2.0,0.0,4.0,1.0,1.0,0.0,9.0,4.0,1.0,1.0,3.0,2.0,0.0,9.0,4.0,1.0,2.0,2.0,1.0,0.0,0.0,0.0,1.0,0.0,0.0,0.0,1.0,1.0,0.0,0.0,0.0,0.0,0.0,0.0,1.0,0.0,0.0,0.0,1.0,0.0,2.0,1.0,0.0,0.0,0.0,1.0,0.0,1.0,0.0,0.0,2.0,1.0,0.0,1.0,1.0,1.0,4.0,1.0,1.0,0.0,1.0,0.0,1.0,0.0,0.0,1.61,0.9650000000000001,0.245,0.0,0.095,0.27,0.035,1.5750000000000002
Justin Faulk,DET,D,2025-26,89.76666666666702,9.0,8.0,1.0,14.0,9.0,5.0,0.0,2.0,0.0,0.0,0.0,0.0,1.0,2.0,0.0,3.0,6.0,7.0,2.0,2.0,0.0,14.0,4.0,0.0,0.0,0.0,0.0,0.0,1.0,40.0,30.0,17.0,7.0,0.0,3.0,10.0,2.0,13.0,10.0,18.0,8.0,10.0,7.0,38.0,28.0,2.0,8.0,10.0,0.0,2.0,2.0,0.0,0.0,0.0,2.0,3.0,1.0,1.0,1.0,0.0,0.0,0.0,0.0,1.0,0.0,1.0,0.0,2.0,9.0,0.0,0.0,11.0,1.0,2.0,0.0,0.0,0.0,0.0,0.0,0.0,2.37,1.855,0.18,0.27,-0.06000000000000005,0.015,0.11,2.26
Maxim Tsyplakov,N.J,R,2025-26,41.900000000000006,5.0,4.0,5.0,5.0,3.0,1.0,1.0,3.0,1.0,0.0,1.0,1.0,1.0,1.0,3.0,3.0,0.0,2.0,1.0,1.0,0.0,13.0,6.0,0.0,2.0,3.0,4.0,0.0,9.0,9.0,7.0,6.0,3.0,0.0,1.0,3.0,0.0,2.0,1.0,3.0,0.0,4.0,2.0,3.0,2.0,0.0,1.0,1.0,1.0,0.0,0.0,0.0,0.0,0.0,0.0,0.0,0.0,0.0,0.0,0.0,0.0,0.0,0.0,1.0,2.0,1.0,0.0,0.0,1.0,1.0,3.0,2.0,1.0,2.0,2.0,1.0,0.0,0.0,1.0,0.0,2.4600000000000004,1.59,0.49,-0.010000000000000002,0.12000000000000001,0.27,0.0,2.4600000000000004
MacKenzie Weegar,UTA,D,2025-26,71.316666666667,9.0,6.0,2.0,6.0,5.0,1.0,0.0,3.0,1.0,0.0,0.0,0.0,0.0,1.0,1.0,1.0,7.0,1.0,1.0,2.0,0.0,4.0,1.0,0.0,0.0,0.0,0.0,0.0,0.0,31.0,24.0,13.0,9.0,1.0,6.0,4.0,0.0,18.0,3.0,15.0,3.0,9.0,4.0,22.0,16.0,2.0,1.0,2.0,0.0,0.0,0.0,0.0,0.0,1.0,0.0,2.0,1.0,0.0,0.0,0.0,0.0,0.0,1.0,0.0,0.0,2.0,0.0,0.0,8.0,0.0,1.0,5.0,0.0,1.0,1.0,0.0,0.0,0.0,0.0,0.0,2.62,1.5899999999999999,0.045,0.395,0.555,0.0,0.035,2.585
Avery Hayes,PIT,R,2025-26,38.733333333333704,2.0,1.0,1.0,4.0,3.0,1.0,0.0,2.0,0.0,0.0,0.0,2.0,1.0,0.0,1.0,1.0,0.0,1.0,1.0,1.0,0.0,7.0,1.0,1.0,0.0,0.0,0.0,1.0,3.0,5.0,3.0,3.0,1.0,0.0,1.0,2.0,0.0,1.0,0.0,1.0,1.0,2.0,1.0,1.0,0.0,0.0,0.0,0.0,0.0,0.0,0.0,0.0,0.0,0.0,0.0,0.0,0.0,0.0,0.0,0.0,0.0,0.0,0.0,0.0,0.0,1.0,1.0,0.0,0.0,2.0,0.0,2.0,2.0,0.0,0.0,0.0,0.0,1.0,1.0,0.0,0.925,0.79,0.035,0.03,0.025,0.045,0.0,0.925
Elmer Soderblom,PIT,L,2025-26,47.033333333333,6.0,5.0,2.0,5.0,2.0,3.0,0.0,0.0,0.0,0.0,0.0,0.0,0.0,0.0,2.0,1.0,2.0,3.0,2.0,2.0,0.0,16.0,5.0,0.0,0.0,4.0,1.0,1.0,3.0,5.0,3.0,4.0,3.0,1.0,2.0,1.0,0.0,3.0,0.0,0.0,0.0,3.0,1.0,1.0,1.0,0.0,0.0,0.0,0.0,0.0,0.0,0.0,0.0,0.0,0.0,0.0,0.0,0.0,0.0,0.0,0.0,0.0,0.0,0.0,0.0,1.0,0.0,0.0,3.0,2.0,1.0,3.0,1.0,1.0,0.0,1.0,0.0,1.0,1.0,0.0,1.68,0.945,0.315,0.015,0.18000000000000002,0.22500000000000003,0.0,1.68
Ilya Solovyov,PIT,D,2025-26,10.65,0.0,0.0,0.0,1.0,0.0,1.0,0.0,0.0,0.0,0.0,0.0,0.0,0.0,0.0,0.0,0.0,0.0,1.0,0.0,1.0,0.0,0.0,0.0,0.0,0.0,0.0,0.0,0.0,0.0,4.0,2.0,2.0,2.0,0.0,0.0,0.0,0.0,2.0,2.0,2.0,1.0,0.0,2.0,8.0,6.0,0.0,1.0,0.0,0.0,0.0,0.0,0.0,0.0,0.0,0.0,0.0,0.0,0.0,0.0,0.0,0.0,0.0,0.0,0.0,0.0,0.0,0.0,0.0,0.0,0.0,0.0,1.0,0.0,0.0,0.0,0.0,0.0,0.0,0.0,0.0,0.20500000000000002,0.055,0.0,0.135,0.015,0.0,0.0,0.20500000000000002
Alex Bump,PHI,L,2025-26,55.3,10.0,8.0,5.0,9.0,4.0,4.0,1.0,2.0,0.0,2.0,0.0,2.0,0.0,1.0,0.0,4.0,6.0,4.0,3.0,1.0,1.0,26.0,9.0,0.0,4.0,3.0,3.0,2.0,7.0,14.0,4.0,9.0,5.0,4.0,0.0,4.0,0.0,2.0,0.0,0.0,2.0,4.0,5.0,2.0,0.0,1.0,0.0,0.0,0.0,3.0,1.0,2.0,0.0,0.0,1.0,1.0,0.0,0.0,0.0,0.0,0.0,0.0,0.0,1.0,2.0,2.0,0.0,0.0,9.0,0.0,0.0,5.0,1.0,3.0,0.0,0.0,0.0,0.0,0.0,0.0,3.3200000000000003,2.11,0.64,0.10500000000000001,0.15500000000000003,0.24,0.07,3.25
Luke Glendening,PHI,C,2025-26,40.133333333333695,1.0,1.0,1.0,2.0,2.0,0.0,0.0,2.0,0.0,0.0,0.0,0.0,0.0,0.0,1.0,0.0,0.0,1.0,0.0,0.0,0.0,9.0,2.0,0.0,0.0,2.0,1.0,0.0,4.0,3.0,0.0,1.0,0.0,0.0,0.0,1.0,0.0,0.0,3.0,0.0,3.0,0.0,1.0,3.0,0.0,1.0,0.0,0.0,0.0,0.0,0.0,0.0,0.0,0.0,0.0,0.0,0.0,0.0,0.0,0.0,0.0,0.0,0.0,0.0,0.0,0.0,0.0,0.0,0.0,0.0,1.0,2.0,0.0,0.0,1.0,0.0,0.0,0.0,0.0,0.0,0.7,0.49,0.145,0.125,-0.21000000000000002,0.15,0.0,0.7
Conor Garland,CBJ,R,2025-26,45.283333333333005,9.0,8.0,8.0,6.0,4.0,1.0,1.0,3.0,1.0,0.0,1.0,2.0,0.0,0.0,3.0,2.0,5.0,3.0,0.0,1.0,1.0,6.0,5.0,1.0,1.0,3.0,1.0,1.0,6.0,3.0,1.0,3.0,2.0,2.0,0.0,1.0,0.0,1.0,0.0,0.0,0.0,1.0,2.0,1.0,0.0,1.0,0.0,0.0,0.0,0.0,0.0,0.0,0.0,0.0,0.0,0.0,0.0,0.0,0.0,0.0,0.0,0.0,2.0,1.0,2.0,2.0,0.0,0.0,6.0,3.0,0.0,4.0,1.0,1.0,0.0,0.0,0.0,0.0,3.0,0.0,3.0,2.345,0.27,0.065,0.095,0.22499999999999998,0.0,3.0
Michael Bunting,DAL,L,2025-26,17.65,1.0,1.0,1.0,3.0,2.0,1.0,0.0,2.0,0.0,0.0,1.0,1.0,0.0,0.0,0.0,0.0,1.0,2.0,0.0,0.0,0.0,3.0,1.0,0.0,0.0,0.0,1.0,0.0,0.0,0.0,0.0,0.0,0.0,0.0,0.0,0.0,0.0,0.0,0.0,0.0,0.0,0.0,0.0,0.0,0.0,0.0,0.0,0.0,0.0,0.0,0.0,0.0,0.0,0.0,2.0,1.0,0.0,2.0,0.0,0.0,0.0,0.0,0.0,0.0,0.0,0.0,0.0,1.0,1.0,0.0,0.0,2.0,0.0,1.0,0.0,0.0,0.0,0.0,0.0,0.0,0.8550000000000001,0.6450000000000001,0.1,0.0,0.0,0.0,0.11,0.7450000000000001
Tyler Myers,DAL,D,2025-26,41.15,2.0,2.0,1.0,4.0,2.0,2.0,0.0,1.0,0.0,0.0,0.0,0.0,0.0,2.0,1.0,3.0,1.0,1.0,0.0,0.0,0.0,5.0,2.0,0.0,1.0,0.0,0.0,0.0,1.0,24.0,13.0,8.0,4.0,0.0,1.0,4.0,1.0,7.0,1.0,8.0,2.0,4.0,4.0,16.0,8.0,4.0,2.0,1.0,0.0,0.0,0.0,0.0,0.0,2.0,0.0,0.0,0.0,0.0,0.0,0.0,0.0,0.0,0.0,0.0,0.0,0.0,0.0,1.0,1.0,0.0,1.0,1.0,1.0,2.0,0.0,1.0,0.0,0.0,0.0,0.0,1.4000000000000001,0.585,0.09,0.43000000000000005,0.21000000000000002,0.015,0.07,1.33
David Perron,DET,L,2025-26,48.633333333333695,6.0,5.0,4.0,7.0,5.0,2.0,0.0,2.0,0.0,1.0,0.0,1.0,0.0,0.0,0.0,2.0,5.0,3.0,0.0,2.0,1.0,13.0,4.0,0.0,2.0,2.0,0.0,1.0,6.0,15.0,7.0,9.0,7.0,2.0,3.0,2.0,0.0,4.0,1.0,2.0,2.0,5.0,4.0,0.0,0.0,0.0,0.0,0.0,0.0,1.0,0.0,0.0,0.0,0.0,0.0,4.0,2.0,0.0,1.0,0.0,0.0,0.0,1.0,1.0,1.0,1.0,0.0,0.0,6.0,0.0,0.0,5.0,1.0,1.0,0.0,0.0,0.0,0.0,0.0,0.0,2.2600000000000002,1.57,0.215,0.0,0.24000000000000002,0.18,0.055,2.2050000000000005
John Leonard,DET,L,2025-26,9.1666666666667,2.0,1.0,1.0,1.0,1.0,0.0,0.0,1.0,0.0,0.0,0.0,0.0,0.0,0.0,1.0,0.0,1.0,1.0,0.0,0.0,0.0,4.0,0.0,0.0,0.0,1.0,0.0,1.0,1.0,1.0,1.0,0.0,0.0,0.0,0.0,0.0,1.0,0.0,2.0,0.0,2.0,0.0,0.0,0.0,0.0,0.0,0.0,0.0,0.0,0.0,0.0,0.0,0.0,0.0,0.0,0.0,0.0,0.0,0.0,0.0,0.0,0.0,0.0,0.0,0.0,0.0,0.0,1.0,1.0,0.0,1.0,1.0,0.0,0.0,1.0,0.0,0.0,0.0,0.0,0.0,0.36000000000000004,0.405,0.035,0.0,-0.14,0.06,0.0,0.36000000000000004
Sheldon Dries,DET,C,2025-26,10.3666666666666,1.0,0.0,0.0,0.0,0.0,0.0,0.0,0.0,0.0,0.0,0.0,0.0,0.0,0.0,0.0,0.0,1.0,0.0,0.0,0.0,0.0,0.0,0.0,1.0,0.0,0.0,0.0,0.0,1.0,1.0,0.0,1.0,1.0,0.0,0.0,0.0,0.0,0.0,1.0,0.0,0.0,0.0,1.0,0.0,0.0,0.0,0.0,0.0,0.0,0.0,0.0,0.0,0.0,0.0,0.0,0.0,0.0,0.0,0.0,0.0,0.0,0.0,0.0,0.0,1.0,0.0,2.0,0.0,1.0,0.0,0.0,0.0,0.0,0.0,0.0,0.0,0.0,0.0,0.0,0.0,0.045,0.075,-0.045,0.0,0.0,0.015,0.0,0.045
Connor Murphy,EDM,D,2025-26,32.716666666667,0.0,0.0,0.0,3.0,1.0,1.0,1.0,0.0,0.0,0.0,0.0,0.0,0.0,2.0,0.0,2.0,0.0,0.0,0.0,0.0,0.0,0.0,0.0,0.0,0.0,0.0,0.0,0.0,0.0,14.0,6.0,7.0,5.0,0.0,1.0,2.0,0.0,3.0,2.0,4.0,2.0,2.0,5.0,11.0,5.0,2.0,0.0,0.0,1.0,0.0,0.0,0.0,0.0,2.0,0.0,0.0,0.0,0.0,0.0,0.0,0.0,0.0,0.0,0.0,0.0,0.0,1.0,0.0,0.0,0.0,0.0,1.0,0.0,2.0,0.0,0.0,0.0,0.0,0.0,0.0,0.6699999999999999,0.18,0.0,0.31,0.11,0.0,0.07,0.6
Jason Dickinson,EDM,C,2025-26,24.25,2.0,2.0,2.0,5.0,3.0,0.0,2.0,3.0,0.0,0.0,0.0,3.0,1.0,0.0,1.0,4.0,0.0,1.0,1.0,0.0,1.0,7.0,4.0,0.0,3.0,3.0,3.0,0.0,2.0,6.0,4.0,6.0,3.0,0.0,2.0,3.0,0.0,2.0,0.0,0.0,0.0,4.0,2.0,0.0,0.0,0.0,0.0,0.0,0.0,0.0,0.0,0.0,3.0,1.0,0.0,0.0,0.0,0.0,0.0,0.0,0.0,0.0,1.0,0.0,1.0,0.0,0.0,0.0,1.0,0.0,1.0,1.0,1.0,3.0,0.0,0.0,0.0,0.0,0.0,1.0,1.995,1.1300000000000001,0.345,0.0,0.155,0.16499999999999998,0.2,1.795
Ryan Ufko,NSH,D,2025-26,30.0666666666663,1.0,1.0,0.0,2.0,1.0,1.0,0.0,0.0,0.0,0.0,0.0,0.0,0.0,0.0,0.0,0.0,0.0,1.0,0.0,0.0,0.0,3.0,1.0,1.0,0.0,0.0,0.0,0.0,0.0,4.0,3.0,2.0,1.0,0.0,1.0,1.0,1.0,1.0,4.0,1.0,1.0,1.0,1.0,16.0,10.0,2.0,5.0,3.0,0.0,2.0,0.0,0.0,0.0,0.0,0.0,1.0,1.0,0.0,1.0,0.0,0.0,0.0,0.0,0.0,0.0,1.0,0.0,0.0,1.0,0.0,0.0,2.0,0.0,0.0,0.0,0.0,0.0,0.0,0.0,0.0,0.345,0.2,0.0,0.20500000000000002,-0.11500000000000002,0.0,0.055,0.29
Zachary L'Heureux,NSH,L,2025-26,61.949999999999,10.0,8.0,6.0,9.0,5.0,3.0,1.0,3.0,0.0,1.0,2.0,2.0,3.0,0.0,4.0,5.0,6.0,2.0,0.0,2.0,1.0,17.0,10.0,3.0,4.0,3.0,3.0,2.0,7.0,10.0,3.0,8.0,6.0,3.0,2.0,2.0,0.0,2.0,0.0,0.0,1.0,3.0,5.0,2.0,0.0,1.0,0.0,0.0,0.0,1.0,1.0,1.0,0.0,1.0,2.0,2.0,0.0,2.0,0.0,0.0,0.0,0.0,1.0,0.0,1.0,0.0,1.0,0.0,6.0,3.0,1.0,4.0,3.0,2.0,1.0,0.0,0.0,1.0,2.0,0.0,3.7,2.41,0.55,0.095,0.225,0.24,0.18000000000000002,3.52
Connor Ingram,EDM,G,2025-26,88.7666,0.0,0.0,0.0,0.0,0.0,0.0,0.0,0.0,0.0,0.0,0.0,0.0,0.0,0.0,0.0,0.0,0.0,0.0,0.0,0.0,0.0,0.0,0.0,0.0,0.0,0.0,0.0,0.0,0.0,1.0,1.0,0.0,0.0,0.0,0.0,0.0,0.0,1.0,1.0,1.0,1.0,0.0,0.0,0.0,0.0,0.0,0.0,0.0,0.0,0.0,0.0,0.0,0.0,0.0,0.0,0.0,0.0,0.0,0.0,0.0,0.0,0.0,0.0,0.0,0.0,0.0,0.0,0.0,0.0,0.0,0.0,0.0,0.0,0.0,0.0,0.0,0.0,0.0,0.0,0.0,0.0,0.0,0.0,0.0,0.0,0.0,0.0,0.0
Brett Kulak,COL,D,2025-26,48.3,1.0,1.0,0.0,7.0,5.0,2.0,0.0,4.0,0.0,0.0,0.0,0.0,0.0,1.0,1.0,2.0,0.0,2.0,0.0,1.0,0.0,7.0,4.0,1.0,0.0,0.0,1.0,1.0,2.0,13.0,9.0,5.0,3.0,1.0,0.0,2.0,2.0,7.0,3.0,5.0,1.0,2.0,3.0,22.0,13.0,3.0,3.0,3.0,1.0,0.0,0.0,0.0,0.0,0.0,0.0,0.0,0.0,0.0,0.0,0.0,0.0,0.0,0.0,0.0,0.0,0.0,0.0,3.0,0.0,0.0,1.0,5.0,1.0,1.0,1.0,0.0,0.0,0.0,0.0,0.0,1.7,0.895,0.225,0.41000000000000003,0.14,0.03,0.0,1.7
Nicolas Roy,COL,C,2025-26,20.4333333333337,5.0,4.0,4.0,2.0,0.0,2.0,0.0,0.0,0.0,0.0,0.0,0.0,1.0,0.0,2.0,1.0,3.0,1.0,0.0,1.0,1.0,7.0,4.0,1.0,2.0,2.0,2.0,1.0,2.0,6.0,2.0,4.0,2.0,1.0,0.0,2.0,0.0,1.0,1.0,1.0,0.0,1.0,3.0,0.0,0.0,0.0,0.0,0.0,0.0,0.0,0.0,0.0,0.0,0.0,0.0,0.0,0.0,0.0,0.0,0.0,0.0,0.0,1.0,0.0,1.0,0.0,1.0,0.0,3.0,1.0,1.0,1.0,0.0,1.0,1.0,0.0,1.0,0.0,0.0,0.0,1.375,0.915,0.28,0.0,0.06,0.12,0.0,1.375
Scott Wedgewood,DAL,G,2025-26,26.0167,0.0,0.0,0.0,0.0,0.0,0.0,0.0,0.0,0.0,0.0,0.0,0.0,0.0,0.0,0.0,0.0,0.0,0.0,0.0,0.0,0.0,0.0,0.0,0.0,0.0,0.0,0.0,0.0,0.0,0.0,0.0,0.0,0.0,0.0,0.0,0.0,0.0,0.0,0.0,0.0,0.0,0.0,0.0,0.0,0.0,0.0,0.0,0.0,0.0,0.0,0.0,0.0,0.0,0.0,0.0,0.0,0.0,0.0,0.0,0.0,0.0,0.0,0.0,0.0,0.0,0.0,0.0,0.0,0.0,0.0,0.0,0.0,0.0,0.0,0.0,0.0,0.0,0.0,0.0,0.0,0.0,0.0,0.0,0.0,0.0,0.0,0.0,0.0
Nazem Kadri,COL,C,2025-26,24.7,8.0,5.0,7.0,6.0,5.0,0.0,1.0,3.0,0.0,2.0,1.0,0.0,1.0,0.0,3.0,1.0,5.0,4.0,0.0,0.0,2.0,9.0,4.0,1.0,1.0,1.0,1.0,0.0,1.0,4.0,3.0,3.0,1.0,1.0,0.0,2.0,0.0,1.0,0.0,0.0,1.0,3.0,0.0,0.0,0.0,0.0,0.0,0.0,0.0,2.0,2.0,2.0,0.0,0.0,3.0,6.0,2.0,3.0,0.0,0.0,0.0,0.0,1.0,1.0,1.0,2.0,0.0,0.0,5.0,0.0,3.0,4.0,1.0,1.0,2.0,1.0,0.0,0.0,0.0,0.0,2.6,2.09,0.19,0.0,0.025,0.06,0.23500000000000001,2.365
Bobby Brink,MIN,R,2025-26,32.349999999999994,4.0,3.0,2.0,6.0,6.0,0.0,0.0,3.0,1.0,1.0,0.0,0.0,0.0,0.0,1.0,3.0,3.0,2.0,0.0,1.0,0.0,11.0,8.0,3.0,2.0,2.0,1.0,1.0,4.0,12.0,5.0,7.0,6.0,1.0,3.0,1.0,0.0,4.0,0.0,2.0,2.0,3.0,4.0,1.0,0.0,0.0,0.0,0.0,0.0,3.0,2.0,0.0,0.0,0.0,1.0,0.0,0.0,1.0,0.0,0.0,0.0,0.0,1.0,0.0,2.0,2.0,0.0,1.0,3.0,0.0,1.0,3.0,2.0,1.0,1.0,0.0,0.0,0.0,0.0,0.0,2.0200000000000005,1.23,0.315,0.03,0.24000000000000002,0.15,0.055,1.9650000000000003
Michael McCarron,MIN,C,2025-26,38.166666666667,6.0,5.0,2.0,1.0,1.0,0.0,0.0,0.0,0.0,0.0,0.0,0.0,0.0,0.0,3.0,0.0,3.0,0.0,0.0,0.0,0.0,9.0,2.0,0.0,0.0,1.0,1.0,1.0,4.0,4.0,1.0,3.0,1.0,1.0,0.0,2.0,0.0,1.0,1.0,0.0,0.0,1.0,2.0,1.0,0.0,0.0,0.0,0.0,0.0,0.0,0.0,0.0,0.0,1.0,0.0,0.0,0.0,0.0,0.0,0.0,0.0,0.0,0.0,0.0,1.0,0.0,0.0,0.0,3.0,2.0,1.0,1.0,0.0,0.0,1.0,0.0,0.0,0.0,2.0,0.0,1.0850000000000002,0.71,0.18,0.03,0.025,0.105,0.035,1.05
Nick Foligno,MIN,L,2025-26,29.85,7.0,6.0,5.0,3.0,1.0,2.0,0.0,1.0,0.0,0.0,0.0,0.0,0.0,1.0,1.0,1.0,5.0,2.0,0.0,1.0,1.0,7.0,1.0,0.0,0.0,1.0,0.0,0.0,4.0,9.0,5.0,6.0,5.0,3.0,1.0,1.0,0.0,5.0,0.0,2.0,0.0,3.0,3.0,1.0,1.0,0.0,0.0,0.0,0.0,0.0,0.0,0.0,0.0,1.0,0.0,0.0,0.0,0.0,0.0,0.0,0.0,0.0,0.0,2.0,1.0,0.0,0.0,0.0,6.0,0.0,1.0,2.0,0.0,1.0,0.0,0.0,0.0,0.0,0.0,1.0,1.8199999999999998,1.32,0.045,0.015,0.30000000000000004,0.105,0.035,1.7850000000000001
Lukas Reichel,BOS,L,2025-26,60.083333333333,6.0,5.0,4.0,10.0,9.0,1.0,0.0,3.0,0.0,1.0,1.0,3.0,0.0,0.0,2.0,5.0,3.0,3.0,1.0,2.0,0.0,24.0,17.0,3.0,4.0,2.0,4.0,0.0,4.0,9.0,4.0,2.0,2.0,0.0,0.0,0.0,0.0,4.0,0.0,4.0,2.0,0.0,2.0,2.0,0.0,0.0,0.0,0.0,0.0,0.0,0.0,0.0,0.0,0.0,0.0,1.0,1.0,0.0,1.0,1.0,0.0,0.0,0.0,0.0,1.0,2.0,0.0,0.0,3.0,0.0,3.0,4.0,3.0,2.0,3.0,0.0,0.0,0.0,0.0,0.0,3.2350000000000003,1.985,0.85,0.06,0.1,0.15000000000000002,0.09,3.1450000000000005
Brad Lambert,WPG,C,2025-26,8.45,0.0,0.0,0.0,3.0,2.0,1.0,0.0,1.0,0.0,0.0,0.0,0.0,1.0,0.0,0.0,3.0,0.0,0.0,0.0,0.0,0.0,1.0,1.0,0.0,1.0,0.0,0.0,0.0,1.0,3.0,2.0,2.0,2.0,1.0,0.0,0.0,0.0,2.0,0.0,1.0,0.0,1.0,1.0,0.0,0.0,0.0,0.0,0.0,0.0,2.0,2.0,2.0,0.0,0.0,1.0,3.0,1.0,1.0,1.0,0.0,0.0,1.0,0.0,0.0,0.0,0.0,0.0,0.0,0.0,0.0,0.0,0.0,1.0,2.0,0.0,0.0,0.0,0.0,0.0,0.0,0.68,0.28500000000000003,0.045,0.0,0.12000000000000001,0.015,0.21500000000000002,0.465
Isak Rosen,WPG,R,2025-26,8.1666666666667,1.0,1.0,0.0,0.0,0.0,0.0,0.0,0.0,0.0,0.0,0.0,0.0,0.0,0.0,1.0,0.0,0.0,0.0,0.0,0.0,0.0,1.0,1.0,1.0,0.0,0.0,0.0,0.0,2.0,3.0,3.0,2.0,1.0,1.0,0.0,1.0,0.0,2.0,0.0,1.0,0.0,2.0,0.0,0.0,0.0,0.0,0.0,0.0,0.0,0.0,0.0,0.0,0.0,0.0,1.0,1.0,0.0,0.0,0.0,0.0,0.0,0.0,0.0,0.0,0.0,0.0,0.0,0.0,0.0,1.0,0.0,0.0,0.0,0.0,0.0,0.0,0.0,1.0,0.0,0.0,0.19,0.075,0.0,0.0,0.085,0.03,0.0,0.19
Jacob Bryson,WPG,D,2025-26,11.816666666667,2.0,2.0,0.0,2.0,0.0,2.0,0.0,0.0,0.0,0.0,0.0,0.0,1.0,0.0,0.0,1.0,1.0,1.0,1.0,1.0,0.0,0.0,0.0,0.0,0.0,0.0,0.0,0.0,0.0,5.0,3.0,2.0,2.0,0.0,0.0,0.0,1.0,1.0,0.0,2.0,0.0,0.0,2.0,2.0,1.0,1.0,0.0,0.0,0.0,0.0,0.0,0.0,0.0,0.0,0.0,0.0,0.0,0.0,0.0,0.0,0.0,0.0,0.0,0.0,0.0,0.0,0.0,0.0,2.0,0.0,0.0,1.0,1.0,0.0,0.0,0.0,0.0,0.0,0.0,0.0,0.43500000000000005,0.26,0.0,0.08,0.095,0.0,0.0,0.43500000000000005
Dennis Gilbert,OTT,D,2025-26,9.0666666666667,0.0,0.0,0.0,2.0,1.0,1.0,0.0,1.0,0.0,0.0,0.0,0.0,0.0,0.0,0.0,0.0,0.0,0.0,0.0,1.0,0.0,2.0,0.0,1.0,0.0,0.0,0.0,0.0,0.0,1.0,1.0,0.0,0.0,0.0,0.0,0.0,0.0,1.0,2.0,1.0,1.0,0.0,0.0,3.0,2.0,0.0,0.0,1.0,0.0,0.0,0.0,0.0,0.0,0.0,0.0,0.0,0.0,0.0,0.0,0.0,0.0,0.0,0.0,0.0,0.0,0.0,0.0,1.0,0.0,0.0,0.0,2.0,0.0,0.0,0.0,0.0,0.0,0.0,0.0,0.0,0.10999999999999996,0.215,-0.045,0.019999999999999997,-0.08000000000000002,0.0,0.0,0.10999999999999996
Warren Foegele,OTT,L,2025-26,26.0166666666667,3.0,3.0,3.0,6.0,4.0,2.0,0.0,0.0,0.0,1.0,0.0,0.0,1.0,0.0,1.0,2.0,1.0,2.0,1.0,0.0,1.0,8.0,6.0,2.0,2.0,0.0,3.0,0.0,3.0,5.0,2.0,4.0,1.0,1.0,0.0,3.0,0.0,1.0,0.0,0.0,1.0,2.0,2.0,1.0,1.0,0.0,0.0,0.0,0.0,0.0,0.0,0.0,0.0,0.0,0.0,0.0,0.0,0.0,0.0,0.0,0.0,0.0,0.0,1.0,0.0,0.0,1.0,0.0,2.0,0.0,1.0,4.0,0.0,2.0,1.0,0.0,0.0,0.0,0.0,0.0,1.3800000000000001,0.9500000000000001,0.345,0.015,0.025,0.045,0.0,1.3800000000000001
Cole Smith,VGK,R,2025-26,20.2833333333337,0.0,0.0,0.0,3.0,1.0,2.0,0.0,0.0,0.0,1.0,0.0,0.0,0.0,0.0,0.0,0.0,0.0,3.0,0.0,2.0,0.0,7.0,3.0,0.0,0.0,1.0,0.0,0.0,3.0,2.0,1.0,2.0,2.0,0.0,1.0,0.0,0.0,1.0,0.0,0.0,0.0,1.0,1.0,0.0,0.0,0.0,0.0,0.0,0.0,0.0,0.0,0.0,0.0,0.0,0.0,0.0,0.0,0.0,0.0,0.0,0.0,0.0,0.0,0.0,0.0,0.0,0.0,0.0,0.0,0.0,0.0,3.0,0.0,0.0,0.0,0.0,0.0,0.0,0.0,0.0,0.5,0.18,0.135,0.0,0.095,0.09,0.0,0.5
Nic Dowd,VGK,C,2025-26,18.9666666666667,1.0,1.0,1.0,0.0,0.0,0.0,0.0,0.0,0.0,0.0,0.0,0.0,0.0,0.0,1.0,0.0,0.0,0.0,0.0,0.0,0.0,1.0,1.0,0.0,0.0,0.0,0.0,0.0,0.0,4.0,2.0,3.0,1.0,0.0,1.0,2.0,0.0,2.0,0.0,1.0,0.0,1.0,2.0,1.0,1.0,0.0,1.0,0.0,0.0,0.0,0.0,0.0,0.0,0.0,0.0,0.0,0.0,0.0,0.0,0.0,0.0,0.0,0.0,0.0,0.0,0.0,0.0,0.0,0.0,0.0,1.0,0.0,0.0,0.0,1.0,0.0,0.0,0.0,0.0,0.0,0.3,0.16999999999999998,0.045,0.0,0.085,0.0,0.0,0.3
Andrew Mangiapane,CHI,L,2025-26,32.433333333334,3.0,2.0,2.0,2.0,2.0,0.0,0.0,0.0,1.0,1.0,0.0,0.0,0.0,0.0,3.0,0.0,0.0,2.0,0.0,0.0,0.0,11.0,5.0,1.0,0.0,3.0,1.0,1.0,2.0,7.0,3.0,7.0,6.0,5.0,0.0,1.0,0.0,3.0,0.0,0.0,0.0,3.0,4.0,2.0,0.0,0.0,0.0,0.0,0.0,0.0,0.0,0.0,0.0,0.0,0.0,0.0,0.0,0.0,0.0,0.0,0.0,0.0,1.0,0.0,0.0,2.0,0.0,0.0,0.0,0.0,3.0,2.0,0.0,0.0,3.0,0.0,0.0,0.0,0.0,0.0,1.3850000000000002,0.605,0.27,0.06,0.28500000000000003,0.16500000000000004,0.0,1.3850000000000002
Robby Fabbri,MIN,C,2025-26,8.1666666666667,3.0,2.0,2.0,0.0,0.0,0.0,0.0,0.0,0.0,0.0,0.0,0.0,0.0,0.0,1.0,0.0,2.0,0.0,0.0,0.0,0.0,0.0,0.0,0.0,0.0,0.0,0.0,0.0,1.0,2.0,1.0,2.0,1.0,0.0,0.0,1.0,0.0,0.0,0.0,0.0,0.0,1.0,1.0,1.0,0.0,1.0,0.0,0.0,0.0,0.0,0.0,0.0,0.0,0.0,0.0,0.0,0.0,0.0,0.0,0.0,0.0,0.0,0.0,1.0,1.0,0.0,0.0,0.0,2.0,0.0,1.0,0.0,0.0,0.0,1.0,0.0,0.0,0.0,0.0,0.0,0.53,0.415,0.0,0.065,0.035,0.015,0.0,0.53
John Carlson,ANA,D,2025-26,75.366666666667,8.0,5.0,2.0,12.0,6.0,6.0,0.0,2.0,0.0,2.0,0.0,1.0,1.0,2.0,3.0,4.0,4.0,4.0,1.0,2.0,0.0,12.0,5.0,1.0,2.0,0.0,1.0,2.0,0.0,25.0,20.0,10.0,3.0,1.0,1.0,7.0,9.0,6.0,5.0,4.0,3.0,6.0,4.0,29.0,22.0,2.0,4.0,4.0,0.0,2.0,1.0,1.0,0.0,2.0,1.0,11.0,6.0,0.0,2.0,0.0,0.0,0.0,1.0,0.0,0.0,0.0,0.0,2.0,5.0,1.0,2.0,7.0,2.0,2.0,2.0,0.0,0.0,0.0,0.0,0.0,2.655,1.7699999999999998,0.30500000000000005,0.38999999999999996,-0.02500000000000001,0.0,0.215,2.4399999999999995
Nicolas Deslauriers,CAR,L,2025-26,20.7999999999997,2.0,1.0,1.0,3.0,1.0,2.0,0.0,0.0,0.0,0.0,0.0,0.0,0.0,0.0,0.0,2.0,2.0,1.0,0.0,0.0,0.0,5.0,3.0,0.0,2.0,2.0,2.0,1.0,2.0,1.0,0.0,1.0,0.0,0.0,0.0,1.0,0.0,0.0,0.0,0.0,0.0,0.0,1.0,0.0,0.0,0.0,0.0,0.0,0.0,0.0,0.0,0.0,0.0,0.0,0.0,0.0,0.0,0.0,0.0,0.0,0.0,0.0,0.0,1.0,0.0,0.0,0.0,0.0,2.0,0.0,0.0,1.0,2.0,0.0,0.0,0.0,0.0,0.0,0.0,0.0,0.8250000000000001,0.42500000000000004,0.28,0.0,0.0,0.12,0.0,0.8250000000000001
Bobby McMann,SEA,C,2025-26,28.833333333334,4.0,4.0,3.0,1.0,1.0,0.0,0.0,0.0,0.0,1.0,0.0,0.0,0.0,0.0,2.0,0.0,2.0,1.0,0.0,0.0,0.0,6.0,5.0,1.0,0.0,2.0,1.0,1.0,5.0,8.0,4.0,5.0,3.0,0.0,1.0,2.0,1.0,2.0,0.0,1.0,1.0,2.0,3.0,2.0,0.0,0.0,0.0,0.0,0.0,0.0,0.0,0.0,0.0,0.0,0.0,0.0,0.0,0.0,0.0,0.0,0.0,0.0,0.0,0.0,0.0,1.0,1.0,0.0,2.0,0.0,2.0,1.0,0.0,0.0,2.0,0.0,0.0,0.0,0.0,0.0,1.27,0.655,0.27,0.06,0.12,0.16499999999999998,0.0,1.27
Jet Greaves,NYI,G,2025-26,51.9167,0.0,0.0,0.0,0.0,0.0,0.0,0.0,0.0,0.0,0.0,0.0,0.0,0.0,0.0,0.0,0.0,0.0,0.0,0.0,0.0,0.0,0.0,0.0,0.0,0.0,0.0,0.0,0.0,0.0,0.0,0.0,0.0,0.0,0.0,0.0,0.0,0.0,0.0,0.0,0.0,0.0,0.0,0.0,0.0,0.0,0.0,0.0,0.0,0.0,0.0,0.0,0.0,0.0,0.0,0.0,0.0,0.0,0.0,0.0,0.0,0.0,0.0,0.0,0.0,0.0,0.0,0.0,0.0,0.0,0.0,0.0,0.0,0.0,0.0,0.0,0.0,0.0,0.0,0.0,0.0,0.0,0.0,0.0,0.0,0.0,0.0,0.0,0.0
Ilya Sorokin,CBJ,G,2025-26,51.9167,0.0,0.0,0.0,0.0,0.0,0.0,0.0,0.0,0.0,0.0,0.0,0.0,0.0,0.0,0.0,0.0,0.0,0.0,0.0,0.0,0.0,0.0,0.0,0.0,0.0,0.0,0.0,0.0,0.0,0.0,0.0,0.0,0.0,0.0,0.0,0.0,0.0,0.0,0.0,0.0,0.0,0.0,0.0,0.0,0.0,0.0,0.0,0.0,0.0,0.0,0.0,0.0,0.0,0.0,0.0,0.0,0.0,0.0,0.0,0.0,0.0,0.0,0.0,0.0,0.0,0.0,0.0,0.0,0.0,0.0,0.0,0.0,0.0,0.0,0.0,0.0,0.0,0.0,0.0,0.0,0.0,0.0,0.0,0.0,0.0,0.0,0.0,0.0
Carter Yakemchuk,OTT,D,2025-26,11.366666666667,3.0,2.0,1.0,0.0,0.0,0.0,0.0,0.0,0.0,0.0,0.0,0.0,0.0,0.0,0.0,0.0,2.0,0.0,0.0,0.0,0.0,2.0,2.0,0.0,0.0,0.0,0.0,0.0,0.0,3.0,2.0,0.0,0.0,0.0,0.0,0.0,0.0,1.0,1.0,2.0,1.0,0.0,0.0,5.0,1.0,1.0,0.0,1.0,0.0,0.0,0.0,0.0,0.0,0.0,0.0,1.0,0.0,0.0,0.0,0.0,0.0,0.0,0.0,0.0,0.0,0.0,0.0,0.0,3.0,0.0,0.0,0.0,0.0,0.0,0.0,0.0,0.0,0.0,0.0,0.0,0.49499999999999994,0.31999999999999995,0.09,0.13,-0.045000000000000005,0.0,0.0,0.49499999999999994
Jorian Donovan,OTT,D,2025-26,4.7,1.0,1.0,0.0,0.0,0.0,0.0,0.0,0.0,0.0,0.0,0.0,0.0,0.0,0.0,1.0,0.0,0.0,0.0,0.0,0.0,0.0,0.0,0.0,0.0,0.0,0.0,0.0,0.0,0.0,2.0,1.0,1.0,1.0,0.0,1.0,0.0,0.0,1.0,2.0,0.0,1.0,1.0,0.0,2.0,1.0,0.0,0.0,0.0,0.0,0.0,0.0,0.0,0.0,0.0,0.0,0.0,0.0,0.0,0.0,0.0,0.0,0.0,0.0,0.0,0.0,0.0,0.0,0.0,0.0,0.0,1.0,0.0,0.0,0.0,1.0,0.0,0.0,0.0,0.0,0.0,0.07499999999999998,0.075,0.0,0.045,-0.045000000000000005,0.0,0.0,0.07499999999999998
Samuel Girard,PIT,D,2025-26,69.233333333333,3.0,2.0,0.0,11.0,8.0,2.0,1.0,4.0,0.0,0.0,0.0,0.0,5.0,0.0,0.0,4.0,3.0,1.0,0.0,5.0,0.0,8.0,5.0,3.0,2.0,0.0,2.0,1.0,0.0,32.0,23.0,13.0,9.0,4.0,3.0,4.0,2.0,14.0,3.0,14.0,4.0,7.0,6.0,23.0,14.0,1.0,2.0,4.0,0.0,0.0,0.0,0.0,0.0,1.0,0.0,0.0,0.0,0.0,0.0,0.0,0.0,0.0,1.0,0.0,0.0,2.0,0.0,0.0,3.0,0.0,0.0,5.0,6.0,0.0,0.0,0.0,0.0,0.0,0.0,0.0,2.325,1.31,0.23500000000000001,0.325,0.42000000000000004,0.0,0.035,2.29
Jeff Petry,MIN,D,2025-26,11.6,1.0,1.0,0.0,1.0,0.0,1.0,0.0,0.0,0.0,0.0,0.0,0.0,1.0,0.0,0.0,1.0,1.0,0.0,0.0,0.0,0.0,1.0,0.0,1.0,0.0,0.0,0.0,0.0,0.0,6.0,5.0,2.0,0.0,0.0,0.0,2.0,0.0,3.0,2.0,3.0,2.0,2.0,0.0,7.0,6.0,0.0,2.0,1.0,0.0,0.0,0.0,0.0,0.0,0.0,0.0,0.0,0.0,0.0,0.0,0.0,0.0,0.0,0.0,0.0,0.0,0.0,0.0,0.0,1.0,0.0,0.0,0.0,1.0,0.0,0.0,0.0,0.0,0.0,0.0,0.0,0.07,0.13,-0.045,0.049999999999999996,-0.065,0.0,0.0,0.07
Logan Stanley,BUF,D,2025-26,53.466666666666,4.0,4.0,1.0,10.0,5.0,5.0,0.0,3.0,0.0,0.0,0.0,0.0,1.0,2.0,1.0,4.0,3.0,3.0,0.0,5.0,0.0,10.0,2.0,0.0,1.0,0.0,0.0,1.0,0.0,21.0,18.0,6.0,3.0,0.0,1.0,3.0,5.0,7.0,5.0,9.0,1.0,3.0,3.0,17.0,13.0,1.0,2.0,2.0,0.0,0.0,0.0,0.0,0.0,0.0,0.0,0.0,0.0,0.0,0.0,0.0,0.0,0.0,1.0,0.0,0.0,1.0,0.0,1.0,3.0,0.0,1.0,6.0,2.0,2.0,1.0,0.0,0.0,0.0,0.0,0.0,1.725,1.29,0.125,0.24,0.06999999999999999,0.0,0.0,1.725
Artemi Panarin,L.A,L,2025-26,82.0,9.0,8.0,5.0,22.0,12.0,7.0,3.0,5.0,1.0,5.0,1.0,1.0,3.0,1.0,4.0,6.0,1.0,6.0,3.0,2.0,0.0,31.0,20.0,5.0,6.0,2.0,5.0,0.0,8.0,17.0,13.0,10.0,8.0,4.0,2.0,2.0,2.0,7.0,1.0,4.0,1.0,7.0,3.0,1.0,0.0,1.0,0.0,0.0,0.0,8.0,7.0,5.0,0.0,0.0,7.0,2.0,2.0,1.0,0.0,0.0,1.0,0.0,0.0,0.0,1.0,0.0,1.0,2.0,4.0,3.0,2.0,15.0,3.0,4.0,2.0,0.0,2.0,1.0,0.0,0.0,4.98,3.1400000000000006,0.9500000000000001,0.065,0.385,0.21000000000000002,0.23,4.75
Jared Wright,L.A,R,2025-26,59.2000000000007,9.0,8.0,6.0,5.0,5.0,0.0,0.0,2.0,0.0,3.0,0.0,1.0,0.0,0.0,3.0,2.0,6.0,3.0,0.0,0.0,0.0,13.0,5.0,2.0,1.0,9.0,1.0,1.0,9.0,7.0,2.0,4.0,3.0,1.0,1.0,1.0,0.0,2.0,2.0,1.0,1.0,1.0,3.0,0.0,0.0,0.0,0.0,0.0,0.0,0.0,0.0,0.0,0.0,0.0,0.0,0.0,0.0,0.0,0.0,0.0,0.0,0.0,0.0,0.0,2.0,2.0,0.0,0.0,6.0,1.0,2.0,3.0,1.0,1.0,2.0,0.0,0.0,0.0,1.0,0.0,2.64,1.8250000000000002,0.225,0.0,0.04999999999999999,0.5399999999999999,0.0,2.64
Mathieu Joseph,L.A,R,2025-26,15.7833333333334,0.0,0.0,0.0,1.0,1.0,0.0,0.0,0.0,0.0,0.0,0.0,0.0,1.0,0.0,0.0,1.0,0.0,0.0,0.0,0.0,0.0,6.0,3.0,0.0,0.0,1.0,1.0,0.0,3.0,3.0,2.0,2.0,1.0,0.0,0.0,1.0,0.0,1.0,0.0,1.0,0.0,1.0,1.0,0.0,0.0,0.0,0.0,0.0,0.0,0.0,0.0,0.0,0.0,0.0,0.0,0.0,0.0,0.0,0.0,0.0,0.0,0.0,0.0,0.0,0.0,0.0,0.0,0.0,0.0,0.0,0.0,0.0,0.0,1.0,0.0,0.0,0.0,0.0,0.0,0.0,0.41,0.07,0.19,0.0,0.060000000000000005,0.09,0.0,0.41
Scott Laughton,L.A,C,2025-26,67.033333333334,9.0,8.0,5.0,7.0,6.0,1.0,0.0,5.0,0.0,0.0,1.0,3.0,2.0,0.0,5.0,4.0,4.0,2.0,0.0,1.0,0.0,10.0,3.0,0.0,2.0,2.0,2.0,1.0,2.0,23.0,10.0,18.0,11.0,4.0,3.0,7.0,0.0,6.0,3.0,3.0,2.0,7.0,11.0,3.0,0.0,3.0,0.0,0.0,0.0,0.0,0.0,0.0,1.0,0.0,2.0,1.0,0.0,2.0,0.0,0.0,0.0,0.0,0.0,2.0,1.0,0.0,0.0,1.0,4.0,2.0,3.0,2.0,2.0,2.0,2.0,0.0,1.0,0.0,1.0,0.0,3.3950000000000005,2.2750000000000004,0.28,0.195,0.36,0.12,0.165,3.2300000000000004
Garrett Wilson,PHI,L,2025-26,10.05,1.0,1.0,1.0,0.0,0.0,0.0,0.0,0.0,0.0,0.0,0.0,0.0,0.0,0.0,1.0,0.0,0.0,0.0,0.0,0.0,0.0,4.0,0.0,0.0,0.0,0.0,0.0,1.0,2.0,1.0,1.0,1.0,1.0,0.0,1.0,0.0,0.0,1.0,0.0,0.0,0.0,1.0,0.0,1.0,0.0,1.0,0.0,0.0,0.0,0.0,0.0,0.0,0.0,0.0,0.0,0.0,0.0,0.0,0.0,0.0,0.0,0.0,0.0,0.0,0.0,0.0,1.0,0.0,0.0,1.0,0.0,0.0,0.0,0.0,0.0,0.0,1.0,0.0,0.0,0.0,0.36,0.16999999999999998,0.035,0.065,0.060000000000000005,0.03,0.0,0.36
Carter Mazur,DET,L,2025-26,6.9,0.0,0.0,0.0,0.0,0.0,0.0,0.0,0.0,0.0,0.0,0.0,0.0,0.0,0.0,0.0,0.0,0.0,0.0,0.0,0.0,0.0,2.0,1.0,0.0,1.0,0.0,0.0,0.0,0.0,0.0,0.0,0.0,0.0,0.0,0.0,0.0,0.0,0.0,0.0,0.0,0.0,0.0,0.0,0.0,0.0,0.0,0.0,0.0,0.0,0.0,0.0,0.0,0.0,0.0,0.0,0.0,0.0,0.0,0.0,0.0,0.0,0.0,0.0,0.0,0.0,0.0,0.0,0.0,0.0,0.0,0.0,0.0,0.0,0.0,0.0,0.0,0.0,0.0,0.0,0.0,0.045,0.0,0.045,0.0,0.0,0.0,0.0,0.045
Joakim Kemell,NSH,R,2025-26,25.5166666666663,5.0,4.0,2.0,4.0,2.0,2.0,0.0,0.0,0.0,0.0,0.0,0.0,0.0,1.0,2.0,2.0,1.0,1.0,1.0,1.0,0.0,7.0,3.0,2.0,0.0,0.0,0.0,0.0,1.0,5.0,5.0,4.0,2.0,0.0,2.0,2.0,1.0,2.0,0.0,0.0,0.0,4.0,0.0,1.0,0.0,0.0,0.0,0.0,0.0,0.0,0.0,0.0,0.0,0.0,0.0,0.0,0.0,0.0,0.0,0.0,0.0,0.0,2.0,0.0,1.0,0.0,3.0,0.0,3.0,2.0,0.0,2.0,0.0,2.0,0.0,0.0,1.0,0.0,1.0,0.0,1.025,0.815,0.045,0.03,0.12000000000000001,0.015,0.0,1.025
Nathan Gaucher,ANA,C,2025-26,7.1333333333333,1.0,1.0,1.0,1.0,1.0,0.0,0.0,0.0,0.0,0.0,0.0,0.0,0.0,0.0,1.0,1.0,0.0,0.0,0.0,0.0,0.0,5.0,3.0,0.0,1.0,1.0,1.0,0.0,0.0,3.0,3.0,0.0,0.0,0.0,0.0,0.0,1.0,1.0,1.0,2.0,0.0,0.0,0.0,0.0,0.0,0.0,0.0,0.0,0.0,0.0,0.0,0.0,0.0,0.0,0.0,0.0,0.0,0.0,0.0,0.0,0.0,0.0,0.0,0.0,0.0,0.0,0.0,0.0,0.0,1.0,0.0,0.0,0.0,1.0,0.0,0.0,1.0,0.0,0.0,0.0,0.465,0.24000000000000002,0.19,0.0,-0.010000000000000002,0.045,0.0,0.465
Porter Martone,PHI,R,2025-26,26.366666666667,2.0,2.0,2.0,7.0,4.0,2.0,1.0,1.0,0.0,2.0,0.0,0.0,2.0,1.0,2.0,4.0,0.0,2.0,0.0,0.0,0.0,8.0,2.0,0.0,1.0,0.0,0.0,0.0,3.0,5.0,1.0,5.0,3.0,1.0,0.0,2.0,0.0,0.0,0.0,0.0,0.0,1.0,4.0,1.0,0.0,0.0,0.0,0.0,0.0,2.0,2.0,1.0,0.0,0.0,1.0,2.0,1.0,1.0,1.0,0.0,0.0,1.0,1.0,0.0,0.0,0.0,1.0,0.0,0.0,1.0,1.0,3.0,2.0,2.0,1.0,0.0,1.0,0.0,0.0,0.0,1.325,0.8749999999999999,0.09,0.03,0.10500000000000001,0.045,0.18,1.145
Cameron Crotty,OTT,D,2025-26,13.483333333333,1.0,1.0,0.0,0.0,0.0,0.0,0.0,0.0,0.0,0.0,0.0,0.0,0.0,0.0,0.0,0.0,0.0,0.0,1.0,0.0,0.0,3.0,0.0,0.0,0.0,0.0,0.0,1.0,0.0,2.0,0.0,2.0,0.0,0.0,0.0,2.0,0.0,0.0,0.0,0.0,0.0,0.0,2.0,6.0,4.0,0.0,1.0,0.0,0.0,0.0,0.0,0.0,0.0,0.0,0.0,0.0,0.0,0.0,0.0,0.0,0.0,0.0,1.0,0.0,0.0,0.0,0.0,0.0,1.0,0.0,0.0,0.0,0.0,0.0,0.0,0.0,0.0,0.0,0.0,0.0,0.215,0.075,0.035,0.105,0.0,0.0,0.0,0.215
Lassi Thomson,OTT,D,2025-26,13.166666666667,1.0,0.0,0.0,0.0,0.0,0.0,0.0,0.0,0.0,0.0,0.0,0.0,0.0,0.0,0.0,0.0,1.0,0.0,0.0,0.0,0.0,0.0,0.0,1.0,0.0,0.0,0.0,0.0,1.0,7.0,6.0,1.0,0.0,0.0,0.0,1.0,1.0,3.0,0.0,4.0,0.0,1.0,0.0,5.0,4.0,0.0,1.0,1.0,1.0,0.0,0.0,0.0,0.0,0.0,0.0,0.0,0.0,0.0,0.0,0.0,0.0,0.0,0.0,0.0,0.0,0.0,0.0,0.0,1.0,0.0,0.0,0.0,0.0,0.0,0.0,0.0,0.0,0.0,0.0,0.0,0.14,0.075,-0.045,0.019999999999999997,0.07500000000000001,0.015,0.0,0.14
Dylan Duke,T.B,L,2025-26,8.6833333333333,1.0,1.0,0.0,1.0,0.0,0.0,1.0,0.0,0.0,0.0,0.0,0.0,1.0,0.0,1.0,1.0,0.0,0.0,0.0,0.0,0.0,1.0,0.0,0.0,0.0,0.0,0.0,0.0,0.0,3.0,1.0,2.0,1.0,0.0,0.0,1.0,0.0,0.0,0.0,0.0,1.0,1.0,1.0,1.0,1.0,0.0,0.0,0.0,0.0,0.0,0.0,0.0,0.0,0.0,0.0,0.0,0.0,0.0,0.0,0.0,0.0,0.0,0.0,0.0,0.0,0.0,0.0,0.0,0.0,0.0,1.0,0.0,0.0,1.0,1.0,0.0,0.0,0.0,0.0,0.0,0.14500000000000002,0.13,0.0,0.015,0.0,0.0,0.0,0.14500000000000002
Jakob Pelletier,T.B,L,2025-26,9.1833333333333,1.0,1.0,1.0,2.0,0.0,1.0,1.0,0.0,0.0,0.0,0.0,0.0,1.0,0.0,1.0,2.0,0.0,0.0,0.0,0.0,0.0,1.0,1.0,0.0,1.0,0.0,0.0,0.0,0.0,0.0,0.0,0.0,0.0,0.0,0.0,0.0,0.0,0.0,0.0,0.0,0.0,0.0,0.0,0.0,0.0,0.0,0.0,0.0,0.0,1.0,1.0,0.0,0.0,0.0,0.0,0.0,0.0,0.0,0.0,0.0,0.0,0.0,0.0,0.0,0.0,0.0,0.0,0.0,0.0,1.0,0.0,0.0,1.0,1.0,0.0,0.0,0.0,0.0,0.0,0.0,0.325,0.28,0.045,0.0,0.0,0.0,0.0,0.325
Marc McLaughlin,N.J,C,2025-26,9.45,1.0,1.0,1.0,0.0,0.0,0.0,0.0,0.0,0.0,0.0,0.0,0.0,0.0,0.0,0.0,0.0,0.0,0.0,1.0,0.0,0.0,3.0,2.0,0.0,0.0,0.0,0.0,0.0,0.0,3.0,2.0,3.0,3.0,0.0,2.0,0.0,0.0,2.0,0.0,0.0,0.0,2.0,1.0,0.0,0.0,0.0,0.0,0.0,0.0,1.0,0.0,0.0,0.0,0.0,0.0,0.0,0.0,0.0,0.0,0.0,0.0,0.0,1.0,0.0,0.0,0.0,1.0,0.0,1.0,0.0,0.0,0.0,0.0,0.0,0.0,0.0,0.0,0.0,0.0,0.0,0.41500000000000004,0.16999999999999998,0.09,0.0,0.15500000000000003,0.0,0.0,0.41500000000000004
Curtis Douglas,VAN,C,2025-26,37.0,7.0,5.0,4.0,4.0,4.0,0.0,0.0,1.0,0.0,0.0,0.0,0.0,0.0,1.0,1.0,2.0,3.0,2.0,0.0,0.0,0.0,6.0,2.0,0.0,0.0,4.0,0.0,0.0,10.0,7.0,4.0,6.0,4.0,1.0,2.0,2.0,1.0,2.0,1.0,0.0,0.0,3.0,3.0,1.0,0.0,1.0,0.0,0.0,0.0,0.0,0.0,0.0,0.0,0.0,0.0,0.0,0.0,0.0,0.0,0.0,0.0,0.0,1.0,1.0,0.0,1.0,1.0,0.0,6.0,1.0,0.0,2.0,0.0,2.0,0.0,0.0,0.0,0.0,1.0,0.0,1.9149999999999998,1.275,0.09,0.065,0.155,0.33,0.0,1.9149999999999998
Pierre-Olivier Joseph,VAN,D,2025-26,71.866666666667,2.0,1.0,0.0,10.0,4.0,4.0,2.0,1.0,0.0,0.0,0.0,0.0,0.0,1.0,0.0,1.0,2.0,3.0,0.0,2.0,0.0,6.0,2.0,0.0,0.0,0.0,1.0,0.0,3.0,31.0,24.0,11.0,8.0,1.0,5.0,3.0,1.0,15.0,5.0,15.0,5.0,8.0,3.0,25.0,15.0,3.0,6.0,3.0,0.0,0.0,0.0,0.0,0.0,3.0,0.0,0.0,0.0,0.0,0.0,0.0,0.0,0.0,1.0,0.0,0.0,0.0,0.0,3.0,2.0,0.0,0.0,9.0,0.0,1.0,0.0,0.0,0.0,0.0,0.0,0.0,1.8699999999999997,0.85,0.145,0.42,0.305,0.045,0.10500000000000001,1.7649999999999997
Nikita Tolopilo,VAN,G,2025-26,235.00010000000003,0.0,0.0,0.0,0.0,0.0,0.0,0.0,0.0,0.0,0.0,0.0,0.0,0.0,0.0,0.0,0.0,0.0,0.0,0.0,0.0,0.0,0.0,0.0,0.0,0.0,0.0,0.0,0.0,0.0,14.0,14.0,3.0,0.0,0.0,0.0,3.0,0.0,7.0,3.0,11.0,2.0,3.0,0.0,0.0,0.0,0.0,0.0,0.0,0.0,0.0,0.0,0.0,0.0,0.0,0.0,0.0,0.0,0.0,0.0,0.0,0.0,0.0,0.0,0.0,0.0,0.0,0.0,0.0,0.0,0.0,0.0,0.0,0.0,0.0,0.0,0.0,0.0,0.0,0.0,0.0,0.0,0.0,0.0,0.0,0.0,0.0,0.0,0.0
Ville Heinola,WPG,D,2025-26,11.616666666667,1.0,1.0,0.0,0.0,0.0,0.0,0.0,0.0,0.0,0.0,0.0,0.0,0.0,0.0,1.0,0.0,0.0,0.0,0.0,0.0,0.0,1.0,0.0,0.0,0.0,0.0,0.0,0.0,0.0,5.0,4.0,1.0,0.0,0.0,0.0,1.0,0.0,3.0,1.0,3.0,0.0,1.0,0.0,5.0,4.0,0.0,1.0,0.0,0.0,0.0,0.0,0.0,0.0,0.0,1.0,2.0,1.0,0.0,0.0,0.0,0.0,0.0,0.0,0.0,0.0,0.0,0.0,0.0,0.0,1.0,0.0,0.0,0.0,0.0,0.0,0.0,1.0,0.0,0.0,0.0,0.19,0.075,0.0,0.075,0.04000000000000001,0.0,0.0,0.19
Logan O'Connor,COL,R,2025-26,8.4833333333333,0.0,0.0,0.0,0.0,0.0,0.0,0.0,0.0,0.0,0.0,0.0,0.0,0.0,0.0,0.0,0.0,0.0,0.0,0.0,0.0,0.0,1.0,1.0,0.0,0.0,1.0,0.0,0.0,1.0,1.0,0.0,1.0,0.0,0.0,0.0,1.0,0.0,0.0,1.0,0.0,0.0,0.0,1.0,1.0,1.0,0.0,1.0,1.0,0.0,0.0,0.0,0.0,0.0,0.0,0.0,0.0,0.0,0.0,0.0,0.0,0.0,0.0,0.0,0.0,0.0,0.0,0.0,0.0,0.0,0.0,0.0,0.0,0.0,0.0,0.0,0.0,0.0,0.0,0.0,0.0,0.029999999999999992,0.0,0.045,-0.04,-0.035,0.06,0.0,0.029999999999999992
Nick Blankenburg,COL,D,2025-26,11.133333333333,0.0,0.0,0.0,0.0,0.0,0.0,0.0,0.0,0.0,0.0,0.0,0.0,0.0,0.0,0.0,0.0,0.0,0.0,0.0,0.0,0.0,3.0,1.0,0.0,0.0,0.0,0.0,1.0,0.0,7.0,3.0,5.0,2.0,1.0,0.0,3.0,0.0,1.0,0.0,1.0,1.0,2.0,3.0,4.0,2.0,0.0,0.0,2.0,0.0,0.0,0.0,0.0,0.0,0.0,0.0,0.0,0.0,0.0,0.0,0.0,0.0,0.0,0.0,0.0,0.0,0.0,0.0,0.0,0.0,0.0,0.0,0.0,0.0,0.0,0.0,0.0,0.0,0.0,0.0,0.0,0.15,0.0,0.08,0.009999999999999995,0.06,0.0,0.0,0.15
Ty Mueller,VAN,C,2025-26,9.9166666666667,1.0,0.0,0.0,0.0,0.0,0.0,0.0,0.0,0.0,0.0,0.0,0.0,0.0,0.0,0.0,0.0,0.0,0.0,0.0,0.0,0.0,3.0,0.0,0.0,0.0,0.0,0.0,0.0,0.0,3.0,3.0,1.0,1.0,1.0,0.0,0.0,1.0,2.0,0.0,1.0,0.0,1.0,0.0,0.0,0.0,0.0,0.0,0.0,0.0,0.0,0.0,0.0,0.0,0.0,0.0,0.0,0.0,0.0,0.0,0.0,0.0,0.0,0.0,0.0,1.0,0.0,0.0,0.0,1.0,0.0,0.0,0.0,0.0,0.0,0.0,0.0,0.0,0.0,0.0,0.0,0.16,0.075,0.0,0.0,0.085,0.0,0.0,0.16
Ian Moore,ANA,R,2025-26,8.35,0.0,0.0,0.0,0.0,0.0,0.0,0.0,0.0,0.0,0.0,0.0,0.0,0.0,0.0,0.0,0.0,0.0,0.0,0.0,0.0,0.0,2.0,0.0,0.0,0.0,0.0,0.0,0.0,0.0,1.0,0.0,1.0,1.0,1.0,0.0,0.0,0.0,0.0,0.0,0.0,0.0,0.0,1.0,1.0,0.0,1.0,0.0,0.0,0.0,0.0,0.0,0.0,0.0,0.0,0.0,0.0,0.0,0.0,0.0,0.0,0.0,0.0,0.0,0.0,0.0,0.0,0.0,0.0,0.0,0.0,0.0,0.0,0.0,0.0,0.0,0.0,0.0,0.0,0.0,0.0,0.1,0.0,0.0,0.065,0.035,0.0,0.0,0.1
Zach Whitecloud,CGY,D,2025-26,41.016666666667,5.0,4.0,0.0,10.0,4.0,2.0,4.0,1.0,1.0,0.0,0.0,1.0,2.0,1.0,0.0,6.0,3.0,0.0,0.0,2.0,0.0,1.0,0.0,0.0,0.0,0.0,0.0,0.0,0.0,21.0,13.0,8.0,4.0,0.0,0.0,4.0,2.0,5.0,6.0,10.0,3.0,1.0,7.0,11.0,8.0,0.0,2.0,1.0,1.0,0.0,0.0,0.0,0.0,0.0,0.0,0.0,0.0,0.0,0.0,0.0,0.0,0.0,0.0,0.0,0.0,2.0,0.0,0.0,4.0,1.0,0.0,4.0,2.0,4.0,0.0,0.0,0.0,0.0,0.0,0.0,1.25,1.1749999999999998,0.0,0.125,-0.04999999999999999,0.0,0.0,1.25
Martin Pospisil,CGY,C,2025-26,9.7833333333333,1.0,1.0,0.0,0.0,0.0,0.0,0.0,0.0,0.0,0.0,0.0,0.0,0.0,0.0,1.0,0.0,0.0,0.0,0.0,0.0,0.0,3.0,1.0,1.0,1.0,0.0,1.0,0.0,1.0,4.0,1.0,3.0,2.0,0.0,1.0,1.0,0.0,1.0,0.0,0.0,0.0,1.0,2.0,0.0,0.0,0.0,0.0,0.0,0.0,0.0,0.0,0.0,0.0,0.0,0.0,0.0,0.0,0.0,0.0,0.0,0.0,0.0,0.0,0.0,0.0,0.0,0.0,0.0,0.0,0.0,1.0,0.0,0.0,0.0,0.0,0.0,0.0,0.0,0.0,0.0,0.24,0.075,0.055,0.0,0.095,0.015,0.0,0.24
Olli Määttä,CGY,D,2025-26,23.183333333333,3.0,3.0,2.0,3.0,0.0,2.0,1.0,0.0,0.0,0.0,0.0,0.0,0.0,2.0,0.0,2.0,3.0,1.0,0.0,1.0,0.0,3.0,1.0,0.0,1.0,0.0,0.0,0.0,1.0,16.0,13.0,8.0,5.0,0.0,2.0,3.0,1.0,5.0,1.0,7.0,1.0,5.0,3.0,10.0,6.0,1.0,3.0,0.0,0.0,0.0,0.0,0.0,0.0,0.0,0.0,0.0,0.0,0.0,0.0,0.0,0.0,0.0,0.0,0.0,1.0,0.0,0.0,0.0,3.0,0.0,0.0,1.0,0.0,2.0,0.0,0.0,0.0,0.0,0.0,0.0,1.0699999999999998,0.58,0.045,0.2,0.23,0.015,0.0,1.0699999999999998
Ryan Strome,CGY,C,2025-26,18.383333333333,1.0,1.0,1.0,3.0,2.0,1.0,0.0,0.0,0.0,0.0,0.0,1.0,1.0,0.0,0.0,1.0,1.0,0.0,0.0,0.0,0.0,2.0,1.0,1.0,1.0,1.0,0.0,1.0,0.0,4.0,0.0,3.0,2.0,0.0,0.0,1.0,0.0,0.0,1.0,0.0,1.0,0.0,3.0,0.0,0.0,0.0,0.0,0.0,0.0,0.0,0.0,0.0,0.0,0.0,0.0,0.0,0.0,0.0,0.0,0.0,0.0,0.0,0.0,0.0,0.0,0.0,0.0,0.0,1.0,0.0,0.0,2.0,0.0,1.0,0.0,0.0,0.0,0.0,0.0,0.0,0.49499999999999994,0.415,0.035,0.0,0.0,0.045,0.0,0.49499999999999994
Tyson Gross,CGY,C,2025-26,7.3333333333333,0.0,0.0,0.0,0.0,0.0,0.0,0.0,0.0,0.0,0.0,0.0,0.0,0.0,0.0,0.0,0.0,0.0,0.0,0.0,0.0,0.0,1.0,0.0,2.0,0.0,0.0,0.0,0.0,1.0,4.0,3.0,3.0,2.0,1.0,1.0,1.0,0.0,3.0,0.0,1.0,0.0,2.0,1.0,0.0,0.0,0.0,0.0,0.0,0.0,0.0,0.0,0.0,0.0,0.0,0.0,0.0,0.0,0.0,0.0,0.0,0.0,0.0,0.0,0.0,0.0,0.0,0.0,0.0,0.0,0.0,0.0,0.0,0.0,0.0,0.0,0.0,0.0,0.0,0.0,0.0,0.07000000000000002,0.0,-0.09,0.0,0.14500000000000002,0.015,0.0,0.07000000000000002
Victor Olofsson,CGY,L,2025-26,15.266666666667,1.0,1.0,1.0,2.0,2.0,0.0,0.0,1.0,0.0,0.0,0.0,0.0,0.0,0.0,0.0,1.0,0.0,1.0,1.0,0.0,0.0,4.0,1.0,2.0,1.0,0.0,1.0,1.0,3.0,4.0,3.0,2.0,2.0,1.0,1.0,0.0,0.0,3.0,0.0,1.0,1.0,2.0,0.0,1.0,0.0,1.0,0.0,0.0,0.0,0.0,0.0,0.0,0.0,0.0,0.0,0.0,0.0,0.0,0.0,0.0,0.0,0.0,0.0,0.0,0.0,0.0,0.0,0.0,1.0,0.0,0.0,1.0,0.0,1.0,0.0,0.0,0.0,0.0,0.0,0.0,0.665,0.4,0.045000000000000005,0.065,0.11000000000000001,0.045,0.0,0.665
Jonas Johansson,BUF,G,2025-26,21.8,0.0,0.0,0.0,0.0,0.0,0.0,0.0,0.0,0.0,0.0,0.0,0.0,0.0,0.0,0.0,0.0,0.0,0.0,0.0,0.0,0.0,0.0,0.0,0.0,0.0,0.0,0.0,0.0,0.0,0.0,0.0,0.0,0.0,0.0,0.0,0.0,0.0,0.0,0.0,0.0,0.0,0.0,0.0,0.0,0.0,0.0,0.0,0.0,0.0,0.0,0.0,0.0,0.0,0.0,0.0,0.0,0.0,0.0,0.0,0.0,0.0,0.0,0.0,0.0,0.0,0.0,0.0,0.0,0.0,0.0,0.0,0.0,0.0,0.0,0.0,0.0,0.0,0.0,0.0,0.0,0.0,0.0,0.0,0.0,0.0,0.0,0.0,0.0
Danil Zhilkin,WPG,C,2025-26,6.6833333333333,0.0,0.0,0.0,1.0,0.0,0.0,1.0,0.0,0.0,0.0,0.0,0.0,1.0,0.0,0.0,1.0,0.0,0.0,0.0,0.0,0.0,2.0,1.0,0.0,1.0,1.0,1.0,0.0,2.0,4.0,3.0,2.0,1.0,1.0,0.0,1.0,1.0,1.0,0.0,1.0,0.0,1.0,1.0,0.0,0.0,0.0,0.0,0.0,0.0,0.0,0.0,0.0,0.0,0.0,0.0,0.0,0.0,0.0,0.0,0.0,0.0,0.0,0.0,0.0,0.0,0.0,0.0,0.0,0.0,0.0,0.0,0.0,1.0,0.0,0.0,0.0,0.0,0.0,0.0,0.0,0.29,0.055,0.1,0.0,0.060000000000000005,0.075,0.0,0.29
Dylan McIlrath,WSH,D,2025-26,11.7666666666666,0.0,0.0,0.0,2.0,2.0,0.0,0.0,2.0,0.0,0.0,0.0,0.0,0.0,0.0,0.0,0.0,0.0,2.0,0.0,0.0,0.0,1.0,0.0,0.0,0.0,0.0,0.0,0.0,0.0,2.0,2.0,1.0,0.0,0.0,0.0,1.0,0.0,0.0,2.0,1.0,1.0,1.0,0.0,8.0,7.0,0.0,0.0,0.0,0.0,0.0,0.0,0.0,0.0,0.0,0.0,0.0,0.0,0.0,0.0,0.0,0.0,0.0,0.0,0.0,0.0,1.0,0.0,0.0,0.0,0.0,0.0,2.0,0.0,0.0,0.0,0.0,0.0,0.0,0.0,0.0,0.35,0.32,0.0,0.135,-0.10500000000000001,0.0,0.0,0.35
Brett Leason,WSH,R,2025-26,15.9499999999997,1.0,0.0,0.0,0.0,0.0,0.0,0.0,0.0,0.0,0.0,0.0,0.0,0.0,0.0,1.0,0.0,0.0,0.0,0.0,0.0,0.0,2.0,0.0,0.0,0.0,0.0,0.0,0.0,2.0,2.0,1.0,1.0,1.0,1.0,0.0,0.0,1.0,0.0,0.0,0.0,0.0,0.0,1.0,1.0,0.0,1.0,0.0,0.0,0.0,0.0,0.0,0.0,0.0,0.0,0.0,0.0,0.0,0.0,0.0,0.0,0.0,0.0,0.0,0.0,1.0,0.0,0.0,0.0,0.0,0.0,1.0,0.0,0.0,0.0,0.0,1.0,0.0,0.0,0.0,0.0,0.20500000000000002,0.075,0.0,0.065,0.035,0.03,0.0,0.20500000000000002
Luke Schenn,BUF,D,2025-26,12.5,1.0,1.0,0.0,1.0,1.0,0.0,0.0,0.0,0.0,0.0,0.0,0.0,0.0,0.0,0.0,0.0,1.0,1.0,0.0,0.0,0.0,1.0,0.0,0.0,0.0,0.0,0.0,0.0,0.0,3.0,3.0,3.0,2.0,0.0,2.0,1.0,0.0,2.0,1.0,0.0,0.0,3.0,0.0,3.0,3.0,0.0,2.0,2.0,0.0,0.0,0.0,0.0,0.0,0.0,0.0,0.0,0.0,0.0,0.0,0.0,0.0,0.0,0.0,0.0,0.0,0.0,0.0,1.0,1.0,0.0,0.0,1.0,0.0,0.0,0.0,0.0,0.0,0.0,0.0,0.0,0.16500000000000004,0.14500000000000002,0.0,-0.065,0.085,0.0,0.0,0.16500000000000004
Tanner Pearson,BUF,L,2025-26,8.9666666666667,3.0,3.0,2.0,0.0,0.0,0.0,0.0,0.0,0.0,0.0,0.0,0.0,0.0,0.0,1.0,0.0,1.0,0.0,1.0,0.0,1.0,1.0,1.0,0.0,0.0,0.0,0.0,0.0,1.0,1.0,1.0,1.0,0.0,0.0,0.0,1.0,0.0,0.0,0.0,0.0,0.0,1.0,0.0,0.0,0.0,0.0,0.0,0.0,0.0,0.0,0.0,0.0,0.0,0.0,0.0,0.0,0.0,0.0,0.0,0.0,0.0,0.0,1.0,1.0,0.0,0.0,0.0,0.0,2.0,1.0,0.0,0.0,0.0,0.0,0.0,0.0,0.0,0.0,1.0,0.0,0.525,0.46499999999999997,0.045,0.0,0.0,0.015,0.0,0.525
Aliaksei Protas,WSH,L,2025-26,43.333333333334,4.0,2.0,1.0,7.0,6.0,1.0,0.0,3.0,1.0,1.0,0.0,1.0,0.0,0.0,1.0,2.0,2.0,4.0,0.0,1.0,0.0,13.0,5.0,2.0,1.0,2.0,1.0,1.0,5.0,16.0,9.0,14.0,10.0,3.0,4.0,4.0,0.0,5.0,0.0,1.0,1.0,8.0,6.0,1.0,1.0,0.0,0.0,0.0,0.0,0.0,0.0,0.0,0.0,0.0,0.0,0.0,0.0,0.0,0.0,0.0,0.0,0.0,1.0,1.0,0.0,1.0,0.0,1.0,3.0,0.0,1.0,5.0,2.0,0.0,1.0,0.0,0.0,0.0,0.0,0.0,2.085,1.2400000000000002,0.22499999999999998,0.015,0.44,0.16499999999999998,0.0,2.085
Anthony Beauvillier,WSH,R,2025-26,33.516666666666296,4.0,4.0,4.0,3.0,1.0,2.0,0.0,1.0,0.0,0.0,0.0,0.0,1.0,1.0,2.0,2.0,1.0,0.0,0.0,0.0,0.0,9.0,4.0,1.0,1.0,0.0,1.0,0.0,3.0,9.0,9.0,8.0,3.0,1.0,2.0,5.0,0.0,4.0,2.0,1.0,0.0,8.0,0.0,1.0,1.0,0.0,0.0,0.0,0.0,0.0,0.0,0.0,0.0,0.0,0.0,0.0,0.0,0.0,0.0,0.0,0.0,0.0,0.0,1.0,1.0,0.0,1.0,0.0,2.0,2.0,0.0,1.0,0.0,2.0,0.0,0.0,1.0,0.0,1.0,0.0,1.335,0.95,0.19,0.015,0.135,0.045,0.0,1.335
Brandon Duhaime,WSH,L,2025-26,28.766666666667298,2.0,2.0,2.0,7.0,5.0,2.0,0.0,1.0,0.0,3.0,0.0,0.0,0.0,1.0,2.0,2.0,0.0,3.0,0.0,2.0,1.0,5.0,1.0,0.0,0.0,1.0,0.0,0.0,5.0,6.0,1.0,4.0,1.0,0.0,0.0,3.0,0.0,1.0,1.0,1.0,1.0,0.0,4.0,0.0,0.0,0.0,0.0,0.0,0.0,0.0,0.0,0.0,0.0,0.0,0.0,0.0,0.0,0.0,0.0,0.0,0.0,0.0,0.0,1.0,0.0,1.0,1.0,0.0,0.0,0.0,2.0,5.0,0.0,2.0,1.0,0.0,0.0,0.0,0.0,1.0,1.095,0.9400000000000001,0.045,0.0,-0.010000000000000002,0.12,0.0,1.095
Connor McMichael,WSH,L,2025-26,35.416666666666,6.0,4.0,4.0,6.0,3.0,2.0,1.0,2.0,1.0,0.0,0.0,2.0,0.0,1.0,4.0,2.0,2.0,4.0,0.0,2.0,0.0,15.0,12.0,0.0,2.0,1.0,5.0,0.0,8.0,12.0,8.0,9.0,4.0,2.0,1.0,5.0,1.0,1.0,1.0,1.0,2.0,6.0,3.0,0.0,0.0,0.0,0.0,0.0,0.0,0.0,0.0,0.0,1.0,0.0,0.0,0.0,0.0,0.0,0.0,0.0,0.0,0.0,0.0,1.0,0.0,0.0,1.0,1.0,2.0,0.0,4.0,4.0,0.0,2.0,1.0,2.0,0.0,0.0,0.0,1.0,2.6300000000000003,1.5350000000000004,0.8150000000000001,0.0,0.060000000000000005,0.16499999999999998,0.055,2.575
Ethen Frank,WSH,R,2025-26,20.0666666666667,1.0,0.0,0.0,0.0,0.0,0.0,0.0,0.0,0.0,0.0,0.0,0.0,0.0,0.0,0.0,0.0,0.0,0.0,0.0,0.0,0.0,6.0,2.0,2.0,0.0,1.0,0.0,1.0,2.0,8.0,6.0,5.0,3.0,2.0,0.0,2.0,1.0,2.0,0.0,1.0,1.0,4.0,1.0,0.0,0.0,0.0,0.0,0.0,0.0,0.0,0.0,0.0,0.0,0.0,0.0,0.0,0.0,0.0,0.0,0.0,0.0,0.0,0.0,0.0,0.0,0.0,0.0,0.0,1.0,0.0,0.0,0.0,0.0,0.0,0.0,0.0,0.0,0.0,0.0,0.0,0.305,0.075,0.035,0.0,0.12,0.075,0.0,0.305
Justin Sourdif,WSH,C,2025-26,43.083333333332995,4.0,2.0,1.0,6.0,4.0,2.0,0.0,1.0,0.0,1.0,0.0,1.0,0.0,2.0,2.0,5.0,2.0,0.0,0.0,0.0,0.0,14.0,13.0,2.0,2.0,0.0,0.0,0.0,6.0,15.0,11.0,13.0,7.0,4.0,1.0,6.0,0.0,5.0,4.0,2.0,3.0,9.0,4.0,1.0,0.0,1.0,0.0,0.0,0.0,0.0,0.0,0.0,0.0,0.0,0.0,0.0,0.0,0.0,0.0,0.0,0.0,0.0,0.0,0.0,0.0,0.0,1.0,0.0,2.0,1.0,1.0,1.0,1.0,4.0,0.0,0.0,0.0,0.0,1.0,1.0,1.6999999999999997,0.9249999999999999,0.495,0.065,0.125,0.09,0.0,1.6999999999999997
Pierre-Luc Dubois,WSH,C,2025-26,39.4,3.0,2.0,0.0,6.0,3.0,3.0,0.0,2.0,1.0,0.0,0.0,1.0,2.0,0.0,3.0,3.0,0.0,3.0,0.0,0.0,0.0,12.0,10.0,2.0,2.0,0.0,2.0,0.0,5.0,7.0,5.0,4.0,3.0,1.0,2.0,1.0,1.0,2.0,0.0,1.0,0.0,3.0,1.0,2.0,1.0,0.0,0.0,0.0,0.0,0.0,0.0,0.0,0.0,0.0,0.0,0.0,0.0,0.0,0.0,0.0,0.0,0.0,0.0,0.0,0.0,0.0,0.0,1.0,0.0,2.0,1.0,3.0,2.0,1.0,1.0,0.0,0.0,1.0,1.0,0.0,1.6250000000000002,0.88,0.47000000000000003,0.045,0.155,0.075,0.0,1.6250000000000002
Timothy Liljegren,WSH,D,2025-26,15.833333333333,2.0,2.0,1.0,1.0,1.0,0.0,0.0,0.0,0.0,0.0,0.0,0.0,0.0,0.0,1.0,0.0,0.0,0.0,0.0,0.0,0.0,2.0,0.0,0.0,0.0,0.0,0.0,0.0,1.0,4.0,3.0,1.0,1.0,1.0,0.0,0.0,0.0,1.0,1.0,3.0,1.0,0.0,1.0,10.0,9.0,0.0,3.0,2.0,0.0,0.0,0.0,0.0,0.0,0.0,0.0,0.0,0.0,0.0,0.0,0.0,0.0,0.0,0.0,0.0,0.0,0.0,0.0,0.0,1.0,1.0,0.0,1.0,0.0,0.0,0.0,0.0,1.0,0.0,0.0,0.0,0.36,0.315,0.0,0.039999999999999994,-0.010000000000000002,0.015,0.0,0.36
Cole Hutson,WSH,D,2025-26,31.716666666666,2.0,2.0,0.0,6.0,5.0,1.0,0.0,4.0,1.0,0.0,0.0,1.0,0.0,0.0,0.0,1.0,1.0,4.0,1.0,1.0,0.0,5.0,3.0,1.0,2.0,1.0,1.0,0.0,1.0,6.0,4.0,4.0,3.0,2.0,0.0,1.0,0.0,3.0,1.0,2.0,1.0,2.0,2.0,17.0,14.0,2.0,3.0,2.0,0.0,0.0,0.0,0.0,0.0,0.0,0.0,0.0,0.0,0.0,0.0,0.0,0.0,0.0,0.0,0.0,0.0,0.0,0.0,1.0,2.0,0.0,0.0,5.0,0.0,1.0,0.0,0.0,0.0,0.0,0.0,0.0,1.5750000000000002,1.0150000000000001,0.14500000000000002,0.245,0.11,0.06,0.0,1.5750000000000002
Justin Holl,STL,D,2025-26,15.3,1.0,1.0,0.0,1.0,0.0,0.0,1.0,0.0,0.0,0.0,0.0,0.0,0.0,0.0,0.0,0.0,0.0,0.0,1.0,0.0,0.0,1.0,1.0,0.0,0.0,0.0,0.0,0.0,0.0,2.0,2.0,1.0,1.0,1.0,0.0,0.0,0.0,2.0,0.0,1.0,0.0,1.0,0.0,4.0,1.0,1.0,0.0,0.0,0.0,0.0,0.0,0.0,0.0,0.0,0.0,0.0,0.0,0.0,0.0,0.0,0.0,0.0,0.0,0.0,0.0,0.0,0.0,0.0,1.0,0.0,0.0,1.0,0.0,0.0,0.0,0.0,0.0,0.0,0.0,0.0,0.4,0.13,0.045,0.14,0.085,0.0,0.0,0.4
Theo Lindstein,STL,D,2025-26,31.166666666667002,3.0,2.0,0.0,4.0,1.0,2.0,1.0,1.0,0.0,0.0,1.0,1.0,2.0,0.0,2.0,2.0,0.0,1.0,0.0,0.0,0.0,4.0,2.0,0.0,1.0,0.0,1.0,0.0,0.0,12.0,7.0,4.0,3.0,1.0,1.0,1.0,1.0,4.0,3.0,4.0,4.0,2.0,2.0,19.0,14.0,3.0,2.0,0.0,0.0,0.0,0.0,0.0,0.0,0.0,0.0,0.0,0.0,0.0,0.0,0.0,0.0,0.0,0.0,0.0,0.0,0.0,0.0,0.0,1.0,1.0,1.0,2.0,2.0,0.0,0.0,1.0,1.0,0.0,0.0,0.0,1.19,0.65,0.145,0.435,-0.039999999999999994,0.0,0.0,1.19
Ivan Miroshnichenko,WSH,L,2025-26,9.3333333333333,3.0,1.0,1.0,0.0,0.0,0.0,0.0,0.0,0.0,0.0,0.0,0.0,0.0,0.0,0.0,0.0,3.0,0.0,0.0,0.0,0.0,1.0,0.0,2.0,0.0,1.0,0.0,0.0,2.0,1.0,1.0,1.0,1.0,1.0,0.0,0.0,0.0,1.0,1.0,0.0,1.0,1.0,0.0,0.0,0.0,0.0,0.0,0.0,0.0,0.0,0.0,0.0,0.0,0.0,0.0,0.0,0.0,0.0,0.0,0.0,0.0,0.0,0.0,0.0,0.0,0.0,0.0,0.0,3.0,0.0,0.0,0.0,0.0,0.0,0.0,0.0,0.0,0.0,0.0,0.0,0.29499999999999993,0.31999999999999995,-0.09,0.0,-0.010000000000000002,0.075,0.0,0.29499999999999993
Anton Frondell,CHI,C,2025-26,42.65,8.0,7.0,4.0,3.0,0.0,3.0,0.0,0.0,0.0,0.0,0.0,0.0,0.0,0.0,3.0,1.0,4.0,1.0,1.0,1.0,1.0,6.0,3.0,3.0,0.0,4.0,2.0,0.0,2.0,11.0,4.0,8.0,4.0,1.0,1.0,4.0,0.0,2.0,1.0,0.0,3.0,4.0,4.0,0.0,0.0,0.0,0.0,0.0,0.0,0.0,0.0,0.0,0.0,0.0,0.0,0.0,0.0,0.0,0.0,0.0,0.0,0.0,0.0,0.0,2.0,0.0,0.0,0.0,4.0,2.0,2.0,2.0,1.0,0.0,0.0,2.0,1.0,0.0,1.0,0.0,1.565,1.1949999999999998,0.11000000000000001,0.0,0.049999999999999996,0.21,0.0,1.565
Dominic Toninato,CHI,C,2025-26,9.5333333333333,1.0,1.0,1.0,0.0,0.0,0.0,0.0,0.0,0.0,0.0,0.0,0.0,0.0,0.0,0.0,0.0,1.0,0.0,0.0,0.0,0.0,0.0,0.0,0.0,0.0,0.0,0.0,0.0,2.0,2.0,1.0,2.0,2.0,0.0,1.0,0.0,0.0,1.0,0.0,0.0,0.0,1.0,1.0,1.0,0.0,0.0,0.0,0.0,0.0,0.0,0.0,0.0,0.0,0.0,0.0,0.0,0.0,0.0,0.0,0.0,0.0,0.0,0.0,0.0,0.0,0.0,0.0,0.0,1.0,0.0,0.0,0.0,0.0,0.0,0.0,0.0,0.0,0.0,0.0,0.0,0.32499999999999996,0.16999999999999998,0.0,0.03,0.095,0.03,0.0,0.32499999999999996
Josiah Slavin,CAR,L,2025-26,13.233333333333,2.0,1.0,1.0,3.0,3.0,0.0,0.0,1.0,0.0,1.0,0.0,0.0,0.0,1.0,0.0,1.0,2.0,2.0,0.0,0.0,0.0,3.0,2.0,0.0,0.0,3.0,0.0,0.0,4.0,3.0,0.0,3.0,2.0,0.0,0.0,1.0,0.0,0.0,0.0,0.0,0.0,0.0,3.0,1.0,0.0,0.0,0.0,0.0,0.0,0.0,0.0,0.0,0.0,0.0,0.0,0.0,0.0,0.0,0.0,0.0,0.0,0.0,0.0,0.0,1.0,0.0,0.0,0.0,2.0,0.0,0.0,2.0,0.0,1.0,0.0,0.0,0.0,0.0,0.0,0.0,0.9299999999999999,0.5449999999999999,0.09,0.03,0.07,0.195,0.0,0.9299999999999999
Skyler Brind'Amour,CAR,C,2025-26,11.766666666667,0.0,0.0,0.0,2.0,1.0,0.0,1.0,1.0,0.0,0.0,0.0,0.0,0.0,0.0,0.0,0.0,0.0,2.0,0.0,1.0,0.0,0.0,0.0,1.0,0.0,0.0,0.0,0.0,2.0,2.0,0.0,1.0,1.0,0.0,0.0,0.0,0.0,0.0,1.0,0.0,1.0,0.0,1.0,0.0,0.0,0.0,0.0,0.0,0.0,0.0,0.0,0.0,0.0,0.0,0.0,0.0,0.0,0.0,0.0,0.0,0.0,0.0,0.0,0.0,0.0,0.0,0.0,1.0,0.0,0.0,0.0,2.0,0.0,0.0,0.0,0.0,0.0,0.0,0.0,0.0,0.16499999999999998,0.215,-0.045,0.0,-0.035,0.03,0.0,0.16499999999999998
Sacha Boisvert,CHI,C,2025-26,11.666666666667,2.0,2.0,1.0,3.0,2.0,1.0,0.0,1.0,0.0,1.0,0.0,0.0,0.0,1.0,0.0,1.0,1.0,1.0,1.0,0.0,0.0,3.0,0.0,0.0,0.0,0.0,0.0,0.0,1.0,6.0,5.0,4.0,3.0,1.0,1.0,1.0,0.0,4.0,0.0,2.0,0.0,3.0,1.0,0.0,0.0,0.0,0.0,0.0,0.0,0.0,0.0,0.0,0.0,0.0,0.0,0.0,0.0,0.0,0.0,0.0,0.0,0.0,0.0,0.0,0.0,0.0,1.0,0.0,2.0,0.0,0.0,2.0,0.0,1.0,0.0,0.0,0.0,0.0,0.0,0.0,0.7500000000000001,0.53,0.0,0.0,0.20500000000000002,0.015,0.0,0.7500000000000001
Hugh McGing,STL,L,2025-26,8.9166666666667,1.0,1.0,1.0,2.0,2.0,0.0,0.0,2.0,1.0,0.0,0.0,0.0,0.0,0.0,1.0,2.0,0.0,0.0,0.0,0.0,0.0,5.0,2.0,0.0,2.0,0.0,2.0,0.0,0.0,3.0,2.0,3.0,1.0,1.0,0.0,2.0,0.0,0.0,0.0,0.0,0.0,2.0,1.0,0.0,0.0,0.0,0.0,0.0,0.0,0.0,0.0,0.0,0.0,0.0,0.0,0.0,0.0,0.0,0.0,0.0,0.0,0.0,0.0,0.0,0.0,0.0,0.0,0.0,0.0,0.0,1.0,0.0,1.0,1.0,1.0,0.0,0.0,0.0,0.0,0.0,0.775,0.54,0.2,0.0,0.035,0.0,0.0,0.775
Matt Luff,STL,R,2025-26,9.05,1.0,1.0,1.0,2.0,2.0,0.0,0.0,2.0,0.0,0.0,1.0,1.0,0.0,0.0,1.0,1.0,0.0,1.0,0.0,0.0,0.0,2.0,2.0,0.0,1.0,0.0,2.0,0.0,3.0,2.0,0.0,1.0,0.0,0.0,0.0,1.0,0.0,0.0,1.0,0.0,1.0,0.0,1.0,1.0,1.0,0.0,1.0,1.0,0.0,0.0,0.0,0.0,0.0,0.0,0.0,0.0,0.0,0.0,0.0,0.0,0.0,0.0,0.0,0.0,0.0,1.0,0.0,0.0,0.0,0.0,1.0,1.0,0.0,1.0,1.0,0.0,0.0,0.0,0.0,0.0,0.725,0.5900000000000001,0.2,-0.04,-0.07,0.045,0.0,0.725
