"","Player","Team","Position","GP","TOI","Goals","Total Assists","First Assists","Second Assists","Total Points","IPP","Shots","SH%","ixG","iCF","iFF","iSCF","iHDCF","Rush Attempts","Rebounds Created","PIM","Total Penalties","Minor","Major","Misconduct","Penalties Drawn","Giveaways","Takeaways","Hits","Hits Taken","Shots Blocked","Faceoffs Won","Faceoffs Lost","Faceoffs %"
"107","Jean-Gabriel Pageau","NYI","C","74","179.46666666667","3","4","4","0","7","100.00","15","20.00","1.79","25","22","14","8","5","1","0","0","0","0","0","2","2","3","7","3","11","130","91","58.82"
"288","Sebastian Aho","CAR","C","79","133.6","2","4","2","2","6","66.67","18","11.11","2.81","24","22","23","11","2","3","0","0","0","0","0","3","11","6","2","4","3","25","30","45.45"
"457","Ryan McLeod","BUF","C","81","197.08333333333","5","1","1","0","6","75.00","10","50.00","2.47","16","14","9","5","4","0","0","0","0","0","0","2","7","12","2","0","6","114","150","43.18"
"587","Seth Jarvis","CAR","C","71","111.68333333333","4","2","2","0","6","75.00","16","25.00","3.33","23","22","20","11","0","1","0","0","0","0","0","1","7","7","0","4","6","6","8","42.86"
"22","Mikael Backlund","CGY","C","82","201.95","1","4","4","0","5","83.33","23","4.35","1.73","32","28","11","7","1","3","2","1","1","0","0","0","3","2","1","4","2","141","152","48.12"
"127","Joel Armia","L.A","R","67","93.25","4","1","1","0","5","100.00","10","40.00","2.42","11","11","10","7","1","1","0","0","0","0","0","0","2","5","5","2","3","2","6","25.00"
"241","Alex Tuch","BUF","R","79","192.73333333333","3","2","2","0","5","71.43","13","23.08","2.03","23","21","14","9","4","1","2","1","1","0","0","4","6","7","4","1","25","11","18","37.93"
"106","Blake Coleman","CGY","L","69","149.8","4","0","0","0","4","100.00","15","26.67","2.31","27","19","21","9","0","2","4","2","2","0","0","1","3","7","5","3","12","5","6","45.45"
"171","Josh Anderson","MTL","R","72","161.9","2","2","2","0","4","100.00","14","14.29","1.7","20","18","14","7","5","1","8","4","4","0","0","3","3","3","5","0","9","3","1","75.00"
"232","Sam Reinhart","FLA","C","64","126.56666666667","3","1","1","0","4","80.00","14","21.43","2.02","24","19","18","8","1","4","2","1","1","0","0","1","4","1","3","2","12","9","12","42.86"
"316","Anthony Cirelli","T.B","C","71","186.76666666667","2","2","2","0","4","100.00","15","13.33","1.94","17","16","11","6","2","0","2","1","1","0","0","2","3","6","2","0","13","86","137","38.57"
"328","Troy Terry","ANA","R","61","56.95","2","2","2","0","4","100.00","13","15.38","1.05","17","16","12","3","1","1","0","0","0","0","0","1","5","0","0","1","1","1","1","50.00"
"421","Ryan Poehling","ANA","C","75","186.26666666667","2","2","2","0","4","100.00","10","20.00","1.18","20","14","10","6","1","3","2","1","1","0","0","3","9","4","1","2","25","93","136","40.61"
"453","Joel Farabee","CGY","L","82","165.4","3","1","1","0","4","66.67","12","25.00","1.95","18","15","10","6","2","0","2","1","1","0","0","6","3","3","0","1","8","5","6","45.45"
"530","Matt Boldy","MIN","L","76","130.03333333333","4","0","0","0","4","100.00","15","26.67","1.7","17","16","7","3","5","0","0","0","0","0","0","1","6","8","1","1","12","1","3","25.00"
"545","Shane Pinto","OTT","C","72","162.86666666667","2","2","2","0","4","100.00","11","18.18","2.39","14","12","12","7","2","3","4","2","2","0","0","5","4","4","7","2","6","50","50","50.00"
"549","Simon Holmstrom","NYI","R","79","161.7","2","2","2","0","4","80.00","10","20.00","1.13","16","13","9","4","2","1","4","2","2","0","0","4","7","9","1","3","11","0","3","0.00"
"598","Anton Lundell","FLA","C","64","135.55","2","2","2","0","4","80.00","11","18.18","1.41","19","15","11","4","3","0","0","0","0","0","0","3","2","1","6","3","8","76","87","46.63"
"40","Ryan O'Reilly","NSH","C","81","157.01666666667","2","1","0","1","3","75.00","11","18.18","0.84","13","13","8","1","1","0","2","1","1","0","0","0","2","11","0","1","9","80","77","50.96"
"155","Radek Faksa","DAL","C","58","126.36666666667","1","2","1","1","3","100.00","5","20.00","0.55","5","5","3","2","0","1","4","2","2","0","0","0","1","1","4","0","11","62","65","48.82"
"164","Jordan Martinook","CAR","L","77","166.4","3","0","0","0","3","100.00","15","20.00","1.21","23","21","7","1","5","0","0","0","0","0","0","2","4","3","3","3","12","2","8","20.00"
"167","Teddy Blueger","VAN","C","35","65.466666666667","3","0","0","0","3","75.00","9","33.33","0.65","10","10","3","0","0","0","0","0","0","0","0","0","0","0","1","1","1","20","31","39.22"
"240","Travis Sanheim","PHI","D","81","255.7","1","2","1","1","3","75.00","6","16.67","0.47","9","8","4","2","2","0","4","2","2","0","0","3","6","2","1","1","24","0","0","-"
"280","Jack Eichel","VGK","C","74","100.51666666667","1","2","2","0","3","100.00","10","10.00","1.69","15","13","9","4","3","1","0","0","0","0","0","1","0","3","0","1","6","32","59","35.16"
"408","Owen Tippett","PHI","R","81","34.4","3","0","0","0","3","75.00","5","60.00","1.22","7","7","3","1","2","0","0","0","0","0","0","2","1","2","4","2","1","0","3","0.00"
"411","Robert Thomas","STL","C","64","84.083333333333","2","1","1","0","3","100.00","4","50.00","0.98","6","6","4","4","1","0","0","0","0","0","0","0","4","4","0","0","7","56","48","53.85"
"460","Mattias Samuelsson","BUF","D","78","228.58333333333","1","2","1","1","3","42.86","4","25.00","0.19","5","4","1","0","1","0","0","0","0","0","0","1","8","1","35","3","29","0","0","-"
"462","K'Andre Miller","CAR","D","72","137.25","1","2","1","1","3","60.00","3","33.33","0.22","6","4","2","1","1","0","2","1","1","0","0","1","5","3","9","1","11","0","0","-"
"557","Ilya Mikheyev","CHI","R","77","202.16666666667","1","2","2","0","3","75.00","15","6.67","1.82","23","21","14","5","1","1","4","2","2","0","0","4","10","11","4","3","9","1","6","14.29"
"560","Aliaksei Protas","WSH","C, L","76","146.86666666667","2","1","1","0","3","100.00","14","14.29","1.89","21","19","12","3","2","1","0","0","0","0","0","2","8","5","1","2","10","11","23","32.35"
"572","Drew O'Connor","VAN","L","82","85.216666666667","2","1","1","0","3","75.00","13","15.38","1.27","20","18","10","1","1","1","0","0","0","0","0","0","2","4","1","1","2","8","4","66.67"
"596","Dawson Mercer","N.J","C","82","135.58333333333","3","0","0","0","3","75.00","13","23.08","1.08","17","15","9","5","2","0","0","0","0","0","0","4","2","3","1","3","11","6","5","54.55"
"649","Owen Power","BUF","D","81","152.7","0","3","2","1","3","50.00","0","-","0","0","0","0","0","0","0","0","0","0","0","0","0","3","1","3","1","11","0","0","-"
"673","Oliver Kapanen","MTL","C","82","129.51666666667","1","2","2","0","3","150.00","4","25.00","0.13","4","4","1","0","0","0","0","0","0","0","0","0","4","1","1","0","23","13","20","39.39"
"760","Leo Carlsson","ANA","C","70","62.2","2","1","0","1","3","100.00","6","33.33","0.5","7","7","5","1","0","0","0","0","0","0","0","1","2","1","0","0","3","27","53","33.75"
"809","Collin Graf","S.J","R","81","201.48333333333","2","1","1","0","3","100.00","9","22.22","1.07","14","14","7","4","1","2","0","0","0","0","0","2","4","8","4","1","15","2","2","50.00"
"10","Nick Foligno","CHI, MIN","L","54","66.033333333333","0","2","2","0","2","66.67","3","0.00","0.01","4","3","1","0","1","0","0","0","0","0","0","1","2","0","1","0","2","26","28","48.15"
"35","Adam Henrique","EDM","C","65","107.66666666667","0","2","0","2","2","100.00","7","0.00","0.83","10","10","8","2","2","0","6","3","3","0","0","0","3","1","1","0","7","74","73","50.34"
"57","Casey Cizikas","NYI","C","81","118.5","1","1","1","0","2","66.67","8","12.50","0.87","11","10","6","4","2","1","2","1","1","0","0","0","3","1","0","2","13","19","21","47.50"
"60","Erik Haula","NSH","L","81","160.95","1","1","1","0","2","66.67","10","10.00","0.98","13","12","6","2","1","1","2","1","1","0","0","0","4","4","2","4","5","31","40","43.66"
"91","Bryan Rust","PIT","R","72","114.76666666667","1","1","1","0","2","66.67","7","14.29","1.23","17","14","9","4","3","2","4","2","2","0","0","2","2","3","2","1","12","0","1","0.00"
"96","Mark Stone","VGK","R","60","70.05","1","1","1","0","2","66.67","2","50.00","0.37","5","4","3","1","0","1","0","0","0","0","0","1","2","1","2","0","11","0","2","0.00"
"100","Dylan DeMelo","WPG","D","82","186.78333333333","0","2","0","2","2","200.00","1","0.00","0","1","1","0","0","0","0","0","0","0","0","0","2","0","1","8","1","16","0","0","-"
"103","Vincent Trocheck","NYR","C","67","133.88333333333","2","0","0","0","2","100.00","4","50.00","0.43","8","6","4","3","0","0","6","3","3","0","0","0","11","4","3","2","6","69","89","43.67"
"104","Adam Lowry","WPG","C","70","124.45","1","1","1","0","2","100.00","5","20.00","1.2","12","9","7","4","0","1","0","0","0","0","0","2","2","5","3","0","12","43","71","37.72"
"120","Mika Zibanejad","NYR","C","81","158.35","2","0","0","0","2","66.67","6","33.33","1","11","9","4","3","3","0","0","0","0","0","0","2","12","4","3","0","8","69","80","46.31"
"130","Phillip Danault","L.A, MTL","C","75","149.78333333333","1","1","1","0","2","40.00","6","16.67","1.65","13","10","7","2","1","1","2","1","1","0","0","2","1","0","4","1","10","59","58","50.43"
"132","Rickard Rakell","PIT","R","60","34.95","1","1","1","0","2","100.00","3","33.33","0.59","6","6","5","2","0","2","0","0","0","0","0","0","1","1","1","0","2","0","7","0.00"
"141","Brendan Gaunce","CBJ","C","25","41.533333333333","2","0","0","0","2","100.00","5","40.00","0.7","8","8","6","3","0","0","0","0","0","0","0","0","2","0","0","1","7","13","12","52.00"
"142","Brady Skjei","NSH","D","82","234.58333333333","1","1","1","0","2","50.00","6","16.67","0.44","8","8","3","1","0","1","4","2","2","0","0","3","8","8","8","3","22","0","0","-"
"144","Scott Laughton","L.A, TOR","C","64","129.28333333333","2","0","0","0","2","100.00","10","20.00","1.02","15","15","7","2","3","0","2","1","1","0","0","2","2","5","1","2","7","95","58","62.09"
"147","Mike Matheson","MTL","D","78","308.3","1","1","0","1","2","25.00","7","14.29","0.59","9","9","1","0","4","0","4","2","2","0","0","2","9","5","8","1","40","0","0","-"
"159","Esa Lindell","DAL","D","82","322.98333333333","0","2","2","0","2","100.00","8","0.00","0.12","10","9","1","0","4","0","0","0","0","0","0","0","8","7","3","1","37","0","0","-"
"160","Chandler Stephenson","SEA","C","80","146.86666666667","0","2","1","1","2","100.00","5","0.00","0.39","6","5","3","2","4","0","0","0","0","0","0","0","1","5","0","0","10","76","116","39.58"
"163","Adam Pelech","NYI","D","82","206.11666666667","1","1","0","1","2","33.33","5","20.00","0.28","8","8","2","0","2","0","0","0","0","0","0","2","6","6","3","1","19","0","0","-"
"169","Jaccob Slavin","CAR","D","39","111.3","0","2","0","2","2","66.67","4","0.00","0.11","5","4","1","0","1","0","0","0","0","0","0","0","4","5","2","3","14","0","0","-"
"174","Connor Brown","N.J","R","75","139.05","2","0","0","0","2","100.00","9","22.22","0.83","13","11","7","5","1","1","6","3","3","0","0","2","7","8","0","3","14","1","2","33.33"
"185","Jake Guentzel","T.B","C","81","109.38333333333","2","0","0","0","2","50.00","12","16.67","2.24","15","14","12","5","0","1","2","1","1","0","0","2","8","5","0","4","7","13","15","46.43"
"195","Michael McCarron","MIN, NSH","C","79","182.48333333333","2","0","0","0","2","100.00","7","28.57","1.19","10","8","3","1","0","0","4","2","2","0","0","2","3","4","4","3","10","111","97","53.37"
"197","Jason Dickinson","CHI, EDM","C","64","134.63333333333","1","1","0","1","2","100.00","5","20.00","0.87","11","9","7","4","0","0","0","0","0","0","0","3","4","2","0","1","8","60","89","40.27"
"210","Sean Monahan","CBJ","C","78","131.91666666667","2","0","0","0","2","100.00","13","15.38","0.98","15","13","11","3","1","0","0","0","0","0","0","0","5","5","1","0","12","44","50","46.81"
"211","Darnell Nurse","EDM","D","82","122.5","0","2","1","1","2","66.67","3","0.00","0.19","7","6","1","0","1","0","0","0","0","0","0","0","3","1","5","5","32","0","0","-"
"212","Rasmus Ristolainen","PHI","D","44","73.666666666667","0","2","0","2","2","100.00","0","-","0","0","0","0","0","0","0","0","0","0","0","0","0","2","2","0","0","9","0","0","-"
"243","Nick Schmaltz","UTA","C","82","121.91666666667","2","0","0","0","2","66.67","10","20.00","1.04","14","13","7","5","2","0","0","0","0","0","0","2","2","4","0","1","5","12","14","46.15"
"248","Adrian Kempe","L.A","R","81","43.9","0","2","2","0","2","200.00","5","0.00","1.21","9","9","4","3","2","1","4","2","2","0","0","0","0","0","2","1","2","1","3","25.00"
"259","Jake Walman","EDM","D","53","52.25","2","0","0","0","2","100.00","2","100.00","0.2","3","3","2","0","0","0","2","1","1","0","0","0","0","2","0","0","3","0","0","-"
"269","Jake Evans","MTL","C","68","196.3","2","0","0","0","2","100.00","15","13.33","1.38","24","20","10","5","4","1","4","2","2","0","0","4","5","7","1","4","9","121","99","55.00"
"276","Kyle Connor","WPG","L","82","86.316666666667","1","1","1","0","2","100.00","12","8.33","1.55","15","14","11","6","2","3","0","0","0","0","0","2","2","2","0","0","2","0","1","0.00"
"277","Jonas Siegenthaler","N.J","D","82","141.55","0","2","1","1","2","100.00","1","0.00","0","1","1","0","0","0","0","0","0","0","0","0","0","7","0","4","3","15","0","0","-"
"279","Connor McDavid","EDM","C","82","86.65","1","1","0","1","2","66.67","11","9.09","1.07","14","13","9","5","1","0","0","0","0","0","0","3","5","1","1","0","1","19","20","48.72"
"291","Travis Konecny","PHI","R","77","66.916666666667","1","1","1","0","2","100.00","5","20.00","0.59","7","5","4","1","0","1","12","2","1","0","1","2","4","3","4","1","2","4","2","66.67"
"297","Parker Wotherspoon","PIT","D","80","188.68333333333","0","2","0","2","2","50.00","7","0.00","0.05","7","7","0","0","3","0","18","5","4","0","1","6","6","2","21","2","23","0","0","-"
"305","Thomas Chabot","OTT","D","57","92.183333333333","1","1","0","1","2","100.00","5","20.00","0.16","5","5","2","0","3","0","0","0","0","0","0","0","2","5","3","3","13","0","0","-"
"307","Lawson Crouse","UTA","L","81","221.65","1","1","1","0","2","66.67","11","9.09","0.74","19","18","4","2","3","0","0","0","0","0","0","1","4","1","9","3","14","2","6","25.00"
"314","John Marino","UTA","D","80","133.56666666667","1","1","1","0","2","40.00","3","33.33","0.02","3","3","0","0","1","0","2","1","1","0","0","0","5","1","1","0","4","0","0","-"
"320","Kevin Stenlund","UTA","C","80","234.25","1","1","1","0","2","50.00","7","14.29","0.59","16","12","4","1","2","1","4","2","2","0","0","1","10","4","4","1","18","158","161","49.53"
"332","Steven Lorentz","TOR","C","71","158.5","2","0","0","0","2","66.67","9","22.22","1.35","13","10","10","4","1","1","2","1","1","0","0","1","7","9","4","2","8","16","29","35.56"
"336","Rodrigo Abols","PHI","C","42","27.833333333333","1","1","1","0","2","100.00","3","33.33","0.38","3","3","1","1","0","1","0","0","0","0","0","1","0","1","1","0","4","3","2","60.00"
"355","Tyson Jost","NSH","C","69","95.35","1","1","1","0","2","50.00","6","16.67","0.59","9","7","4","2","0","0","2","1","1","0","0","0","5","0","2","1","6","4","5","44.44"
"368","Jesper Bratt","N.J","L","82","64.2","1","1","1","0","2","100.00","4","25.00","0.93","8","8","6","3","2","0","0","0","0","0","0","1","2","1","1","0","1","0","1","0.00"
"369","Mikhail Sergachev","UTA","D","78","224","0","2","1","1","2","50.00","11","0.00","0.67","18","16","6","5","2","3","2","1","1","0","0","2","11","2","1","1","24","0","0","-"
"373","Filip Hronek","VAN","D","82","187.61666666667","0","2","2","0","2","66.67","1","0.00","0.07","5","4","1","0","1","1","0","0","0","0","0","4","6","2","19","3","15","0","0","-"
"386","Trevor Moore","L.A","L","69","116.83333333333","1","1","1","0","2","100.00","17","5.88","1.51","21","20","11","5","2","3","0","0","0","0","0","0","1","4","1","1","2","0","5","0.00"
"437","Nick Perbix","NSH","D","79","228.16666666667","0","2","2","0","2","50.00","5","0.00","0.2","8","6","2","0","5","0","4","2","2","0","0","1","9","5","3","1","18","0","0","-"
"439","Alexey Toropchenko","STL","R","65","106.5","1","1","1","0","2","100.00","6","16.67","0.42","7","6","4","1","0","0","0","0","0","0","0","0","1","3","3","3","8","1","2","33.33"
"440","Morgan Barron","WPG","C","65","121.71666666667","2","0","0","0","2","100.00","11","18.18","1.24","13","13","9","7","0","1","2","1","1","0","0","2","0","3","5","2","11","75","107","41.21"
"443","Sean Walker","CAR","D","81","156.38333333333","0","2","1","1","2","33.33","3","0.00","0.25","7","5","3","0","0","0","2","1","1","0","0","0","5","1","17","4","17","0","0","-"
"448","Pius Suter","STL","C","64","110.68333333333","1","1","1","0","2","100.00","6","16.67","0.7","11","8","6","3","1","0","0","0","0","0","0","1","2","6","1","0","5","33","50","39.76"
"458","Evan Bouchard","EDM","D","82","147.86666666667","0","2","2","0","2","66.67","5","0.00","0.2","8","6","4","0","2","0","0","0","0","0","0","2","8","2","0","1","13","0","0","-"
"473","Ty Dellandrea","S.J","C","46","121.41666666667","1","1","1","0","2","100.00","3","33.33","0.88","9","7","5","3","0","0","2","1","1","0","0","2","1","1","3","1","8","68","77","46.90"
"475","Jack McBain","UTA","C","75","108.28333333333","1","1","1","0","2","100.00","1","100.00","0.45","4","3","4","2","0","1","4","2","2","0","0","1","2","3","3","1","11","16","28","36.36"
"489","Connor Dewar","PIT","C","78","209.38333333333","1","1","1","0","2","100.00","14","7.14","2.05","20","18","13","2","0","1","0","0","0","0","0","1","6","2","17","4","16","11","23","32.35"
"529","John Beecher","BOS, CGY","C","35","55.133333333333","1","1","1","0","2","66.67","5","20.00","0.59","7","7","4","2","3","1","2","1","1","0","0","0","0","1","1","0","7","15","20","42.86"
"531","Jack Hughes","N.J","C","61","25.05","1","1","1","0","2","100.00","5","20.00","0.38","5","5","4","2","0","0","0","0","0","0","0","0","1","2","0","1","3","2","3","40.00"
"533","Drew Helleson","ANA","D","60","89.133333333333","0","2","1","1","2","66.67","1","0.00","0.02","2","2","0","0","0","0","0","0","0","0","0","1","2","0","6","1","9","0","0","-"
"551","Jackson LaCombe","ANA","D","82","136.7","1","1","0","1","2","200.00","5","20.00","1.35","9","7","7","6","0","2","0","0","0","0","0","1","5","3","6","3","18","0","0","-"
"553","Albert Johansson","DET","D","82","111.06666666667","1","1","1","0","2","100.00","1","100.00","0.05","1","1","1","0","0","0","0","0","0","0","0","2","4","1","7","1","15","0","0","-"
"570","Louis Crevier","CHI","D","78","149.8","1","1","0","1","2","50.00","5","20.00","0.27","6","5","2","1","2","0","0","0","0","0","0","0","4","3","18","4","13","0","0","-"
"589","Tyler Kleven","OTT","D","70","108.85","0","2","2","0","2","66.67","7","0.00","0.12","7","7","1","0","3","0","2","1","1","0","0","1","4","3","4","1","12","0","0","-"
"599","Tim Stützle","OTT","C","80","149.35","2","0","0","0","2","66.67","17","11.76","2.61","23","23","16","11","1","0","0","0","0","0","0","4","6","8","7","4","5","19","15","55.88"
"601","Brock Faber","MIN","D","80","191.95","1","1","1","0","2","33.33","5","20.00","0.07","5","5","1","0","0","0","0","0","0","0","0","1","3","0","2","3","16","0","0","-"
"611","Alex Laferriere","L.A","R","82","135.73333333333","2","0","0","0","2","100.00","11","18.18","0.82","16","14","6","4","1","0","2","1","1","0","0","1","2","3","12","1","8","27","40","40.30"
"614","Yan Kuznetsov","CGY","D","57","101.9","0","2","0","2","2","40.00","1","0.00","0.09","2","2","0","0","0","0","2","1","1","0","0","1","1","2","4","1","10","0","0","-"
"643","J.J. Moser","T.B","D","79","203.18333333333","0","2","2","0","2","66.67","1","0.00","0","1","1","0","0","0","0","2","1","1","0","0","3","9","3","5","0","22","0","0","-"
"694","Logan Cooley","UTA","C","54","28.35","2","0","0","0","2","100.00","2","100.00","0.54","3","2","2","0","0","0","0","0","0","0","0","0","2","0","1","0","0","5","1","83.33"
"721","Matt Savoie","EDM","C","82","132.23333333333","2","0","0","0","2","66.67","7","28.57","0.62","12","10","7","3","1","1","0","0","0","0","0","1","4","5","0","0","3","2","8","20.00"
"756","Zach Benson","BUF","L","65","62.5","1","1","1","0","2","100.00","7","14.29","0.78","10","7","7","3","0","0","0","0","0","0","0","2","0","5","0","0","4","0","2","0.00"
"819","Ben Kindel","PIT","C","77","49.533333333333","1","1","1","0","2","100.00","4","25.00","1.36","4","4","4","2","1","0","0","0","0","0","0","1","1","1","0","2","6","10","10","50.00"
"13","Jordan Staal","CAR","C","75","167.13333333333","0","1","1","0","1","33.33","3","0.00","0.76","9","7","4","1","1","0","2","1","1","0","0","1","3","3","5","0","10","111","138","44.58"
"15","Alex Killorn","ANA","L","82","188.93333333333","0","1","1","0","1","100.00","17","0.00","1.18","19","18","7","3","0","0","2","1","1","0","0","1","7","2","3","4","7","2","16","11.11"
"17","Ian Cole","UTA","D","82","248.43333333333","0","1","0","1","1","33.33","4","0.00","0","4","4","0","0","2","0","4","2","2","0","0","3","8","3","11","2","34","0","0","-"
"24","Lars Eller","OTT","C","68","62.666666666667","1","0","0","0","1","100.00","1","100.00","0.18","1","1","1","1","0","0","2","1","1","0","0","0","2","2","3","0","3","30","28","51.72"
"25","Drew Doughty","L.A","D","72","91.866666666667","0","1","0","1","1","50.00","1","0.00","0.05","1","1","0","0","0","0","0","0","0","0","0","1","3","1","0","1","9","0","0","-"
"38","Marcus Johansson","MIN","L","75","49.25","0","1","1","0","1","50.00","3","0.00","0.11","3","3","0","0","0","0","0","0","0","0","0","0","0","1","1","1","1","0","0","-"
"39","Kyle Palmieri","NYI","C","25","44.9","1","0","0","0","1","100.00","6","16.67","0.28","6","6","2","0","1","0","0","0","0","0","0","0","2","2","1","2","0","0","0","-"
"52","Reilly Smith","VGK","R","69","62.933333333333","1","0","0","0","1","100.00","3","33.33","0.79","5","5","5","3","0","2","0","0","0","0","0","1","5","1","2","1","1","0","2","0.00"
"54","Brian Dumoulin","L.A","D","82","109.9","0","1","0","1","1","25.00","4","0.00","0.21","5","5","3","1","2","0","0","0","0","0","0","0","3","2","3","0","8","0","0","-"
"63","Nic Dowd","VGK, WSH","C","75","166.88333333333","1","0","0","0","1","100.00","6","16.67","0.44","8","6","2","1","1","0","6","3","3","0","0","3","4","4","2","1","14","94","126","42.73"
"64","Brenden Dillon","N.J","D","82","188.01666666667","0","1","0","1","1","33.33","0","-","0","0","0","0","0","0","0","9","3","2","1","0","2","4","2","23","3","19","0","0","-"
"74","Justin Faulk","DET, STL","D","78","117.03333333333","0","1","0","1","1","33.33","3","0.00","0.05","4","4","0","0","1","0","2","1","1","0","0","1","1","2","1","0","9","0","0","-"
"75","Brock Nelson","COL","C","81","150.3","0","1","1","0","1","100.00","6","0.00","1.01","16","12","10","3","1","1","0","0","0","0","0","1","5","2","2","0","6","89","115","43.63"
"77","Nick Bjugstad","N.J, STL","C","61","43.9","1","0","0","0","1","100.00","9","11.11","0.67","11","10","6","4","1","0","2","1","1","0","0","0","1","1","0","0","5","18","17","51.43"
"80","Cam Fowler","STL","D","82","96.983333333333","0","1","0","1","1","100.00","2","0.00","0.1","2","2","1","0","0","1","0","0","0","0","0","1","1","0","0","1","11","0","0","-"
"82","Jaden Schwartz","SEA","L","50","41.783333333333","1","0","0","0","1","100.00","3","33.33","0.59","4","4","1","1","0","0","0","0","0","0","0","0","1","2","2","0","3","0","0","-"
"92","Sam Carrick","BUF, NYR","C","73","72.5","0","1","1","0","1","100.00","6","0.00","0.09","7","6","0","0","1","0","0","0","0","0","0","0","2","3","1","1","2","25","30","45.45"
"108","Mike Reilly","CAR","D","42","40.866666666667","1","0","0","0","1","50.00","6","16.67","0.48","8","8","3","2","0","1","0","0","0","0","0","0","1","0","1","0","2","0","0","-"
"110","Boone Jenner","CBJ","C","67","96.333333333333","0","1","1","0","1","100.00","7","0.00","0.32","9","8","3","0","1","0","4","2","2","0","0","2","2","3","4","0","10","14","11","56.00"
"112","Joel Edmundson","L.A","D","82","199.15","0","1","0","1","1","50.00","5","0.00","0.16","7","6","1","0","2","0","2","1","1","0","0","0","9","1","8","2","13","0","0","-"
"113","William Karlsson","VGK","C","14","18.716666666667","1","0","0","0","1","100.00","1","100.00","0.3","1","1","1","1","0","0","0","0","0","0","0","0","0","0","0","0","2","7","10","41.18"
"114","Nikita Kucherov","T.B","R","76","2.7166666666667","1","0","0","0","1","100.00","1","100.00","0.13","1","1","1","1","0","0","0","0","0","0","0","0","0","0","0","0","0","0","0","-"
"115","Ryan Nugent-Hopkins","EDM","C","72","97.25","0","1","1","0","1","100.00","8","0.00","0.86","11","11","6","3","2","1","0","0","0","0","0","0","0","1","1","0","4","8","19","29.63"
"121","Mark Scheifele","WPG","C","82","25.2","0","1","1","0","1","50.00","2","0.00","0.7","5","5","4","2","1","0","10","1","0","0","1","1","0","1","0","0","0","21","23","47.73"
"126","J.T. Miller","NYR","C","68","124.61666666667","0","1","1","0","1","100.00","5","0.00","0.54","7","7","3","2","3","0","4","2","2","0","0","1","1","4","3","0","4","39","39","50.00"
"128","Connor Murphy","CHI, EDM","D","80","218.63333333333","0","1","0","1","1","50.00","2","0.00","0.01","2","2","0","0","1","0","2","1","1","0","0","3","4","4","12","1","31","0","0","-"
"136","Luke Glendening","N.J, PHI","C","70","115.63333333333","0","1","1","0","1","100.00","1","0.00","0.25","2","2","2","2","0","0","0","0","0","0","0","0","0","0","3","2","15","80","82","49.38"
"149","Cody Ceci","L.A","D","82","161.46666666667","0","1","0","1","1","20.00","1","0.00","0","1","1","0","0","0","0","4","2","2","0","0","0","1","2","4","1","18","0","0","-"
"150","Tom Wilson","WSH","R","72","151.75","1","0","0","0","1","100.00","9","11.11","1.01","11","10","6","5","3","0","10","1","0","0","1","0","3","1","4","1","7","6","10","37.50"
"152","Teuvo Teravainen","CHI","C","75","158.68333333333","1","0","0","0","1","100.00","5","20.00","0.55","8","8","4","1","1","0","0","0","0","0","0","0","3","1","1","4","11","5","13","27.78"
"153","Jacob Trouba","ANA","D","81","250.48333333333","0","1","0","1","1","25.00","4","0.00","0.04","4","4","0","0","1","0","2","1","1","0","0","1","8","3","13","0","17","0","0","-"
"156","Matt Grzelcyk","CHI","D","69","28.383333333333","0","1","1","0","1","100.00","0","-","0","0","0","0","0","0","0","0","0","0","0","0","0","1","1","1","0","1","0","0","-"
"176","Alexander Kerfoot","UTA","C","34","51.583333333333","0","1","0","1","1","50.00","2","0.00","0.05","2","2","0","0","1","0","4","2","2","0","0","1","2","3","1","3","4","8","16","33.33"
"180","MacKenzie Weegar","CGY, UTA","D","79","136.46666666667","0","1","1","0","1","33.33","2","0.00","0.03","4","3","0","0","0","0","2","1","1","0","0","0","1","2","9","0","11","0","0","-"
"186","Mattias Janmark","EDM","C","43","64.65","0","1","1","0","1","100.00","1","0.00","0.17","2","2","2","0","0","0","2","1","1","0","0","2","0","0","0","3","2","0","0","-"
"190","Miles Wood","CBJ","L","54","40.433333333333","0","1","1","0","1","100.00","1","0.00","0.02","2","1","0","0","0","0","2","1","1","0","0","0","0","1","0","1","0","0","0","-"
"213","Bo Horvat","NYI","C","68","135.08333333333","1","0","0","0","1","100.00","14","7.14","1.47","18","18","11","2","0","0","0","0","0","0","0","1","5","3","2","0","5","55","48","53.40"
"214","Valeri Nichushkin","COL","R","72","122.66666666667","1","0","0","0","1","100.00","8","12.50","0.88","11","10","4","2","3","1","2","1","1","0","0","1","2","5","2","1","8","0","0","-"
"217","Alexander Wennberg","S.J","C","80","171.93333333333","0","1","1","0","1","100.00","5","0.00","0.25","5","5","2","1","2","0","2","1","1","0","0","2","3","4","2","2","12","62","117","34.64"
"218","Ryan Pulock","NYI","D","76","208.56666666667","0","1","0","1","1","20.00","1","0.00","0","1","1","0","0","0","0","2","1","1","0","0","0","7","1","0","3","31","0","0","-"
"226","Conor Sheary","NYR","L","62","34.733333333333","1","0","0","0","1","50.00","4","25.00","0.21","4","4","2","0","2","0","0","0","0","0","0","0","1","1","0","0","5","0","0","-"
"231","Aaron Ekblad","FLA","D","72","204.91666666667","0","1","1","0","1","inf","1","0.00","0.21","3","3","3","0","0","0","0","0","0","0","0","1","9","2","8","2","21","0","1","0.00"
"233","Leon Draisaitl","EDM","C","65","29.783333333333","1","0","0","0","1","50.00","5","20.00","1.05","6","5","3","1","0","0","2","1","1","0","0","0","3","1","0","1","1","15","14","51.72"
"239","Dylan Larkin","DET","C","74","112.6","1","0","0","0","1","50.00","10","10.00","1.4","16","13","11","6","0","1","2","1","1","0","0","3","3","3","0","0","5","78","77","50.32"
"254","Christian Dvorak","PHI","C","80","157.75","0","1","1","0","1","100.00","11","0.00","0.83","13","13","7","3","1","0","2","1","1","0","0","0","4","3","0","3","5","36","39","48.00"
"260","Michael Amadio","OTT","R","81","91.166666666667","0","1","1","0","1","33.33","4","0.00","0.48","6","4","4","3","1","1","0","0","0","0","0","2","3","3","1","1","2","0","3","0.00"
"275","Rasmus Andersson","CGY, VGK","D","81","182.88333333333","1","0","0","0","1","16.67","8","12.50","0.42","9","9","2","1","3","0","0","0","0","0","0","0","10","0","4","1","17","0","0","-"
"284","Erik Cernak","T.B","D","61","159.93333333333","0","1","0","1","1","33.33","2","0.00","0.03","3","2","1","0","0","0","4","2","2","0","0","1","6","2","12","2","33","0","0","-"
"289","Keegan Kolesar","VGK","R","82","47.583333333333","0","1","1","0","1","100.00","1","0.00","0.3","2","2","2","1","1","0","0","0","0","0","0","1","0","2","0","1","1","0","0","-"
"293","Brandon Carlo","TOR","D","55","158.1","0","1","1","0","1","33.33","9","0.00","0.23","9","9","1","1","4","0","0","0","0","0","0","0","7","1","9","0","23","0","0","-"
"294","Brock Boeser","VAN","R","75","68.166666666667","1","0","0","0","1","100.00","2","50.00","0.25","2","2","2","1","0","0","0","0","0","0","0","1","1","2","1","0","2","4","0","100.00"
"301","Zach Werenski","CBJ","D","75","91.116666666667","0","1","0","1","1","50.00","6","0.00","0.45","7","6","5","1","0","1","0","0","0","0","0","0","2","3","0","1","3","0","0","-"
"302","Nicolas Roy","COL, TOR","C","74","110.13333333333","0","1","1","0","1","100.00","3","0.00","0.24","5","4","3","0","0","0","0","0","0","0","0","0","2","2","0","0","8","45","41","52.33"
"303","Anthony Beauvillier","WSH","L, R","82","96.233333333333","0","1","1","0","1","50.00","4","0.00","0.31","4","4","1","1","2","0","4","2","2","0","0","1","4","6","1","2","6","16","19","45.71"
"306","Mathieu Joseph","L.A, STL","R","51","38.7","1","0","0","0","1","100.00","1","100.00","0.31","3","2","2","2","0","1","0","0","0","0","0","1","1","1","1","1","7","0","2","0.00"
"309","Mitch Marner","VGK","R","81","101.86666666667","0","1","1","0","1","100.00","3","0.00","0.27","5","3","3","2","2","1","2","1","1","0","0","0","3","6","1","0","2","3","10","23.08"
"317","Evan Rodrigues","FLA","C","69","87.516666666667","1","0","0","0","1","100.00","11","9.09","1.14","16","13","9","4","3","1","4","2","2","0","0","4","0","3","0","0","1","25","43","36.76"
"325","Conor Garland","CBJ, VAN","R","71","93.1","1","0","0","0","1","50.00","5","20.00","1.08","9","9","3","1","1","0","0","0","0","0","0","5","3","3","3","3","3","2","5","28.57"
"330","Vladislav Gavrikov","NYR","D","82","215.93333333333","0","1","1","0","1","25.00","4","0.00","0.17","7","5","2","1","2","0","2","1","1","0","0","1","2","3","7","3","16","0","0","-"
"331","Mason Appleton","DET","C","65","80.95","0","1","0","1","1","100.00","4","0.00","0.38","6","5","2","2","1","0","0","0","0","0","0","1","0","0","3","0","7","1","0","100.00"
"343","Adam Fox","NYR","D","55","42.666666666667","0","1","0","1","1","100.00","1","0.00","0","1","1","0","0","1","0","0","0","0","0","0","0","2","0","0","0","2","0","0","-"
"344","Ryan Lindgren","SEA","D","76","192.41666666667","0","1","1","0","1","100.00","2","0.00","0.04","2","2","0","0","0","0","2","1","1","0","0","3","9","1","4","3","29","0","1","0.00"
"346","Carl Grundstrom","PHI","R","47","34.883333333333","0","1","1","0","1","50.00","2","0.00","0.3","2","2","2","2","0","0","0","0","0","0","0","0","0","0","0","0","2","0","0","-"
"352","Beck Malenstyn","BUF","L","81","146.56666666667","1","0","0","0","1","50.00","4","25.00","0.34","5","5","3","1","2","1","0","0","0","0","0","0","3","4","11","3","24","5","7","41.67"
"362","Taylor Raddysh","NYR","R","68","53.333333333333","1","0","0","0","1","50.00","6","16.67","0.61","7","6","4","2","2","0","2","1","1","0","0","0","1","3","1","1","7","1","1","50.00"
"371","Tage Thompson","BUF","C","81","5.3833333333333","0","1","0","1","1","100.00","0","-","0","0","0","0","0","0","0","0","0","0","0","0","0","0","0","0","0","0","2","11","15.38"
"375","Brandon Duhaime","WSH","L, R","82","90.916666666667","1","0","0","0","1","100.00","2","50.00","0.14","3","2","1","1","1","0","0","0","0","0","0","0","2","0","1","0","10","0","0","-"
"378","Brandon Hagel","T.B","L","71","158.6","1","0","0","0","1","50.00","11","9.09","0.94","20","14","10","1","0","1","0","0","0","0","0","5","9","8","1","1","10","4","11","26.67"
"392","Nicolas Hague","NSH","D","62","128.65","0","1","0","1","1","50.00","4","0.00","0.18","6","5","1","0","1","1","4","2","2","0","0","0","2","0","1","2","2","0","0","-"
"397","Michael Rasmussen","DET","C","64","86.933333333333","1","0","0","0","1","100.00","5","20.00","0.62","6","6","4","2","1","1","0","0","0","0","0","2","1","3","0","0","12","7","6","53.85"
"402","Nico Hischier","N.J","C","82","149.23333333333","0","1","1","0","1","33.33","12","0.00","2.23","22","20","16","7","4","2","0","0","0","0","0","1","4","4","0","3","10","84","90","48.28"
"406","Elias Pettersson","VAN","C","74","69.133333333333","1","0","0","0","1","100.00","4","25.00","0.86","7","7","5","2","0","1","0","0","0","0","0","1","0","3","0","0","5","42","73","36.52"
"409","Nick Suzuki","MTL","C","82","59.45","1","0","0","0","1","100.00","7","14.29","0.4","9","8","3","1","1","0","2","1","1","0","0","1","3","2","2","1","5","24","32","42.86"
"415","Miro Heiskanen","DAL","D","77","239.66666666667","1","0","0","0","1","50.00","9","11.11","0.32","11","11","2","1","1","0","0","0","0","0","0","0","6","5","3","6","19","0","0","-"
"427","Alex Iafallo","WPG","L","79","89.2","0","1","1","0","1","100.00","2","0.00","0.07","3","3","0","0","1","0","2","1","1","0","0","0","1","1","0","1","4","2","2","50.00"
"430","Eetu Luostarinen","FLA","C","73","139.91666666667","0","1","1","0","1","100.00","6","0.00","0.51","7","7","3","2","3","0","2","1","1","0","0","4","3","3","7","4","13","9","16","36.00"
"435","Noah Cates","PHI","L","82","138.65","1","0","0","0","1","33.33","5","20.00","0.5","8","7","6","2","1","0","0","0","0","0","0","2","2","2","3","3","7","22","27","44.90"
"444","Mark Kastelic","BOS","C","82","169.43333333333","1","0","0","0","1","100.00","13","7.69","1.34","20","18","10","3","7","0","4","2","2","0","0","0","7","10","2","3","10","85","67","55.92"
"447","Parker Kelly","COL","C","82","172.45","1","0","0","0","1","100.00","10","10.00","0.93","16","15","8","2","2","0","2","1","1","0","0","3","6","3","5","2","11","5","11","31.25"
"450","Kiefer Sherwood","S.J, VAN","L","72","107.6","1","0","0","0","1","50.00","10","10.00","1.34","17","16","11","5","1","1","6","3","3","0","0","3","2","3","6","1","4","3","5","37.50"
"451","Eric Robinson","CAR","L","67","70.05","0","1","1","0","1","100.00","5","0.00","0.56","7","7","4","2","0","0","0","0","0","0","0","1","2","0","2","0","1","1","1","50.00"
"456","Brady Tkachuk","OTT","L","60","4.4","1","0","0","0","1","100.00","1","100.00","0.16","1","1","1","1","0","0","0","0","0","0","0","0","0","0","1","0","0","1","0","100.00"
"471","Oskar Bäck","DAL","C","72","166.25","1","0","0","0","1","33.33","8","12.50","0.37","10","9","2","2","3","0","2","1","1","0","0","0","2","3","0","4","12","5","14","26.32"
"472","Filip Hallander","PIT","C","13","12.983333333333","1","0","0","0","1","100.00","1","100.00","0.6","3","3","2","0","0","1","0","0","0","0","0","0","0","0","0","0","0","0","1","0.00"
"476","Kevin Bahl","CGY","D","76","197.7","0","1","0","1","1","25.00","1","0.00","0","1","1","0","0","1","0","4","2","2","0","0","1","5","6","5","0","21","0","0","-"
"477","Noah Dobson","MTL","D","80","162.86666666667","0","1","0","1","1","25.00","5","0.00","0.31","6","6","3","0","0","1","4","2","2","0","0","1","6","2","6","3","21","0","0","-"
"478","Bo Groulx","TOR","C","13","38.15","1","0","0","0","1","50.00","3","33.33","0.16","5","4","2","0","0","0","0","0","0","0","0","0","0","0","2","0","2","9","31","22.50"
"487","Kirill Marchenko","CBJ","R","76","4.2666666666667","1","0","0","0","1","100.00","3","33.33","0.13","4","3","2","0","0","0","0","0","0","0","0","1","0","0","1","0","0","0","0","-"
"500","Cole Koepke","WPG","L","66","117.85","1","0","0","0","1","100.00","14","7.14","1.75","20","19","12","6","4","0","2","1","1","0","0","4","5","3","8","0","7","0","0","-"
"501","Spencer Stastney","EDM, NSH","D","66","95.5","0","1","1","0","1","100.00","1","0.00","0.08","2","2","1","0","0","0","0","0","0","0","0","0","7","4","2","2","11","0","0","-"
"502","Yegor Sharangovich","CGY","C","78","76.866666666667","1","0","0","0","1","100.00","9","11.11","1.61","14","14","8","5","3","1","0","0","0","0","0","1","2","2","0","0","2","5","11","31.25"
"511","Nico Sturm","MIN","C","49","86.983333333333","1","0","0","0","1","100.00","7","14.29","1.05","8","8","3","1","1","0","0","0","0","0","0","1","2","5","1","0","2","48","41","53.93"
"512","Blake Lizotte","PIT","C","55","136.73333333333","1","0","0","0","1","100.00","4","25.00","1.35","9","7","5","2","0","1","0","0","0","0","0","1","3","5","3","2","14","55","71","43.65"
"517","Bowen Byram","BUF","D","82","134.11666666667","0","1","1","0","1","20.00","5","0.00","0.19","5","5","1","1","3","0","4","2","2","0","0","0","4","3","1","1","10","0","0","-"
"536","Alex Vlasic","CHI","D","81","230.88333333333","0","1","1","0","1","25.00","4","0.00","0.09","5","5","0","0","1","0","0","0","0","0","0","1","11","8","3","5","20","0","0","-"
"540","Connor McMichael","WSH","C, L","78","159.56666666667","0","1","1","0","1","100.00","10","0.00","0.57","16","12","7","0","1","1","6","3","3","0","0","1","2","5","2","1","6","48","74","39.34"
"564","Max Crozier","T.B","D","35","47.133333333333","0","1","0","1","1","50.00","1","0.00","0","1","1","0","0","0","0","2","1","1","0","0","1","0","0","2","1","2","0","0","-"
"573","Cole Smith","NSH, VGK","R","63","123.31666666667","0","1","1","0","1","50.00","6","0.00","0.22","8","7","2","0","3","0","2","1","1","0","0","0","1","4","10","3","4","1","1","50.00"
"586","Ridly Greig","OTT","C","77","159.48333333333","1","0","0","0","1","33.33","8","12.50","0.98","10","8","7","5","0","1","0","0","0","0","0","3","3","6","2","1","9","33","41","44.59"
"591","Alexander Nikishin","CAR","D","81","88.45","1","0","0","0","1","33.33","4","25.00","0.28","5","5","1","0","0","2","0","0","0","0","0","0","4","1","1","2","12","0","0","-"
"602","Quinton Byfield","L.A","R","79","152.25","0","1","1","0","1","100.00","7","0.00","0.55","10","8","5","2","2","0","0","0","0","0","0","5","3","6","0","2","2","53","84","38.69"
"621","Ian Moore","ANA","D","67","37.616666666667","0","1","1","0","1","100.00","1","0.00","0","1","1","0","0","0","0","0","0","0","0","0","0","0","1","0","0","3","0","1","0.00"
"640","Alex Steeves","BOS","C","43","21.2","1","0","0","0","1","100.00","2","50.00","0.3","2","2","2","2","0","0","0","0","0","0","0","0","1","2","1","0","3","0","0","-"
"641","Matt Kiersted","MIN","D","6","11.95","0","1","1","0","1","inf","0","-","0","0","0","0","0","0","0","0","0","0","0","0","0","1","0","0","1","2","0","0","-"
"659","Matthew Knies","TOR","L","79","89.1","1","0","0","0","1","50.00","5","20.00","0.69","5","5","5","3","1","1","0","0","0","0","0","1","1","6","2","1","2","1","1","50.00"
"671","Simon Edvinsson","DET","D","72","114.26666666667","0","1","1","0","1","33.33","2","0.00","0.08","3","3","0","0","1","0","2","1","1","0","0","3","7","2","1","0","27","0","0","-"
"672","Fedor Svechkov","NSH","C","70","24.85","1","0","0","0","1","100.00","1","100.00","0.08","2","1","1","0","0","0","0","0","0","0","0","2","0","0","1","0","1","4","4","50.00"
"680","Ryker Evans","SEA","D","67","65","1","0","0","0","1","100.00","1","100.00","0.08","1","1","1","0","0","0","2","1","1","0","0","1","0","0","1","1","2","0","0","-"
"685","Tyson Kozak","BUF","C","46","43.3","0","1","1","0","1","100.00","0","-","0","0","0","0","0","0","0","0","0","0","0","0","0","1","1","1","0","3","21","20","51.22"
"700","Ryan Greene","CHI","C","81","138.25","1","0","0","0","1","33.33","3","33.33","0.24","6","4","2","2","0","0","2","1","1","0","0","0","1","6","0","1","2","73","107","40.56"
"705","Marco Kasper","DET","C","81","61.683333333333","0","1","1","0","1","100.00","2","0.00","0.56","3","3","3","1","2","1","0","0","0","0","0","1","2","2","1","1","4","6","11","35.29"
"712","Fraser Minten","BOS","C","82","127.46666666667","0","1","1","0","1","50.00","7","0.00","0.66","9","7","4","2","3","1","0","0","0","0","0","1","0","5","1","2","4","17","31","35.42"
"713","Pavel Mintyukov","ANA","D","73","163.63333333333","0","1","0","1","1","33.33","5","0.00","0.49","8","6","4","1","0","1","0","0","0","0","0","2","4","3","3","1","26","0","0","-"
"714","Frank Nazar","CHI","C","66","74.183333333333","1","0","0","0","1","100.00","5","20.00","2.47","7","7","6","5","2","0","0","0","0","0","0","0","1","1","2","4","2","15","33","31.25"
"716","Liam Ohgren","MIN, VAN","L","69","32.216666666667","0","1","1","0","1","100.00","1","0.00","0.14","1","1","1","1","0","0","0","0","0","0","0","1","0","1","0","1","3","0","0","-"
"776","Otto Stenberg","STL","C","32","34.95","0","1","1","0","1","100.00","2","0.00","0.17","3","3","2","0","0","0","0","0","0","0","0","0","0","1","2","0","0","0","3","0.00"
"778","Matthew Wood","NSH","R","71","0.33333333333333","1","0","0","0","1","100.00","1","100.00","0.09","1","1","1","1","0","0","0","0","0","0","0","0","0","0","0","0","0","0","0","-"
"784","Nikolas Matinpalo","OTT","D","50","76.966666666667","0","1","0","1","1","33.33","0","-","0","0","0","0","0","0","0","0","0","0","0","0","1","3","1","0","1","9","0","0","-"
"795","Beckett Sennecke","ANA","R","82","3.7333333333333","1","0","0","0","1","100.00","1","100.00","0","1","1","1","0","0","0","0","0","0","0","0","0","0","0","0","0","0","0","1","0.00"
"811","Arttu Hyry","DAL","R","20","42.4","1","0","0","0","1","100.00","3","33.33","0.09","4","3","1","0","0","0","0","0","0","0","0","1","1","2","1","4","1","27","25","51.92"
"1","Brent Burns","COL","D","82","181.35","0","0","0","0","0","0.00","4","0.00","0.03","5","4","1","0","0","0","2","1","1","0","0","0","13","2","1","0","19","0","0","-"
"2","Corey Perry","L.A, T.B","R","72","0.18333333333333","0","0","0","0","0","-","0","-","0","0","0","0","0","0","0","0","0","0","0","0","0","0","0","0","0","0","0","0","-"
"3","Alex Ovechkin","WSH","L","82","2.25","0","0","0","0","0","-","1","0.00","0.03","2","2","1","1","0","1","0","0","0","0","0","0","0","0","0","0","0","0","0","-"
"4","Evgeni Malkin","PIT","C","56","0.21666666666667","0","0","0","0","0","-","0","-","0","0","0","0","0","0","0","0","0","0","0","0","0","0","0","0","0","0","0","0","-"
"5","Sidney Crosby","PIT","C","68","2.5666666666667","0","0","0","0","0","-","0","-","0","0","0","0","0","0","0","10","1","0","0","1","0","0","0","0","0","0","3","2","60.00"
"6","Anze Kopitar","L.A","C","67","51.283333333333","0","0","0","0","0","0.00","0","-","0","0","0","0","0","0","0","0","0","0","0","0","0","5","1","0","1","6","74","63","54.01"
"7","Kris Letang","PIT","D","74","83.516666666667","0","0","0","0","0","-","7","0.00","0.08","8","8","0","0","2","0","4","2","2","0","0","1","7","1","3","1","10","0","0","-"
"8","Ryan Reaves","S.J","R","50","0.43333333333333","0","0","0","0","0","-","0","-","0","0","0","0","0","0","0","0","0","0","0","0","0","0","0","0","0","0","0","0","-"
"9","Brad Marchand","FLA","L","52","54.7","0","0","0","0","0","-","7","0.00","1.06","11","9","6","5","1","2","0","0","0","0","0","2","2","3","1","3","2","0","0","-"
"11","Jeff Petry","FLA, MIN","D","67","49.983333333333","0","0","0","0","0","0.00","0","-","0","0","0","0","0","0","0","2","1","1","0","0","1","1","0","3","1","6","0","0","-"
"12","Claude Giroux","OTT","R","82","113.75","0","0","0","0","0","0.00","2","0.00","0.17","4","3","3","0","0","0","2","1","1","0","0","1","3","2","0","0","4","115","50","69.70"
"14","Jonathan Toews","WPG","C","82","10.433333333333","0","0","0","0","0","-","0","-","0","0","0","0","0","0","0","0","0","0","0","0","0","0","0","0","0","1","15","15","50.00"
"16","Jamie Benn","DAL","L","60","1.5","0","0","0","0","0","-","0","-","0","0","0","0","0","0","0","0","0","0","0","0","0","0","0","0","0","0","0","1","0.00"
"18","Brendan Smith","CBJ","D","15","10.15","0","0","0","0","0","-","0","-","0","0","0","0","0","0","0","0","0","0","0","0","0","1","0","1","1","0","0","0","-"
"19","David Perron","DET, OTT","L","65","1","0","0","0","0","0","-","0","-","0","0","0","0","0","0","0","0","0","0","0","0","0","0","0","0","0","0","1","0","100.00"
"20","Patrick Kane","DET","R","67","0.38333333333333","0","0","0","0","0","-","0","-","0","0","0","0","0","0","0","0","0","0","0","0","0","0","0","0","0","0","0","0","-"
"21","Evgenii Dadonov","N.J","L","24","0.033333333333333","0","0","0","0","0","-","0","-","0","0","0","0","0","0","0","0","0","0","0","0","0","0","0","0","0","0","0","0","-"
"23","Ryan McDonagh","T.B","D","48","148.95","0","0","0","0","0","0.00","1","0.00","0","2","1","1","0","0","0","0","0","0","0","0","2","9","5","2","0","21","0","0","-"
"26","Steven Stamkos","NSH","C","82","2.1166666666667","0","0","0","0","0","-","0","-","0","0","0","0","0","0","0","0","0","0","0","0","0","0","0","0","0","0","2","3","40.00"
"27","Zach Bogosian","MIN","D","41","31.183333333333","0","0","0","0","0","-","0","-","0","0","0","0","0","0","0","0","0","0","0","0","0","0","0","0","1","2","0","0","-"
"28","Luke Schenn","BUF, WPG","D","50","81.133333333333","0","0","0","0","0","0.00","3","0.00","0.07","4","4","0","0","0","1","4","2","2","0","0","2","1","3","5","0","14","0","0","-"
"29","Tyler Myers","DAL, VAN","D","73","183.78333333333","0","0","0","0","0","0.00","3","0.00","0.25","4","4","3","1","0","0","2","1","1","0","0","1","1","2","21","3","17","0","0","-"
"30","Erik Karlsson","PIT","D","75","140.28333333333","0","0","0","0","0","0.00","1","0.00","0.51","5","5","3","1","0","0","2","1","1","0","0","1","4","4","2","2","10","0","0","-"
"31","Jordan Eberle","SEA","R","80","5.35","0","0","0","0","0","-","0","-","0","0","0","0","0","0","0","0","0","0","0","0","0","0","0","0","0","1","0","0","-"
"32","John Carlson","ANA, WSH","D","71","165.3","0","0","0","0","0","-","6","0.00","0.38","8","8","3","3","1","0","4","2","2","0","0","1","6","0","0","0","16","0","1","0.00"
"33","Roman Josi","NSH","D","68","81.133333333333","0","0","0","0","0","0.00","5","0.00","0.83","6","6","3","2","3","0","2","1","1","0","0","2","2","1","1","1","12","0","0","-"
"34","Travis Hamonic","DET","D","26","42.65","0","0","0","0","0","-","3","0.00","0","3","3","0","0","3","0","0","0","0","0","0","0","2","0","1","0","7","0","0","-"
"36","Gustav Nyquist","WPG","R","51","25.4","0","0","0","0","0","-","1","0.00","0.15","4","2","1","0","0","0","0","0","0","0","0","0","0","1","0","0","0","0","2","0.00"
"37","Jared Spurgeon","MIN","D","79","137.76666666667","0","0","0","0","0","0.00","2","0.00","0","3","2","0","0","2","0","0","0","0","0","0","1","2","0","4","1","22","0","0","-"
"41","John Tavares","TOR","C","82","2.3666666666667","0","0","0","0","0","-","0","-","0","0","0","0","0","0","0","0","0","0","0","0","0","0","1","0","0","0","3","2","60.00"
"42","Victor Hedman","T.B","D","33","66.016666666667","0","0","0","0","0","-","0","-","0","1","0","1","0","0","0","2","1","1","0","0","3","1","2","1","1","3","0","0","-"
"43","Matt Duchene","DAL","C","57","0.88333333333333","0","0","0","0","0","-","0","-","0","0","0","0","0","0","0","0","0","0","0","0","0","0","0","0","0","0","0","1","0.00"
"44","Evander Kane","VAN","L","71","1.3666666666667","0","0","0","0","0","-","0","-","0","0","0","0","0","0","0","0","0","0","0","0","0","0","0","1","0","1","0","0","-"
"45","Brayden Schenn","NYI, STL","C","80","8.05","0","0","0","0","0","-","0","-","0","0","0","0","0","0","0","10","1","0","0","1","0","0","0","0","0","0","9","3","75.00"
"46","Oliver Ekman-Larsson","TOR","D","78","22.866666666667","0","0","0","0","0","-","1","0.00","0","1","1","0","0","1","0","10","1","0","0","1","0","1","0","0","0","1","0","0","-"
"47","Nazem Kadri","CGY, COL","C","77","4.9666666666667","0","0","0","0","0","-","0","-","0","0","0","0","0","0","0","0","0","0","0","0","1","0","0","0","0","0","4","1","80.00"
"48","Dmitry Kulikov","FLA","D","19","32.216666666667","0","0","0","0","0","-","1","0.00","0.1","1","1","1","1","0","0","0","0","0","0","0","1","1","0","1","0","3","0","0","-"
"49","Nick Leddy","S.J","D","32","39.816666666667","0","0","0","0","0","0.00","2","0.00","0.03","2","2","0","0","1","0","0","0","0","0","0","0","1","0","0","0","4","0","0","-"
"50","Chris Kreider","ANA","L","75","42.566666666667","0","0","0","0","0","-","5","0.00","0.38","6","5","3","2","1","0","2","1","1","0","0","0","1","1","0","0","1","0","3","0.00"
"51","Brayden McNabb","VGK","D","63","153.13333333333","0","0","0","0","0","0.00","4","0.00","0","5","4","1","0","4","0","0","0","0","0","0","2","4","2","25","2","32","0","0","-"
"53","Dmitry Orlov","S.J","D","82","66.316666666667","0","0","0","0","0","-","0","-","0","0","0","0","0","0","0","2","1","1","0","0","0","0","1","2","0","8","0","0","-"
"55","Mattias Ekholm","EDM","D","82","142.15","0","0","0","0","0","0.00","8","0.00","0.44","8","8","2","1","1","1","0","0","0","0","0","1","8","1","3","2","22","0","0","-"
"56","Marcus Foligno","MIN","L","56","80.25","0","0","0","0","0","0.00","3","0.00","0.03","3","3","0","0","0","0","2","1","1","0","0","1","0","0","2","0","12","2","3","40.00"
"58","Nicolas Deslauriers","CAR, PHI","L","31","1.8666666666667","0","0","0","0","0","-","0","-","0","0","0","0","0","0","0","0","0","0","0","0","0","0","0","0","0","0","0","0","-"
"59","Ben Chiarot","DET","D","82","146.43333333333","0","0","0","0","0","0.00","2","0.00","0","2","2","0","0","2","0","4","2","2","0","0","1","3","1","5","0","18","0","0","-"
"61","Anders Lee","NYI","L","82","2.6833333333333","0","0","0","0","0","-","0","-","0","0","0","0","0","0","0","0","0","0","0","0","0","0","0","0","0","0","1","0","100.00"
"62","Nick Jensen","OTT","D","61","49.85","0","0","0","0","0","0.00","0","-","0","0","0","0","0","0","0","2","1","1","0","0","0","1","1","2","1","1","0","0","-"
"65","Radko Gudas","ANA","D","56","91.6","0","0","0","0","0","0.00","2","0.00","0","2","2","0","0","1","0","0","0","0","0","0","1","5","0","9","0","11","0","0","-"
"66","Chris Tanev","TOR","D","11","23.55","0","0","0","0","0","-","0","-","0","0","0","0","0","0","0","0","0","0","0","0","0","1","1","0","2","2","0","0","-"
"67","Mats Zuccarello","MIN","R","59","2.2166666666667","0","0","0","0","0","-","1","0.00","0","2","1","0","0","0","0","0","0","0","0","0","0","0","0","0","0","0","0","0","-"
"68","Calle Jarnkrok","TOR","C","56","123.41666666667","0","0","0","0","0","0.00","3","0.00","0.42","4","4","3","1","0","0","2","1","1","0","0","1","1","0","0","0","3","13","15","46.43"
"69","Justin Holl","STL","D","9","4.8666666666667","0","0","0","0","0","-","0","-","0","0","0","0","0","0","0","0","0","0","0","0","0","0","0","0","0","0","0","0","-"
"70","Jason Zucker","BUF","L","62","0.98333333333333","0","0","0","0","0","-","0","-","0","0","0","0","0","0","0","0","0","0","0","0","0","0","0","0","0","0","0","0","-"
"71","Tyler Toffoli","S.J","C","79","1.65","0","0","0","0","0","-","0","-","0","0","0","0","0","0","0","0","0","0","0","0","0","0","0","0","0","1","0","1","0.00"
"72","Charlie Coyle","CBJ","C","82","170.15","0","0","0","0","0","0.00","6","0.00","0.27","7","7","4","1","0","0","0","0","0","0","0","3","4","7","2","4","12","84","109","43.52"
"73","Tyler Pitlick","MIN","C","32","0.38333333333333","0","0","0","0","0","-","0","-","0","0","0","0","0","0","0","0","0","0","0","0","0","0","0","0","0","0","0","0","-"
"76","Alex Petrovic","DAL","D","54","25.166666666667","0","0","0","0","0","-","0","-","0","0","0","0","0","0","0","0","0","0","0","0","0","0","0","4","0","1","0","0","-"
"78","Derek Forbort","VAN","D","2","6.0333333333333","0","0","0","0","0","-","0","-","0","0","0","0","0","0","0","0","0","0","0","0","0","0","0","0","0","2","0","0","-"
"79","Kevin Hayes","PIT","R","28","0.26666666666667","0","0","0","0","0","-","0","-","0","0","0","0","0","0","0","0","0","0","0","0","0","0","0","0","0","0","0","1","0.00"
"81","Vladimir Tarasenko","MIN","R","75","0.61666666666667","0","0","0","0","0","-","0","-","0","0","0","0","0","0","0","0","0","0","0","0","0","0","0","0","0","0","0","0","-"
"83","Jeff Skinner","S.J","L","32","0.78333333333333","0","0","0","0","0","-","0","-","0","0","0","0","0","0","0","0","0","0","0","0","0","0","0","0","0","0","0","0","-"
"84","Zach Hyman","EDM","L","58","2.0666666666667","0","0","0","0","0","-","0","-","0","0","0","0","0","0","0","0","0","0","0","0","1","0","0","0","0","0","0","0","-"
"85","Erik Gudbranson","CBJ","D","37","100.9","0","0","0","0","0","0.00","2","0.00","0","2","2","0","0","1","0","2","1","1","0","0","0","4","1","6","2","10","0","0","-"
"86","Taylor Hall","CAR","L","80","1.5333333333333","0","0","0","0","0","-","0","-","0","0","0","0","0","0","0","0","0","0","0","0","0","0","0","0","0","0","0","0","-"
"87","Tyler Seguin","DAL","C","27","7.7666666666667","0","0","0","0","0","-","0","-","0","0","0","0","0","0","0","0","0","0","0","0","0","0","0","0","0","0","2","5","28.57"
"88","Dylan McIlrath","WSH","D","13","2.0666666666667","0","0","0","0","0","-","0","-","0","0","0","0","0","0","0","0","0","0","0","0","0","0","0","0","0","0","0","0","-"
"89","Mikael Granlund","ANA","C","58","101.3","0","0","0","0","0","0.00","2","0.00","0.17","3","3","1","1","0","0","0","0","0","0","0","0","2","3","2","1","5","17","42","28.81"
"90","Nino Niederreiter","WPG","R","61","0.55","0","0","0","0","0","-","0","-","0","0","0","0","0","0","0","0","0","0","0","0","0","0","0","0","0","0","0","0","-"
"93","Brendan Gallagher","MTL","R","77","0.73333333333333","0","0","0","0","0","-","0","-","0","0","0","0","0","0","0","0","0","0","0","0","0","0","0","0","0","0","0","0","-"
"94","Kevin Gravel","NSH","D","1","0.73333333333333","0","0","0","0","0","-","0","-","0","0","0","0","0","0","0","0","0","0","0","0","0","0","0","0","0","0","0","0","-"
"95","John Klingberg","S.J","D","56","3.8666666666667","0","0","0","0","0","-","1","0.00","0.02","1","1","0","0","0","0","0","0","0","0","0","0","0","0","0","0","0","0","0","-"
"97","Colin Blackwell","DAL","C","70","144.58333333333","0","0","0","0","0","0.00","4","0.00","0.56","8","7","4","3","1","0","4","2","2","0","0","1","6","6","3","3","7","27","58","31.76"
"98","Ondrej Palat","N.J, NYI","L","80","17.05","0","0","0","0","0","-","1","0.00","0","1","1","0","0","0","0","0","0","0","0","0","0","1","0","2","0","1","0","1","0.00"
"99","Josh Manson","COL","D","79","155.05","0","0","0","0","0","0.00","4","0.00","0.2","4","4","2","1","2","0","13","5","4","1","0","3","4","3","23","0","18","0","0","-"
"101","Nick Seeler","PHI","D","80","158.36666666667","0","0","0","0","0","0.00","7","0.00","0.23","9","8","1","0","2","0","0","0","0","0","0","1","8","2","7","3","23","0","0","-"
"102","Sean Kuraly","BOS","C","82","224.08333333333","0","0","0","0","0","-","13","0.00","0.89","19","16","7","3","5","1","4","2","2","0","0","2","9","8","2","0","16","70","79","46.98"
"105","Nick Cousins","OTT","C","81","1.3333333333333","0","0","0","0","0","-","0","-","0","0","0","0","0","0","0","0","0","0","0","0","0","0","0","0","0","0","0","0","-"
"109","Scott Mayfield","NYI","D","80","129.26666666667","0","0","0","0","0","0.00","2","0.00","0.05","2","2","1","0","0","0","6","3","3","0","0","4","4","2","2","2","9","0","0","-"
"111","Brandon Saad","VGK","L","49","43.766666666667","0","0","0","0","0","-","4","0.00","0.39","5","5","3","1","0","0","0","0","0","0","0","0","1","1","0","1","1","0","3","0.00"
"116","Gabriel Landeskog","COL","L","60","1.9833333333333","0","0","0","0","0","-","0","-","0","0","0","0","0","0","0","0","0","0","0","0","0","0","0","0","0","0","1","0","100.00"
"117","Jonathan Huberdeau","CGY","L","50","50.533333333333","0","0","0","0","0","-","1","0.00","0.43","5","3","3","2","0","2","0","0","0","0","0","1","1","2","2","0","4","1","1","50.00"
"118","Adam Larsson","SEA","D","82","208.33333333333","0","0","0","0","0","0.00","3","0.00","0","3","3","0","0","1","0","2","1","1","0","0","0","4","0","2","1","28","0","0","-"
"119","Ryan Strome","ANA, CGY","C","52","4.45","0","0","0","0","0","0.00","0","-","0","0","0","0","0","0","0","0","0","0","0","0","0","0","0","0","0","0","2","1","66.67"
"122","Sean Couturier","PHI","C","78","184.36666666667","0","0","0","0","0","-","13","0.00","0.83","18","16","4","2","4","1","0","0","0","0","0","0","2","7","3","0","9","119","116","50.64"
"123","Dougie Hamilton","N.J","D","77","111.38333333333","0","0","0","0","0","0.00","5","0.00","0.16","6","5","2","0","3","0","2","1","1","0","0","1","5","0","2","1","5","0","0","-"
"124","Jonas Brodin","MIN","D","62","119.85","0","0","0","0","0","0.00","2","0.00","0.01","2","2","0","0","2","0","0","0","0","0","0","0","4","1","2","4","20","0","0","-"
"125","Jamie Oleksiak","SEA","D","78","129.33333333333","0","0","0","0","0","-","1","0.00","0.01","1","1","0","0","1","0","2","1","1","0","0","2","6","3","12","0","21","0","0","-"
"129","Stefan Noesen","N.J","R","38","2.0166666666667","0","0","0","0","0","-","0","-","0","0","0","0","0","0","0","0","0","0","0","0","0","0","0","0","0","1","0","0","-"
"131","Vladislav Namestnikov","WPG","C","60","41.333333333333","0","0","0","0","0","-","3","0.00","0.8","4","4","2","2","0","0","4","1","1","0","0","2","2","0","1","1","3","5","8","38.46"
"133","Colin Miller","WPG","D","18","2.25","0","0","0","0","0","-","0","-","0","0","0","0","0","0","0","0","0","0","0","0","0","0","0","1","0","0","0","0","-"
"134","Jonathan Marchessault","NSH","R","62","0.11666666666667","0","0","0","0","0","-","0","-","0","0","0","0","0","0","0","0","0","0","0","0","0","0","0","0","0","0","0","0","-"
"135","Barclay Goodrow","S.J","C","82","157.65","0","0","0","0","0","-","11","0.00","1.11","11","11","8","2","2","0","9","3","2","1","0","4","1","5","1","1","11","3","4","42.86"
"137","Yanni Gourde","T.B","C","82","166.98333333333","0","0","0","0","0","-","9","0.00","0.93","16","13","5","0","2","0","6","2","2","0","0","0","9","5","1","5","5","31","66","31.96"
"138","Morgan Rielly","TOR","D","78","55.5","0","0","0","0","0","0.00","3","0.00","0.11","3","3","1","0","0","0","0","0","0","0","0","1","2","2","1","0","3","0","0","-"
"139","Hampus Lindholm","BOS","D","67","181.93333333333","0","0","0","0","0","-","1","0.00","0","2","1","1","0","1","0","12","5","5","0","0","0","6","4","2","0","13","0","0","-"
"140","Mathew Dumba","PIT","D","11","1.1333333333333","0","0","0","0","0","-","0","-","0","0","0","0","0","0","0","0","0","0","0","0","0","0","0","0","0","0","0","0","-"
"143","Tanner Pearson","BUF, WPG","L","56","53.833333333333","0","0","0","0","0","-","1","0.00","0.19","3","2","1","0","1","0","2","1","1","0","0","0","1","3","1","0","5","1","1","50.00"
"145","Mark Jankowski","CAR","L","68","68.25","0","0","0","0","0","-","3","0.00","0.35","5","4","4","1","0","0","0","0","0","0","0","0","2","1","0","1","7","29","32","47.54"
"146","Olli Määttä","CGY, UTA","D","43","56.283333333333","0","0","0","0","0","0.00","1","0.00","0.08","1","1","0","0","0","0","2","1","1","0","0","0","1","0","0","1","5","0","0","-"
"148","Zemgus Girgensons","T.B","C","74","142.46666666667","0","0","0","0","0","-","1","0.00","0.06","3","1","1","0","0","0","2","1","1","0","0","2","4","1","1","5","3","15","15","50.00"
"151","Tomas Hertl","VGK","C","82","11.35","0","0","0","0","0","-","1","0.00","0.2","1","1","1","1","0","0","0","0","0","0","0","0","0","0","2","0","1","16","10","61.54"
"154","Filip Forsberg","NSH","L","82","0.91666666666667","0","0","0","0","0","-","0","-","0","0","0","0","0","0","0","0","0","0","0","0","0","0","0","0","0","0","0","0","-"
"157","Colton Parayko","STL","D","77","190.71666666667","0","0","0","0","0","0.00","4","0.00","0.23","6","6","1","1","1","0","4","2","2","0","0","1","9","4","8","0","25","0","0","-"
"158","Oskar Sundqvist","STL","C","52","76.083333333333","0","0","0","0","0","-","2","0.00","0.13","4","3","1","0","1","0","0","0","0","0","0","0","1","3","2","2","5","39","49","44.32"
"161","Shayne Gostisbehere","CAR","D","55","3.3166666666667","0","0","0","0","0","-","1","0.00","0","1","1","0","0","0","0","0","0","0","0","0","0","0","0","0","0","0","0","0","-"
"162","Mackenzie MacEachern","VAN","L","8","0.31666666666667","0","0","0","0","0","-","0","-","0","0","0","0","0","0","0","0","0","0","0","0","0","0","0","0","0","0","0","0","-"
"165","Damon Severson","CBJ","D","71","43.233333333333","0","0","0","0","0","0.00","1","0.00","0.05","2","2","1","0","0","0","4","2","2","0","0","0","2","1","0","1","4","0","0","-"
"166","Colton Sissons","VGK","C","66","96.516666666667","0","0","0","0","0","-","4","0.00","0.23","4","4","1","1","1","1","0","0","0","0","0","2","1","0","0","1","6","67","66","50.38"
"168","Jake McCabe","TOR","D","80","225.15","0","0","0","0","0","0.00","3","0.00","0.02","3","3","0","0","2","0","0","0","0","0","0","0","7","2","7","1","38","0","0","-"
"170","Brett Kulak","COL, EDM, PIT","D","83","111.91666666667","0","0","0","0","0","0.00","2","0.00","0.01","2","2","0","0","2","0","2","1","1","0","0","0","2","0","0","2","16","0","0","-"
"172","Matthew Benning","TOR","D","1","0.083333333333333","0","0","0","0","0","-","0","-","0","0","0","0","0","0","0","0","0","0","0","0","0","0","0","0","0","0","0","0","-"
"173","Vinnie Hinostroza","FLA, MIN","C","65","0.4","0","0","0","0","0","-","0","-","0","0","0","0","0","0","0","0","0","0","0","0","0","0","0","0","0","0","0","0","-"
"175","Ben Hutton","VGK","D","55","1.6166666666667","0","0","0","0","0","-","0","-","0","0","0","0","0","0","0","0","0","0","0","0","0","0","0","0","0","0","0","0","-"
"177","Jaycob Megna","VGK","D","4","0.85","0","0","0","0","0","-","0","-","0","0","0","0","0","0","0","0","0","0","0","0","0","0","0","0","0","0","0","0","-"
"178","Scott Sabourin","T.B","R","26","1","0","0","0","0","0","-","0","-","0","0","0","0","0","0","0","0","0","0","0","0","0","0","0","0","0","0","0","0","-"
"179","Nate Schmidt","UTA","D","82","166","0","0","0","0","0","0.00","2","0.00","0.03","3","3","0","0","1","0","2","1","1","0","0","0","9","2","7","0","22","0","0","-"
"181","Connor Clifton","PIT","D","50","102.83333333333","0","0","0","0","0","0.00","1","0.00","0.1","3","2","1","0","0","0","2","1","1","0","0","0","8","1","20","1","14","0","0","-"
"182","Carson Soucy","NYI, NYR","D","76","113.91666666667","0","0","0","0","0","0.00","1","0.00","0.16","2","2","1","1","1","0","2","1","1","0","0","1","0","1","11","0","16","0","0","-"
"183","John Hayden","SEA","C","3","3.2166666666667","0","0","0","0","0","-","0","-","0","0","0","0","0","0","0","0","0","0","0","0","0","0","0","0","0","0","1","0","100.00"
"184","Pavel Buchnevich","STL","L","81","137.35","0","0","0","0","0","0.00","4","0.00","0.4","8","6","4","2","1","0","0","0","0","0","0","2","1","3","2","0","10","4","6","40.00"
"187","Anthony Duclair","NYI","L","62","1.35","0","0","0","0","0","-","0","-","0","0","0","0","0","0","0","0","0","0","0","0","0","0","0","0","0","0","0","0","-"
"188","Carter Verhaeghe","FLA","C","77","4.4","0","0","0","0","0","-","0","-","0","0","0","0","0","0","0","0","0","0","0","0","0","0","1","0","0","0","0","3","0.00"
"189","Oliver Bjorkstrand","T.B","R","80","0.86666666666667","0","0","0","0","0","-","0","-","0","0","0","0","0","0","0","0","0","0","0","0","0","0","0","0","0","0","0","0","-"
"191","Nick Paul","T.B","L","51","20.733333333333","0","0","0","0","0","-","0","-","0","0","0","0","0","0","0","0","0","0","0","0","0","1","0","0","0","1","16","14","53.33"
"192","Andrew Copp","DET","C","79","114.68333333333","0","0","0","0","0","-","4","0.00","0.32","6","4","2","1","0","0","2","1","1","0","0","1","2","2","0","1","10","27","34","44.26"
"193","Ryan Graves","PIT","D","22","11.533333333333","0","0","0","0","0","0.00","0","-","0","0","0","0","0","0","0","0","0","0","0","0","0","1","0","0","0","0","0","0","-"
"194","Andre Burakovsky","CHI","L","75","2.9833333333333","0","0","0","0","0","-","0","-","0","0","0","0","0","0","0","0","0","0","0","0","0","0","0","0","0","0","0","0","-"
"196","Shea Theodore","VGK","D","70","104.26666666667","0","0","0","0","0","0.00","1","0.00","0.17","3","3","2","0","0","0","0","0","0","0","0","0","1","0","0","2","19","0","0","-"
"198","Ryan Hartman","MIN","R","76","4.6166666666667","0","0","0","0","0","-","0","-","0","0","0","0","0","0","0","0","0","0","0","0","0","0","0","0","0","0","4","8","33.33"
"199","Adam Erne","DAL","L","45","1.7166666666667","0","0","0","0","0","-","0","-","0","0","0","0","0","0","0","0","0","0","0","0","0","1","2","0","0","0","0","0","-"
"200","J.T. Compher","DET","L","82","125.73333333333","0","0","0","0","0","-","8","0.00","0.47","10","9","5","0","1","0","0","0","0","0","0","1","1","1","3","0","8","34","63","35.05"
"201","Steven Santini","T.B","D","12","2.15","0","0","0","0","0","-","0","-","0","0","0","0","0","0","0","0","0","0","0","0","0","0","0","0","0","0","0","0","-"
"202","Artturi Lehkonen","COL","L","70","81.433333333333","0","0","0","0","0","-","5","0.00","0.49","6","6","2","1","0","2","0","0","0","0","0","1","0","0","2","2","4","0","4","0.00"
"203","William Carrier","CAR","L","70","4.05","0","0","0","0","0","-","0","-","0.09","1","1","1","0","1","0","0","0","0","0","0","0","1","1","0","0","1","0","0","-"
"204","Tyler Bertuzzi","CHI","L","79","1.1166666666667","0","0","0","0","0","-","0","-","0","0","0","0","0","0","0","0","0","0","0","0","0","0","0","0","0","0","0","0","-"
"205","Brett Pesce","N.J","D","37","92.5","0","0","0","0","0","0.00","0","-","0","0","0","0","0","0","0","0","0","0","0","0","1","1","4","1","1","20","0","0","-"
"206","Nathan MacKinnon","COL","C","80","3.9","0","0","0","0","0","-","0","-","0","0","0","0","0","0","0","0","0","0","0","0","0","0","0","0","0","0","0","5","0.00"
"207","Jonathan Drouin","NYI, STL","L","64","2.05","0","0","0","0","0","-","0","-","0","0","0","0","0","0","0","10","1","0","0","1","0","0","0","0","0","0","0","0","-"
"208","Seth Jones","FLA","D","52","119.96666666667","0","0","0","0","0","0.00","3","0.00","0.05","3","3","0","0","0","0","4","1","1","0","0","1","9","2","4","3","8","0","0","-"
"209","Elias Lindholm","BOS","C","69","66.483333333333","0","0","0","0","0","-","1","0.00","0.18","5","3","1","1","0","0","0","0","0","0","0","0","0","4","0","0","4","42","41","50.60"
"215","Max Domi","TOR","C","80","0.6","0","0","0","0","0","-","0","-","0","0","0","0","0","0","0","0","0","0","0","0","0","1","0","0","0","0","0","0","-"
"216","Josh Morrissey","WPG","D","77","57.65","0","0","0","0","0","-","0","-","0.15","1","1","1","1","0","0","0","0","0","0","0","0","4","0","3","0","3","0","0","-"
"219","Nikita Zadorov","BOS","D","81","214.36666666667","0","0","0","0","0","-","10","0.00","0.57","14","12","2","1","2","0","9","3","2","1","0","3","5","5","14","3","13","0","0","-"
"220","Curtis Lazar","EDM","C","45","24.9","0","0","0","0","0","-","0","-","0","1","0","0","0","0","0","0","0","0","0","0","0","0","0","1","0","2","40","31","56.34"
"221","Anthony Mantha","PIT","R","81","0.46666666666667","0","0","0","0","0","-","0","-","0","0","0","0","0","0","0","0","0","0","0","0","0","0","0","0","0","0","0","0","-"
"222","Ross Johnston","ANA","L","62","0.4","0","0","0","0","0","-","0","-","0","0","0","0","0","0","0","0","0","0","0","0","0","0","0","0","0","0","0","0","-"
"223","Dakota Mermis","TOR","D","11","6.9166666666667","0","0","0","0","0","-","0","-","0","0","0","0","0","0","0","0","0","0","0","0","0","0","0","0","0","0","0","0","-"
"224","Nathan Walker","STL","L","46","46.45","0","0","0","0","0","0.00","1","0.00","0.02","1","1","0","0","0","0","2","1","1","0","0","0","0","1","0","0","4","5","5","50.00"
"225","Joel Hanley","CGY","D","68","66.1","0","0","0","0","0","0.00","0","-","0","0","0","0","0","0","0","0","0","0","0","0","0","0","0","3","1","15","0","0","-"
"227","Trevor van Riemsdyk","WSH","D","68","116.75","0","0","0","0","0","0.00","3","0.00","0.19","4","4","2","1","1","0","2","1","1","0","0","0","1","3","0","0","15","0","0","-"
"228","Garnet Hathaway","PHI","R","66","76.166666666667","0","0","0","0","0","-","3","0.00","0.23","4","4","2","1","0","0","6","3","3","0","0","4","4","3","10","2","13","0","0","-"
"229","Frederic Gaudreau","SEA","C","68","136.65","0","0","0","0","0","-","3","0.00","0.24","7","5","1","0","2","0","0","0","0","0","0","1","0","3","3","1","7","47","84","35.88"
"230","Tomas Nosek","FLA","L","21","46.6","0","0","0","0","0","-","0","-","0.03","2","1","0","0","0","0","2","1","1","0","0","1","1","1","4","1","3","20","32","38.46"
"234","Sam Bennett","FLA","C","76","67.066666666667","0","0","0","0","0","-","5","0.00","0.54","8","7","4","2","1","1","0","0","0","0","0","0","1","1","1","2","1","22","19","53.66"
"235","Haydn Fleury","WPG","D","38","51.816666666667","0","0","0","0","0","0.00","1","0.00","0","1","1","0","0","1","0","0","0","0","0","0","0","3","0","2","0","11","0","0","-"
"236","William Nylander","TOR","R","65","6.6833333333333","0","0","0","0","0","-","0","-","0","0","0","0","0","0","0","0","0","0","0","0","0","0","1","0","0","1","0","0","-"
"237","Nikolaj Ehlers","CAR","L","82","1.0666666666667","0","0","0","0","0","-","1","0.00","0.1","1","1","1","1","0","0","0","0","0","0","0","0","0","0","0","0","0","0","0","-"
"238","Kevin Fiala","L.A","L","56","2.1333333333333","0","0","0","0","0","-","0","-","0","0","0","0","0","0","0","0","0","0","0","0","0","0","0","0","0","0","0","1","0.00"
"242","Tony DeAngelo","NYI","D","76","7.1666666666667","0","0","0","0","0","-","0","-","0","0","0","0","0","0","0","0","0","0","0","0","0","0","0","0","0","0","0","0","-"
"244","Robby Fabbri","MIN, STL","C","21","3.9666666666667","0","0","0","0","0","-","1","0.00","0","1","1","0","0","0","0","0","0","0","0","0","0","0","0","0","0","0","1","0","100.00"
"245","Kasperi Kapanen","EDM","R","41","40.883333333333","0","0","0","0","0","-","2","0.00","0.2","3","3","1","0","0","0","0","0","0","0","0","0","0","2","2","0","2","0","0","-"
"246","Jared McCann","SEA","L","52","5.4333333333333","0","0","0","0","0","-","0","-","0","0","0","0","0","0","0","0","0","0","0","0","0","0","0","0","0","0","0","0","-"
"247","David Pastrnak","BOS","R","77","3.0833333333333","0","0","0","0","0","-","0","-","0","0","0","0","0","0","0","0","0","0","0","0","0","0","0","0","0","0","0","0","-"
"249","Ivan Barbashev","VGK","L","82","1.35","0","0","0","0","0","-","0","-","0","0","0","0","0","0","0","0","0","0","0","0","0","0","0","0","0","0","0","0","-"
"250","Marcus Pettersson","VAN","D","82","222.63333333333","0","0","0","0","0","0.00","2","0.00","0.13","6","5","1","0","0","2","10","5","5","0","0","1","8","5","5","4","28","0","0","-"
"251","Andreas Englund","NSH","D","3","0.05","0","0","0","0","0","-","0","-","0","0","0","0","0","0","0","0","0","0","0","0","0","0","0","0","0","0","0","0","-"
"252","Brandon Montour","SEA","D","64","24.35","0","0","0","0","0","0.00","0","-","0","0","0","0","0","0","0","2","1","1","0","0","0","0","0","2","0","2","0","0","-"
"253","Ryan Donato","CHI","C","82","0.18333333333333","0","0","0","0","0","-","0","-","0","0","0","0","0","0","0","0","0","0","0","0","0","0","0","0","0","0","0","0","-"
"255","Justin Kirkland","CGY","C","20","33.666666666667","0","0","0","0","0","-","2","0.00","0.26","4","3","2","1","1","0","0","0","0","0","0","0","1","1","0","0","2","11","12","47.83"
"256","Juho Lammikko","N.J","C","24","1.05","0","0","0","0","0","-","0","-","0","0","0","0","0","0","0","0","0","0","0","0","0","0","0","0","0","0","0","2","0.00"
"257","Warren Foegele","L.A, OTT","L","68","69.8","0","0","0","0","0","0.00","5","0.00","0.58","6","6","4","2","2","0","4","2","2","0","0","1","3","1","0","0","0","0","3","0.00"
"258","Brayden Point","T.B","C","63","2.8166666666667","0","0","0","0","0","-","1","0.00","0.21","1","1","1","1","0","0","0","0","0","0","0","0","0","0","0","0","0","0","1","0.00"
"261","Devon Toews","COL","D","68","164.65","0","0","0","0","0","0.00","6","0.00","0.01","8","6","1","0","1","0","2","1","1","0","0","0","6","5","4","1","14","0","0","-"
"262","Viktor Arvidsson","BOS","L","69","0.083333333333333","0","0","0","0","0","-","0","-","0","0","0","0","0","0","0","0","0","0","0","0","0","0","0","0","0","0","0","0","-"
"263","Sam Lafferty","CHI","C","29","6.0166666666667","0","0","0","0","0","-","0","-","0","0","0","0","0","0","0","0","0","0","0","0","0","0","0","0","0","0","0","0","-"
"264","Danton Heinen","CBJ, PIT","L","46","9.05","0","0","0","0","0","-","0","-","0","0","0","0","0","0","0","0","0","0","0","0","0","0","0","0","0","2","0","2","0.00"
"265","Michael Bunting","DAL, NSH","L","74","0.43333333333333","0","0","0","0","0","-","0","-","0","0","0","0","0","0","0","0","0","0","0","0","0","0","0","0","0","0","0","0","-"
"266","Gustav Forsling","FLA","D","80","244.98333333333","0","0","0","0","0","0.00","5","0.00","0.29","6","6","1","1","0","1","4","2","2","0","0","1","4","7","6","5","33","0","0","-"
"267","Dakota Joshua","TOR","C","55","32.133333333333","0","0","0","0","0","-","0","-","0","0","0","0","0","0","0","0","0","0","0","0","0","2","2","3","0","4","0","3","0.00"
"268","Victor Olofsson","CGY, COL","L","78","0.35","0","0","0","0","0","-","0","-","0","0","0","0","0","0","0","0","0","0","0","0","0","0","0","0","0","0","0","0","-"
"270","Jake Middleton","MIN","D","75","149.78333333333","0","0","0","0","0","0.00","3","0.00","0","3","3","0","0","1","0","4","2","2","0","0","2","3","1","4","1","22","0","0","-"
"271","Darren Raddysh","T.B","D","73","58.516666666667","0","0","0","0","0","-","3","0.00","0.09","3","3","1","0","0","0","0","0","0","0","0","0","4","2","2","1","2","0","0","-"
"272","Andrew Mangiapane","CHI, EDM","L","62","18.833333333333","0","0","0","0","0","-","0","-","0.13","3","1","1","1","0","0","0","0","0","0","0","0","0","0","0","0","1","0","0","-"
"273","Frank Vatrano","ANA","R","50","40.483333333333","0","0","0","0","0","-","1","0.00","0.21","2","1","1","1","0","0","2","1","1","0","0","0","0","2","2","0","7","1","0","100.00"
"274","Noah Hanifin","VGK","D","71","114.7","0","0","0","0","0","0.00","2","0.00","0.28","2","2","1","1","1","0","2","1","1","0","0","1","6","1","3","0","17","0","0","-"
"278","Pavel Zacha","BOS","C","78","69.266666666667","0","0","0","0","0","-","4","0.00","0.32","4","4","2","2","2","1","4","1","1","0","0","0","2","1","0","0","3","21","37","36.21"
"281","Vince Dunn","SEA","D","81","6.2","0","0","0","0","0","-","0","-","0","0","0","0","0","0","0","0","0","0","0","0","0","0","0","0","0","1","0","0","-"
"282","Jordan Greenway","BUF","L","40","73.883333333333","0","0","0","0","0","0.00","0","-","0","2","0","0","0","0","0","2","1","1","0","0","0","1","0","9","2","2","4","8","33.33"
"283","Timo Meier","N.J","R","77","12.15","0","0","0","0","0","-","0","-","0","0","0","0","0","0","0","0","0","0","0","0","1","0","0","1","0","1","1","1","50.00"
"285","Mikko Rantanen","DAL","R","64","0.8","0","0","0","0","0","-","0","-","0","0","0","0","0","0","0","10","1","0","0","1","0","0","0","0","0","0","0","0","-"
"286","A.J. Greer","FLA","L","78","44.516666666667","0","0","0","0","0","-","2","0.00","0.51","4","4","2","1","0","1","2","1","1","0","0","0","0","0","1","0","1","0","1","0.00"
"287","Jansen Harkins","ANA","C","44","3.4333333333333","0","0","0","0","0","-","0","-","0","0","0","0","0","0","0","0","0","0","0","0","0","0","0","0","0","1","2","0","100.00"
"290","Tommy Novak","PIT","C","82","0.58333333333333","0","0","0","0","0","-","0","-","0","0","0","0","0","0","0","0","0","0","0","0","0","0","0","0","0","0","0","0","-"
"292","Dylan Strome","WSH","C","80","5","0","0","0","0","0","-","0","-","0","0","0","0","0","0","0","0","0","0","0","0","0","0","0","0","0","0","4","1","80.00"
"295","Mathew Barzal","NYI","C","81","4.5166666666667","0","0","0","0","0","-","1","0.00","0.1","1","1","1","1","0","0","0","0","0","0","0","0","0","0","0","0","0","0","2","0.00"
"296","Roope Hintz","DAL","C","53","29.5","0","0","0","0","0","-","1","0.00","0.06","1","1","0","0","0","0","0","0","0","0","0","1","1","1","0","1","1","11","4","73.33"
"298","Caleb Jones","PIT","D","7","10.266666666667","0","0","0","0","0","-","0","-","0","0","0","0","0","0","0","0","0","0","0","0","0","0","0","0","0","2","0","0","-"
"299","Noah Juulsen","PHI","D","52","77.116666666667","0","0","0","0","0","-","1","0.00","0","1","1","0","0","0","0","0","0","0","0","0","1","3","0","5","0","3","0","0","-"
"300","Jack Roslovic","EDM","C","69","0.16666666666667","0","0","0","0","0","-","0","-","0","0","0","0","0","0","0","0","0","0","0","0","0","0","0","0","0","0","0","0","-"
"304","Jeremy Lauzon","VGK","D","68","129.63333333333","0","0","0","0","0","0.00","2","0.00","0.03","2","2","0","0","0","0","0","0","0","0","0","1","0","1","11","2","21","0","0","-"
"308","Kyle Capobianco","DAL","D","33","0.3","0","0","0","0","0","-","0","-","0","0","0","0","0","0","0","0","0","0","0","0","0","0","0","0","0","0","0","0","-"
"310","Joel Eriksson Ek","MIN","C","70","111.55","0","0","0","0","0","0.00","8","0.00","0.23","10","8","1","0","0","0","2","1","1","0","0","1","5","2","0","0","11","85","89","48.85"
"311","Jake DeBrusk","VAN","L","81","58.533333333333","0","0","0","0","0","0.00","5","0.00","0.43","6","6","2","1","2","0","0","0","0","0","0","1","1","0","1","0","2","0","4","0.00"
"312","Ivan Provorov","CBJ","D","82","247.7","0","0","0","0","0","0.00","2","0.00","0.02","4","3","0","0","2","0","0","0","0","0","0","0","7","3","1","2","24","0","0","-"
"313","Dennis Gilbert","OTT","D","8","2.05","0","0","0","0","0","-","0","-","0","0","0","0","0","0","0","0","0","0","0","0","0","0","0","0","0","0","0","0","-"
"315","Yakov Trenin","MIN","C","82","111.9","0","0","0","0","0","0.00","4","0.00","0.43","7","7","5","2","0","0","2","1","1","0","0","0","4","3","10","3","6","8","13","38.10"
"318","Artemi Panarin","L.A, NYR","L","78","0.21666666666667","0","0","0","0","0","-","0","-","0","0","0","0","0","0","0","0","0","0","0","0","0","0","0","0","0","0","0","0","-"
"319","Noel Acciari","PIT","C","67","173.01666666667","0","0","0","0","0","0.00","4","0.00","0.15","5","4","1","0","1","1","10","1","0","0","1","2","4","4","5","0","19","103","102","50.24"
"321","Will Borgen","NYR","D","75","165.78333333333","0","0","0","0","0","0.00","2","0.00","0.25","2","2","1","1","0","0","2","1","1","0","0","0","0","0","9","3","17","0","0","-"
"322","Colton White","N.J","D","23","2.25","0","0","0","0","0","-","0","-","0","0","0","0","0","0","0","0","0","0","0","0","0","0","0","0","0","0","0","0","-"
"323","Alexandre Carrier","MTL","D","73","221.06666666667","0","0","0","0","0","0.00","4","0.00","0.04","5","4","0","0","2","0","2","1","1","0","0","0","6","3","2","6","34","0","0","-"
"324","Ryan Shea","PIT","D","80","181.48333333333","0","0","0","0","0","0.00","2","0.00","0.21","6","4","1","0","1","0","10","1","0","0","1","3","6","3","5","0","13","0","0","-"
"326","Niko Mikkola","FLA","D","68","160.16666666667","0","0","0","0","0","0.00","2","0.00","0.19","3","3","0","0","0","0","9","3","2","1","0","3","6","3","12","2","16","0","0","-"
"327","Kirill Kaprizov","MIN","L","78","3.3166666666667","0","0","0","0","0","-","0","-","0","0","0","0","0","0","0","0","0","0","0","0","0","0","0","0","1","0","0","0","-"
"329","Adam Gaudette","S.J","R","66","1.3666666666667","0","0","0","0","0","-","0","-","0","0","0","0","0","0","0","0","0","0","0","0","0","0","0","0","0","0","1","0","100.00"
"333","Matt Roy","WSH","D","79","202.26666666667","0","0","0","0","0","0.00","5","0.00","0.22","7","7","3","1","2","0","0","0","0","0","0","1","7","3","15","2","18","0","0","-"
"334","Jalen Chatfield","CAR","D","72","167.81666666667","0","0","0","0","0","0.00","7","0.00","0.15","8","8","2","0","4","2","2","1","1","0","0","3","5","7","6","4","19","0","0","-"
"335","Mason Marchment","CBJ, SEA","L","68","1.6166666666667","0","0","0","0","0","-","0","-","0","0","0","0","0","0","0","0","0","0","0","0","0","0","0","0","0","0","0","0","-"
"337","Philippe Myers","TOR","D","39","39.333333333333","0","0","0","0","0","0.00","4","0.00","0.13","5","5","1","0","1","0","0","0","0","0","0","0","0","0","3","1","5","0","0","-"
"338","Ryan Lomberg","CGY","L","57","4.0333333333333","0","0","0","0","0","-","0","-","0","0","0","0","0","0","0","0","0","0","0","0","0","0","0","0","0","0","0","0","-"
"339","Brandon Tanev","UTA","L","56","8.8166666666667","0","0","0","0","0","-","0","-","0","0","0","0","0","0","0","0","0","0","0","0","0","0","0","1","0","0","0","0","-"
"340","Matthew Tkachuk","FLA","L","31","10.6","0","0","0","0","0","-","0","-","0.33","2","2","1","1","0","0","0","0","0","0","0","0","0","1","0","2","0","0","0","-"
"341","Luke Kunin","FLA","C","62","62.333333333333","0","0","0","0","0","-","3","0.00","0.27","5","4","2","1","1","0","2","1","1","0","0","1","1","0","0","0","9","29","37","43.94"
"342","Auston Matthews","TOR","C","60","70.35","0","0","0","0","0","-","7","0.00","0.38","8","8","5","1","1","0","0","0","0","0","0","0","1","1","1","1","9","44","33","57.14"
"345","Charlie McAvoy","BOS","D","69","193.63333333333","0","0","0","0","0","0.00","2","0.00","0.27","3","3","3","2","0","1","10","5","5","0","0","0","7","3","8","1","21","0","0","-"
"347","Alex DeBrincat","DET","R","82","2.8666666666667","0","0","0","0","0","-","0","-","0","0","0","0","0","0","0","0","0","0","0","0","0","1","0","0","0","0","0","0","-"
"348","Clayton Keller","UTA","R","82","1.9166666666667","0","0","0","0","0","-","0","-","0","0","0","0","0","0","0","0","0","0","0","0","0","0","0","0","0","0","0","0","-"
"349","Jakob Chychrun","WSH","D","80","31.7","0","0","0","0","0","-","1","0.00","0.01","3","1","0","0","0","1","5","1","0","1","0","1","1","0","0","0","1","0","0","-"
"350","Sam Steel","DAL","C","73","151.51666666667","0","0","0","0","0","-","8","0.00","1.31","13","12","6","5","2","0","0","0","0","0","0","3","4","5","2","3","4","18","26","40.91"
"351","Brett Howden","VGK","C","58","59.9","0","0","0","0","0","-","1","0.00","0.39","3","2","1","1","0","0","0","0","0","0","0","4","2","1","2","2","4","17","21","44.74"
"353","Trent Frederic","EDM","C","74","0.05","0","0","0","0","0","-","0","-","0","0","0","0","0","0","0","0","0","0","0","0","0","0","0","0","0","0","0","0","-"
"354","Andrew Peeke","BOS","D","77","182.93333333333","0","0","0","0","0","0.00","5","0.00","0.1","5","5","0","0","2","0","2","1","1","0","0","1","3","2","2","3","19","0","0","-"
"356","Dante Fabbro","CBJ","D","74","113.75","0","0","0","0","0","-","3","0.00","0.06","3","3","0","0","0","1","0","0","0","0","0","0","2","2","4","1","16","0","0","-"
"357","Joshua Mahura","SEA","D","23","27.666666666667","0","0","0","0","0","-","0","-","0","0","0","0","0","0","0","0","0","0","0","0","0","0","0","0","0","11","0","0","-"
"358","Logan Stanley","BUF, WPG","D","76","73.716666666667","0","0","0","0","0","-","1","0.00","0.08","1","1","1","0","0","1","0","0","0","0","0","0","1","2","3","1","14","0","0","-"
"359","Boris Katchouk","T.B","L","3","4.95","0","0","0","0","0","-","0","-","0","0","0","0","0","0","0","0","0","0","0","0","0","0","0","0","0","0","1","1","50.00"
"360","Jordan Kyrou","STL","R","72","1.2333333333333","0","0","0","0","0","-","0","-","0","0","0","0","0","0","0","0","0","0","0","0","0","0","0","0","0","0","0","0","-"
"361","Keaton Middleton","COL","D","3","0.66666666666667","0","0","0","0","0","-","0","-","0","0","0","0","0","0","0","0","0","0","0","0","0","0","0","0","0","0","0","0","-"
"363","Noah Gregor","FLA","L","37","10.816666666667","0","0","0","0","0","-","1","0.00","0.03","1","1","0","0","0","0","0","0","0","0","0","0","1","0","1","0","1","0","0","-"
"364","Dennis Cholowski","N.J","D","17","1.5166666666667","0","0","0","0","0","0.00","1","0.00","0.03","1","1","0","0","0","0","0","0","0","0","0","0","0","0","0","0","0","0","0","-"
"365","Samuel Girard","COL, PIT","D","60","55.866666666667","0","0","0","0","0","0.00","0","-","0","0","0","0","0","0","0","0","0","0","0","0","0","1","0","2","1","7","0","0","-"
"366","Pierre-Luc Dubois","WSH","C, L","29","5.3666666666667","0","0","0","0","0","-","0","-","0","0","0","0","0","0","0","0","0","0","0","0","0","0","0","0","0","1","3","1","75.00"
"367","Jake Bean","CGY","D","16","7.45","0","0","0","0","0","-","0","-","0","0","0","0","0","0","0","0","0","0","0","0","0","0","0","0","0","2","0","0","-"
"370","Nathan Bastian","DAL","R","36","0.31666666666667","0","0","0","0","0","-","0","-","0","0","0","0","0","0","0","0","0","0","0","0","0","0","0","0","0","0","0","0","-"
"372","Jacob Moverare","L.A","D","15","0.21666666666667","0","0","0","0","0","-","0","-","0","0","0","0","0","0","0","0","0","0","0","0","0","0","0","0","0","0","0","0","-"
"374","Troy Stecher","EDM, TOR","D","64","126.05","0","0","0","0","0","0.00","2","0.00","0","2","2","0","0","1","0","2","1","1","0","0","1","1","2","6","1","9","0","0","-"
"376","Ross Colton","COL","C","73","2.8666666666667","0","0","0","0","0","-","0","-","0","0","0","0","0","0","0","0","0","0","0","0","0","0","0","0","0","0","0","1","0.00"
"377","Joona Koppanen","PIT","L","13","20.616666666667","0","0","0","0","0","-","0","-","0","0","0","0","0","0","0","0","0","0","0","0","0","1","1","0","0","1","6","13","31.58"
"379","Tanner Laczynski","VGK","C","10","1.4333333333333","0","0","0","0","0","-","0","-","0","0","0","0","0","0","0","0","0","0","0","0","0","0","0","0","0","1","1","0","100.00"
"380","Vincent Desharnais","S.J","D","53","171.45","0","0","0","0","0","0.00","1","0.00","0","1","1","0","0","0","0","4","2","2","0","0","2","8","2","10","2","21","0","0","-"
"381","Michael Eyssimont","BOS","C","56","2.1166666666667","0","0","0","0","0","-","0","-","0","0","0","0","0","0","0","0","0","0","0","0","0","0","0","0","0","0","0","0","-"
"382","Michael Carcone","UTA","L","79","0.083333333333333","0","0","0","0","0","-","0","-","0","0","0","0","0","0","0","0","0","0","0","0","0","0","0","0","0","0","0","0","-"
"383","Justin Brazeau","PIT","R","64","0.4","0","0","0","0","0","-","0","-","0","0","0","0","0","0","0","0","0","0","0","0","0","0","0","0","0","0","0","0","-"
"384","Tanner Jeannot","BOS","L","77","104.81666666667","0","0","0","0","0","-","6","0.00","0.83","8","7","5","3","0","0","4","2","2","0","0","1","2","1","3","1","8","1","0","100.00"
"385","Mathieu Olivier","CBJ","R","61","50.016666666667","0","0","0","0","0","-","1","0.00","0.18","2","2","2","0","0","0","0","0","0","0","0","0","0","0","1","0","9","0","2","0.00"
"387","Jeffrey Viel","ANA, BOS","L","45","1.0333333333333","0","0","0","0","0","-","0","-","0","0","0","0","0","0","0","0","0","0","0","0","0","0","0","0","0","0","0","0","-"
"388","Justin Danforth","BUF","R","4","10.483333333333","0","0","0","0","0","-","0","-","0","0","0","0","0","0","0","0","0","0","0","0","0","1","0","0","0","2","1","10","9.09"
"389","Dominik Shine","DET","R","18","1.9833333333333","0","0","0","0","0","-","0","-","0","0","0","0","0","0","0","0","0","0","0","0","0","0","0","0","0","1","0","0","-"
"390","Zach Aston-Reese","CBJ","C, L","27","16.333333333333","0","0","0","0","0","-","1","0.00","0.03","1","1","0","0","0","0","0","0","0","0","0","0","0","0","1","0","1","1","0","100.00"
"391","Kailer Yamamoto","UTA","R","59","4.5166666666667","0","0","0","0","0","-","1","0.00","0.17","2","2","2","0","0","0","0","0","0","0","0","0","0","0","0","0","0","0","0","-"
"393","Conor Timmins","BUF","D","39","118.43333333333","0","0","0","0","0","0.00","2","0.00","0.03","2","2","0","0","0","0","2","1","1","0","0","0","1","3","2","0","24","0","0","-"
"394","Mario Ferraro","S.J","D","82","278.11666666667","0","0","0","0","0","0.00","5","0.00","0.15","6","6","1","0","3","0","0","0","0","0","0","0","9","5","13","6","36","0","0","-"
"395","Cale Fleury","SEA","D","23","16.066666666667","0","0","0","0","0","-","0","-","0","0","0","0","0","0","0","0","0","0","0","0","0","1","0","3","0","0","0","0","-"
"396","Morgan Geekie","BOS","C","81","0.23333333333333","0","0","0","0","0","-","0","-","0","0","0","0","0","0","0","0","0","0","0","0","0","0","0","0","0","0","0","0","-"
"398","Cody Glass","N.J","C","70","49.6","0","0","0","0","0","-","3","0.00","0.25","5","3","4","2","1","0","2","1","1","0","0","0","0","1","0","2","2","25","21","54.35"
"399","Mikey Anderson","L.A","D","80","182.88333333333","0","0","0","0","0","0.00","1","0.00","0","1","1","0","0","0","0","6","2","2","0","0","1","3","1","4","2","16","0","0","-"
"400","Casey Mittelstadt","BOS","C","71","0.96666666666667","0","0","0","0","0","-","0","-","0","0","0","0","0","0","0","0","0","0","0","0","0","0","0","0","0","0","1","0","100.00"
"401","Urho Vaakanainen","NYR","D","34","21.433333333333","0","0","0","0","0","-","0","-","0","0","0","0","0","0","0","0","0","0","0","0","0","0","0","0","0","4","0","0","-"
"403","Jesper Boqvist","FLA","C","73","48.733333333333","0","0","0","0","0","-","3","0.00","0.64","7","6","5","2","0","0","0","0","0","0","0","0","2","1","1","0","1","1","4","20.00"
"404","Jonas Rondbjerg","VGK","R","4","1.65","0","0","0","0","0","-","0","-","0","0","0","0","0","0","0","0","0","0","0","0","0","0","0","0","0","0","0","0","-"
"405","Eeli Tolvanen","SEA","R","78","81.133333333333","0","0","0","0","0","0.00","7","0.00","0.1","8","7","1","1","1","0","4","2","2","0","0","0","1","1","11","2","11","0","0","-"
"407","Gabriel Vilardi","WPG","C","82","2.75","0","0","0","0","0","-","0","-","0","0","0","0","0","0","0","0","0","0","0","0","0","0","0","0","0","0","0","1","0.00"
"410","Jack Studnicka","FLA","C","19","1.6","0","0","0","0","0","-","0","-","0","0","0","0","0","0","0","0","0","0","0","0","0","0","0","0","0","0","1","2","33.33"
"412","Jason Robertson","DAL","L","82","2.5666666666667","0","0","0","0","0","-","0","-","0","0","0","0","0","0","0","0","0","0","0","0","0","0","0","0","0","0","0","0","-"
"413","Morgan Frost","CGY","C","82","2.4","0","0","0","0","0","-","0","-","0","0","0","0","0","0","0","0","0","0","0","0","0","0","0","0","0","0","4","1","80.00"
"414","Henri Jokiharju","BOS","D","41","37.35","0","0","0","0","0","-","1","0.00","0.05","1","1","0","0","0","0","0","0","0","0","0","0","1","0","1","0","3","0","0","-"
"416","Martin Necas","COL","C","78","1.4666666666667","0","0","0","0","0","-","0","-","0","0","0","0","0","0","0","0","0","0","0","0","0","0","0","0","0","0","0","0","-"
"417","Timothy Liljegren","S.J, WSH","D","47","101.71666666667","0","0","0","0","0","0.00","0","-","0.04","1","1","1","0","0","0","0","0","0","0","0","0","2","1","0","2","16","0","0","-"
"418","Dylan Samberg","WPG","D","66","167.33333333333","0","0","0","0","0","0.00","4","0.00","0.13","4","4","1","0","1","0","0","0","0","0","0","1","4","5","5","1","30","0","0","-"
"419","P.O Joseph","VAN","D","31","14.233333333333","0","0","0","0","0","-","0","-","0","0","0","0","0","0","0","0","0","0","0","0","0","2","0","0","0","1","0","0","-"
"420","Josh Norris","BUF","C","44","1.7","0","0","0","0","0","-","0","-","0","0","0","0","0","0","0","0","0","0","0","0","0","0","0","0","0","0","2","1","66.67"
"422","Cale Makar","COL","D","75","146.93333333333","0","0","0","0","0","0.00","6","0.00","0.49","8","7","4","2","0","0","0","0","0","0","0","2","5","2","5","0","17","0","0","-"
"423","Alexandre Texier","MTL, STL","L","51","12.233333333333","0","0","0","0","0","0.00","0","-","0","1","0","0","0","0","0","0","0","0","0","0","0","0","0","0","0","1","0","2","0.00"
"424","Cameron Crotty","OTT","D","6","8.2333333333333","0","0","0","0","0","-","0","-","0","0","0","0","0","0","0","0","0","0","0","0","0","0","0","2","0","1","0","0","-"
"425","Filip Chytil","VAN","C","12","0.33333333333333","0","0","0","0","0","-","0","-","0","0","0","0","0","0","0","0","0","0","0","0","0","0","0","0","0","0","0","0","-"
"426","Nick DeSimone","UTA","D","40","4.8333333333333","0","0","0","0","0","-","0","-","0","0","0","0","0","0","0","0","0","0","0","0","0","0","0","0","0","0","0","0","-"
"428","David Kampf","VAN, WSH","C","40","58.366666666667","0","0","0","0","0","0.00","2","0.00","0.33","3","2","2","1","0","0","2","1","1","0","0","0","2","0","0","1","3","37","40","48.05"
"429","Neal Pionk","WPG","D","51","126.93333333333","0","0","0","0","0","0.00","0","-","0","0","0","0","0","0","0","0","0","0","0","0","0","5","2","8","0","13","0","0","-"
"431","Fabian Zetterlund","OTT","L","82","4","0","0","0","0","0","-","0","-","0","0","0","0","0","0","0","0","0","0","0","0","0","0","0","0","0","0","1","0","100.00"
"432","Johnathan Kovacevic","N.J","D","34","54.933333333333","0","0","0","0","0","0.00","0","-","0","0","0","0","0","0","0","0","0","0","0","0","0","2","0","5","0","6","0","0","-"
"433","Jacob Bryson","BUF, WPG","D","50","13.966666666667","0","0","0","0","0","-","0","-","0","0","0","0","0","0","0","0","0","0","0","0","0","0","0","1","0","3","0","0","-"
"434","Drake Batherson","OTT","R","79","0.78333333333333","0","0","0","0","0","-","0","-","0","0","0","0","0","0","0","0","0","0","0","0","0","0","0","0","0","0","0","0","-"
"436","Olle Lycksell","OTT","R","7","0.016666666666667","0","0","0","0","0","-","0","-","0","0","0","0","0","0","0","0","0","0","0","0","0","0","0","0","0","0","0","0","-"
"438","Ben Jones","MIN","C","28","7.35","0","0","0","0","0","-","0","-","0","0","0","0","0","0","0","0","0","0","0","0","0","0","0","0","0","0","5","3","62.50"
"441","Skyler Brind'Amour","CAR","C","4","8.0166666666667","0","0","0","0","0","-","0","-","0","1","0","0","0","0","0","0","0","0","0","0","0","0","0","0","0","0","2","1","66.67"
"442","Sheldon Dries","DET","C","5","3.2666666666667","0","0","0","0","0","-","0","-","0","0","0","0","0","0","0","0","0","0","0","0","0","0","0","0","0","0","0","2","0.00"
"445","Charle-Edouard D'Astous","T.B","D","70","31.516666666667","0","0","0","0","0","-","0","-","0.04","1","1","0","0","0","0","0","0","0","0","0","0","0","1","1","0","2","0","0","-"
"446","Sean Durzi","UTA","D","60","22.366666666667","0","0","0","0","0","-","1","0.00","0","1","1","0","0","0","0","0","0","0","0","0","0","1","0","0","0","3","0","0","-"
"449","Zach Whitecloud","CGY, VGK","D","78","175.36666666667","0","0","0","0","0","0.00","3","0.00","0.01","4","3","0","0","1","0","0","0","0","0","0","1","7","3","8","2","21","0","0","-"
"452","Martin Fehérváry","WSH","D","81","229.55","0","0","0","0","0","0.00","2","0.00","0.07","3","3","1","0","2","0","2","1","1","0","0","0","4","6","7","1","47","0","0","-"
"454","Philipp Kurashev","S.J","C","43","26.083333333333","0","0","0","0","0","-","0","-","0","0","0","0","0","0","0","0","0","0","0","0","1","0","1","0","0","2","0","6","0.00"
"455","Quinn Hughes","MIN, VAN","D","74","8.4833333333333","0","0","0","0","0","-","0","-","0","0","0","0","0","0","0","0","0","0","0","0","0","1","0","1","0","0","0","0","-"
"459","Isac Lundeström","CBJ","C","68","97.783333333333","0","0","0","0","0","-","9","0.00","0.52","10","9","5","2","1","1","2","1","1","0","0","0","1","1","0","1","5","12","12","50.00"
"461","Joe Veleno","MTL","C","61","94.283333333333","0","0","0","0","0","0.00","7","0.00","0.9","12","11","8","5","2","0","0","0","0","0","0","1","0","1","3","0","4","11","13","45.83"
"463","Patrick Giles","S.J","R","3","1.1333333333333","0","0","0","0","0","-","0","-","0","0","0","0","0","0","0","0","0","0","0","0","0","0","0","0","0","0","0","0","-"
"464","Michael Callahan","BOS","D","5","6.2333333333333","0","0","0","0","0","-","0","-","0","0","0","0","0","0","0","0","0","0","0","0","0","0","0","1","0","1","0","0","-"
"465","Jesperi Kotkaniemi","CAR","C","42","6.0666666666667","0","0","0","0","0","-","0","-","0","0","0","0","0","0","0","0","0","0","0","0","0","0","0","1","0","1","1","3","25.00"
"466","Andrei Svechnikov","CAR","R","79","0.16666666666667","0","0","0","0","0","-","0","-","0","0","0","0","0","0","0","0","0","0","0","0","0","0","0","0","0","0","0","0","-"
"467","Alec Regula","EDM","D","29","23.75","0","0","0","0","0","-","0","-","0","0","0","0","0","0","0","0","0","0","0","0","0","2","0","1","0","4","0","0","-"
"468","Ty Emberson","EDM","D","72","92.55","0","0","0","0","0","-","1","0.00","0","1","1","0","0","0","0","0","0","0","0","0","0","1","1","1","0","17","0","0","-"
"469","Jack Drury","COL","C","82","165.31666666667","0","0","0","0","0","0.00","9","0.00","0.63","11","10","6","5","3","1","4","2","2","0","0","4","5","6","0","2","14","91","89","50.56"
"470","Rasmus Dahlin","BUF","D","77","63.166666666667","0","0","0","0","0","0.00","2","0.00","0.03","2","2","0","0","0","0","0","0","0","0","0","0","5","1","4","0","8","0","0","-"
"474","Barrett Hayton","UTA","C","67","12.833333333333","0","0","0","0","0","-","0","-","0","0","0","0","0","0","0","0","0","0","0","0","0","0","0","0","0","0","5","7","41.67"
"479","Adam Boqvist","NYI","D","28","4.1","0","0","0","0","0","-","0","-","0","0","0","0","0","0","0","0","0","0","0","0","0","1","0","0","0","0","0","0","-"
"480","Rasmus Sandin","WSH","D","73","104","0","0","0","0","0","0.00","3","0.00","0.22","3","3","1","1","1","0","0","0","0","0","0","0","10","6","9","0","15","0","0","-"
"481","Adam Ginning","PHI","D","5","8.8833333333333","0","0","0","0","0","-","0","-","0","0","0","0","0","0","0","0","0","0","0","0","0","0","0","0","0","2","0","0","-"
"482","Curtis Douglas","T.B, VAN","C","43","0.65","0","0","0","0","0","-","0","-","0","0","0","0","0","0","0","0","0","0","0","0","0","0","0","0","0","0","0","0","-"
"483","Nils Lundkvist","DAL","D","52","5.2166666666667","0","0","0","0","0","-","0","-","0","0","0","0","0","0","0","0","0","0","0","0","0","0","0","0","0","0","0","0","-"
"484","Jacob Bernard-Docker","DET","D","63","89.633333333333","0","0","0","0","0","-","0","-","0","1","0","1","0","0","0","0","0","0","0","0","1","1","1","3","0","13","0","0","-"
"485","Jordan Harris","BOS","D","8","12.383333333333","0","0","0","0","0","-","0","-","0","0","0","0","0","0","0","0","0","0","0","0","0","0","0","3","0","0","0","0","-"
"486","Michael Kesselring","BUF","D","34","27.783333333333","0","0","0","0","0","-","0","-","0","0","0","0","0","0","0","0","0","0","0","0","0","0","0","0","0","4","0","0","-"
"488","Ilya Lyubushkin","DAL","D","53","77.916666666667","0","0","0","0","0","0.00","1","0.00","0.06","2","2","0","0","0","0","2","1","1","0","0","0","3","1","6","0","12","0","0","-"
"490","Declan Chisholm","WSH","D","26","7.15","0","0","0","0","0","-","1","0.00","0.04","1","1","0","0","0","0","0","0","0","0","0","0","0","1","0","0","0","0","0","-"
"491","Pontus Holmberg","T.B","R","70","11.466666666667","0","0","0","0","0","-","0","-","0","0","0","0","0","0","0","0","0","0","0","0","0","0","0","0","1","0","1","1","50.00"
"492","Josiah Slavin","CAR","L","2","3.6166666666667","0","0","0","0","0","-","0","-","0","0","0","0","0","0","0","0","0","0","0","0","0","0","0","0","0","0","0","1","0.00"
"493","Tyler Tucker","STL","D","69","75.816666666667","0","0","0","0","0","0.00","1","0.00","0","1","1","0","0","0","0","2","1","1","0","0","0","1","0","2","1","7","0","0","-"
"494","Jonatan Berggren","DET, STL","R","51","1.0666666666667","0","0","0","0","0","-","0","-","0","1","0","0","0","0","0","0","0","0","0","0","0","0","0","0","0","0","0","0","-"
"495","Alexander Romanov","NYI","D","15","32.55","0","0","0","0","0","0.00","0","-","0","0","0","0","0","0","0","0","0","0","0","0","1","0","0","2","0","6","0","0","-"
"496","Linus Karlsson","VAN","C","79","2.0333333333333","0","0","0","0","0","-","0","-","0","0","0","0","0","0","0","0","0","0","0","0","0","0","0","0","0","0","0","0","-"
"497","Martin Pospisil","CGY","C","22","2.2666666666667","0","0","0","0","0","-","0","-","0","0","0","0","0","0","0","0","0","0","0","0","0","0","0","0","0","0","1","0","100.00"
"498","Jack St. Ivany","PIT","D","20","26.183333333333","0","0","0","0","0","-","2","0.00","0.04","2","2","0","0","1","0","0","0","0","0","0","0","0","0","1","2","2","0","0","-"
"499","Paul Cotter","N.J","L","79","1.5333333333333","0","0","0","0","0","-","0","-","0","0","0","0","0","0","0","0","0","0","0","0","0","0","0","0","0","0","1","0","100.00"
"503","Simon Benoit","TOR","D","73","138.63333333333","0","0","0","0","0","0.00","3","0.00","0.06","5","4","0","0","0","0","4","2","2","0","0","2","5","1","11","2","17","0","0","-"
"504","Cole Reinhardt","FLA, VGK","L","59","5.7","0","0","0","0","0","-","0","-","0","0","0","0","0","0","0","0","0","0","0","0","0","0","1","0","0","1","0","0","-"
"505","Jake Christiansen","CBJ","D","40","6.2166666666667","0","0","0","0","0","-","0","-","0","0","0","0","0","0","0","2","1","1","0","0","0","0","0","0","0","4","0","0","-"
"506","Brayden Pachal","CGY","D","39","29.1","0","0","0","0","0","0.00","0","-","0","1","0","0","0","0","0","0","0","0","0","0","0","0","0","3","0","4","0","0","-"
"507","Egor Zamula","CBJ, PHI","D","33","14.783333333333","0","0","0","0","0","-","0","-","0","0","0","0","0","0","0","0","0","0","0","0","0","0","0","0","0","0","0","0","-"
"508","Logan O'Connor","COL","R","13","18.066666666667","0","0","0","0","0","-","2","0.00","0.43","3","3","3","2","1","1","2","1","1","0","0","1","0","0","0","1","0","0","1","0.00"
"509","Jonathan Aspirot","BOS","D","61","67.566666666667","0","0","0","0","0","0.00","2","0.00","0.01","2","2","0","0","1","0","0","0","0","0","0","0","1","0","4","1","6","0","0","-"
"510","Kyle MacLean","NYI","C","59","8.85","0","0","0","0","0","-","0","-","0","0","0","0","0","0","0","0","0","0","0","0","0","1","0","0","0","0","2","0","100.00"
"513","Noah Philp","CAR, EDM","C","17","12.25","0","0","0","0","0","-","1","0.00","0.13","1","1","1","1","0","0","0","0","0","0","0","1","0","0","0","0","0","4","10","28.57"
"514","Nolan Foote","FLA","L","12","2.1833333333333","0","0","0","0","0","-","0","-","0","0","0","0","0","0","0","0","0","0","0","0","0","0","0","0","0","0","0","0","-"
"515","Peyton Krebs","BUF","C","82","11.45","0","0","0","0","0","-","1","0.00","0.06","1","1","0","0","0","0","0","0","0","0","0","0","0","0","1","0","0","6","9","40.00"
"516","Kirby Dach","MTL","C","37","0.78333333333333","0","0","0","0","0","-","0","-","0","0","0","0","0","0","0","0","0","0","0","0","0","0","0","0","0","0","0","0","-"
"518","Matthew Robertson","NYR","D","72","109","0","0","0","0","0","0.00","1","0.00","0.01","2","2","0","0","2","0","0","0","0","0","0","0","2","0","11","2","18","0","0","-"
"519","Kaedan Korczak","VGK","D","78","35.1","0","0","0","0","0","-","0","-","0.23","1","1","1","1","0","0","0","0","0","0","0","0","0","1","2","0","2","0","0","-"
"520","Dylan Cozens","OTT","C","82","7.1166666666667","0","0","0","0","0","-","1","0.00","0.06","1","1","1","0","0","0","0","0","0","0","0","0","0","0","0","0","0","1","3","25.00"
"521","Alex Turcotte","L.A","C","62","0.6","0","0","0","0","0","-","0","-","0","0","0","0","0","0","0","0","0","0","0","0","0","0","0","0","0","0","1","0","100.00"
"522","Trevor Zegras","PHI","C","81","2.3166666666667","0","0","0","0","0","-","0","-","0","0","0","0","0","0","0","0","0","0","0","0","0","0","0","0","0","0","1","0","100.00"
"523","Nils Hoglander","VAN","L","38","0.05","0","0","0","0","0","-","0","-","0","0","0","0","0","0","0","0","0","0","0","0","0","0","0","0","0","0","1","0","100.00"
"524","Cole Caufield","MTL","R","81","1","0","0","0","0","0","-","0","-","0","0","0","0","0","0","0","0","0","0","0","0","0","0","0","1","0","0","0","0","-"
"525","Moritz Seider","DET","D","82","129.91666666667","0","0","0","0","0","0.00","4","0.00","0.15","5","5","1","0","1","0","4","2","2","0","0","2","7","2","15","1","27","0","0","-"
"526","Cam York","PHI","D","74","203.75","0","0","0","0","0","0.00","7","0.00","0.01","7","7","0","0","5","0","0","0","0","0","0","1","5","0","0","1","35","0","0","-"
"527","Bobby Brink","MIN, PHI","R","68","2.2833333333333","0","0","0","0","0","-","0","-","0","0","0","0","0","0","0","0","0","0","0","0","0","0","0","0","0","0","0","0","-"
"528","Kaapo Kakko","SEA","R","65","0.45","0","0","0","0","0","-","0","-","0","0","0","0","0","0","0","0","0","0","0","0","0","0","0","0","0","0","0","0","-"
"532","Domenick Fensore","CAR","D","1","1.0833333333333","0","0","0","0","0","-","0","-","0","0","0","0","0","0","0","0","0","0","0","0","0","0","0","0","0","0","0","0","-"
"534","Ryan Johnson","BUF","D","3","0.81666666666667","0","0","0","0","0","-","0","-","0","0","0","0","0","0","0","0","0","0","0","0","0","0","0","0","0","0","0","0","-"
"535","Henry Thrun","TOR","D","4","1.6333333333333","0","0","0","0","0","-","0","-","0","0","0","0","0","0","0","0","0","0","0","0","0","0","0","0","1","0","0","0","-"
"537","Marshall Warren","NYI","D","8","2.2166666666667","0","0","0","0","0","-","0","-","0","0","0","0","0","0","0","0","0","0","0","0","0","0","0","0","0","0","0","0","-"
"538","Ville Heinola","WPG","D","5","0.16666666666667","0","0","0","0","0","-","0","-","0","0","0","0","0","0","0","0","0","0","0","0","0","0","0","0","0","0","0","0","-"
"539","Lassi Thomson","OTT","D","11","1.7666666666667","0","0","0","0","0","-","0","-","0","0","0","0","0","0","0","0","0","0","0","0","0","0","0","0","0","1","0","0","-"
"541","Thomas Harley","DAL","D","70","96.6","0","0","0","0","0","0.00","1","0.00","0.09","2","2","1","0","0","0","2","1","1","0","0","1","5","2","1","1","15","0","0","-"
"542","Nicholas Robertson","TOR","L","78","7.55","0","0","0","0","0","-","0","-","0","0","0","0","0","0","0","0","0","0","0","0","1","0","0","0","0","0","0","0","-"
"543","Sam Poulin","PIT","R","2","1.15","0","0","0","0","0","-","0","-","0","0","0","0","0","0","0","0","0","0","0","0","0","0","0","0","0","0","0","0","-"
"544","Jayden Struble","MTL","D","59","7.4666666666667","0","0","0","0","0","-","0","-","0","0","0","0","0","0","0","0","0","0","0","0","0","1","0","0","0","1","0","0","-"
"546","Philip Broberg","STL","D","81","204.76666666667","0","0","0","0","0","0.00","5","0.00","0.2","11","7","4","0","2","1","0","0","0","0","0","2","8","2","5","4","12","0","0","-"
"547","Victor Soderstrom","BOS","D","8","0.36666666666667","0","0","0","0","0","-","0","-","0","0","0","0","0","0","0","0","0","0","0","0","0","0","0","0","0","0","0","0","-"
"548","Tobias Bjornfot","FLA","D","19","11.333333333333","0","0","0","0","0","-","0","-","0.06","1","1","0","0","0","0","0","0","0","0","0","0","0","0","0","0","1","0","0","-"
"550","Pavel Dorofeyev","VGK","R","82","0.58333333333333","0","0","0","0","0","-","0","-","0","0","0","0","0","0","0","0","0","0","0","0","0","0","0","0","0","0","0","0","-"
"552","Jordan Spence","OTT","D","73","13.433333333333","0","0","0","0","0","-","0","-","0","0","0","0","0","0","0","0","0","0","0","0","0","0","0","0","0","1","0","0","-"
"554","Vladislav Kolyachonok","BOS, DAL","D","13","4.2833333333333","0","0","0","0","0","-","1","0.00","0.04","1","1","0","0","0","0","0","0","0","0","0","0","0","1","0","0","0","0","0","-"
"555","Vasily Podkolzin","EDM","R","82","51.383333333333","0","0","0","0","0","-","3","0.00","0.13","3","3","1","0","0","0","0","0","0","0","0","0","1","1","2","0","3","1","6","14.29"
"556","Alex Newhook","MTL","C","42","39.816666666667","0","0","0","0","0","0.00","3","0.00","0.39","4","3","3","1","0","0","0","0","0","0","0","1","0","0","0","1","1","7","5","58.33"
"558","Joel Kiviranta","COL","L","51","53.25","0","0","0","0","0","-","2","0.00","0.31","4","4","2","1","0","0","0","0","0","0","0","0","0","2","1","1","1","1","4","20.00"
"559","Cole Schwindt","FLA","R","29","22.983333333333","0","0","0","0","0","-","2","0.00","0.17","2","2","2","1","0","0","0","0","0","0","0","0","0","0","0","0","1","4","8","33.33"
"561","Juuso Parssinen","NYR","C","20","0.9","0","0","0","0","0","-","0","-","0","0","0","0","0","0","0","0","0","0","0","0","0","0","0","0","1","0","0","0","-"
"562","Matias Maccelli","TOR","L","71","0.33333333333333","0","0","0","0","0","-","0","-","0","0","0","0","0","0","0","0","0","0","0","0","0","0","0","0","0","0","0","0","-"
"563","Dmitri Voronkov","CBJ","L","63","0.48333333333333","0","0","0","0","0","-","0","-","0","0","0","0","0","0","0","0","0","0","0","0","0","0","0","0","0","0","0","0","-"
"565","Arseny Gritsyuk","N.J","R","66","0.38333333333333","0","0","0","0","0","-","0","-","0","0","0","0","0","0","0","0","0","0","0","0","0","0","0","0","0","0","0","0","-"
"566","Elmer Soderblom","DET, PIT","L","59","4.25","0","0","0","0","0","-","0","-","0","0","0","0","0","0","0","0","0","0","0","0","0","0","0","0","0","0","0","0","-"
"567","Adam Edstrom","NYR","C","35","2.1","0","0","0","0","0","-","0","-","0","0","0","0","0","0","0","0","0","0","0","0","0","1","0","0","0","0","0","0","-"
"568","Nikita Nesterenko","ANA","C","29","24.533333333333","0","0","0","0","0","-","2","0.00","0.04","2","2","0","0","0","0","0","0","0","0","0","0","1","0","0","0","1","0","6","0.00"
"569","Tye Kartye","NYR, SEA","L","64","83.65","0","0","0","0","0","-","1","0.00","0.06","1","1","1","0","0","0","0","0","0","0","0","1","3","2","2","2","7","0","1","0.00"
"571","Jacob Gaucher","PHI","C","4","2.1","0","0","0","0","0","-","0","-","0","0","0","0","0","0","0","0","0","0","0","0","0","0","0","0","0","0","0","0","-"
"574","Connor Mackey","NYR","D","3","0.65","0","0","0","0","0","-","0","-","0","0","0","0","0","0","0","0","0","0","0","0","0","0","0","0","0","0","0","0","-"
"575","Mitchell Chaffee","T.B","R","11","0.71666666666667","0","0","0","0","0","-","0","-","0","0","0","0","0","0","0","0","0","0","0","0","0","0","0","0","0","0","0","0","-"
"576","Jack Ahcan","COL","D","11","0.3","0","0","0","0","0","-","0","-","0","0","0","0","0","0","0","0","0","0","0","0","0","0","0","0","0","0","0","0","-"
"577","Braden Schneider","NYR","D","82","198.53333333333","0","0","0","0","0","0.00","4","0.00","0.3","5","5","0","0","3","0","2","1","1","0","0","3","11","1","13","4","24","0","0","-"
"578","Connor Zary","CGY","C","74","1.7833333333333","0","0","0","0","0","-","0","-","0","0","0","0","0","0","0","0","0","0","0","0","0","0","0","0","0","0","0","0","-"
"579","Dylan Holloway","STL","L","59","17.666666666667","0","0","0","0","0","-","1","0.00","0","1","1","0","0","0","0","0","0","0","0","0","0","1","0","0","0","0","2","0","100.00"
"580","Lucas Raymond","DET","L","80","17.366666666667","0","0","0","0","0","-","1","0.00","0.08","1","1","1","0","0","0","4","2","2","0","0","0","1","0","0","0","1","0","0","-"
"581","Marco Rossi","MIN, VAN","C","50","23.333333333333","0","0","0","0","0","-","1","0.00","0.05","1","1","0","0","0","0","0","0","0","0","0","0","0","1","0","1","1","9","15","37.50"
"582","Kaiden Guhle","MTL","D","39","66.016666666667","0","0","0","0","0","0.00","0","-","0","0","0","0","0","0","0","0","0","0","0","0","2","0","2","9","0","7","0","0","-"
"583","Justin Sourdif","WSH","C, R","78","10.366666666667","0","0","0","0","0","-","0","-","0.03","1","1","0","0","0","0","0","0","0","0","0","0","0","0","1","1","2","5","2","71.43"
"584","Jake Neighbours","STL","L","69","3.8","0","0","0","0","0","-","0","-","0","0","0","0","0","0","0","0","0","0","0","0","0","0","0","0","0","0","0","1","0.00"
"585","Jack Finley","STL, T.B","C","44","31.216666666667","0","0","0","0","0","0.00","2","0.00","0","2","2","0","0","1","0","0","0","0","0","0","0","0","0","0","0","0","22","15","59.46"
"588","Daemon Hunt","MIN","D","32","31.633333333333","0","0","0","0","0","0.00","2","0.00","0","2","2","0","0","1","0","0","0","0","0","0","0","0","0","0","0","5","0","0","-"
"590","Jack Quinn","BUF","R","82","10.933333333333","0","0","0","0","0","-","0","-","0","0","0","0","0","0","0","2","1","1","0","0","0","0","0","1","0","0","0","0","-"
"592","Ozzy Wiesblatt","NSH","C","40","26.066666666667","0","0","0","0","0","-","1","0.00","0.14","1","1","1","1","1","0","0","0","0","0","0","0","0","0","2","0","1","1","1","50.00"
"593","Jake Sanderson","OTT","D","67","197.16666666667","0","0","0","0","0","0.00","2","0.00","0.06","4","3","0","0","1","0","0","0","0","0","0","1","8","5","6","4","27","0","0","-"
"594","Mike Benning","FLA","D","18","4.7833333333333","0","0","0","0","0","-","0","-","0","0","0","0","0","0","0","0","0","0","0","0","0","0","0","0","0","0","0","0","-"
"595","Alexis Lafrenière","NYR","L","82","1.5","0","0","0","0","0","-","0","-","0","0","0","0","0","0","0","0","0","0","0","0","0","0","0","0","0","0","0","0","-"
"597","Justin Barron","NSH","D","52","20.25","0","0","0","0","0","0.00","0","-","0","0","0","0","0","0","0","0","0","0","0","0","0","1","1","3","0","2","0","0","-"
"600","Lukas Reichel","BOS, CHI, VAN","L","29","0.83333333333333","0","0","0","0","0","-","0","-","0","0","0","0","0","0","0","0","0","0","0","0","0","0","0","0","0","0","0","0","-"
"603","Alexander Holtz","VGK","R","28","1.4333333333333","0","0","0","0","0","-","0","-","0","0","0","0","0","0","0","0","0","0","0","0","0","0","0","0","0","0","0","0","-"
"604","Emil Andrae","PHI","D","61","11.483333333333","0","0","0","0","0","-","0","-","0","0","0","0","0","0","0","0","0","0","0","0","0","0","0","0","0","0","0","0","-"
"605","Donovan Sebrango","FLA, OTT","D","42","32.733333333333","0","0","0","0","0","-","3","0.00","0.19","4","4","1","1","0","0","0","0","0","0","0","0","0","0","2","0","3","0","0","-"
"606","Jamie Drysdale","PHI","D","78","11.266666666667","0","0","0","0","0","-","0","-","0","0","0","0","0","0","0","0","0","0","0","0","0","0","0","0","0","1","0","0","-"
"607","Mavrik Bourque","DAL","C","82","16.216666666667","0","0","0","0","0","-","0","-","0","0","0","0","0","0","0","2","1","1","0","0","0","0","0","0","0","1","1","3","25.00"
"608","Luke Evangelista","NSH","R","81","0.71666666666667","0","0","0","0","0","-","0","-","0","0","0","0","0","0","0","0","0","0","0","0","0","0","0","0","0","0","0","0","-"
"609","Hendrix Lapierre","WSH","C","74","0.41666666666667","0","0","0","0","0","-","0","-","0","0","0","0","0","0","0","0","0","0","0","0","0","0","0","0","0","0","0","1","0.00"
"610","Cole Perfetti","WPG","C","68","0.45","0","0","0","0","0","-","0","-","0","0","0","0","0","0","0","0","0","0","0","0","0","0","0","0","0","0","0","0","-"
"612","Will Cuylle","NYR","L","82","128.61666666667","0","0","0","0","0","0.00","6","0.00","1.41","9","8","3","3","0","0","0","0","0","0","0","3","6","1","7","1","11","5","3","62.50"
"613","Tyson Foerster","PHI","R","29","35.616666666667","0","0","0","0","0","-","0","-","0.16","2","2","2","0","0","0","0","0","0","0","0","0","0","0","0","0","2","1","1","50.00"
"615","Shakir Mukhamadullin","S.J","D","50","70.566666666667","0","0","0","0","0","0.00","0","-","0","0","0","0","0","0","0","0","0","0","0","0","1","1","1","0","0","10","0","0","-"
"616","Maxim Groshev","T.B","D","2","0.05","0","0","0","0","0","-","0","-","0","0","0","0","0","0","0","0","0","0","0","0","0","0","0","0","0","0","0","0","-"
"617","Landon Slaggert","CHI","L","53","54.616666666667","0","0","0","0","0","-","4","0.00","0.4","5","5","3","1","1","0","0","0","0","0","0","1","0","2","2","0","2","0","0","-"
"618","JJ Peterka","UTA","R","82","1.4833333333333","0","0","0","0","0","-","0","-","0","0","0","0","0","0","0","0","0","0","0","0","0","0","0","0","0","0","0","0","-"
"619","Wyatt Kaiser","CHI","D","77","146.36666666667","0","0","0","0","0","0.00","3","0.00","0.01","4","3","1","0","4","0","2","1","1","0","0","3","3","4","3","3","13","0","0","-"
"620","Marat Khusnutdinov","BOS","C","77","79.65","0","0","0","0","0","-","0","-","0.22","1","1","1","1","1","0","0","0","0","0","0","2","0","3","1","0","3","3","0","100.00"
"622","Ronan Seeley","CAR","D","1","0.65","0","0","0","0","0","-","0","-","0","0","0","0","0","0","0","0","0","0","0","0","0","0","0","0","0","0","0","0","-"
"623","Isaak Phillips","WPG","D","3","0.11666666666667","0","0","0","0","0","-","0","-","0","0","0","0","0","0","0","0","0","0","0","0","0","0","0","0","0","0","0","0","-"
"624","Gage Goncalves","T.B","C","74","15.95","0","0","0","0","0","-","1","0.00","0.01","1","1","0","0","1","0","0","0","0","0","0","0","0","1","1","0","0","0","1","0.00"
"625","Ethan Cardwell","S.J","R","7","2.5166666666667","0","0","0","0","0","-","0","-","0","0","0","0","0","0","0","0","0","0","0","0","0","0","0","0","0","0","0","0","-"
"626","Rory Kerins","CGY","C","4","0.26666666666667","0","0","0","0","0","-","0","-","0","0","0","0","0","0","0","0","0","0","0","0","0","0","0","0","0","0","0","0","-"
"627","Artem Zub","OTT","D","81","228.31666666667","0","0","0","0","0","0.00","1","0.00","0","1","1","0","0","1","0","6","3","3","0","0","1","7","4","2","1","22","0","0","-"
"628","Bobby McMann","SEA, TOR","C","78","14.566666666667","0","0","0","0","0","-","3","0.00","0.24","4","4","2","0","1","0","0","0","0","0","0","0","0","0","2","0","2","0","0","-"
"629","Jeff Malott","L.A","L","58","3.3666666666667","0","0","0","0","0","-","0","-","0","0","0","0","0","0","0","0","0","0","0","0","0","0","0","0","0","0","0","0","-"
"630","Mikael Pyyhtia","CBJ","L","5","1.9","0","0","0","0","0","-","0","-","0","0","0","0","0","0","0","0","0","0","0","0","0","0","0","0","0","0","0","0","-"
"631","Matt Rempe","NYR","C","26","0.13333333333333","0","0","0","0","0","-","0","-","0","0","0","0","0","0","0","0","0","0","0","0","0","0","0","0","0","0","0","0","-"
"632","Ilya Solovyov","COL, PIT","D","30","7.9333333333333","0","0","0","0","0","-","0","-","0","0","0","0","0","0","0","0","0","0","0","0","0","0","0","2","1","2","0","0","-"
"633","Yegor Chinakhov","CBJ, PIT","R","72","0.13333333333333","0","0","0","0","0","-","0","-","0","0","0","0","0","0","0","0","0","0","0","0","0","0","0","0","0","0","0","0","-"
"634","Emil Heineman","NYI","L","82","48.05","0","0","0","0","0","-","5","0.00","0.04","5","5","0","0","2","0","0","0","0","0","0","1","1","0","3","1","4","0","2","0.00"
"635","Adam Wilsby","NSH","D","58","59.05","0","0","0","0","0","0.00","0","-","0","0","0","0","0","0","0","2","1","1","0","0","0","0","2","2","0","4","0","0","-"
"636","Mason Lohrei","BOS","D","73","9.9833333333333","0","0","0","0","0","-","1","0.00","0","1","1","0","0","0","0","0","0","0","0","0","0","1","1","0","0","3","0","0","-"
"637","Matthew Kessel","STL","D","29","11.683333333333","0","0","0","0","0","-","0","-","0","0","0","0","0","0","0","0","0","0","0","0","0","0","0","1","0","1","0","0","-"
"638","Josh Dunne","BUF","C","34","3.95","0","0","0","0","0","-","0","-","0","0","0","0","0","0","0","0","0","0","0","0","0","0","0","0","0","2","0","1","0.00"
"639","Daniil Miromanov","CGY","D","1","0.6","0","0","0","0","0","-","0","-","0","0","0","0","0","0","0","0","0","0","0","0","0","0","0","0","0","0","0","0","-"
"642","Walker Duehr","WPG","R","3","0.3","0","0","0","0","0","-","0","-","0","0","0","0","0","0","0","0","0","0","0","0","0","0","0","0","0","1","0","0","-"
"644","Josh Doan","BUF","R","82","1.3166666666667","0","0","0","0","0","-","0","-","0","0","0","0","0","0","0","0","0","0","0","0","0","0","0","0","0","0","0","0","-"
"645","Kent Johnson","CBJ","C","76","2.55","0","0","0","0","0","-","0","-","0","0","0","0","0","0","0","0","0","0","0","0","0","0","0","0","0","0","0","0","-"
"646","Matty Beniers","SEA","C","82","44.566666666667","0","0","0","0","0","-","1","0.00","0.13","1","1","1","1","0","0","0","0","0","0","0","1","0","1","1","1","3","14","13","51.85"
"647","Scott Morrow","NYR","D","29","0.58333333333333","0","0","0","0","0","-","0","-","0","0","0","0","0","0","0","0","0","0","0","0","0","0","0","0","0","0","0","0","-"
"648","William Eklund","S.J","L","78","33.416666666667","0","0","0","0","0","-","4","0.00","0.3","5","4","4","2","0","0","0","0","0","0","0","1","0","0","0","1","1","0","2","0.00"
"650","Matt Coronato","CGY","R","80","2.75","0","0","0","0","0","-","0","-","0","0","0","0","0","0","0","0","0","0","0","0","0","0","0","0","0","0","0","2","0.00"
"651","Luke Hughes","N.J","D","68","85.533333333333","0","0","0","0","0","0.00","4","0.00","0.11","6","4","1","0","2","0","0","0","0","0","0","0","6","2","0","0","4","0","0","-"
"652","Aatu Räty","VAN","C","66","58.116666666667","0","0","0","0","0","0.00","2","0.00","0.33","5","4","5","1","0","1","0","0","0","0","0","1","1","2","2","0","1","72","47","60.50"
"653","Dylan Guenther","UTA","R","79","21.233333333333","0","0","0","0","0","-","1","0.00","0.13","1","1","1","1","0","0","0","0","0","0","0","0","1","1","0","0","3","0","0","-"
"654","Logan Stankoven","CAR","C","81","3.5333333333333","0","0","0","0","0","-","0","-","0","0","0","0","0","0","0","0","0","0","0","0","0","0","0","0","0","0","3","1","75.00"
"655","Colton Dach","CHI, EDM","C","61","1.8166666666667","0","0","0","0","0","-","0","-","0","0","0","0","0","0","0","0","0","0","0","0","0","0","0","0","0","0","0","1","0.00"
"656","Cole Sillinger","CBJ","C","81","63.383333333333","0","0","0","0","0","-","3","0.00","0.37","7","4","5","0","0","1","0","0","0","0","0","0","1","3","0","1","4","4","4","50.00"
"657","Mackie Samoskevich","FLA","R","77","2.8","0","0","0","0","0","-","0","-","0","0","0","0","0","0","0","0","0","0","0","0","0","0","0","0","0","0","0","0","-"
"658","Ryan Ufko","NSH","D","18","1.4","0","0","0","0","0","-","0","-","0","0","0","0","0","0","0","0","0","0","0","0","0","0","0","0","0","1","0","0","-"
"660","Samuel Helenius","L.A","C","53","0.55","0","0","0","0","0","-","0","-","0","0","0","0","0","0","0","0","0","0","0","0","0","0","0","0","0","0","1","2","33.33"
"661","Brandt Clarke","L.A","D","82","2.4333333333333","0","0","0","0","0","-","0","-","0","0","0","0","0","0","0","0","0","0","0","0","0","0","0","0","0","0","0","0","-"
"662","Tyson Hinds","ANA","D","6","4.3333333333333","0","0","0","0","0","-","0","-","0","0","0","0","0","0","0","0","0","0","0","0","0","0","0","0","0","1","0","0","-"
"663","Logan Mailloux","STL","D","67","46.816666666667","0","0","0","0","0","0.00","3","0.00","0","3","3","0","0","1","0","0","0","0","0","0","0","1","0","1","1","5","0","0","-"
"664","Zachary Bolduc","MTL","R","78","1.2333333333333","0","0","0","0","0","-","0","-","0","0","0","0","0","0","0","0","0","0","0","0","0","0","0","0","0","0","0","0","-"
"665","Wyatt Johnston","DAL","C","82","41.55","0","0","0","0","0","-","1","0.00","0.13","4","3","0","0","0","0","0","0","0","0","0","0","1","0","0","1","1","13","15","46.43"
"666","Zachary L'Heureux","NSH","L","25","46.15","0","0","0","0","0","-","0","-","0.05","1","1","0","0","0","0","0","0","0","0","0","1","1","0","1","1","2","0","1","0.00"
"667","Mason McTavish","ANA","C","75","7.2","0","0","0","0","0","-","1","0.00","0","1","1","0","0","1","0","0","0","0","0","0","0","0","1","0","0","1","2","3","40.00"
"668","Brennan Othmann","CGY, NYR","L","19","0.6","0","0","0","0","0","-","0","-","0","0","0","0","0","0","0","0","0","0","0","0","0","0","0","0","0","0","0","0","-"
"669","Ryan Winterton","SEA","C","68","65.216666666667","0","0","0","0","0","-","2","0.00","0.2","3","2","2","1","1","0","0","0","0","0","0","2","4","2","3","1","4","0","2","0.00"
"670","Ville Koivunen","PIT","R","39","0.033333333333333","0","0","0","0","0","-","0","-","0","0","0","0","0","0","0","0","0","0","0","0","0","0","0","0","0","0","0","0","-"
"674","Carson Lambos","MIN","D","1","1.2333333333333","0","0","0","0","0","-","0","-","0","0","0","0","0","0","0","0","0","0","0","0","0","0","0","0","0","0","0","0","-"
"675","Nikita Chibrikov","WPG","R","11","1.4666666666667","0","0","0","0","0","-","0","-","0","0","0","0","0","0","0","0","0","0","0","0","0","0","0","0","0","0","0","0","-"
"676","Olen Zellweger","ANA","D","76","68.166666666667","0","0","0","0","0","0.00","4","0.00","0.27","7","4","2","0","0","1","4","2","2","0","0","0","0","1","5","1","6","0","0","-"
"677","Ty Murchison","PHI","D","3","2.8833333333333","0","0","0","0","0","-","0","-","0","0","0","0","0","0","0","0","0","0","0","0","0","0","0","0","0","1","0","0","-"
"678","Ethan Del Mastro","CHI","D","19","14.883333333333","0","0","0","0","0","-","0","-","0","0","0","0","0","0","0","0","0","0","0","0","0","0","0","2","0","0","0","0","-"
"679","Jackson Blake","CAR","R","81","3.2166666666667","0","0","0","0","0","-","0","-","0","0","0","0","0","0","0","0","0","0","0","0","0","0","0","0","0","0","0","0","-"
"681","Zack Ostapchuk","S.J","C","59","68.183333333333","0","0","0","0","0","-","2","0.00","0.76","4","4","4","4","1","1","2","1","1","0","0","0","2","3","1","0","5","30","41","42.25"
"682","Vincent Iorio","NYR, S.J","D","27","33.85","0","0","0","0","0","0.00","0","-","0","0","0","0","0","0","0","0","0","0","0","0","0","1","0","0","0","4","0","0","-"
"683","Topias Vilen","N.J","D","2","0.28333333333333","0","0","0","0","0","-","0","-","0","0","0","0","0","0","0","0","0","0","0","0","0","0","0","0","0","0","0","0","-"
"684","Jaroslav Chmelar","NYR","R","28","0.05","0","0","0","0","0","-","0","-","0","0","0","0","0","0","0","0","0","0","0","0","0","0","0","0","0","0","0","0","-"
"686","Joel Nystrom","CAR","D","38","42.433333333333","0","0","0","0","0","-","1","0.00","0","1","1","0","0","0","0","0","0","0","0","0","0","1","2","2","1","5","0","0","-"
"687","Emil Lilleberg","T.B","D","50","81.8","0","0","0","0","0","0.00","0","-","0.18","1","1","1","0","0","0","2","1","1","0","0","1","0","1","10","2","4","0","0","-"
"688","Zakhar Bardakov","COL","C","60","4.65","0","0","0","0","0","-","0","-","0","0","0","0","0","0","0","0","0","0","0","0","0","0","0","0","0","2","1","1","50.00"
"689","Arber Xhekaj","MTL","D","65","20.1","0","0","0","0","0","0.00","0","-","0","0","0","0","0","0","0","0","0","0","0","0","0","0","0","2","0","2","0","0","-"
"690","Avery Hayes","PIT","R","16","0.6","0","0","0","0","0","-","0","-","0","0","0","0","0","0","0","0","0","0","0","0","0","0","1","0","0","0","0","0","-"
"691","Arshdeep Bains","VAN","L","28","4.8","0","0","0","0","0","-","0","-","0","0","0","0","0","0","0","0","0","0","0","0","0","0","0","1","0","2","0","0","-"
"692","Declan Carlile","T.B","D","42","47.05","0","0","0","0","0","-","1","0.00","0","1","1","0","0","0","0","0","0","0","0","0","0","0","1","1","0","3","0","0","-"
"693","Lian Bichsel","DAL","D","50","46.45","0","0","0","0","0","-","1","0.00","0","1","1","0","0","0","0","0","0","0","0","0","0","2","2","5","0","2","0","0","-"
"695","Jorian Donovan","OTT","D","2","0.11666666666667","0","0","0","0","0","-","0","-","0","0","0","0","0","0","0","0","0","0","0","0","0","0","0","0","0","0","0","0","-"
"696","Nathan Gaucher","ANA","C","3","0.85","0","0","0","0","0","-","0","-","0","0","0","0","0","0","0","0","0","0","0","0","0","0","0","0","1","0","1","0","100.00"
"697","Cutter Gauthier","ANA","L","76","24.433333333333","0","0","0","0","0","0.00","1","0.00","0.15","2","1","1","1","1","0","2","1","1","0","0","0","0","0","0","0","1","2","1","66.67"
"698","Conor Geekie","T.B","C","14","1.15","0","0","0","0","0","-","0","-","0","0","0","0","0","0","0","0","0","0","0","0","0","0","0","0","0","0","0","0","-"
"699","Isaiah George","NYI","D","4","0.83333333333333","0","0","0","0","0","-","0","-","0","0","0","0","0","0","0","0","0","0","0","0","0","0","0","0","0","0","0","0","-"
"701","Hunter Haight","MIN","C","9","0.18333333333333","0","0","0","0","0","-","0","-","0","0","0","0","0","0","0","0","0","0","0","0","0","0","0","0","0","0","0","0","-"
"702","Lane Hutson","MTL","D","82","40.516666666667","0","0","0","0","0","-","0","-","0","0","0","0","0","0","0","0","0","0","0","0","1","0","0","1","3","3","0","0","-"
"703","David Jiricek","MIN, PHI","D","26","10.533333333333","0","0","0","0","0","-","0","-","0","0","0","0","0","0","0","0","0","0","0","0","0","1","0","0","0","3","0","0","-"
"704","Aleksanteri Kaskimaki","STL","C","5","0.46666666666667","0","0","0","0","0","-","0","-","0","0","0","0","0","0","0","0","0","0","0","0","0","0","0","0","0","0","0","0","-"
"706","Joakim Kemell","NSH","R","16","9.75","0","0","0","0","0","0.00","1","0.00","0.2","3","3","1","0","0","1","0","0","0","0","0","0","0","1","0","0","1","0","0","-"
"707","Kevin Korchinski","CHI","D","13","0.86666666666667","0","0","0","0","0","-","0","-","0","0","0","0","0","0","0","0","0","0","0","0","0","0","0","0","0","0","0","0","-"
"708","Kirill Kudryavtsev","VAN","D","3","0.083333333333333","0","0","0","0","0","-","0","-","0","0","0","0","0","0","0","0","0","0","0","0","0","0","0","0","0","0","0","0","-"
"709","Jiri Kulich","BUF","C","12","0.2","0","0","0","0","0","-","0","-","0","0","0","0","0","0","0","0","0","0","0","0","0","0","0","0","0","0","0","0","-"
"710","Denton Mateychuk","CBJ","D","75","117.16666666667","0","0","0","0","0","0.00","1","0.00","0.14","2","2","1","1","0","0","0","0","0","0","0","1","4","1","1","1","16","0","0","-"
"711","Rutger McGroarty","PIT","R","24","6.0166666666667","0","0","0","0","0","-","0","-","0","0","0","0","0","0","0","0","0","0","0","0","0","0","0","0","0","0","0","0","-"
"715","Simon Nemec","N.J","D","68","21.833333333333","0","0","0","0","0","0.00","0","-","0","0","0","0","0","0","0","0","0","0","0","0","0","0","0","0","0","2","0","0","-"
"717","Noah Ostlund","BUF","C","60","3.4166666666667","0","0","0","0","0","0.00","0","-","0","0","0","0","0","0","0","0","0","0","0","0","0","0","0","0","0","3","0","2","0.00"
"718","Owen Pickering","PIT","D","4","0.15","0","0","0","0","0","-","0","-","0","0","0","0","0","0","0","0","0","0","0","0","0","0","0","0","0","0","0","0","-"
"719","Sam Rinzel","CHI","D","54","11.683333333333","0","0","0","0","0","-","0","-","0","0","0","0","0","0","0","0","0","0","0","0","0","1","0","0","0","0","0","0","-"
"720","Elias Salomonsson","WPG","D","32","25.966666666667","0","0","0","0","0","-","1","0.00","0","1","1","0","0","1","0","2","1","1","0","0","0","1","0","1","0","5","0","0","-"
"722","Reid Schaefer","NSH","L","47","4.8333333333333","0","0","0","0","0","-","0","-","0","0","0","0","0","0","0","0","0","0","0","0","0","1","1","0","0","0","0","0","-"
"723","Juraj Slafkovský","MTL","L","82","2.5333333333333","0","0","0","0","0","-","0","-","0","0","0","0","0","0","0","0","0","0","0","0","0","0","0","0","0","0","0","0","-"
"724","Jimmy Snuggerud","STL","R","70","0.5","0","0","0","0","0","-","0","-","0","0","0","0","0","0","0","0","0","0","0","0","0","0","0","0","0","0","0","0","-"
"725","Shane Wright","SEA","C","74","1.65","0","0","0","0","0","-","0","-","0","0","0","0","0","0","0","0","0","0","0","0","0","0","0","0","0","1","0","1","0.00"
"726","Danila Yurov","MIN","R","73","18.6","0","0","0","0","0","-","0","-","0","0","0","0","0","0","0","2","1","1","0","0","0","1","0","1","0","0","1","7","12.50"
"727","Danil Zhilkin","WPG","C","6","4.8333333333333","0","0","0","0","0","-","0","-","0.08","1","1","1","1","0","0","0","0","0","0","0","0","0","0","0","0","0","1","1","50.00"
"728","Marc Gatcomb","NYI","C","49","0.41666666666667","0","0","0","0","0","-","0","-","0","0","0","0","0","0","0","0","0","0","0","0","0","0","0","0","0","0","0","0","-"
"729","Nick Blankenburg","COL, NSH","D","61","80.633333333333","0","0","0","0","0","0.00","4","0.00","0.55","4","4","2","2","1","1","2","1","1","0","0","1","3","3","5","0","3","0","2","0.00"
"730","Ben Meyers","SEA","C","52","83.75","0","0","0","0","0","-","3","0.00","0.05","3","3","1","0","2","0","0","0","0","0","0","1","1","1","1","0","3","16","16","50.00"
"731","Ethen Frank","WSH","C, R","62","1.4833333333333","0","0","0","0","0","-","0","-","0","0","0","0","0","0","0","0","0","0","0","0","0","0","0","0","0","0","0","0","-"
"732","Adam Klapka","CGY","R","79","1.25","0","0","0","0","0","-","0","-","0","0","0","0","0","0","0","0","0","0","0","0","0","0","1","0","0","0","0","0","-"
"733","Pavol Regenda","S.J","L","24","3.6166666666667","0","0","0","0","0","-","0","-","0","0","0","0","0","0","0","0","0","0","0","0","0","0","0","0","0","0","1","0","100.00"
"734","Adam Sykora","NYR","L","11","0.5","0","0","0","0","0","-","0","-","0","0","0","0","0","0","0","0","0","0","0","0","0","0","0","0","0","0","0","0","-"
"735","Kenny Connors","L.A","C","2","0.2","0","0","0","0","0","-","0","-","0","0","0","0","0","0","0","0","0","0","0","0","0","0","0","0","0","0","0","0","-"
"736","Stephen Halliday","OTT","C","30","0.85","0","0","0","0","0","-","0","-","0","0","0","0","0","0","0","0","0","0","0","0","0","0","0","0","0","0","0","0","-"
"737","Elias Pettersson","VAN","D","70","81.916666666667","0","0","0","0","0","0.00","3","0.00","0.09","3","3","1","0","1","0","2","1","1","0","0","1","2","3","9","1","7","0","0","-"
"738","Adam Engstrom","MTL","D","15","1.9","0","0","0","0","0","-","0","-","0","0","0","0","0","0","0","0","0","0","0","0","0","0","0","0","0","0","0","0","-"
"739","Marek Alscher","FLA","D","4","6.4666666666667","0","0","0","0","0","-","0","-","0","0","0","0","0","0","0","0","0","0","0","0","0","0","0","1","0","2","0","0","-"
"740","Noah Laba","NYR","C","74","87.45","0","0","0","0","0","-","7","0.00","0.99","11","11","6","3","2","1","2","1","1","0","0","1","2","2","4","2","8","21","17","55.26"
"741","Ludvig Jansson","FLA","D","4","3.35","0","0","0","0","0","-","0","-","0","0","0","0","0","0","0","0","0","0","0","0","0","0","0","0","0","0","0","0","-"
"742","Jared Davidson","MTL","C","10","0.05","0","0","0","0","0","-","0","-","0","0","0","0","0","0","0","0","0","0","0","0","0","0","0","0","0","0","0","0","-"
"743","Alex Bump","PHI","L","17","0.4","0","0","0","0","0","-","0","-","0","0","0","0","0","0","0","0","0","0","0","0","0","0","0","0","0","0","0","0","-"
"744","Nikita Grebenkin","PHI","R","55","0.21666666666667","0","0","0","0","0","-","0","-","0","0","0","0","0","0","0","0","0","0","0","0","0","0","0","0","0","0","0","0","-"
"745","Dominic James","T.B","C","43","2.8166666666667","0","0","0","0","0","-","0","-","0","0","0","0","0","0","0","0","0","0","0","0","0","0","0","0","0","0","0","0","-"
"746","Jared Wright","L.A","R","23","0.93333333333333","0","0","0","0","0","-","0","-","0","0","0","0","0","0","0","0","0","0","0","0","0","0","0","0","0","0","0","0","-"
"747","Hunter McDonald","PHI","D","1","1.1833333333333","0","0","0","0","0","-","0","-","0","0","0","0","0","0","0","0","0","0","0","0","0","0","0","0","0","1","0","0","-"
"748","David Spacek","MIN","D","2","0.083333333333333","0","0","0","0","0","-","0","-","0","0","0","0","0","0","0","0","0","0","0","0","0","0","0","0","0","0","0","0","-"
"749","Victor Mancini","VAN","D","24","7.8333333333333","0","0","0","0","0","-","1","0.00","0","1","1","0","0","0","0","0","0","0","0","0","0","0","0","1","0","0","0","0","-"
"750","Sandis Vilmanis","FLA","L","19","1.55","0","0","0","0","0","-","0","-","0","0","0","0","0","0","0","0","0","0","0","0","0","0","0","0","1","0","0","0","-"
"751","Braeden Bowman","VGK","R","54","0.35","0","0","0","0","0","-","0","-","0","0","0","0","0","0","0","0","0","0","0","0","0","0","0","0","0","0","0","0","-"
"752","Parker Ford","WPG","C","15","10.2","0","0","0","0","0","-","1","0.00","0.09","1","1","1","0","0","0","0","0","0","0","0","0","0","1","0","0","1","5","8","38.46"
"753","Max Sasson","VAN","C","66","9.9166666666667","0","0","0","0","0","-","0","-","0","0","0","0","0","0","0","0","0","0","0","0","0","0","0","0","0","0","0","1","0.00"
"754","Denver Barkey","PHI","C","43","0.18333333333333","0","0","0","0","0","-","0","-","0","0","0","0","0","0","0","0","0","0","0","0","0","0","0","0","0","0","0","0","-"
"755","Connor Bedard","CHI","C","69","3.5","0","0","0","0","0","-","0","-","0","0","0","0","0","0","0","0","0","0","0","0","0","0","0","0","0","0","2","1","66.67"
"757","Oliver Bonk","PHI","D","1","2.0166666666667","0","0","0","0","0","-","0","-","0","0","0","0","0","0","0","0","0","0","0","0","0","1","0","0","0","0","0","0","-"
"758","Gavin Brindley","COL","C","56","2.9","0","0","0","0","0","-","0","-","0","0","0","0","0","0","0","0","0","0","0","0","0","0","0","0","0","0","0","0","-"
"759","Hunter Brzustewicz","CGY","D","34","8.1","0","0","0","0","0","-","0","-","0","0","0","0","0","0","0","0","0","0","0","0","0","0","0","0","0","3","0","0","-"
"761","Easton Cowan","TOR","R","66","0.7","0","0","0","0","0","-","0","-","0","0","0","0","0","0","0","0","0","0","0","0","0","0","0","0","0","0","0","0","-"
"762","Nate Danielson","DET","C","28","0.61666666666667","0","0","0","0","0","-","0","-","0","0","0","0","0","0","0","0","0","0","0","0","0","0","0","0","0","0","1","0","100.00"
"763","Dalibor Dvorsky","STL","R","71","1.15","0","0","0","0","0","-","0","-","0","0","0","0","0","0","0","0","0","0","0","0","0","0","0","0","0","0","1","0","100.00"
"764","Adam Fantilli","CBJ","C","82","11.233333333333","0","0","0","0","0","-","1","0.00","0.08","1","1","1","0","0","0","0","0","0","0","0","0","0","0","0","0","1","3","3","50.00"
"765","Oscar Fisker Molgaard","SEA","C","13","0.56666666666667","0","0","0","0","0","-","0","-","0","0","0","0","0","0","0","0","0","0","0","0","0","0","0","0","0","0","0","0","-"
"766","Drew Fortescue","NYR","D","9","0.36666666666667","0","0","0","0","0","-","0","-","0","0","0","0","0","0","0","0","0","0","0","0","0","0","0","0","0","0","0","0","-"
"767","Samuel Honzek","CGY","L","18","23.85","0","0","0","0","0","-","0","-","0.09","1","1","1","1","0","0","0","0","0","0","0","1","0","0","1","0","0","0","0","-"
"768","Nick Lardis","CHI","L","41","0.41666666666667","0","0","0","0","0","-","0","-","0","0","0","0","0","0","0","0","0","0","0","0","0","0","0","0","0","0","0","0","-"
"769","Ryan Leonard","WSH","R","75","0.41666666666667","0","0","0","0","0","-","0","-","0","0","0","0","0","0","0","0","0","0","0","0","0","0","0","0","0","0","0","0","-"
"770","Theo Lindstein","STL","D","17","6.7","0","0","0","0","0","-","0","-","0.02","1","1","0","0","0","0","0","0","0","0","0","0","0","0","0","0","0","0","0","-"
"771","Oliver Moore","CHI","C","51","15.433333333333","0","0","0","0","0","-","0","-","0","0","0","0","0","0","0","0","0","0","0","0","0","1","1","0","0","1","0","3","0.00"
"772","Bradly Nadeau","CAR","L","12","2.9166666666667","0","0","0","0","0","-","0","-","0","0","0","0","0","0","0","0","0","0","0","0","0","0","0","0","0","0","0","0","-"
"773","Calum Ritchie","NYI","C","65","2.0833333333333","0","0","0","0","0","-","0","-","0","0","0","0","0","0","0","0","0","0","0","0","0","0","0","0","0","0","0","0","-"
"774","Axel Sandin-Pellikka","DET","D","68","19.533333333333","0","0","0","0","0","-","0","-","0","0","0","0","0","0","0","0","0","0","0","0","0","2","0","0","0","2","0","0","-"
"775","Will Smith","S.J","C","69","6.7","0","0","0","0","0","-","0","-","0.28","1","1","1","1","0","0","0","0","0","0","0","0","0","0","1","1","0","0","0","-"
"777","Tom Willander","VAN","D","70","33.75","0","0","0","0","0","0.00","1","0.00","0","1","1","0","0","1","0","0","0","0","0","0","0","2","0","3","0","2","0","0","-"
"779","Brayden Yager","WPG","C","3","5.4666666666667","0","0","0","0","0","-","1","0.00","0.07","1","1","1","0","0","0","0","0","0","0","0","0","0","0","0","0","0","0","3","0.00"
"780","Sam Malinski","COL","D","82","61.4","0","0","0","0","0","-","0","-","0","0","0","0","0","0","0","0","0","0","0","0","0","3","1","2","4","6","0","0","-"
"781","Travis Mitchell","NYI","D","9","0.75","0","0","0","0","0","-","0","-","0","0","0","0","0","0","0","0","0","0","0","0","0","1","0","0","0","0","0","0","-"
"782","Uvis Balinskis","FLA","D","54","27.3","0","0","0","0","0","0.00","0","-","0","0","0","0","0","0","0","2","1","1","0","0","1","0","1","1","0","5","0","0","-"
"783","Zach Metsa","BUF","D","43","13.283333333333","0","0","0","0","0","0.00","0","-","0","0","0","0","0","0","0","0","0","0","0","0","1","0","0","0","0","0","0","0","-"
"785","Wilmer Skoog","FLA","C","3","0.9","0","0","0","0","0","-","0","-","0","0","0","0","0","0","0","0","0","0","0","0","0","0","0","0","0","1","0","0","-"
"786","Dmitri Simashev","UTA","D","28","4.9333333333333","0","0","0","0","0","-","0","-","0","0","0","0","0","0","0","0","0","0","0","0","0","0","0","0","0","1","0","0","-"
"787","Matvei Michkov","PHI","R","81","0.51666666666667","0","0","0","0","0","-","0","-","0","0","0","0","0","0","0","0","0","0","0","0","0","0","0","0","0","0","0","0","-"
"788","Daniil But","UTA","L","29","0.43333333333333","0","0","0","0","0","-","0","-","0","0","0","0","0","0","0","0","0","0","0","0","0","0","0","0","0","0","0","0","-"
"789","Felix Unger Sorum","CAR","R","1","0.033333333333333","0","0","0","0","0","-","0","-","0","0","0","0","0","0","0","0","0","0","0","0","0","0","0","0","0","0","0","0","-"
"790","Charles Alexis Legault","CAR","D","12","12.133333333333","0","0","0","0","0","-","1","0.00","0","1","1","0","0","0","0","0","0","0","0","0","0","0","0","1","0","2","0","0","-"
"791","Emmitt Finnie","DET","C","82","54.833333333333","0","0","0","0","0","-","1","0.00","0.08","1","1","1","1","0","0","0","0","0","0","0","1","1","4","0","0","2","1","6","14.29"
"792","Josh Samanski","EDM","C","24","11.116666666667","0","0","0","0","0","-","0","-","0","0","0","0","0","0","0","0","0","0","0","0","0","0","0","0","0","0","1","2","33.33"
"793","Connor Clattenburg","EDM","C","5","0.2","0","0","0","0","0","-","0","-","0","0","0","0","0","0","0","0","0","0","0","0","0","0","0","0","0","0","0","0","-"
"794","Carter Yakemchuk","OTT","D","4","0.033333333333333","0","0","0","0","0","-","0","-","0","0","0","0","0","0","0","0","0","0","0","0","0","0","0","0","0","0","0","0","-"
"796","Zayne Parekh","CGY","D","37","0.46666666666667","0","0","0","0","0","-","0","-","0","0","0","0","0","0","0","0","0","0","0","0","0","0","0","0","0","0","0","0","-"
"797","Jett Luchanko","PHI","C","4","0.4","0","0","0","0","0","-","0","-","0","0","0","0","0","0","0","0","0","0","0","0","0","0","0","0","0","0","0","0","-"
"798","Artyom Levshunov","CHI","D","68","37.783333333333","0","0","0","0","0","-","0","-","0","0","0","0","0","0","0","0","0","0","0","0","0","3","0","6","1","0","0","0","-"
"799","Zeev Buium","MIN, VAN","D","76","2.8833333333333","0","0","0","0","0","-","0","-","0","0","0","0","0","0","0","0","0","0","0","0","0","0","0","0","0","0","0","0","-"
"800","Berkly Catton","SEA","C","66","0.45","0","0","0","0","0","-","0","-","0","0","0","0","0","0","0","0","0","0","0","0","0","0","0","0","0","0","0","0","-"
"801","Macklin Celebrini","S.J","C","82","17.566666666667","0","0","0","0","0","-","2","0.00","0.3","3","3","2","1","1","2","0","0","0","0","0","0","2","2","0","0","0","11","8","57.89"
"802","Sam Dickinson","S.J","D","72","66.133333333333","0","0","0","0","0","-","0","-","0","0","0","0","0","0","0","0","0","0","0","0","0","3","2","6","0","5","0","0","-"
"803","Sam Morton","CGY","C","3","3.75","0","0","0","0","0","-","0","-","0","0","0","0","0","0","0","0","0","0","0","0","0","0","0","0","0","0","4","0","100.00"
"804","Justin Hryckowian","DAL","C","81","104.5","0","0","0","0","0","-","2","0.00","0.32","4","3","2","2","0","1","2","1","1","0","0","1","2","2","1","2","7","12","24","33.33"
"805","Harrison Brunicke","PIT","D","9","0.4","0","0","0","0","0","-","0","-","0","0","0","0","0","0","0","0","0","0","0","0","0","0","0","0","0","0","0","0","-"
"806","Matvei Gridin","CGY","R","37","0.81666666666667","0","0","0","0","0","-","0","-","0","0","0","0","0","0","0","0","0","0","0","0","0","0","0","0","0","0","0","0","-"
"807","Cole Hutson","WSH","D","14","0.53333333333333","0","0","0","0","0","-","0","-","0","0","0","0","0","0","0","0","0","0","0","0","0","0","0","0","0","0","0","0","-"
"808","Jacob Quillan","TOR","C","23","34.216666666667","0","0","0","0","0","-","2","0.00","0.11","3","2","0","0","0","0","0","0","0","0","0","0","0","0","2","1","4","5","8","38.46"
"810","Mikulas Hovorka","FLA","D","4","4.9","0","0","0","0","0","-","0","-","0","0","0","0","0","0","0","0","0","0","0","0","0","0","1","1","0","0","0","0","-"
"812","Maxim Tsyplakov","N.J, NYI","R","49","1.1","0","0","0","0","0","-","0","-","0","0","0","0","0","0","0","0","0","0","0","0","0","0","0","0","0","0","0","0","-"
"813","Ivan Demidov","MTL","R","82","0.65","0","0","0","0","0","-","0","-","0","0","0","0","0","0","0","0","0","0","0","0","0","0","0","0","0","0","0","0","-"
"814","Igor Chernyshov","S.J","L","28","0.13333333333333","0","0","0","0","0","-","0","-","0","0","0","0","0","0","0","0","0","0","0","0","0","0","0","0","0","0","0","0","-"
"815","Kai Uchacz","VGK","C","3","0.78333333333333","0","0","0","0","0","-","0","-","0","0","0","0","0","0","0","0","0","0","0","0","0","0","0","0","0","0","0","0","-"
"816","Matthew Schaefer","NYI","D","82","91.366666666667","0","0","0","0","0","0.00","4","0.00","0.36","7","7","3","0","1","0","0","0","0","0","0","2","4","2","0","3","12","0","0","-"
"817","Michael Misa","S.J","C","45","0.96666666666667","0","0","0","0","0","-","0","-","0","0","0","0","0","0","0","0","0","0","0","0","0","0","0","0","0","0","0","1","0.00"
"818","Porter Martone","PHI","R","9","0.53333333333333","0","0","0","0","0","-","0","-","0","0","0","0","0","0","0","0","0","0","0","0","0","0","0","0","0","0","0","0","-"
"820","Luke Haymes","TOR","C","4","4.6333333333333","0","0","0","0","0","-","0","-","0","0","0","0","0","0","0","0","0","0","0","0","0","0","0","0","0","1","0","1","0.00"
"821","David Tomasek","EDM","R","22","0.56666666666667","0","0","0","0","0","-","0","-","0","0","0","0","0","0","0","0","0","0","0","0","0","0","0","0","0","0","0","0","-"
"822","Tim Washe","ANA","C","39","73.866666666667","0","0","0","0","0","-","2","0.00","0.17","2","2","1","1","0","1","0","0","0","0","0","0","0","2","5","0","6","23","29","44.23"
"823","Tyson Gross","CGY","C","6","5.75","0","0","0","0","0","-","1","0.00","0.23","1","1","1","1","1","1","0","0","0","0","0","0","0","0","0","0","0","6","1","85.71"
"824","Viking Gustafsson-Nyberg","MIN","D","2","8.45","0","0","0","0","0","-","0","-","0","0","0","0","0","0","0","0","0","0","0","0","0","0","0","0","0","1","0","0","-"